{
"type": "FeatureCollection",
"name": "isocronas10_tot",
"crs": { "type": "name", "properties": { "name": "urn:ogc:def:crs:OGC:1.3:CRS84" } },
"features": [
{ "type": "Feature", "properties": { "group_index": 0, "value": 600.0, "id_punto": "0_1", "sector": 0.0 }, "geometry": { "type": "Polygon", "coordinates": [ [ [ -58.387092, -34.579344 ], [ -58.386631, -34.581486 ], [ -58.386085, -34.581963 ], [ -58.385535, -34.58239 ], [ -58.385177, -34.582607 ], [ -58.384836, -34.582813 ], [ -58.379947, -34.585898 ], [ -58.37936, -34.586225 ], [ -58.378765, -34.586556 ], [ -58.378464, -34.586704 ], [ -58.378158, -34.586854 ], [ -58.376987, -34.587399 ], [ -58.376514, -34.5876 ], [ -58.375712, -34.587647 ], [ -58.372873, -34.587485 ], [ -58.372041, -34.586836 ], [ -58.372341, -34.581725 ], [ -58.373747, -34.580915 ], [ -58.375213, -34.580331 ], [ -58.378475, -34.580227 ], [ -58.382022, -34.578971 ], [ -58.383804, -34.578177 ], [ -58.385025, -34.577876 ], [ -58.385454, -34.578014 ], [ -58.385614, -34.578095 ], [ -58.386929, -34.579023 ], [ -58.387092, -34.579344 ] ] ] } },
{ "type": "Feature", "properties": { "group_index": 0, "value": 600.0, "id_punto": "0_2", "sector": 0.0 }, "geometry": { "type": "Polygon", "coordinates": [ [ [ -58.386121, -34.578007 ], [ -58.386182, -34.578362 ], [ -58.385195, -34.580143 ], [ -58.381986, -34.583254 ], [ -58.380435, -34.584749 ], [ -58.380356, -34.584791 ], [ -58.380195, -34.584813 ], [ -58.377963, -34.584764 ], [ -58.372872, -34.584297 ], [ -58.37253, -34.584182 ], [ -58.371343, -34.583045 ], [ -58.371166, -34.582732 ], [ -58.371224, -34.582357 ], [ -58.374556, -34.579941 ], [ -58.376422, -34.57994 ], [ -58.382022, -34.578971 ], [ -58.383483, -34.578438 ], [ -58.385708, -34.577693 ], [ -58.385814, -34.577664 ], [ -58.386098, -34.577899 ], [ -58.386121, -34.578007 ] ] ] } },
{ "type": "Feature", "properties": { "group_index": 0, "value": 600.0, "id_punto": "0_3", "sector": 0.0 }, "geometry": { "type": "Polygon", "coordinates": [ [ [ -58.387565, -34.57983 ], [ -58.387636, -34.580614 ], [ -58.38762, -34.580765 ], [ -58.387534, -34.581107 ], [ -58.387306, -34.581683 ], [ -58.383488, -34.583384 ], [ -58.381252, -34.584992 ], [ -58.379947, -34.585898 ], [ -58.37936, -34.586225 ], [ -58.378765, -34.586556 ], [ -58.378464, -34.586704 ], [ -58.378158, -34.586854 ], [ -58.374075, -34.588768 ], [ -58.373907, -34.588655 ], [ -58.373727, -34.588344 ], [ -58.372708, -34.585753 ], [ -58.37315, -34.583821 ], [ -58.373951, -34.581171 ], [ -58.374133, -34.580918 ], [ -58.374426, -34.58063 ], [ -58.374588, -34.580504 ], [ -58.374733, -34.580393 ], [ -58.375213, -34.580331 ], [ -58.377455, -34.580276 ], [ -58.382198, -34.578756 ], [ -58.382422, -34.578633 ], [ -58.382707, -34.578506 ], [ -58.383387, -34.578468 ], [ -58.387331, -34.579641 ], [ -58.387475, -34.579727 ], [ -58.387565, -34.57983 ] ] ] } },
{ "type": "Feature", "properties": { "group_index": 0, "value": 600.0, "id_punto": "0_4", "sector": 0.0 }, "geometry": { "type": "Polygon", "coordinates": [ [ [ -58.393736, -34.57869 ], [ -58.392283, -34.579832 ], [ -58.39128, -34.580441 ], [ -58.389827, -34.581091 ], [ -58.385378, -34.583981 ], [ -58.384908, -34.584342 ], [ -58.384438, -34.584703 ], [ -58.378952, -34.586046 ], [ -58.378085, -34.585286 ], [ -58.377919, -34.584967 ], [ -58.378398, -34.582505 ], [ -58.378524, -34.581882 ], [ -58.378804, -34.581654 ], [ -58.378888, -34.581606 ], [ -58.383113, -34.580269 ], [ -58.386785, -34.578094 ], [ -58.388376, -34.577721 ], [ -58.389361, -34.577796 ], [ -58.393616, -34.578228 ], [ -58.39387, -34.578484 ], [ -58.393736, -34.57869 ] ] ] } },
{ "type": "Feature", "properties": { "group_index": 0, "value": 600.0, "id_punto": "0_5", "sector": 0.0 }, "geometry": { "type": "Polygon", "coordinates": [ [ [ -58.385819, -34.581107 ], [ -58.386026, -34.582009 ], [ -58.38578, -34.582199 ], [ -58.385535, -34.58239 ], [ -58.381252, -34.584992 ], [ -58.379859, -34.585741 ], [ -58.377239, -34.587074 ], [ -58.373586, -34.589046 ], [ -58.373183, -34.589253 ], [ -58.372549, -34.589146 ], [ -58.372488, -34.589133 ], [ -58.37238, -34.588931 ], [ -58.371539, -34.587317 ], [ -58.371503, -34.587198 ], [ -58.372458, -34.581659 ], [ -58.373677, -34.580956 ], [ -58.375213, -34.580331 ], [ -58.378475, -34.580227 ], [ -58.381275, -34.579271 ], [ -58.38292, -34.579556 ], [ -58.383073, -34.579584 ], [ -58.384202, -34.579938 ], [ -58.384526, -34.580079 ], [ -58.385437, -34.5806 ], [ -58.385819, -34.581107 ] ] ] } },
{ "type": "Feature", "properties": { "group_index": 0, "value": 600.0, "id_punto": "0_6", "sector": 0.0 }, "geometry": { "type": "Polygon", "coordinates": [ [ [ -58.384529, -34.580798 ], [ -58.384258, -34.582769 ], [ -58.384159, -34.583169 ], [ -58.383585, -34.583536 ], [ -58.381252, -34.584992 ], [ -58.379859, -34.585741 ], [ -58.377239, -34.587074 ], [ -58.374058, -34.588778 ], [ -58.372556, -34.589154 ], [ -58.372091, -34.589271 ], [ -58.371581, -34.589196 ], [ -58.371505, -34.589173 ], [ -58.371023, -34.58899 ], [ -58.37082, -34.58878 ], [ -58.370406, -34.586457 ], [ -58.370422, -34.586017 ], [ -58.371326, -34.582299 ], [ -58.374632, -34.580031 ], [ -58.377455, -34.580276 ], [ -58.381988, -34.578873 ], [ -58.38216, -34.578777 ], [ -58.382332, -34.578682 ], [ -58.382751, -34.578766 ], [ -58.383727, -34.579053 ], [ -58.383804, -34.579085 ], [ -58.384091, -34.579302 ], [ -58.384529, -34.580798 ] ] ] } },
{ "type": "Feature", "properties": { "group_index": 0, "value": 600.0, "id_punto": "0_7", "sector": 0.0 }, "geometry": { "type": "Polygon", "coordinates": [ [ [ -58.392364, -34.574055 ], [ -58.393455, -34.578739 ], [ -58.392794, -34.579282 ], [ -58.390771, -34.580316 ], [ -58.390388, -34.58051 ], [ -58.389997, -34.580709 ], [ -58.389578, -34.580894 ], [ -58.389159, -34.581079 ], [ -58.387794, -34.581002 ], [ -58.38228, -34.582845 ], [ -58.381976, -34.583038 ], [ -58.380426, -34.582778 ], [ -58.37995, -34.582641 ], [ -58.379155, -34.582379 ], [ -58.378039, -34.581918 ], [ -58.376471, -34.580298 ], [ -58.376464, -34.58018 ], [ -58.376455, -34.579821 ], [ -58.380277, -34.576195 ], [ -58.381482, -34.574518 ], [ -58.383144, -34.573738 ], [ -58.386096, -34.573316 ], [ -58.389907, -34.573734 ], [ -58.392186, -34.573743 ], [ -58.392364, -34.574055 ] ] ] } },
{ "type": "Feature", "properties": { "group_index": 0, "value": 600.0, "id_punto": "0_8", "sector": 0.0 }, "geometry": { "type": "Polygon", "coordinates": [ [ [ -58.390979, -34.579725 ], [ -58.391004, -34.579828 ], [ -58.39067, -34.580258 ], [ -58.38907, -34.58148 ], [ -58.387614, -34.582277 ], [ -58.383488, -34.583384 ], [ -58.381252, -34.584992 ], [ -58.379947, -34.585898 ], [ -58.37936, -34.586225 ], [ -58.378765, -34.586556 ], [ -58.378464, -34.586704 ], [ -58.378158, -34.586854 ], [ -58.377457, -34.587173 ], [ -58.376355, -34.587017 ], [ -58.376177, -34.586704 ], [ -58.375965, -34.58502 ], [ -58.375886, -34.583939 ], [ -58.376329, -34.582125 ], [ -58.376349, -34.582042 ], [ -58.379097, -34.58008 ], [ -58.382722, -34.5785 ], [ -58.38291, -34.578434 ], [ -58.383097, -34.578367 ], [ -58.383501, -34.578439 ], [ -58.389277, -34.578163 ], [ -58.390042, -34.578203 ], [ -58.390364, -34.578284 ], [ -58.390979, -34.579725 ] ] ] } },
{ "type": "Feature", "properties": { "group_index": 0, "value": 600.0, "id_punto": "0_9", "sector": 0.0 }, "geometry": { "type": "Polygon", "coordinates": [ [ [ -58.391929, -34.574304 ], [ -58.392673, -34.578968 ], [ -58.392031, -34.579522 ], [ -58.391838, -34.579688 ], [ -58.390771, -34.580316 ], [ -58.390394, -34.580507 ], [ -58.390018, -34.580699 ], [ -58.38827, -34.580641 ], [ -58.387017, -34.580228 ], [ -58.382334, -34.582987 ], [ -58.381989, -34.583088 ], [ -58.379714, -34.582993 ], [ -58.378378, -34.582846 ], [ -58.377147, -34.582463 ], [ -58.375324, -34.580482 ], [ -58.375197, -34.580145 ], [ -58.37544, -34.580053 ], [ -58.375683, -34.579961 ], [ -58.375957, -34.579895 ], [ -58.376193, -34.579858 ], [ -58.376415, -34.579823 ], [ -58.381115, -34.576258 ], [ -58.381819, -34.574895 ], [ -58.382097, -34.574666 ], [ -58.386643, -34.573966 ], [ -58.39175, -34.573991 ], [ -58.391929, -34.574304 ] ] ] } },
{ "type": "Feature", "properties": { "group_index": 0, "value": 600.0, "id_punto": "0_10", "sector": 0.0 }, "geometry": { "type": "Polygon", "coordinates": [ [ [ -58.389592, -34.576505 ], [ -58.390334, -34.578276 ], [ -58.390306, -34.578422 ], [ -58.390246, -34.578625 ], [ -58.389475, -34.578929 ], [ -58.385044, -34.582355 ], [ -58.384704, -34.582882 ], [ -58.383585, -34.583536 ], [ -58.38012, -34.585069 ], [ -58.379396, -34.585084 ], [ -58.378453, -34.585094 ], [ -58.375695, -34.584391 ], [ -58.375669, -34.584377 ], [ -58.375624, -34.584322 ], [ -58.374504, -34.580569 ], [ -58.374733, -34.580393 ], [ -58.375416, -34.580062 ], [ -58.375683, -34.579961 ], [ -58.375957, -34.579895 ], [ -58.376193, -34.579858 ], [ -58.376415, -34.579823 ], [ -58.376706, -34.579814 ], [ -58.376974, -34.579807 ], [ -58.378011, -34.579867 ], [ -58.380832, -34.579515 ], [ -58.384159, -34.576198 ], [ -58.386156, -34.575856 ], [ -58.388394, -34.576105 ], [ -58.389357, -34.576232 ], [ -58.389592, -34.576505 ] ] ] } },
{ "type": "Feature", "properties": { "group_index": 0, "value": 600.0, "id_punto": "0_11", "sector": 0.0 }, "geometry": { "type": "Polygon", "coordinates": [ [ [ -58.385814, -34.578238 ], [ -58.385816, -34.578247 ], [ -58.384639, -34.580738 ], [ -58.381557, -34.583486 ], [ -58.379337, -34.585 ], [ -58.378103, -34.585277 ], [ -58.372759, -34.585928 ], [ -58.372433, -34.585776 ], [ -58.369531, -34.584075 ], [ -58.369353, -34.583761 ], [ -58.369318, -34.583399 ], [ -58.372839, -34.579365 ], [ -58.373133, -34.579197 ], [ -58.373428, -34.579029 ], [ -58.37443, -34.578725 ], [ -58.37631, -34.579212 ], [ -58.382022, -34.578971 ], [ -58.383483, -34.578438 ], [ -58.385093, -34.577856 ], [ -58.385326, -34.577794 ], [ -58.385597, -34.577988 ], [ -58.385814, -34.578238 ] ] ] } },
{ "type": "Feature", "properties": { "group_index": 0, "value": 600.0, "id_punto": "0_12", "sector": 0.0 }, "geometry": { "type": "Polygon", "coordinates": [ [ [ -58.386681, -34.581574 ], [ -58.385535, -34.58239 ], [ -58.385177, -34.582607 ], [ -58.384836, -34.582813 ], [ -58.379947, -34.585898 ], [ -58.37936, -34.586225 ], [ -58.378765, -34.586556 ], [ -58.378464, -34.586704 ], [ -58.378158, -34.586854 ], [ -58.373191, -34.589249 ], [ -58.372512, -34.589128 ], [ -58.372393, -34.588947 ], [ -58.372091, -34.586704 ], [ -58.372554, -34.581604 ], [ -58.37362, -34.58099 ], [ -58.375213, -34.580331 ], [ -58.378475, -34.580227 ], [ -58.381164, -34.579333 ], [ -58.38281, -34.57962 ], [ -58.38289, -34.579635 ], [ -58.38597, -34.580334 ], [ -58.386681, -34.581574 ] ] ] } },
{ "type": "Feature", "properties": { "group_index": 0, "value": 600.0, "id_punto": "0_13", "sector": 0.0 }, "geometry": { "type": "Polygon", "coordinates": [ [ [ -58.38149, -34.579737 ], [ -58.381514, -34.579847 ], [ -58.38149, -34.582319 ], [ -58.381251, -34.584031 ], [ -58.380963, -34.58454 ], [ -58.380769, -34.584843 ], [ -58.379947, -34.585898 ], [ -58.379517, -34.586137 ], [ -58.379088, -34.586376 ], [ -58.374775, -34.5864 ], [ -58.372675, -34.586134 ], [ -58.372342, -34.585997 ], [ -58.369821, -34.58391 ], [ -58.369644, -34.583597 ], [ -58.369583, -34.583249 ], [ -58.373069, -34.579233 ], [ -58.373248, -34.579131 ], [ -58.373428, -34.579029 ], [ -58.374146, -34.578887 ], [ -58.376481, -34.579438 ], [ -58.381112, -34.579361 ], [ -58.38131, -34.579425 ], [ -58.38149, -34.579737 ] ] ] } },
{ "type": "Feature", "properties": { "group_index": 0, "value": 600.0, "id_punto": "0_14", "sector": 0.0 }, "geometry": { "type": "Polygon", "coordinates": [ [ [ -58.38462, -34.58252 ], [ -58.384787, -34.582839 ], [ -58.383585, -34.583536 ], [ -58.381252, -34.584992 ], [ -58.376561, -34.588635 ], [ -58.374102, -34.591054 ], [ -58.374054, -34.591081 ], [ -58.372077, -34.590792 ], [ -58.371262, -34.590508 ], [ -58.370851, -34.590204 ], [ -58.370757, -34.590073 ], [ -58.370555, -34.589581 ], [ -58.37025, -34.588616 ], [ -58.371192, -34.586942 ], [ -58.37363, -34.581482 ], [ -58.374444, -34.580615 ], [ -58.374589, -34.580504 ], [ -58.374733, -34.580393 ], [ -58.375149, -34.580163 ], [ -58.375662, -34.579969 ], [ -58.380019, -34.580649 ], [ -58.380907, -34.580804 ], [ -58.381824, -34.58105 ], [ -58.383616, -34.581563 ], [ -58.384451, -34.582261 ], [ -58.38462, -34.58252 ] ] ] } },
{ "type": "Feature", "properties": { "group_index": 0, "value": 600.0, "id_punto": "0_15", "sector": 0.0 }, "geometry": { "type": "Polygon", "coordinates": [ [ [ -58.384509, -34.578399 ], [ -58.385591, -34.579822 ], [ -58.385757, -34.580141 ], [ -58.385399, -34.582473 ], [ -58.381252, -34.584992 ], [ -58.376987, -34.587399 ], [ -58.376445, -34.58763 ], [ -58.375903, -34.587861 ], [ -58.3745, -34.58807 ], [ -58.372143, -34.587969 ], [ -58.371792, -34.587888 ], [ -58.371701, -34.587823 ], [ -58.37164, -34.58778 ], [ -58.371425, -34.587418 ], [ -58.371364, -34.587275 ], [ -58.371327, -34.587101 ], [ -58.371392, -34.582604 ], [ -58.371406, -34.582254 ], [ -58.374445, -34.580359 ], [ -58.374661, -34.580247 ], [ -58.374781, -34.580228 ], [ -58.378475, -34.580227 ], [ -58.382022, -34.578971 ], [ -58.383441, -34.578263 ], [ -58.383696, -34.578202 ], [ -58.384449, -34.578331 ], [ -58.384509, -34.578399 ] ] ] } },
{ "type": "Feature", "properties": { "group_index": 0, "value": 600.0, "id_punto": "0_16", "sector": 0.0 }, "geometry": { "type": "Polygon", "coordinates": [ [ [ -58.395025, -34.577825 ], [ -58.394548, -34.578443 ], [ -58.39128, -34.580441 ], [ -58.389827, -34.581091 ], [ -58.385378, -34.583981 ], [ -58.384881, -34.584362 ], [ -58.384385, -34.584744 ], [ -58.380216, -34.584858 ], [ -58.379571, -34.58453 ], [ -58.379416, -34.584205 ], [ -58.379306, -34.583701 ], [ -58.379179, -34.582904 ], [ -58.379281, -34.582669 ], [ -58.37944, -34.582493 ], [ -58.379536, -34.582415 ], [ -58.379861, -34.582283 ], [ -58.382889, -34.580936 ], [ -58.385613, -34.578095 ], [ -58.386169, -34.577762 ], [ -58.388716, -34.577141 ], [ -58.393979, -34.577551 ], [ -58.394857, -34.577507 ], [ -58.395025, -34.577825 ] ] ] } },
{ "type": "Feature", "properties": { "group_index": 0, "value": 600.0, "id_punto": "0_17", "sector": 0.0 }, "geometry": { "type": "Polygon", "coordinates": [ [ [ -58.390639, -34.574388 ], [ -58.390617, -34.578479 ], [ -58.390427, -34.578862 ], [ -58.390423, -34.578864 ], [ -58.384729, -34.580689 ], [ -58.384258, -34.580618 ], [ -58.379144, -34.580142 ], [ -58.375039, -34.580428 ], [ -58.374796, -34.580288 ], [ -58.37484, -34.580128 ], [ -58.375016, -34.579626 ], [ -58.375361, -34.579446 ], [ -58.375706, -34.579266 ], [ -58.375863, -34.579214 ], [ -58.379383, -34.574428 ], [ -58.37941, -34.574069 ], [ -58.383396, -34.573597 ], [ -58.386417, -34.572889 ], [ -58.389996, -34.573684 ], [ -58.39046, -34.574075 ], [ -58.390639, -34.574388 ] ] ] } },
{ "type": "Feature", "properties": { "group_index": 0, "value": 600.0, "id_punto": "0_18", "sector": 0.0 }, "geometry": { "type": "Polygon", "coordinates": [ [ [ -58.390418, -34.578499 ], [ -58.390516, -34.578643 ], [ -58.390427, -34.578862 ], [ -58.390391, -34.578883 ], [ -58.385838, -34.581937 ], [ -58.384817, -34.582823 ], [ -58.381252, -34.584992 ], [ -58.379992, -34.585589 ], [ -58.378968, -34.586039 ], [ -58.377163, -34.585312 ], [ -58.37674, -34.585117 ], [ -58.376478, -34.584885 ], [ -58.376018, -34.584276 ], [ -58.375849, -34.583958 ], [ -58.375109, -34.580731 ], [ -58.375098, -34.580618 ], [ -58.375111, -34.58049 ], [ -58.375165, -34.580157 ], [ -58.375424, -34.580059 ], [ -58.375683, -34.579961 ], [ -58.375957, -34.579895 ], [ -58.376193, -34.579858 ], [ -58.376415, -34.579823 ], [ -58.376706, -34.579814 ], [ -58.376974, -34.579807 ], [ -58.378011, -34.579867 ], [ -58.382022, -34.578971 ], [ -58.385088, -34.576298 ], [ -58.385431, -34.576276 ], [ -58.388885, -34.576762 ], [ -58.389221, -34.576892 ], [ -58.390418, -34.578499 ] ] ] } },
{ "type": "Feature", "properties": { "group_index": 0, "value": 600.0, "id_punto": "0_19", "sector": 0.0 }, "geometry": { "type": "Polygon", "coordinates": [ [ [ -58.392281, -34.574103 ], [ -58.393015, -34.578788 ], [ -58.391986, -34.579614 ], [ -58.390771, -34.580316 ], [ -58.390388, -34.58051 ], [ -58.389997, -34.580709 ], [ -58.389615, -34.580878 ], [ -58.389233, -34.581046 ], [ -58.388212, -34.58066 ], [ -58.386641, -34.58041 ], [ -58.381982, -34.582428 ], [ -58.381719, -34.582674 ], [ -58.379119, -34.582522 ], [ -58.379056, -34.582516 ], [ -58.378947, -34.582504 ], [ -58.377702, -34.58215 ], [ -58.376042, -34.580245 ], [ -58.375987, -34.57989 ], [ -58.380084, -34.576181 ], [ -58.381197, -34.574672 ], [ -58.381712, -34.574245 ], [ -58.383241, -34.573684 ], [ -58.38647, -34.572859 ], [ -58.392102, -34.57379 ], [ -58.392281, -34.574103 ] ] ] } },
{ "type": "Feature", "properties": { "group_index": 0, "value": 600.0, "id_punto": "0_20", "sector": 0.0 }, "geometry": { "type": "Polygon", "coordinates": [ [ [ -58.391903, -34.574319 ], [ -58.392672, -34.578968 ], [ -58.39203, -34.579522 ], [ -58.391837, -34.579688 ], [ -58.390771, -34.580316 ], [ -58.390394, -34.580507 ], [ -58.390018, -34.580699 ], [ -58.38827, -34.58064 ], [ -58.38339, -34.583227 ], [ -58.382419, -34.583805 ], [ -58.381214, -34.58405 ], [ -58.379174, -34.583366 ], [ -58.378937, -34.583095 ], [ -58.377474, -34.580196 ], [ -58.377495, -34.579837 ], [ -58.381469, -34.576285 ], [ -58.382103, -34.575249 ], [ -58.382398, -34.575042 ], [ -58.386919, -34.574294 ], [ -58.391725, -34.574006 ], [ -58.391903, -34.574319 ] ] ] } },
{ "type": "Feature", "properties": { "group_index": 0, "value": 600.0, "id_punto": "0_21", "sector": 0.0 }, "geometry": { "type": "Polygon", "coordinates": [ [ [ -58.383783, -34.581194 ], [ -58.384177, -34.582813 ], [ -58.384145, -34.583178 ], [ -58.383865, -34.583357 ], [ -58.383585, -34.583536 ], [ -58.381252, -34.584992 ], [ -58.379859, -34.585741 ], [ -58.377239, -34.587074 ], [ -58.373217, -34.589925 ], [ -58.372983, -34.589901 ], [ -58.372913, -34.589891 ], [ -58.372586, -34.589841 ], [ -58.372295, -34.589791 ], [ -58.371296, -34.589495 ], [ -58.370793, -34.589067 ], [ -58.370754, -34.588977 ], [ -58.370679, -34.588726 ], [ -58.370261, -34.58629 ], [ -58.370283, -34.585846 ], [ -58.372203, -34.581803 ], [ -58.37383, -34.580867 ], [ -58.375149, -34.580163 ], [ -58.375416, -34.580062 ], [ -58.375706, -34.579954 ], [ -58.375971, -34.579892 ], [ -58.376193, -34.579858 ], [ -58.376438, -34.579821 ], [ -58.376706, -34.579814 ], [ -58.376989, -34.579807 ], [ -58.380437, -34.579863 ], [ -58.381216, -34.579969 ], [ -58.382015, -34.580094 ], [ -58.382099, -34.580111 ], [ -58.383178, -34.580635 ], [ -58.383636, -34.580865 ], [ -58.383783, -34.581194 ] ] ] } },
{ "type": "Feature", "properties": { "group_index": 0, "value": 600.0, "id_punto": "0_22", "sector": 0.0 }, "geometry": { "type": "Polygon", "coordinates": [ [ [ -58.389591, -34.578551 ], [ -58.388036, -34.578843 ], [ -58.384812, -34.582477 ], [ -58.38414, -34.583181 ], [ -58.379947, -34.585898 ], [ -58.378847, -34.586511 ], [ -58.376699, -34.58589 ], [ -58.374399, -34.585206 ], [ -58.374215, -34.584896 ], [ -58.374467, -34.580882 ], [ -58.374501, -34.580571 ], [ -58.374733, -34.580393 ], [ -58.376173, -34.579979 ], [ -58.376422, -34.57994 ], [ -58.382022, -34.578971 ], [ -58.385525, -34.577362 ], [ -58.387365, -34.57712 ], [ -58.387807, -34.577237 ], [ -58.389117, -34.577738 ], [ -58.389622, -34.578193 ], [ -58.389591, -34.578551 ] ] ] } },
{ "type": "Feature", "properties": { "group_index": 0, "value": 600.0, "id_punto": "0_23", "sector": 0.0 }, "geometry": { "type": "Polygon", "coordinates": [ [ [ -58.387153, -34.581268 ], [ -58.38706, -34.58174 ], [ -58.382991, -34.583932 ], [ -58.379947, -34.585898 ], [ -58.37936, -34.586225 ], [ -58.378765, -34.586556 ], [ -58.378464, -34.586704 ], [ -58.378158, -34.586854 ], [ -58.373066, -34.589747 ], [ -58.37282, -34.5897 ], [ -58.372299, -34.589475 ], [ -58.372245, -34.589407 ], [ -58.3722, -34.589248 ], [ -58.37272, -34.585745 ], [ -58.37315, -34.583821 ], [ -58.374001, -34.581144 ], [ -58.374149, -34.580903 ], [ -58.374287, -34.580767 ], [ -58.374426, -34.58063 ], [ -58.374588, -34.580504 ], [ -58.374733, -34.580393 ], [ -58.375149, -34.580163 ], [ -58.375416, -34.580062 ], [ -58.375706, -34.579954 ], [ -58.375952, -34.579896 ], [ -58.380472, -34.579851 ], [ -58.381185, -34.579887 ], [ -58.38133, -34.579902 ], [ -58.38214, -34.580019 ], [ -58.384077, -34.580306 ], [ -58.386958, -34.580966 ], [ -58.387153, -34.581268 ] ] ] } },
{ "type": "Feature", "properties": { "group_index": 0, "value": 600.0, "id_punto": "0_24", "sector": 0.0 }, "geometry": { "type": "Polygon", "coordinates": [ [ [ -58.392918, -34.578997 ], [ -58.392987, -34.579198 ], [ -58.391098, -34.580437 ], [ -58.389773, -34.581118 ], [ -58.385793, -34.583608 ], [ -58.381252, -34.584992 ], [ -58.379947, -34.585898 ], [ -58.379465, -34.586166 ], [ -58.378984, -34.586434 ], [ -58.37787, -34.58592 ], [ -58.377408, -34.585686 ], [ -58.377121, -34.585468 ], [ -58.377292, -34.584456 ], [ -58.377823, -34.581627 ], [ -58.378246, -34.581384 ], [ -58.382748, -34.579603 ], [ -58.387509, -34.578131 ], [ -58.388615, -34.577912 ], [ -58.388724, -34.577904 ], [ -58.392552, -34.578628 ], [ -58.392755, -34.578676 ], [ -58.392918, -34.578997 ] ] ] } },
{ "type": "Feature", "properties": { "group_index": 0, "value": 600.0, "id_punto": "0_25", "sector": 0.0 }, "geometry": { "type": "Polygon", "coordinates": [ [ [ -58.39078, -34.57496 ], [ -58.391745, -34.578913 ], [ -58.391827, -34.579263 ], [ -58.391147, -34.580031 ], [ -58.390812, -34.580286 ], [ -58.388346, -34.579985 ], [ -58.388295, -34.579983 ], [ -58.385234, -34.580211 ], [ -58.383001, -34.582974 ], [ -58.382301, -34.583508 ], [ -58.381844, -34.58372 ], [ -58.378208, -34.583377 ], [ -58.377724, -34.583237 ], [ -58.376905, -34.582617 ], [ -58.375114, -34.580785 ], [ -58.374884, -34.580302 ], [ -58.375004, -34.580231 ], [ -58.375416, -34.580062 ], [ -58.375683, -34.579961 ], [ -58.375957, -34.579895 ], [ -58.376193, -34.579858 ], [ -58.376415, -34.579823 ], [ -58.376706, -34.579814 ], [ -58.381487, -34.576287 ], [ -58.382106, -34.575253 ], [ -58.382401, -34.575047 ], [ -58.386934, -34.574312 ], [ -58.388829, -34.574348 ], [ -58.390572, -34.574666 ], [ -58.39078, -34.57496 ] ] ] } },
{ "type": "Feature", "properties": { "group_index": 0, "value": 600.0, "id_punto": "0_26", "sector": 0.0 }, "geometry": { "type": "Polygon", "coordinates": [ [ [ -58.384451, -34.578412 ], [ -58.385548, -34.579844 ], [ -58.385715, -34.580163 ], [ -58.385389, -34.582479 ], [ -58.381252, -34.584992 ], [ -58.376987, -34.587399 ], [ -58.37585, -34.587884 ], [ -58.374778, -34.588164 ], [ -58.372131, -34.588018 ], [ -58.371781, -34.587936 ], [ -58.371686, -34.587871 ], [ -58.371625, -34.587823 ], [ -58.371377, -34.587478 ], [ -58.371311, -34.587337 ], [ -58.371293, -34.587061 ], [ -58.371343, -34.582632 ], [ -58.371367, -34.582276 ], [ -58.374443, -34.580353 ], [ -58.374707, -34.580216 ], [ -58.374778, -34.580222 ], [ -58.378475, -34.580227 ], [ -58.382022, -34.578971 ], [ -58.383441, -34.578263 ], [ -58.383639, -34.578216 ], [ -58.384391, -34.578344 ], [ -58.384451, -34.578412 ] ] ] } },
{ "type": "Feature", "properties": { "group_index": 0, "value": 600.0, "id_punto": "0_27", "sector": 0.0 }, "geometry": { "type": "Polygon", "coordinates": [ [ [ -58.390631, -34.575067 ], [ -58.392193, -34.578781 ], [ -58.392294, -34.579126 ], [ -58.391805, -34.579638 ], [ -58.39157, -34.579821 ], [ -58.390771, -34.580316 ], [ -58.390409, -34.5805 ], [ -58.390048, -34.580684 ], [ -58.388677, -34.580444 ], [ -58.384375, -34.582708 ], [ -58.383546, -34.583556 ], [ -58.382679, -34.583932 ], [ -58.382674, -34.583934 ], [ -58.382233, -34.584109 ], [ -58.381792, -34.584285 ], [ -58.379883, -34.584435 ], [ -58.379786, -34.584425 ], [ -58.378553, -34.584032 ], [ -58.37826, -34.583822 ], [ -58.37812, -34.583368 ], [ -58.377379, -34.58019 ], [ -58.3774, -34.579831 ], [ -58.378216, -34.579879 ], [ -58.382568, -34.575889 ], [ -58.382853, -34.575669 ], [ -58.387877, -34.574889 ], [ -58.390388, -34.574801 ], [ -58.390631, -34.575067 ] ] ] } },
{ "type": "Feature", "properties": { "group_index": 0, "value": 600.0, "id_punto": "0_28", "sector": 0.0 }, "geometry": { "type": "Polygon", "coordinates": [ [ [ -58.392343, -34.574067 ], [ -58.39352, -34.578707 ], [ -58.393399, -34.578885 ], [ -58.392856, -34.579255 ], [ -58.390388, -34.58051 ], [ -58.389997, -34.580709 ], [ -58.389572, -34.580897 ], [ -58.389147, -34.581085 ], [ -58.387767, -34.581011 ], [ -58.382334, -34.582987 ], [ -58.381989, -34.583088 ], [ -58.381608, -34.583036 ], [ -58.37883, -34.58265 ], [ -58.377675, -34.582169 ], [ -58.377468, -34.581874 ], [ -58.376486, -34.58018 ], [ -58.376476, -34.57982 ], [ -58.380419, -34.576206 ], [ -58.381434, -34.57472 ], [ -58.381644, -34.57447 ], [ -58.383073, -34.573777 ], [ -58.386177, -34.573412 ], [ -58.392165, -34.573755 ], [ -58.392343, -34.574067 ] ] ] } },
{ "type": "Feature", "properties": { "group_index": 0, "value": 600.0, "id_punto": "0_29", "sector": 0.0 }, "geometry": { "type": "Polygon", "coordinates": [ [ [ -58.385975, -34.580027 ], [ -58.385825, -34.581943 ], [ -58.38548, -34.582425 ], [ -58.385158, -34.582619 ], [ -58.384836, -34.582813 ], [ -58.379947, -34.585898 ], [ -58.37936, -34.586225 ], [ -58.378765, -34.586556 ], [ -58.378464, -34.586704 ], [ -58.378158, -34.586854 ], [ -58.377736, -34.587046 ], [ -58.377314, -34.587238 ], [ -58.374029, -34.588585 ], [ -58.373683, -34.588534 ], [ -58.371686, -34.58739 ], [ -58.371632, -34.587227 ], [ -58.371605, -34.586909 ], [ -58.371839, -34.582009 ], [ -58.374365, -34.580464 ], [ -58.375213, -34.580331 ], [ -58.377455, -34.580276 ], [ -58.382185, -34.578764 ], [ -58.382382, -34.578655 ], [ -58.382827, -34.578623 ], [ -58.385809, -34.579708 ], [ -58.385975, -34.580027 ] ] ] } },
{ "type": "Feature", "properties": { "group_index": 0, "value": 600.0, "id_punto": "0_30", "sector": 0.0 }, "geometry": { "type": "Polygon", "coordinates": [ [ [ -58.386085, -34.581963 ], [ -58.385535, -34.58239 ], [ -58.385177, -34.582607 ], [ -58.384836, -34.582813 ], [ -58.382991, -34.583932 ], [ -58.38269, -34.584109 ], [ -58.381252, -34.584992 ], [ -58.379859, -34.585741 ], [ -58.376465, -34.588683 ], [ -58.374023, -34.590551 ], [ -58.373737, -34.590769 ], [ -58.372983, -34.590637 ], [ -58.372186, -34.590454 ], [ -58.371105, -34.589857 ], [ -58.370808, -34.589262 ], [ -58.370794, -34.589195 ], [ -58.3708, -34.589178 ], [ -58.371215, -34.588248 ], [ -58.374198, -34.583332 ], [ -58.375109, -34.580739 ], [ -58.375338, -34.580664 ], [ -58.379916, -34.580531 ], [ -58.381066, -34.580712 ], [ -58.384124, -34.581293 ], [ -58.385864, -34.581678 ], [ -58.386085, -34.581963 ] ] ] } },
{ "type": "Feature", "properties": { "group_index": 0, "value": 600.0, "id_punto": "0_31", "sector": 0.0 }, "geometry": { "type": "Polygon", "coordinates": [ [ [ -58.384496, -34.580815 ], [ -58.384225, -34.582787 ], [ -58.384153, -34.583173 ], [ -58.383585, -34.583536 ], [ -58.381252, -34.584992 ], [ -58.379859, -34.585741 ], [ -58.375808, -34.587901 ], [ -58.375527, -34.587994 ], [ -58.374703, -34.588205 ], [ -58.371829, -34.588269 ], [ -58.371756, -34.588269 ], [ -58.371744, -34.588266 ], [ -58.371461, -34.587826 ], [ -58.371344, -34.587643 ], [ -58.371287, -34.587549 ], [ -58.370074, -34.58297 ], [ -58.373687, -34.57947 ], [ -58.373962, -34.579238 ], [ -58.375335, -34.579459 ], [ -58.376057, -34.579672 ], [ -58.381988, -34.578873 ], [ -58.382182, -34.578765 ], [ -58.382376, -34.578658 ], [ -58.382798, -34.578745 ], [ -58.384005, -34.579021 ], [ -58.38403, -34.57903 ], [ -58.384496, -34.580815 ] ] ] } },
{ "type": "Feature", "properties": { "group_index": 0, "value": 600.0, "id_punto": "0_32", "sector": 0.0 }, "geometry": { "type": "Polygon", "coordinates": [ [ [ -58.388407, -34.577974 ], [ -58.388449, -34.578103 ], [ -58.388502, -34.578459 ], [ -58.388036, -34.578843 ], [ -58.384107, -34.583202 ], [ -58.379947, -34.585898 ], [ -58.378888, -34.586488 ], [ -58.374193, -34.585328 ], [ -58.37413, -34.58527 ], [ -58.373954, -34.584956 ], [ -58.373804, -34.581248 ], [ -58.373951, -34.58102 ], [ -58.374426, -34.58063 ], [ -58.374588, -34.580504 ], [ -58.374733, -34.580393 ], [ -58.376173, -34.579979 ], [ -58.376422, -34.57994 ], [ -58.382022, -34.578971 ], [ -58.385213, -34.577483 ], [ -58.387456, -34.577098 ], [ -58.38813, -34.577454 ], [ -58.388407, -34.577974 ] ] ] } },
{ "type": "Feature", "properties": { "group_index": 0, "value": 600.0, "id_punto": "0_33", "sector": 0.0 }, "geometry": { "type": "Polygon", "coordinates": [ [ [ -58.382133, -34.579366 ], [ -58.382159, -34.579479 ], [ -58.382424, -34.58185 ], [ -58.382126, -34.583557 ], [ -58.381632, -34.584671 ], [ -58.381252, -34.584992 ], [ -58.379947, -34.585898 ], [ -58.37879, -34.586542 ], [ -58.376238, -34.587083 ], [ -58.372529, -34.58669 ], [ -58.372422, -34.586665 ], [ -58.372148, -34.586551 ], [ -58.369176, -34.584276 ], [ -58.368996, -34.583964 ], [ -58.368994, -34.583583 ], [ -58.372203, -34.579893 ], [ -58.372555, -34.579526 ], [ -58.372992, -34.579278 ], [ -58.373428, -34.579029 ], [ -58.374785, -34.578521 ], [ -58.376479, -34.579308 ], [ -58.381762, -34.578999 ], [ -58.381953, -34.579054 ], [ -58.382133, -34.579366 ] ] ] } },
{ "type": "Feature", "properties": { "group_index": 0, "value": 600.0, "id_punto": "0_34", "sector": 0.0 }, "geometry": { "type": "Polygon", "coordinates": [ [ [ -58.39174, -34.579672 ], [ -58.391492, -34.579859 ], [ -58.389567, -34.581224 ], [ -58.387327, -34.582451 ], [ -58.383488, -34.583384 ], [ -58.381252, -34.584992 ], [ -58.379947, -34.585898 ], [ -58.37936, -34.586225 ], [ -58.378765, -34.586556 ], [ -58.378481, -34.586696 ], [ -58.378197, -34.586835 ], [ -58.377411, -34.586891 ], [ -58.376179, -34.585273 ], [ -58.375986, -34.584319 ], [ -58.376091, -34.58383 ], [ -58.376114, -34.58373 ], [ -58.376433, -34.582473 ], [ -58.379224, -34.580077 ], [ -58.382422, -34.578633 ], [ -58.382695, -34.578512 ], [ -58.388297, -34.578092 ], [ -58.388317, -34.578092 ], [ -58.389998, -34.578377 ], [ -58.390329, -34.578461 ], [ -58.390418, -34.578499 ], [ -58.3914, -34.578989 ], [ -58.39174, -34.579672 ] ] ] } },
{ "type": "Feature", "properties": { "group_index": 0, "value": 600.0, "id_punto": "0_35", "sector": 0.0 }, "geometry": { "type": "Polygon", "coordinates": [ [ [ -58.397597, -34.576461 ], [ -58.394548, -34.578443 ], [ -58.391, -34.580487 ], [ -58.389724, -34.581143 ], [ -58.385797, -34.583605 ], [ -58.383009, -34.583919 ], [ -58.382798, -34.583627 ], [ -58.382137, -34.582349 ], [ -58.38254, -34.578862 ], [ -58.382586, -34.578719 ], [ -58.382826, -34.578463 ], [ -58.385163, -34.576454 ], [ -58.385425, -34.576281 ], [ -58.390374, -34.574814 ], [ -58.390616, -34.57508 ], [ -58.395274, -34.576873 ], [ -58.396683, -34.576136 ], [ -58.397429, -34.576143 ], [ -58.397597, -34.576461 ] ] ] } },
{ "type": "Feature", "properties": { "group_index": 0, "value": 600.0, "id_punto": "0_36", "sector": 0.0 }, "geometry": { "type": "Polygon", "coordinates": [ [ [ -58.394318, -34.578339 ], [ -58.394307, -34.578437 ], [ -58.390154, -34.580922 ], [ -58.386785, -34.582829 ], [ -58.381825, -34.584572 ], [ -58.38022, -34.58484 ], [ -58.379276, -34.584671 ], [ -58.379062, -34.584616 ], [ -58.379058, -34.584611 ], [ -58.378908, -34.583366 ], [ -58.378918, -34.583111 ], [ -58.378978, -34.582708 ], [ -58.379064, -34.582142 ], [ -58.379075, -34.582136 ], [ -58.382889, -34.580936 ], [ -58.384709, -34.57827 ], [ -58.384744, -34.578162 ], [ -58.38483, -34.57793 ], [ -58.385926, -34.577447 ], [ -58.389314, -34.57627 ], [ -58.394174, -34.578009 ], [ -58.394318, -34.578339 ] ] ] } },
{ "type": "Feature", "properties": { "group_index": 0, "value": 600.0, "id_punto": "0_37", "sector": 0.0 }, "geometry": { "type": "Polygon", "coordinates": [ [ [ -58.385348, -34.578141 ], [ -58.385416, -34.578494 ], [ -58.384645, -34.580422 ], [ -58.38441, -34.580861 ], [ -58.381143, -34.58353 ], [ -58.38029, -34.58417 ], [ -58.37999, -34.584322 ], [ -58.379865, -34.584385 ], [ -58.379787, -34.584424 ], [ -58.378792, -34.584292 ], [ -58.373628, -34.583553 ], [ -58.373179, -34.583399 ], [ -58.37284, -34.583278 ], [ -58.371991, -34.582679 ], [ -58.371814, -34.582366 ], [ -58.371748, -34.58206 ], [ -58.374416, -34.580426 ], [ -58.376173, -34.579979 ], [ -58.376422, -34.57994 ], [ -58.376722, -34.579937 ], [ -58.382022, -34.578971 ], [ -58.383804, -34.578177 ], [ -58.385085, -34.577859 ], [ -58.385327, -34.578037 ], [ -58.385348, -34.578141 ] ] ] } },
{ "type": "Feature", "properties": { "group_index": 0, "value": 600.0, "id_punto": "0_38", "sector": 0.0 }, "geometry": { "type": "Polygon", "coordinates": [ [ [ -58.382684, -34.583572 ], [ -58.382689, -34.583927 ], [ -58.381252, -34.584992 ], [ -58.37796, -34.587956 ], [ -58.376297, -34.592096 ], [ -58.376178, -34.592402 ], [ -58.376085, -34.592609 ], [ -58.376004, -34.592779 ], [ -58.375927, -34.592875 ], [ -58.375803, -34.592969 ], [ -58.375708, -34.592983 ], [ -58.374602, -34.593089 ], [ -58.373472, -34.593113 ], [ -58.371795, -34.593081 ], [ -58.370091, -34.592565 ], [ -58.368515, -34.590256 ], [ -58.368401, -34.589853 ], [ -58.368519, -34.588677 ], [ -58.368553, -34.588537 ], [ -58.369534, -34.584912 ], [ -58.369815, -34.584688 ], [ -58.37265, -34.583825 ], [ -58.375316, -34.582209 ], [ -58.376675, -34.581897 ], [ -58.379839, -34.582294 ], [ -58.380992, -34.582575 ], [ -58.382527, -34.583248 ], [ -58.382684, -34.583572 ] ] ] } },
{ "type": "Feature", "properties": { "group_index": 0, "value": 600.0, "id_punto": "0_39", "sector": 0.0 }, "geometry": { "type": "Polygon", "coordinates": [ [ [ -58.391904, -34.574318 ], [ -58.392226, -34.579146 ], [ -58.391555, -34.579768 ], [ -58.391273, -34.579968 ], [ -58.390771, -34.580316 ], [ -58.390081, -34.580667 ], [ -58.38841, -34.580095 ], [ -58.388161, -34.580035 ], [ -58.385234, -34.580211 ], [ -58.382393, -34.583201 ], [ -58.382143, -34.583228 ], [ -58.379612, -34.583057 ], [ -58.378275, -34.582907 ], [ -58.377115, -34.58248 ], [ -58.375298, -34.580492 ], [ -58.37517, -34.580155 ], [ -58.375427, -34.580058 ], [ -58.375683, -34.579961 ], [ -58.375957, -34.579895 ], [ -58.376193, -34.579858 ], [ -58.380878, -34.576239 ], [ -58.381781, -34.574848 ], [ -58.382059, -34.57462 ], [ -58.386459, -34.573748 ], [ -58.391725, -34.574006 ], [ -58.391904, -34.574318 ] ] ] } },
{ "type": "Feature", "properties": { "group_index": 0, "value": 600.0, "id_punto": "0_40", "sector": 0.0 }, "geometry": { "type": "Polygon", "coordinates": [ [ [ -58.388207, -34.578723 ], [ -58.38817, -34.58067 ], [ -58.387699, -34.581567 ], [ -58.387676, -34.581574 ], [ -58.383488, -34.583384 ], [ -58.381252, -34.584992 ], [ -58.379947, -34.585898 ], [ -58.37936, -34.586225 ], [ -58.378765, -34.586556 ], [ -58.378464, -34.586704 ], [ -58.378158, -34.586854 ], [ -58.376987, -34.587399 ], [ -58.376338, -34.587676 ], [ -58.375613, -34.587703 ], [ -58.37527, -34.587633 ], [ -58.372888, -34.586064 ], [ -58.372708, -34.585753 ], [ -58.37315, -34.583821 ], [ -58.373823, -34.581241 ], [ -58.37396, -34.581016 ], [ -58.374426, -34.58063 ], [ -58.374588, -34.580504 ], [ -58.374733, -34.580393 ], [ -58.375213, -34.580331 ], [ -58.378475, -34.580227 ], [ -58.382022, -34.578971 ], [ -58.382783, -34.57867 ], [ -58.383268, -34.578497 ], [ -58.383483, -34.578438 ], [ -58.383865, -34.578347 ], [ -58.384062, -34.578302 ], [ -58.384259, -34.578257 ], [ -58.385464, -34.577992 ], [ -58.386027, -34.578023 ], [ -58.388026, -34.578412 ], [ -58.388207, -34.578723 ] ] ] } },
{ "type": "Feature", "properties": { "group_index": 0, "value": 600.0, "id_punto": "0_41", "sector": 0.0 }, "geometry": { "type": "Polygon", "coordinates": [ [ [ -58.392109, -34.578806 ], [ -58.392211, -34.579151 ], [ -58.391499, -34.579797 ], [ -58.390771, -34.580316 ], [ -58.390089, -34.580663 ], [ -58.384767, -34.582849 ], [ -58.383585, -34.583536 ], [ -58.380756, -34.584835 ], [ -58.379972, -34.585144 ], [ -58.378547, -34.585045 ], [ -58.378027, -34.584823 ], [ -58.377836, -34.584649 ], [ -58.377483, -34.584282 ], [ -58.377382, -34.584143 ], [ -58.377295, -34.583974 ], [ -58.377168, -34.583697 ], [ -58.376864, -34.580306 ], [ -58.376887, -34.579946 ], [ -58.376989, -34.579807 ], [ -58.378011, -34.579867 ], [ -58.379032, -34.579927 ], [ -58.383612, -34.576163 ], [ -58.387916, -34.575549 ], [ -58.389897, -34.575321 ], [ -58.390206, -34.575506 ], [ -58.392109, -34.578806 ] ] ] } },
{ "type": "Feature", "properties": { "group_index": 0, "value": 600.0, "id_punto": "0_42", "sector": 0.0 }, "geometry": { "type": "Polygon", "coordinates": [ [ [ -58.389921, -34.578195 ], [ -58.389987, -34.57843 ], [ -58.389948, -34.578542 ], [ -58.389911, -34.578555 ], [ -58.389788, -34.578584 ], [ -58.388036, -34.578843 ], [ -58.385076, -34.582338 ], [ -58.38471, -34.582879 ], [ -58.382976, -34.583942 ], [ -58.382753, -34.584072 ], [ -58.382529, -34.584203 ], [ -58.380272, -34.584993 ], [ -58.377976, -34.584776 ], [ -58.377697, -34.584579 ], [ -58.377123, -34.583683 ], [ -58.376951, -34.583366 ], [ -58.37694, -34.583335 ], [ -58.376042, -34.580245 ], [ -58.375987, -34.57989 ], [ -58.376201, -34.579856 ], [ -58.376415, -34.579823 ], [ -58.376706, -34.579814 ], [ -58.376974, -34.579807 ], [ -58.378011, -34.579867 ], [ -58.382022, -34.578971 ], [ -58.385193, -34.576451 ], [ -58.385419, -34.576285 ], [ -58.388872, -34.576794 ], [ -58.389208, -34.576925 ], [ -58.389921, -34.578195 ] ] ] } },
{ "type": "Feature", "properties": { "group_index": 0, "value": 600.0, "id_punto": "0_43", "sector": 0.0 }, "geometry": { "type": "Polygon", "coordinates": [ [ [ -58.388601, -34.57768 ], [ -58.388722, -34.578103 ], [ -58.388699, -34.578463 ], [ -58.388036, -34.578843 ], [ -58.384087, -34.583215 ], [ -58.379947, -34.585898 ], [ -58.379443, -34.586179 ], [ -58.378939, -34.586459 ], [ -58.375159, -34.586188 ], [ -58.373982, -34.585353 ], [ -58.373805, -34.585039 ], [ -58.373475, -34.581504 ], [ -58.373481, -34.581386 ], [ -58.374843, -34.580536 ], [ -58.375095, -34.580386 ], [ -58.375213, -34.580331 ], [ -58.375921, -34.580053 ], [ -58.376173, -34.579979 ], [ -58.376422, -34.57994 ], [ -58.376722, -34.579937 ], [ -58.382022, -34.578971 ], [ -58.385141, -34.577093 ], [ -58.385281, -34.577032 ], [ -58.385494, -34.577027 ], [ -58.387627, -34.577058 ], [ -58.388468, -34.577345 ], [ -58.388601, -34.57768 ] ] ] } },
{ "type": "Feature", "properties": { "group_index": 0, "value": 600.0, "id_punto": "0_44", "sector": 0.0 }, "geometry": { "type": "Polygon", "coordinates": [ [ [ -58.382496, -34.580225 ], [ -58.382526, -34.580275 ], [ -58.382968, -34.581169 ], [ -58.382787, -34.583066 ], [ -58.382369, -34.584294 ], [ -58.379947, -34.585898 ], [ -58.37936, -34.586225 ], [ -58.378765, -34.586556 ], [ -58.378464, -34.586704 ], [ -58.378158, -34.586854 ], [ -58.37754, -34.587135 ], [ -58.376183, -34.587377 ], [ -58.375629, -34.587429 ], [ -58.372, -34.587379 ], [ -58.371907, -34.587369 ], [ -58.371769, -34.587245 ], [ -58.370265, -34.583245 ], [ -58.37015, -34.582928 ], [ -58.373737, -34.579529 ], [ -58.374012, -34.579297 ], [ -58.375275, -34.57949 ], [ -58.380684, -34.579591 ], [ -58.381559, -34.579765 ], [ -58.382311, -34.579917 ], [ -58.382496, -34.580225 ] ] ] } },
{ "type": "Feature", "properties": { "group_index": 0, "value": 600.0, "id_punto": "0_45", "sector": 0.0 }, "geometry": { "type": "Polygon", "coordinates": [ [ [ -58.390984, -34.579746 ], [ -58.390999, -34.579807 ], [ -58.390647, -34.580269 ], [ -58.389047, -34.581491 ], [ -58.387627, -34.582269 ], [ -58.383488, -34.583384 ], [ -58.381252, -34.584992 ], [ -58.379947, -34.585898 ], [ -58.37936, -34.586225 ], [ -58.378765, -34.586556 ], [ -58.378464, -34.586704 ], [ -58.378158, -34.586854 ], [ -58.377464, -34.587169 ], [ -58.376373, -34.587006 ], [ -58.376196, -34.586693 ], [ -58.37598, -34.585038 ], [ -58.375863, -34.583951 ], [ -58.376327, -34.582054 ], [ -58.379083, -34.58008 ], [ -58.382722, -34.5785 ], [ -58.383105, -34.578364 ], [ -58.383514, -34.578435 ], [ -58.38925, -34.578161 ], [ -58.390042, -34.578203 ], [ -58.390401, -34.578296 ], [ -58.390475, -34.578328 ], [ -58.390984, -34.579746 ] ] ] } },
{ "type": "Feature", "properties": { "group_index": 0, "value": 600.0, "id_punto": "0_46", "sector": 0.0 }, "geometry": { "type": "Polygon", "coordinates": [ [ [ -58.385776, -34.577956 ], [ -58.385839, -34.578311 ], [ -58.385849, -34.578419 ], [ -58.384754, -34.580676 ], [ -58.384311, -34.580915 ], [ -58.383867, -34.581155 ], [ -58.37928, -34.584669 ], [ -58.378492, -34.585074 ], [ -58.372931, -34.585518 ], [ -58.372498, -34.585427 ], [ -58.372156, -34.585315 ], [ -58.371781, -34.585163 ], [ -58.369739, -34.583957 ], [ -58.369562, -34.583644 ], [ -58.369508, -34.583291 ], [ -58.373004, -34.57927 ], [ -58.373216, -34.57915 ], [ -58.373428, -34.579029 ], [ -58.374219, -34.578848 ], [ -58.37644, -34.579385 ], [ -58.382022, -34.578971 ], [ -58.383483, -34.578438 ], [ -58.385093, -34.577856 ], [ -58.385376, -34.577781 ], [ -58.385659, -34.577706 ], [ -58.385776, -34.577956 ] ] ] } },
{ "type": "Feature", "properties": { "group_index": 0, "value": 600.0, "id_punto": "0_47", "sector": 0.0 }, "geometry": { "type": "Polygon", "coordinates": [ [ [ -58.386085, -34.581963 ], [ -58.385535, -34.58239 ], [ -58.385177, -34.582607 ], [ -58.384836, -34.582813 ], [ -58.383585, -34.583536 ], [ -58.381252, -34.584992 ], [ -58.379859, -34.585741 ], [ -58.376414, -34.588709 ], [ -58.373615, -34.590604 ], [ -58.372166, -34.590433 ], [ -58.371111, -34.589836 ], [ -58.370832, -34.589284 ], [ -58.370804, -34.589167 ], [ -58.370819, -34.589123 ], [ -58.371207, -34.588271 ], [ -58.373336, -34.583301 ], [ -58.3748, -34.58069 ], [ -58.374982, -34.580548 ], [ -58.375272, -34.580383 ], [ -58.375461, -34.580281 ], [ -58.37565, -34.58018 ], [ -58.379519, -34.580226 ], [ -58.381314, -34.580504 ], [ -58.384467, -34.58111 ], [ -58.385791, -34.581555 ], [ -58.386085, -34.581963 ] ] ] } },
{ "type": "Feature", "properties": { "group_index": 0, "value": 600.0, "id_punto": "0_48", "sector": 0.0 }, "geometry": { "type": "Polygon", "coordinates": [ [ [ -58.387001, -34.57939 ], [ -58.385385, -34.582482 ], [ -58.385111, -34.582647 ], [ -58.384836, -34.582813 ], [ -58.379947, -34.585898 ], [ -58.37936, -34.586225 ], [ -58.378765, -34.586556 ], [ -58.378464, -34.586704 ], [ -58.378158, -34.586854 ], [ -58.377826, -34.587005 ], [ -58.377493, -34.587156 ], [ -58.376358, -34.587015 ], [ -58.374518, -34.586542 ], [ -58.372873, -34.586073 ], [ -58.372788, -34.585998 ], [ -58.372692, -34.585762 ], [ -58.37266, -34.585662 ], [ -58.372732, -34.581503 ], [ -58.373513, -34.581053 ], [ -58.375213, -34.580331 ], [ -58.375921, -34.580053 ], [ -58.376173, -34.579979 ], [ -58.376422, -34.57994 ], [ -58.382022, -34.578971 ], [ -58.383483, -34.578438 ], [ -58.386058, -34.577487 ], [ -58.386936, -34.577731 ], [ -58.387133, -34.5779 ], [ -58.387001, -34.57939 ] ] ] } },
{ "type": "Feature", "properties": { "group_index": 0, "value": 600.0, "id_punto": "0_49", "sector": 0.0 }, "geometry": { "type": "Polygon", "coordinates": [ [ [ -58.391714, -34.574427 ], [ -58.392274, -34.579132 ], [ -58.391729, -34.579678 ], [ -58.391479, -34.579866 ], [ -58.390771, -34.580316 ], [ -58.390058, -34.580678 ], [ -58.3883, -34.580251 ], [ -58.38714, -34.58016 ], [ -58.382934, -34.583003 ], [ -58.382265, -34.583509 ], [ -58.381866, -34.583707 ], [ -58.378277, -34.583343 ], [ -58.377939, -34.583176 ], [ -58.376912, -34.582612 ], [ -58.376704, -34.582319 ], [ -58.375792, -34.580304 ], [ -58.375726, -34.58014 ], [ -58.375709, -34.579953 ], [ -58.375957, -34.579895 ], [ -58.376193, -34.579858 ], [ -58.376415, -34.579823 ], [ -58.376706, -34.579814 ], [ -58.381532, -34.57629 ], [ -58.382114, -34.575265 ], [ -58.382409, -34.575058 ], [ -58.386968, -34.574353 ], [ -58.391536, -34.574114 ], [ -58.391714, -34.574427 ] ] ] } },
{ "type": "Feature", "properties": { "group_index": 0, "value": 600.0, "id_punto": "0_50", "sector": 0.0 }, "geometry": { "type": "Polygon", "coordinates": [ [ [ -58.38216, -34.583851 ], [ -58.382298, -34.58433 ], [ -58.381252, -34.584992 ], [ -58.377993, -34.58794 ], [ -58.376687, -34.592095 ], [ -58.376455, -34.593064 ], [ -58.375875, -34.593414 ], [ -58.373354, -34.593447 ], [ -58.369876, -34.594299 ], [ -58.369537, -34.594178 ], [ -58.367393, -34.589689 ], [ -58.36748, -34.589339 ], [ -58.36918, -34.584489 ], [ -58.369455, -34.584257 ], [ -58.372708, -34.583651 ], [ -58.375489, -34.582601 ], [ -58.376913, -34.582492 ], [ -58.380715, -34.582791 ], [ -58.381993, -34.583532 ], [ -58.38216, -34.583851 ] ] ] } },
{ "type": "Feature", "properties": { "group_index": 0, "value": 600.0, "id_punto": "0_51", "sector": 0.0 }, "geometry": { "type": "Polygon", "coordinates": [ [ [ -58.387066, -34.577701 ], [ -58.387172, -34.577904 ], [ -58.387405, -34.579186 ], [ -58.38538, -34.582485 ], [ -58.385108, -34.582649 ], [ -58.384836, -34.582813 ], [ -58.379947, -34.585898 ], [ -58.37936, -34.586225 ], [ -58.378765, -34.586556 ], [ -58.378464, -34.586704 ], [ -58.378158, -34.586854 ], [ -58.37783, -34.587003 ], [ -58.377502, -34.587152 ], [ -58.37638, -34.587002 ], [ -58.37455, -34.586525 ], [ -58.372888, -34.586064 ], [ -58.372707, -34.585753 ], [ -58.37267, -34.581539 ], [ -58.37355, -34.581031 ], [ -58.375213, -34.580331 ], [ -58.375921, -34.580053 ], [ -58.376173, -34.579979 ], [ -58.376422, -34.57994 ], [ -58.382022, -34.578971 ], [ -58.383483, -34.578438 ], [ -58.386143, -34.577435 ], [ -58.387015, -34.577624 ], [ -58.387066, -34.577701 ] ] ] } },
{ "type": "Feature", "properties": { "group_index": 0, "value": 600.0, "id_punto": "0_52", "sector": 0.0 }, "geometry": { "type": "Polygon", "coordinates": [ [ [ -58.390627, -34.575071 ], [ -58.392547, -34.57863 ], [ -58.392687, -34.578962 ], [ -58.391915, -34.579649 ], [ -58.390771, -34.580316 ], [ -58.39039, -34.580509 ], [ -58.390009, -34.580703 ], [ -58.384676, -34.582549 ], [ -58.384117, -34.583196 ], [ -58.383851, -34.583366 ], [ -58.383585, -34.583536 ], [ -58.383046, -34.583892 ], [ -58.38147, -34.584414 ], [ -58.38008, -34.584677 ], [ -58.379474, -34.584576 ], [ -58.378247, -34.584252 ], [ -58.378089, -34.584163 ], [ -58.377824, -34.583531 ], [ -58.377255, -34.580183 ], [ -58.377276, -34.579824 ], [ -58.378154, -34.579875 ], [ -58.382582, -34.575906 ], [ -58.382867, -34.575687 ], [ -58.387872, -34.574892 ], [ -58.390384, -34.574805 ], [ -58.390627, -34.575071 ] ] ] } },
{ "type": "Feature", "properties": { "group_index": 0, "value": 600.0, "id_punto": "0_53", "sector": 0.0 }, "geometry": { "type": "Polygon", "coordinates": [ [ [ -58.387801, -34.580621 ], [ -58.387913, -34.580963 ], [ -58.387642, -34.581585 ], [ -58.387401, -34.581661 ], [ -58.383488, -34.583384 ], [ -58.381252, -34.584992 ], [ -58.379947, -34.585898 ], [ -58.37936, -34.586225 ], [ -58.378765, -34.586556 ], [ -58.378464, -34.586704 ], [ -58.378158, -34.586854 ], [ -58.373884, -34.588877 ], [ -58.37338, -34.588944 ], [ -58.37321, -34.588627 ], [ -58.372364, -34.585944 ], [ -58.373643, -34.581295 ], [ -58.374843, -34.580536 ], [ -58.375095, -34.580386 ], [ -58.375213, -34.580331 ], [ -58.377455, -34.580276 ], [ -58.382157, -34.578779 ], [ -58.382327, -34.578685 ], [ -58.386229, -34.579393 ], [ -58.387249, -34.579689 ], [ -58.387801, -34.580621 ] ] ] } },
{ "type": "Feature", "properties": { "group_index": 0, "value": 600.0, "id_punto": "0_54", "sector": 0.0 }, "geometry": { "type": "Polygon", "coordinates": [ [ [ -58.389329, -34.578529 ], [ -58.388036, -34.578843 ], [ -58.38459, -34.582594 ], [ -58.38416, -34.583168 ], [ -58.379947, -34.585898 ], [ -58.37936, -34.586225 ], [ -58.378765, -34.586556 ], [ -58.378526, -34.586674 ], [ -58.378286, -34.586791 ], [ -58.377614, -34.586775 ], [ -58.374325, -34.58525 ], [ -58.374142, -34.58494 ], [ -58.374438, -34.580899 ], [ -58.374489, -34.58058 ], [ -58.374733, -34.580393 ], [ -58.376173, -34.579979 ], [ -58.376422, -34.57994 ], [ -58.382022, -34.578971 ], [ -58.383483, -34.578438 ], [ -58.385694, -34.577476 ], [ -58.387236, -34.57715 ], [ -58.387599, -34.577281 ], [ -58.388928, -34.577859 ], [ -58.38936, -34.57817 ], [ -58.389329, -34.578529 ] ] ] } },
{ "type": "Feature", "properties": { "group_index": 0, "value": 600.0, "id_punto": "0_55", "sector": 0.0 }, "geometry": { "type": "Polygon", "coordinates": [ [ [ -58.394052, -34.578556 ], [ -58.392511, -34.579716 ], [ -58.39128, -34.580441 ], [ -58.389827, -34.581091 ], [ -58.385378, -34.583981 ], [ -58.384896, -34.584351 ], [ -58.384415, -34.58472 ], [ -58.379119, -34.586359 ], [ -58.378724, -34.586161 ], [ -58.378316, -34.585712 ], [ -58.378155, -34.58539 ], [ -58.378048, -34.5849 ], [ -58.378647, -34.582032 ], [ -58.378717, -34.581971 ], [ -58.378926, -34.581805 ], [ -58.379001, -34.581749 ], [ -58.379413, -34.581684 ], [ -58.383594, -34.58044 ], [ -58.387256, -34.578132 ], [ -58.388652, -34.57782 ], [ -58.393904, -34.578098 ], [ -58.394052, -34.578556 ] ] ] } },
{ "type": "Feature", "properties": { "group_index": 0, "value": 600.0, "id_punto": "0_56", "sector": 0.0 }, "geometry": { "type": "Polygon", "coordinates": [ [ [ -58.3925, -34.57865 ], [ -58.392641, -34.578982 ], [ -58.391888, -34.579596 ], [ -58.391668, -34.579772 ], [ -58.390771, -34.580316 ], [ -58.390404, -34.580502 ], [ -58.390037, -34.580689 ], [ -58.384758, -34.582854 ], [ -58.383585, -34.583536 ], [ -58.38073, -34.584819 ], [ -58.38002, -34.58512 ], [ -58.378587, -34.585025 ], [ -58.377989, -34.584788 ], [ -58.377836, -34.584649 ], [ -58.377389, -34.584135 ], [ -58.377215, -34.583672 ], [ -58.377198, -34.58018 ], [ -58.377219, -34.57982 ], [ -58.378126, -34.579874 ], [ -58.379032, -34.579927 ], [ -58.383569, -34.57616 ], [ -58.387892, -34.575519 ], [ -58.389901, -34.575314 ], [ -58.39021, -34.575499 ], [ -58.3925, -34.57865 ] ] ] } },
{ "type": "Feature", "properties": { "group_index": 0, "value": 600.0, "id_punto": "0_57", "sector": 0.0 }, "geometry": { "type": "Polygon", "coordinates": [ [ [ -58.387131, -34.581283 ], [ -58.387045, -34.581692 ], [ -58.383585, -34.583536 ], [ -58.379947, -34.585898 ], [ -58.37936, -34.586225 ], [ -58.378765, -34.586556 ], [ -58.378464, -34.586704 ], [ -58.378158, -34.586854 ], [ -58.372906, -34.589558 ], [ -58.372472, -34.589503 ], [ -58.372291, -34.589465 ], [ -58.372253, -34.589417 ], [ -58.372206, -34.589256 ], [ -58.372521, -34.585911 ], [ -58.372565, -34.585676 ], [ -58.373704, -34.581277 ], [ -58.374843, -34.580536 ], [ -58.375095, -34.580386 ], [ -58.375213, -34.580331 ], [ -58.380996, -34.579605 ], [ -58.382447, -34.579835 ], [ -58.384338, -34.580174 ], [ -58.38565, -34.580494 ], [ -58.386936, -34.58098 ], [ -58.387131, -34.581283 ] ] ] } },
{ "type": "Feature", "properties": { "group_index": 0, "value": 600.0, "id_punto": "0_58", "sector": 0.0 }, "geometry": { "type": "Polygon", "coordinates": [ [ [ -58.388042, -34.57964 ], [ -58.388296, -34.580253 ], [ -58.388409, -34.580595 ], [ -58.387926, -34.581495 ], [ -58.387707, -34.581564 ], [ -58.383488, -34.583384 ], [ -58.381252, -34.584992 ], [ -58.379947, -34.585898 ], [ -58.37936, -34.586225 ], [ -58.378765, -34.586556 ], [ -58.378464, -34.586704 ], [ -58.378158, -34.586854 ], [ -58.377736, -34.587046 ], [ -58.377314, -34.587238 ], [ -58.374694, -34.588415 ], [ -58.374433, -34.588352 ], [ -58.374167, -34.588259 ], [ -58.373989, -34.587946 ], [ -58.372784, -34.585709 ], [ -58.374188, -34.580864 ], [ -58.374426, -34.58063 ], [ -58.374588, -34.580504 ], [ -58.374733, -34.580393 ], [ -58.375213, -34.580331 ], [ -58.377455, -34.580276 ], [ -58.382198, -34.578756 ], [ -58.382422, -34.578633 ], [ -58.382722, -34.5785 ], [ -58.382913, -34.578432 ], [ -58.383104, -34.578365 ], [ -58.386974, -34.579001 ], [ -58.387859, -34.57933 ], [ -58.388042, -34.57964 ] ] ] } },
{ "type": "Feature", "properties": { "group_index": 0, "value": 600.0, "id_punto": "0_59", "sector": 0.0 }, "geometry": { "type": "Polygon", "coordinates": [ [ [ -58.394518, -34.578088 ], [ -58.394497, -34.578262 ], [ -58.394193, -34.578455 ], [ -58.390771, -34.580316 ], [ -58.390388, -34.58051 ], [ -58.389997, -34.580709 ], [ -58.389564, -34.5809 ], [ -58.389108, -34.5811 ], [ -58.38798, -34.581577 ], [ -58.382522, -34.583181 ], [ -58.381927, -34.583286 ], [ -58.381829, -34.583272 ], [ -58.381306, -34.583195 ], [ -58.380006, -34.582915 ], [ -58.379823, -34.582704 ], [ -58.379663, -34.582382 ], [ -58.379269, -34.580436 ], [ -58.379261, -34.580076 ], [ -58.381462, -34.576285 ], [ -58.382102, -34.575247 ], [ -58.382397, -34.57504 ], [ -58.386914, -34.574288 ], [ -58.391871, -34.573922 ], [ -58.394518, -34.578088 ] ] ] } },
{ "type": "Feature", "properties": { "group_index": 0, "value": 600.0, "id_punto": "0_60", "sector": 0.0 }, "geometry": { "type": "Polygon", "coordinates": [ [ [ -58.387337, -34.580052 ], [ -58.387473, -34.581133 ], [ -58.387227, -34.581702 ], [ -58.383488, -34.583384 ], [ -58.381252, -34.584992 ], [ -58.379947, -34.585898 ], [ -58.37936, -34.586225 ], [ -58.378765, -34.586556 ], [ -58.378464, -34.586704 ], [ -58.378158, -34.586854 ], [ -58.373874, -34.588882 ], [ -58.373371, -34.588949 ], [ -58.3732, -34.588632 ], [ -58.372361, -34.585951 ], [ -58.373519, -34.581406 ], [ -58.373524, -34.581396 ], [ -58.373582, -34.581323 ], [ -58.374843, -34.580536 ], [ -58.375095, -34.580386 ], [ -58.375213, -34.580331 ], [ -58.377455, -34.580276 ], [ -58.382186, -34.578763 ], [ -58.382385, -34.578653 ], [ -58.38283, -34.578622 ], [ -58.387164, -34.579736 ], [ -58.387337, -34.580052 ] ] ] } },
{ "type": "Feature", "properties": { "group_index": 0, "value": 600.0, "id_punto": "0_61", "sector": 0.0 }, "geometry": { "type": "Polygon", "coordinates": [ [ [ -58.389961, -34.578196 ], [ -58.389987, -34.57843 ], [ -58.389951, -34.578556 ], [ -58.389756, -34.578603 ], [ -58.388036, -34.578843 ], [ -58.384598, -34.58259 ], [ -58.384104, -34.583205 ], [ -58.383585, -34.583536 ], [ -58.383577, -34.583541 ], [ -58.383359, -34.583665 ], [ -58.381553, -34.58438 ], [ -58.380038, -34.584625 ], [ -58.379335, -34.584643 ], [ -58.37811, -34.584619 ], [ -58.376606, -34.583928 ], [ -58.376433, -34.583613 ], [ -58.375189, -34.580148 ], [ -58.375436, -34.580055 ], [ -58.375683, -34.579961 ], [ -58.375957, -34.579895 ], [ -58.376193, -34.579858 ], [ -58.376415, -34.579823 ], [ -58.376706, -34.579814 ], [ -58.376974, -34.579807 ], [ -58.378011, -34.579867 ], [ -58.380832, -34.579515 ], [ -58.3844, -34.576214 ], [ -58.385924, -34.575989 ], [ -58.388516, -34.576371 ], [ -58.389064, -34.576489 ], [ -58.389346, -34.576713 ], [ -58.389961, -34.578196 ] ] ] } },
{ "type": "Feature", "properties": { "group_index": 0, "value": 600.0, "id_punto": "0_62", "sector": 0.0 }, "geometry": { "type": "Polygon", "coordinates": [ [ [ -58.389606, -34.576493 ], [ -58.391412, -34.578988 ], [ -58.391464, -34.579344 ], [ -58.390991, -34.579776 ], [ -58.390641, -34.579861 ], [ -58.385481, -34.582424 ], [ -58.385159, -34.582618 ], [ -58.384836, -34.582813 ], [ -58.381252, -34.584992 ], [ -58.38001, -34.585634 ], [ -58.379676, -34.585768 ], [ -58.378945, -34.58605 ], [ -58.376945, -34.585004 ], [ -58.376679, -34.584767 ], [ -58.376496, -34.584457 ], [ -58.376333, -34.584138 ], [ -58.376451, -34.579821 ], [ -58.376713, -34.579814 ], [ -58.376974, -34.579807 ], [ -58.378011, -34.579867 ], [ -58.380832, -34.579515 ], [ -58.38435, -34.576211 ], [ -58.385972, -34.575962 ], [ -58.389372, -34.57622 ], [ -58.389606, -34.576493 ] ] ] } },
{ "type": "Feature", "properties": { "group_index": 0, "value": 600.0, "id_punto": "0_63", "sector": 0.0 }, "geometry": { "type": "Polygon", "coordinates": [ [ [ -58.395844, -34.577391 ], [ -58.394548, -34.578443 ], [ -58.39128, -34.580441 ], [ -58.389827, -34.581091 ], [ -58.385378, -34.583981 ], [ -58.384858, -34.58438 ], [ -58.384326, -34.584788 ], [ -58.383917, -34.585051 ], [ -58.383507, -34.585315 ], [ -58.380679, -34.585178 ], [ -58.380359, -34.584789 ], [ -58.380193, -34.58447 ], [ -58.379953, -34.583528 ], [ -58.379948, -34.582555 ], [ -58.381007, -34.582142 ], [ -58.38498, -34.578117 ], [ -58.386137, -34.577439 ], [ -58.389053, -34.576503 ], [ -58.39484, -34.5771 ], [ -58.395675, -34.577073 ], [ -58.395844, -34.577391 ] ] ] } },
{ "type": "Feature", "properties": { "group_index": 0, "value": 600.0, "id_punto": "0_64", "sector": 0.0 }, "geometry": { "type": "Polygon", "coordinates": [ [ [ -58.394237, -34.578374 ], [ -58.394237, -34.578469 ], [ -58.390232, -34.580882 ], [ -58.386758, -34.582848 ], [ -58.381802, -34.584584 ], [ -58.380402, -34.584927 ], [ -58.379198, -34.584709 ], [ -58.379108, -34.584681 ], [ -58.379058, -34.584611 ], [ -58.37882, -34.583725 ], [ -58.378855, -34.583165 ], [ -58.378922, -34.582649 ], [ -58.378992, -34.582135 ], [ -58.379053, -34.582086 ], [ -58.379224, -34.582102 ], [ -58.383518, -34.580604 ], [ -58.38485, -34.577925 ], [ -58.385976, -34.577437 ], [ -58.389065, -34.576488 ], [ -58.394093, -34.578044 ], [ -58.394237, -34.578374 ] ] ] } },
{ "type": "Feature", "properties": { "group_index": 0, "value": 600.0, "id_punto": "0_65", "sector": 0.0 }, "geometry": { "type": "Polygon", "coordinates": [ [ [ -58.386712, -34.581554 ], [ -58.385535, -34.58239 ], [ -58.385177, -34.582607 ], [ -58.384836, -34.582813 ], [ -58.381252, -34.584992 ], [ -58.379859, -34.585741 ], [ -58.377239, -34.587074 ], [ -58.373556, -34.590136 ], [ -58.373546, -34.590141 ], [ -58.372457, -34.589993 ], [ -58.372375, -34.589961 ], [ -58.371632, -34.589556 ], [ -58.371369, -34.588952 ], [ -58.371241, -34.588616 ], [ -58.371355, -34.588325 ], [ -58.373421, -34.583065 ], [ -58.374221, -34.581081 ], [ -58.374443, -34.580615 ], [ -58.374733, -34.580393 ], [ -58.375149, -34.580163 ], [ -58.375662, -34.579969 ], [ -58.380149, -34.579964 ], [ -58.381016, -34.580087 ], [ -58.383746, -34.580477 ], [ -58.386394, -34.581207 ], [ -58.386515, -34.581252 ], [ -58.386712, -34.581554 ] ] ] } },
{ "type": "Feature", "properties": { "group_index": 0, "value": 600.0, "id_punto": "0_66", "sector": 0.0 }, "geometry": { "type": "Polygon", "coordinates": [ [ [ -58.391612, -34.579333 ], [ -58.391777, -34.579653 ], [ -58.391537, -34.579837 ], [ -58.389611, -34.581202 ], [ -58.387302, -34.582467 ], [ -58.383488, -34.583384 ], [ -58.381252, -34.584992 ], [ -58.379947, -34.585898 ], [ -58.37936, -34.586225 ], [ -58.378765, -34.586556 ], [ -58.378486, -34.586693 ], [ -58.378207, -34.58683 ], [ -58.377434, -34.586878 ], [ -58.376955, -34.58628 ], [ -58.376209, -34.585308 ], [ -58.37603, -34.584296 ], [ -58.376135, -34.583807 ], [ -58.376157, -34.583706 ], [ -58.376462, -34.582509 ], [ -58.379252, -34.580077 ], [ -58.382422, -34.578633 ], [ -58.382686, -34.578516 ], [ -58.388046, -34.578121 ], [ -58.388245, -34.578137 ], [ -58.389998, -34.578377 ], [ -58.390329, -34.578461 ], [ -58.390418, -34.578499 ], [ -58.391415, -34.578987 ], [ -58.391612, -34.579333 ] ] ] } },
{ "type": "Feature", "properties": { "group_index": 0, "value": 600.0, "id_punto": "0_67", "sector": 0.0 }, "geometry": { "type": "Polygon", "coordinates": [ [ [ -58.386066, -34.578382 ], [ -58.385763, -34.581976 ], [ -58.385422, -34.582459 ], [ -58.385129, -34.582636 ], [ -58.384836, -34.582813 ], [ -58.379947, -34.585898 ], [ -58.37936, -34.586225 ], [ -58.378765, -34.586556 ], [ -58.378464, -34.586704 ], [ -58.378158, -34.586854 ], [ -58.377432, -34.587184 ], [ -58.376204, -34.587103 ], [ -58.372775, -34.586166 ], [ -58.37236, -34.585953 ], [ -58.373412, -34.58143 ], [ -58.374843, -34.580536 ], [ -58.375095, -34.580386 ], [ -58.375213, -34.580331 ], [ -58.378475, -34.580227 ], [ -58.382022, -34.578971 ], [ -58.383483, -34.578438 ], [ -58.385093, -34.577856 ], [ -58.385212, -34.577825 ], [ -58.385845, -34.577944 ], [ -58.386005, -34.578027 ], [ -58.386066, -34.578382 ] ] ] } },
{ "type": "Feature", "properties": { "group_index": 0, "value": 600.0, "id_punto": "0_68", "sector": 0.0 }, "geometry": { "type": "Polygon", "coordinates": [ [ [ -58.389822, -34.578192 ], [ -58.389887, -34.578524 ], [ -58.389878, -34.578529 ], [ -58.389788, -34.57855 ], [ -58.388036, -34.578843 ], [ -58.384982, -34.582388 ], [ -58.384169, -34.583163 ], [ -58.383, -34.583925 ], [ -58.380367, -34.584945 ], [ -58.377967, -34.584768 ], [ -58.377708, -34.584585 ], [ -58.376823, -34.58381 ], [ -58.37665, -34.583494 ], [ -58.375729, -34.580138 ], [ -58.375711, -34.579953 ], [ -58.375957, -34.579895 ], [ -58.376193, -34.579858 ], [ -58.376415, -34.579823 ], [ -58.376706, -34.579814 ], [ -58.376974, -34.579807 ], [ -58.378011, -34.579867 ], [ -58.382022, -34.578971 ], [ -58.385122, -34.576567 ], [ -58.388868, -34.576805 ], [ -58.389204, -34.576935 ], [ -58.389822, -34.578192 ] ] ] } },
{ "type": "Feature", "properties": { "group_index": 0, "value": 600.0, "id_punto": "0_69", "sector": 0.0 }, "geometry": { "type": "Polygon", "coordinates": [ [ [ -58.388436, -34.577976 ], [ -58.388416, -34.578335 ], [ -58.388334, -34.578484 ], [ -58.38792, -34.57889 ], [ -58.38412, -34.583194 ], [ -58.379947, -34.585898 ], [ -58.3794, -34.586202 ], [ -58.378854, -34.586507 ], [ -58.375062, -34.586241 ], [ -58.373622, -34.585642 ], [ -58.37345, -34.585325 ], [ -58.372566, -34.581598 ], [ -58.373613, -34.580994 ], [ -58.375213, -34.580331 ], [ -58.375921, -34.580053 ], [ -58.376173, -34.579979 ], [ -58.376422, -34.57994 ], [ -58.376722, -34.579937 ], [ -58.382022, -34.578971 ], [ -58.385195, -34.577398 ], [ -58.38555, -34.577337 ], [ -58.387513, -34.577085 ], [ -58.388169, -34.577445 ], [ -58.388436, -34.577976 ] ] ] } },
{ "type": "Feature", "properties": { "group_index": 0, "value": 600.0, "id_punto": "0_70", "sector": 0.0 }, "geometry": { "type": "Polygon", "coordinates": [ [ [ -58.385694, -34.581606 ], [ -58.385861, -34.581924 ], [ -58.385508, -34.582407 ], [ -58.381252, -34.584992 ], [ -58.379859, -34.585741 ], [ -58.377239, -34.587074 ], [ -58.37309, -34.589775 ], [ -58.37286, -34.58975 ], [ -58.372791, -34.589739 ], [ -58.372466, -34.589687 ], [ -58.372293, -34.589659 ], [ -58.372173, -34.589639 ], [ -58.372038, -34.589564 ], [ -58.371639, -34.588751 ], [ -58.371605, -34.586909 ], [ -58.373511, -34.581424 ], [ -58.373524, -34.581396 ], [ -58.373564, -34.581335 ], [ -58.375149, -34.580163 ], [ -58.375416, -34.580062 ], [ -58.375706, -34.579954 ], [ -58.375971, -34.579892 ], [ -58.376409, -34.579824 ], [ -58.38044, -34.579862 ], [ -58.381226, -34.579963 ], [ -58.382036, -34.580081 ], [ -58.382121, -34.580098 ], [ -58.385152, -34.580745 ], [ -58.385694, -34.581606 ] ] ] } },
{ "type": "Feature", "properties": { "group_index": 0, "value": 600.0, "id_punto": "0_71", "sector": 0.0 }, "geometry": { "type": "Polygon", "coordinates": [ [ [ -58.38708, -34.57935 ], [ -58.387335, -34.580053 ], [ -58.387331, -34.58063 ], [ -58.387081, -34.581286 ], [ -58.387036, -34.581396 ], [ -58.386763, -34.581631 ], [ -58.383488, -34.583384 ], [ -58.381252, -34.584992 ], [ -58.379947, -34.585898 ], [ -58.37936, -34.586225 ], [ -58.378765, -34.586556 ], [ -58.378464, -34.586704 ], [ -58.378158, -34.586854 ], [ -58.377736, -34.587046 ], [ -58.377314, -34.587238 ], [ -58.375808, -34.587901 ], [ -58.375049, -34.588214 ], [ -58.374551, -34.588288 ], [ -58.372347, -34.586284 ], [ -58.372339, -34.586005 ], [ -58.373351, -34.581467 ], [ -58.374843, -34.580536 ], [ -58.375095, -34.580386 ], [ -58.375213, -34.580331 ], [ -58.378475, -34.580227 ], [ -58.381988, -34.578873 ], [ -58.382198, -34.578756 ], [ -58.382422, -34.578633 ], [ -58.382722, -34.5785 ], [ -58.382949, -34.57842 ], [ -58.383175, -34.578339 ], [ -58.383601, -34.578413 ], [ -58.386918, -34.579029 ], [ -58.38708, -34.57935 ] ] ] } },
{ "type": "Feature", "properties": { "group_index": 0, "value": 600.0, "id_punto": "0_72", "sector": 0.0 }, "geometry": { "type": "Polygon", "coordinates": [ [ [ -58.38938, -34.578172 ], [ -58.38935, -34.578531 ], [ -58.388036, -34.578843 ], [ -58.386198, -34.579664 ], [ -58.383305, -34.583271 ], [ -58.382953, -34.583813 ], [ -58.379947, -34.585898 ], [ -58.379253, -34.586285 ], [ -58.374362, -34.585228 ], [ -58.374178, -34.584918 ], [ -58.373121, -34.582495 ], [ -58.373055, -34.581648 ], [ -58.373139, -34.581364 ], [ -58.373193, -34.581334 ], [ -58.375095, -34.580386 ], [ -58.375213, -34.580331 ], [ -58.375921, -34.580053 ], [ -58.376173, -34.579979 ], [ -58.376422, -34.57994 ], [ -58.376722, -34.579937 ], [ -58.382022, -34.578971 ], [ -58.38513, -34.576465 ], [ -58.385429, -34.576278 ], [ -58.388875, -34.576787 ], [ -58.389211, -34.576918 ], [ -58.38938, -34.578172 ] ] ] } },
{ "type": "Feature", "properties": { "group_index": 0, "value": 600.0, "id_punto": "0_73", "sector": 0.0 }, "geometry": { "type": "Polygon", "coordinates": [ [ [ -58.391622, -34.574479 ], [ -58.393575, -34.57868 ], [ -58.393478, -34.578839 ], [ -58.392908, -34.579232 ], [ -58.389997, -34.580709 ], [ -58.389136, -34.581089 ], [ -58.384261, -34.582768 ], [ -58.383427, -34.583607 ], [ -58.383053, -34.58377 ], [ -58.382679, -34.583932 ], [ -58.382674, -34.583934 ], [ -58.381914, -34.584237 ], [ -58.379901, -34.584367 ], [ -58.379807, -34.584344 ], [ -58.378633, -34.583923 ], [ -58.378346, -34.583705 ], [ -58.378213, -34.583316 ], [ -58.377627, -34.580205 ], [ -58.377648, -34.579846 ], [ -58.381922, -34.57632 ], [ -58.382462, -34.575751 ], [ -58.382748, -34.575531 ], [ -58.387272, -34.574714 ], [ -58.391444, -34.574167 ], [ -58.391622, -34.574479 ] ] ] } },
{ "type": "Feature", "properties": { "group_index": 0, "value": 600.0, "id_punto": "0_74", "sector": 0.0 }, "geometry": { "type": "Polygon", "coordinates": [ [ [ -58.395527, -34.577559 ], [ -58.394548, -34.578443 ], [ -58.39128, -34.580441 ], [ -58.389827, -34.581091 ], [ -58.385378, -34.583981 ], [ -58.384859, -34.584379 ], [ -58.384341, -34.584777 ], [ -58.380131, -34.585454 ], [ -58.379798, -34.585059 ], [ -58.379643, -34.584734 ], [ -58.379653, -34.584089 ], [ -58.379765, -34.583184 ], [ -58.379818, -34.5829 ], [ -58.380092, -34.582667 ], [ -58.381424, -34.581953 ], [ -58.385566, -34.578103 ], [ -58.386149, -34.577758 ], [ -58.388738, -34.577105 ], [ -58.394506, -34.577275 ], [ -58.395358, -34.577241 ], [ -58.395527, -34.577559 ] ] ] } },
{ "type": "Feature", "properties": { "group_index": 0, "value": 600.0, "id_punto": "0_75", "sector": 0.0 }, "geometry": { "type": "Polygon", "coordinates": [ [ [ -58.389321, -34.578167 ], [ -58.38929, -34.578526 ], [ -58.388036, -34.578843 ], [ -58.386198, -34.579664 ], [ -58.383361, -34.583242 ], [ -58.383006, -34.58379 ], [ -58.379947, -34.585898 ], [ -58.37923, -34.586297 ], [ -58.374345, -34.585238 ], [ -58.374162, -34.584928 ], [ -58.373104, -34.581619 ], [ -58.373189, -34.581337 ], [ -58.373193, -34.581334 ], [ -58.375095, -34.580386 ], [ -58.375213, -34.580331 ], [ -58.375921, -34.580053 ], [ -58.376173, -34.579979 ], [ -58.376422, -34.57994 ], [ -58.376722, -34.579937 ], [ -58.382022, -34.578971 ], [ -58.385185, -34.576446 ], [ -58.385423, -34.576282 ], [ -58.388869, -34.576802 ], [ -58.389205, -34.576932 ], [ -58.389321, -34.578167 ] ] ] } },
{ "type": "Feature", "properties": { "group_index": 0, "value": 600.0, "id_punto": "0_76", "sector": 0.0 }, "geometry": { "type": "Polygon", "coordinates": [ [ [ -58.386463, -34.581286 ], [ -58.386659, -34.581588 ], [ -58.385535, -34.58239 ], [ -58.385177, -34.582607 ], [ -58.384836, -34.582813 ], [ -58.379947, -34.585898 ], [ -58.37936, -34.586225 ], [ -58.378765, -34.586556 ], [ -58.378464, -34.586704 ], [ -58.378158, -34.586854 ], [ -58.373151, -34.589269 ], [ -58.37261, -34.58922 ], [ -58.372363, -34.589133 ], [ -58.372312, -34.589068 ], [ -58.372311, -34.589068 ], [ -58.37226, -34.589003 ], [ -58.37207, -34.58676 ], [ -58.372634, -34.581559 ], [ -58.373572, -34.581018 ], [ -58.375213, -34.580331 ], [ -58.381065, -34.579388 ], [ -58.382713, -34.579677 ], [ -58.382793, -34.579693 ], [ -58.382829, -34.5797 ], [ -58.385868, -34.580385 ], [ -58.386463, -34.581286 ] ] ] } },
{ "type": "Feature", "properties": { "group_index": 0, "value": 600.0, "id_punto": "0_77", "sector": 0.0 }, "geometry": { "type": "Polygon", "coordinates": [ [ [ -58.385193, -34.580438 ], [ -58.384848, -34.582458 ], [ -58.384759, -34.582853 ], [ -58.381252, -34.584992 ], [ -58.379859, -34.585741 ], [ -58.375808, -34.587901 ], [ -58.375035, -34.588221 ], [ -58.374531, -34.588299 ], [ -58.37394, -34.588388 ], [ -58.371963, -34.588647 ], [ -58.371486, -34.588421 ], [ -58.371432, -34.58837 ], [ -58.371119, -34.587927 ], [ -58.370887, -34.586593 ], [ -58.370885, -34.586578 ], [ -58.370747, -34.582731 ], [ -58.370918, -34.582584 ], [ -58.37109, -34.582437 ], [ -58.374391, -34.579745 ], [ -58.375183, -34.579937 ], [ -58.377455, -34.580276 ], [ -58.381988, -34.578873 ], [ -58.382198, -34.578756 ], [ -58.382422, -34.578633 ], [ -58.382722, -34.5785 ], [ -58.382912, -34.578433 ], [ -58.383102, -34.578365 ], [ -58.383483, -34.578443 ], [ -58.383812, -34.578559 ], [ -58.384738, -34.579373 ], [ -58.385193, -34.580438 ] ] ] } },
{ "type": "Feature", "properties": { "group_index": 0, "value": 600.0, "id_punto": "0_78", "sector": 0.0 }, "geometry": { "type": "Polygon", "coordinates": [ [ [ -58.392188, -34.574156 ], [ -58.393081, -34.57842 ], [ -58.393056, -34.578779 ], [ -58.392467, -34.579419 ], [ -58.390771, -34.580316 ], [ -58.390388, -34.58051 ], [ -58.389997, -34.580709 ], [ -58.38959, -34.580889 ], [ -58.389184, -34.581068 ], [ -58.387757, -34.580742 ], [ -58.383334, -34.582922 ], [ -58.382633, -34.583596 ], [ -58.382568, -34.583635 ], [ -58.38177, -34.583762 ], [ -58.380586, -34.583562 ], [ -58.379923, -34.583412 ], [ -58.379364, -34.583214 ], [ -58.377328, -34.580335 ], [ -58.377255, -34.580183 ], [ -58.377276, -34.579824 ], [ -58.381008, -34.576249 ], [ -58.381802, -34.574874 ], [ -58.38208, -34.574645 ], [ -58.386561, -34.573868 ], [ -58.39201, -34.573843 ], [ -58.392188, -34.574156 ] ] ] } },
{ "type": "Feature", "properties": { "group_index": 0, "value": 600.0, "id_punto": "0_79", "sector": 0.0 }, "geometry": { "type": "Polygon", "coordinates": [ [ [ -58.388919, -34.577466 ], [ -58.389031, -34.578234 ], [ -58.388969, -34.578498 ], [ -58.388036, -34.578843 ], [ -58.386198, -34.579664 ], [ -58.383618, -34.583107 ], [ -58.383276, -34.583673 ], [ -58.379947, -34.585898 ], [ -58.379114, -34.586362 ], [ -58.374271, -34.585282 ], [ -58.374088, -34.584972 ], [ -58.373358, -34.581463 ], [ -58.374843, -34.580536 ], [ -58.375095, -34.580386 ], [ -58.375213, -34.580331 ], [ -58.375921, -34.580053 ], [ -58.376173, -34.579979 ], [ -58.376422, -34.57994 ], [ -58.376722, -34.579937 ], [ -58.382022, -34.578971 ], [ -58.385092, -34.576833 ], [ -58.385446, -34.576766 ], [ -58.388007, -34.576927 ], [ -58.388693, -34.577187 ], [ -58.388919, -34.577466 ] ] ] } },
{ "type": "Feature", "properties": { "group_index": 0, "value": 600.0, "id_punto": "0_80", "sector": 0.0 }, "geometry": { "type": "Polygon", "coordinates": [ [ [ -58.384146, -34.583177 ], [ -58.383866, -34.583357 ], [ -58.383585, -34.583536 ], [ -58.381252, -34.584992 ], [ -58.379947, -34.585898 ], [ -58.377013, -34.58841 ], [ -58.375579, -34.591402 ], [ -58.375382, -34.592186 ], [ -58.375103, -34.592412 ], [ -58.373323, -34.592456 ], [ -58.370213, -34.591855 ], [ -58.369379, -34.590469 ], [ -58.369131, -34.589433 ], [ -58.369158, -34.589272 ], [ -58.369275, -34.588942 ], [ -58.370387, -34.585975 ], [ -58.373341, -34.583289 ], [ -58.375023, -34.582139 ], [ -58.376203, -34.581631 ], [ -58.379497, -34.581634 ], [ -58.381693, -34.58208 ], [ -58.382332, -34.582246 ], [ -58.383595, -34.582712 ], [ -58.383952, -34.582874 ], [ -58.384146, -34.583177 ] ] ] } },
{ "type": "Feature", "properties": { "group_index": 0, "value": 600.0, "id_punto": "0_81", "sector": 0.0 }, "geometry": { "type": "Polygon", "coordinates": [ [ [ -58.391687, -34.579699 ], [ -58.39143, -34.57989 ], [ -58.389506, -34.581256 ], [ -58.387363, -34.58243 ], [ -58.383488, -34.583384 ], [ -58.381252, -34.584992 ], [ -58.379947, -34.585898 ], [ -58.37936, -34.586225 ], [ -58.378765, -34.586556 ], [ -58.378474, -34.586699 ], [ -58.378182, -34.586842 ], [ -58.377379, -34.586909 ], [ -58.376138, -34.585224 ], [ -58.37601, -34.584509 ], [ -58.376031, -34.583862 ], [ -58.376054, -34.583764 ], [ -58.376431, -34.582208 ], [ -58.379187, -34.580078 ], [ -58.382422, -34.578633 ], [ -58.382708, -34.578506 ], [ -58.38851, -34.578094 ], [ -58.38888, -34.578114 ], [ -58.389998, -34.578377 ], [ -58.390329, -34.578461 ], [ -58.390418, -34.578499 ], [ -58.391381, -34.578992 ], [ -58.391687, -34.579699 ] ] ] } },
{ "type": "Feature", "properties": { "group_index": 0, "value": 600.0, "id_punto": "0_82", "sector": 0.0 }, "geometry": { "type": "Polygon", "coordinates": [ [ [ -58.386304, -34.579811 ], [ -58.38594, -34.581883 ], [ -58.385502, -34.582411 ], [ -58.385169, -34.582612 ], [ -58.384836, -34.582813 ], [ -58.379947, -34.585898 ], [ -58.37936, -34.586225 ], [ -58.378765, -34.586556 ], [ -58.378464, -34.586704 ], [ -58.378158, -34.586854 ], [ -58.377736, -34.587046 ], [ -58.377314, -34.587238 ], [ -58.375808, -34.587901 ], [ -58.375547, -34.587987 ], [ -58.374733, -34.588189 ], [ -58.374366, -34.588146 ], [ -58.37223, -34.587647 ], [ -58.371888, -34.587536 ], [ -58.371811, -34.587484 ], [ -58.371658, -34.587379 ], [ -58.371585, -34.58718 ], [ -58.371797, -34.582033 ], [ -58.374388, -34.580446 ], [ -58.375213, -34.580331 ], [ -58.378475, -34.580227 ], [ -58.382022, -34.578971 ], [ -58.383441, -34.578263 ], [ -58.383492, -34.578251 ], [ -58.384245, -34.578378 ], [ -58.384541, -34.578484 ], [ -58.386067, -34.57954 ], [ -58.386304, -34.579811 ] ] ] } },
{ "type": "Feature", "properties": { "group_index": 0, "value": 600.0, "id_punto": "0_83", "sector": 0.0 }, "geometry": { "type": "Polygon", "coordinates": [ [ [ -58.387336, -34.580052 ], [ -58.387331, -34.58063 ], [ -58.387082, -34.581286 ], [ -58.387038, -34.581398 ], [ -58.386765, -34.581633 ], [ -58.383488, -34.583384 ], [ -58.381252, -34.584992 ], [ -58.379947, -34.585898 ], [ -58.37936, -34.586225 ], [ -58.378765, -34.586556 ], [ -58.378464, -34.586704 ], [ -58.378158, -34.586854 ], [ -58.376987, -34.587399 ], [ -58.376648, -34.587543 ], [ -58.376308, -34.587688 ], [ -58.375596, -34.587713 ], [ -58.375248, -34.587645 ], [ -58.37507, -34.587332 ], [ -58.373938, -34.584964 ], [ -58.374332, -34.583257 ], [ -58.375103, -34.580671 ], [ -58.375241, -34.580601 ], [ -58.376882, -34.579946 ], [ -58.381958, -34.578889 ], [ -58.38242, -34.578801 ], [ -58.387163, -34.579737 ], [ -58.387336, -34.580052 ] ] ] } },
{ "type": "Feature", "properties": { "group_index": 0, "value": 600.0, "id_punto": "0_84", "sector": 0.0 }, "geometry": { "type": "Polygon", "coordinates": [ [ [ -58.388079, -34.580705 ], [ -58.387907, -34.581501 ], [ -58.387707, -34.581564 ], [ -58.383488, -34.583384 ], [ -58.381252, -34.584992 ], [ -58.379947, -34.585898 ], [ -58.37936, -34.586225 ], [ -58.378765, -34.586556 ], [ -58.378464, -34.586704 ], [ -58.378158, -34.586854 ], [ -58.373174, -34.589258 ], [ -58.373062, -34.589115 ], [ -58.372892, -34.588798 ], [ -58.372847, -34.588601 ], [ -58.372729, -34.58574 ], [ -58.374037, -34.581124 ], [ -58.37416, -34.580892 ], [ -58.374293, -34.580761 ], [ -58.374426, -34.58063 ], [ -58.374588, -34.580504 ], [ -58.374733, -34.580393 ], [ -58.375213, -34.580331 ], [ -58.377668, -34.580277 ], [ -58.381579, -34.579101 ], [ -58.38673, -34.579968 ], [ -58.388063, -34.580676 ], [ -58.388068, -34.580679 ], [ -58.388079, -34.5807 ], [ -58.388079, -34.580705 ] ] ] } },
{ "type": "Feature", "properties": { "group_index": 0, "value": 600.0, "id_punto": "0_85", "sector": 0.0 }, "geometry": { "type": "Polygon", "coordinates": [ [ [ -58.392024, -34.57425 ], [ -58.39303, -34.57878 ], [ -58.392065, -34.579575 ], [ -58.390771, -34.580316 ], [ -58.390388, -34.58051 ], [ -58.389997, -34.580709 ], [ -58.389223, -34.581051 ], [ -58.387964, -34.580707 ], [ -58.387042, -34.58051 ], [ -58.382408, -34.5832 ], [ -58.382098, -34.583238 ], [ -58.379639, -34.58304 ], [ -58.378407, -34.5829 ], [ -58.377153, -34.58246 ], [ -58.376983, -34.582143 ], [ -58.376053, -34.580244 ], [ -58.375998, -34.579888 ], [ -58.376206, -34.579856 ], [ -58.376415, -34.579823 ], [ -58.381031, -34.576251 ], [ -58.381806, -34.574879 ], [ -58.382084, -34.57465 ], [ -58.386579, -34.57389 ], [ -58.391845, -34.573937 ], [ -58.392024, -34.57425 ] ] ] } },
{ "type": "Feature", "properties": { "group_index": 0, "value": 600.0, "id_punto": "0_86", "sector": 0.0 }, "geometry": { "type": "Polygon", "coordinates": [ [ [ -58.392663, -34.578972 ], [ -58.392779, -34.579289 ], [ -58.390609, -34.580688 ], [ -58.386469, -34.583068 ], [ -58.381252, -34.584992 ], [ -58.379947, -34.585898 ], [ -58.379494, -34.58615 ], [ -58.379041, -34.586402 ], [ -58.377307, -34.58577 ], [ -58.377099, -34.585476 ], [ -58.377024, -34.583774 ], [ -58.377024, -34.58212 ], [ -58.377805, -34.581638 ], [ -58.378032, -34.581507 ], [ -58.378246, -34.581384 ], [ -58.382424, -34.579217 ], [ -58.387043, -34.578115 ], [ -58.388541, -34.577787 ], [ -58.389109, -34.577744 ], [ -58.392523, -34.578641 ], [ -58.392663, -34.578972 ] ] ] } },
{ "type": "Feature", "properties": { "group_index": 0, "value": 600.0, "id_punto": "0_87", "sector": 0.0 }, "geometry": { "type": "Polygon", "coordinates": [ [ [ -58.397504, -34.576511 ], [ -58.394548, -34.578443 ], [ -58.39096, -34.580508 ], [ -58.389704, -34.581154 ], [ -58.385798, -34.583604 ], [ -58.383015, -34.583915 ], [ -58.382804, -34.583623 ], [ -58.382177, -34.582328 ], [ -58.382609, -34.57871 ], [ -58.382861, -34.578451 ], [ -58.385121, -34.576569 ], [ -58.390061, -34.575103 ], [ -58.390341, -34.575329 ], [ -58.395225, -34.576899 ], [ -58.396585, -34.576188 ], [ -58.397335, -34.576193 ], [ -58.397504, -34.576511 ] ] ] } },
{ "type": "Feature", "properties": { "group_index": 0, "value": 600.0, "id_punto": "0_88", "sector": 0.0 }, "geometry": { "type": "Polygon", "coordinates": [ [ [ -58.396087, -34.577262 ], [ -58.394548, -34.578443 ], [ -58.39128, -34.580441 ], [ -58.389827, -34.581091 ], [ -58.385391, -34.583969 ], [ -58.381829, -34.58457 ], [ -58.380541, -34.583508 ], [ -58.380519, -34.583487 ], [ -58.380511, -34.583256 ], [ -58.380663, -34.582298 ], [ -58.384344, -34.578048 ], [ -58.385668, -34.57746 ], [ -58.389455, -34.576027 ], [ -58.395095, -34.576967 ], [ -58.395918, -34.576944 ], [ -58.396087, -34.577262 ] ] ] } },
{ "type": "Feature", "properties": { "group_index": 0, "value": 600.0, "id_punto": "0_89", "sector": 0.0 }, "geometry": { "type": "Polygon", "coordinates": [ [ [ -58.385198, -34.582174 ], [ -58.385384, -34.582482 ], [ -58.381252, -34.584992 ], [ -58.379859, -34.585741 ], [ -58.377239, -34.587074 ], [ -58.373175, -34.589875 ], [ -58.372942, -34.589851 ], [ -58.372872, -34.589841 ], [ -58.372546, -34.58979 ], [ -58.372254, -34.58974 ], [ -58.37185, -34.589557 ], [ -58.37111, -34.587952 ], [ -58.370867, -34.586556 ], [ -58.373226, -34.581412 ], [ -58.373396, -34.581294 ], [ -58.375149, -34.580163 ], [ -58.375416, -34.580062 ], [ -58.375706, -34.579954 ], [ -58.375971, -34.579892 ], [ -58.376193, -34.579858 ], [ -58.376438, -34.579821 ], [ -58.376701, -34.579814 ], [ -58.376965, -34.579807 ], [ -58.380483, -34.579847 ], [ -58.381161, -34.579857 ], [ -58.381366, -34.57988 ], [ -58.382176, -34.579998 ], [ -58.382259, -34.580015 ], [ -58.383429, -34.580334 ], [ -58.383766, -34.580466 ], [ -58.384035, -34.580655 ], [ -58.384525, -34.581079 ], [ -58.385198, -34.582174 ] ] ] } },
{ "type": "Feature", "properties": { "group_index": 0, "value": 600.0, "id_punto": "0_90", "sector": 0.0 }, "geometry": { "type": "Polygon", "coordinates": [ [ [ -58.386473, -34.579658 ], [ -58.385997, -34.582031 ], [ -58.385535, -34.58239 ], [ -58.385177, -34.582607 ], [ -58.384836, -34.582813 ], [ -58.379947, -34.585898 ], [ -58.37936, -34.586225 ], [ -58.378765, -34.586556 ], [ -58.378464, -34.586704 ], [ -58.378158, -34.586854 ], [ -58.377736, -34.587046 ], [ -58.377314, -34.587238 ], [ -58.376032, -34.587464 ], [ -58.372437, -34.58664 ], [ -58.372429, -34.586638 ], [ -58.372304, -34.586402 ], [ -58.372307, -34.586264 ], [ -58.372636, -34.581558 ], [ -58.37357, -34.581019 ], [ -58.375213, -34.580331 ], [ -58.378475, -34.580227 ], [ -58.382022, -34.578971 ], [ -58.383483, -34.578438 ], [ -58.385093, -34.577856 ], [ -58.385273, -34.577808 ], [ -58.385453, -34.57776 ], [ -58.386268, -34.577966 ], [ -58.386363, -34.578024 ], [ -58.386405, -34.578056 ], [ -58.386473, -34.579658 ] ] ] } },
{ "type": "Feature", "properties": { "group_index": 0, "value": 600.0, "id_punto": "0_91", "sector": 0.0 }, "geometry": { "type": "Polygon", "coordinates": [ [ [ -58.397524, -34.5765 ], [ -58.394473, -34.578712 ], [ -58.394358, -34.578787 ], [ -58.392728, -34.579604 ], [ -58.391523, -34.58022 ], [ -58.387247, -34.5825 ], [ -58.384185, -34.583155 ], [ -58.382536, -34.582545 ], [ -58.382367, -34.582227 ], [ -58.381266, -34.579378 ], [ -58.383552, -34.576159 ], [ -58.387731, -34.57532 ], [ -58.391927, -34.57389 ], [ -58.397356, -34.576182 ], [ -58.397524, -34.5765 ] ] ] } },
{ "type": "Feature", "properties": { "group_index": 0, "value": 600.0, "id_punto": "0_92", "sector": 0.0 }, "geometry": { "type": "Polygon", "coordinates": [ [ [ -58.394152, -34.578018 ], [ -58.394296, -34.578348 ], [ -58.394288, -34.578445 ], [ -58.390771, -34.580316 ], [ -58.390388, -34.58051 ], [ -58.389997, -34.580709 ], [ -58.389564, -34.5809 ], [ -58.389108, -34.5811 ], [ -58.388001, -34.581566 ], [ -58.383366, -34.58324 ], [ -58.382406, -34.583784 ], [ -58.381232, -34.584041 ], [ -58.379182, -34.583359 ], [ -58.378945, -34.583087 ], [ -58.379363, -34.579923 ], [ -58.382603, -34.575935 ], [ -58.382889, -34.575716 ], [ -58.387863, -34.574896 ], [ -58.391783, -34.573973 ], [ -58.394152, -34.578018 ] ] ] } },
{ "type": "Feature", "properties": { "group_index": 0, "value": 600.0, "id_punto": "0_93", "sector": 0.0 }, "geometry": { "type": "Polygon", "coordinates": [ [ [ -58.386687, -34.58157 ], [ -58.385535, -34.58239 ], [ -58.385177, -34.582607 ], [ -58.384836, -34.582813 ], [ -58.381252, -34.584992 ], [ -58.379859, -34.585741 ], [ -58.377239, -34.587074 ], [ -58.373636, -34.590193 ], [ -58.373176, -34.590169 ], [ -58.372137, -34.590082 ], [ -58.371604, -34.589582 ], [ -58.371485, -34.589426 ], [ -58.371422, -34.589272 ], [ -58.371251, -34.588843 ], [ -58.37118, -34.588639 ], [ -58.371229, -34.588511 ], [ -58.373459, -34.582958 ], [ -58.374478, -34.580589 ], [ -58.374733, -34.580393 ], [ -58.375149, -34.580163 ], [ -58.3754, -34.580068 ], [ -58.37565, -34.579974 ], [ -58.379942, -34.580015 ], [ -58.381721, -34.580269 ], [ -58.384881, -34.58089 ], [ -58.38649, -34.581269 ], [ -58.386687, -34.58157 ] ] ] } },
{ "type": "Feature", "properties": { "group_index": 0, "value": 600.0, "id_punto": "0_94", "sector": 0.0 }, "geometry": { "type": "Polygon", "coordinates": [ [ [ -58.391788, -34.574385 ], [ -58.392631, -34.578986 ], [ -58.391846, -34.579617 ], [ -58.391618, -34.579797 ], [ -58.390771, -34.580316 ], [ -58.390043, -34.580686 ], [ -58.388673, -34.580449 ], [ -58.38379, -34.582632 ], [ -58.382836, -34.583864 ], [ -58.382679, -34.583932 ], [ -58.382674, -34.583934 ], [ -58.382514, -34.583997 ], [ -58.381052, -34.584134 ], [ -58.379019, -34.5835 ], [ -58.378783, -34.583236 ], [ -58.377562, -34.580201 ], [ -58.377583, -34.579842 ], [ -58.381655, -34.5763 ], [ -58.382136, -34.575296 ], [ -58.382431, -34.575089 ], [ -58.387064, -34.574467 ], [ -58.391609, -34.574072 ], [ -58.391788, -34.574385 ] ] ] } },
{ "type": "Feature", "properties": { "group_index": 0, "value": 600.0, "id_punto": "0_95", "sector": 0.0 }, "geometry": { "type": "Polygon", "coordinates": [ [ [ -58.384775, -34.582845 ], [ -58.383585, -34.583536 ], [ -58.381252, -34.584992 ], [ -58.376861, -34.588486 ], [ -58.375012, -34.591728 ], [ -58.374732, -34.591955 ], [ -58.373606, -34.591932 ], [ -58.370593, -34.591666 ], [ -58.370234, -34.591632 ], [ -58.369713, -34.589714 ], [ -58.369636, -34.589296 ], [ -58.36997, -34.588177 ], [ -58.370672, -34.586352 ], [ -58.373529, -34.582762 ], [ -58.375824, -34.581178 ], [ -58.376083, -34.581032 ], [ -58.379943, -34.581371 ], [ -58.382165, -34.581581 ], [ -58.384608, -34.582526 ], [ -58.384775, -34.582845 ] ] ] } },
{ "type": "Feature", "properties": { "group_index": 0, "value": 600.0, "id_punto": "0_96", "sector": 0.0 }, "geometry": { "type": "Polygon", "coordinates": [ [ [ -58.397019, -34.576768 ], [ -58.394548, -34.578443 ], [ -58.39128, -34.580441 ], [ -58.389827, -34.581091 ], [ -58.385378, -34.583981 ], [ -58.384888, -34.584357 ], [ -58.384398, -34.584733 ], [ -58.381662, -34.584655 ], [ -58.381072, -34.584124 ], [ -58.380907, -34.583804 ], [ -58.381358, -34.582227 ], [ -58.384846, -34.577926 ], [ -58.385967, -34.577439 ], [ -58.389066, -34.576486 ], [ -58.39497, -34.577032 ], [ -58.396075, -34.576454 ], [ -58.396851, -34.57645 ], [ -58.397019, -34.576768 ] ] ] } },
{ "type": "Feature", "properties": { "group_index": 0, "value": 600.0, "id_punto": "0_97", "sector": 0.0 }, "geometry": { "type": "Polygon", "coordinates": [ [ [ -58.383103, -34.57962 ], [ -58.383528, -34.580609 ], [ -58.383567, -34.58129 ], [ -58.383397, -34.582797 ], [ -58.383261, -34.583293 ], [ -58.383131, -34.583735 ], [ -58.381252, -34.584992 ], [ -58.376987, -34.587399 ], [ -58.376608, -34.587561 ], [ -58.375048, -34.587759 ], [ -58.372013, -34.588032 ], [ -58.371669, -34.587924 ], [ -58.371609, -34.587872 ], [ -58.37134, -34.587453 ], [ -58.369573, -34.583637 ], [ -58.369518, -34.583286 ], [ -58.373013, -34.579265 ], [ -58.37322, -34.579147 ], [ -58.373428, -34.579029 ], [ -58.374208, -34.578855 ], [ -58.376446, -34.579392 ], [ -58.381412, -34.579194 ], [ -58.382239, -34.579358 ], [ -58.382997, -34.579511 ], [ -58.383019, -34.579521 ], [ -58.383103, -34.57962 ] ] ] } },
{ "type": "Feature", "properties": { "group_index": 0, "value": 600.0, "id_punto": "0_98", "sector": 0.0 }, "geometry": { "type": "Polygon", "coordinates": [ [ [ -58.390874, -34.579294 ], [ -58.390786, -34.579449 ], [ -58.390725, -34.579462 ], [ -58.388927, -34.579449 ], [ -58.384237, -34.582781 ], [ -58.383401, -34.583618 ], [ -58.382679, -34.583932 ], [ -58.382674, -34.583934 ], [ -58.382307, -34.58408 ], [ -58.38194, -34.584226 ], [ -58.379523, -34.584553 ], [ -58.378269, -34.584464 ], [ -58.376225, -34.58393 ], [ -58.376218, -34.583923 ], [ -58.37422, -34.580833 ], [ -58.374426, -34.58063 ], [ -58.374588, -34.580504 ], [ -58.374733, -34.580393 ], [ -58.375416, -34.580062 ], [ -58.375683, -34.579961 ], [ -58.375957, -34.579895 ], [ -58.376193, -34.579858 ], [ -58.376415, -34.579823 ], [ -58.376706, -34.579814 ], [ -58.376974, -34.579807 ], [ -58.378011, -34.579867 ], [ -58.382868, -34.576506 ], [ -58.383085, -34.576219 ], [ -58.383299, -34.57606 ], [ -58.387737, -34.575327 ], [ -58.389904, -34.575309 ], [ -58.390213, -34.575494 ], [ -58.390874, -34.579294 ] ] ] } },
{ "type": "Feature", "properties": { "group_index": 0, "value": 600.0, "id_punto": "0_99", "sector": 0.0 }, "geometry": { "type": "Polygon", "coordinates": [ [ [ -58.388882, -34.577496 ], [ -58.388985, -34.578139 ], [ -58.388954, -34.578497 ], [ -58.388036, -34.578843 ], [ -58.384273, -34.582762 ], [ -58.383439, -34.583602 ], [ -58.379947, -34.585898 ], [ -58.379532, -34.586129 ], [ -58.379118, -34.58636 ], [ -58.374366, -34.585226 ], [ -58.374183, -34.584916 ], [ -58.373805, -34.581251 ], [ -58.373957, -34.581018 ], [ -58.374426, -34.58063 ], [ -58.374588, -34.580504 ], [ -58.374733, -34.580393 ], [ -58.376173, -34.579979 ], [ -58.376422, -34.57994 ], [ -58.376722, -34.579937 ], [ -58.382022, -34.578971 ], [ -58.385112, -34.576938 ], [ -58.385465, -34.576872 ], [ -58.38791, -34.57698 ], [ -58.388656, -34.577217 ], [ -58.388882, -34.577496 ] ] ] } },
{ "type": "Feature", "properties": { "group_index": 0, "value": 600.0, "id_punto": "0_100", "sector": 0.0 }, "geometry": { "type": "Polygon", "coordinates": [ [ [ -58.391051, -34.574152 ], [ -58.390773, -34.578957 ], [ -58.390368, -34.579173 ], [ -58.384815, -34.580643 ], [ -58.384309, -34.580916 ], [ -58.383735, -34.580895 ], [ -58.379123, -34.580142 ], [ -58.375358, -34.580255 ], [ -58.375235, -34.579917 ], [ -58.375314, -34.57947 ], [ -58.37551, -34.579368 ], [ -58.375706, -34.579266 ], [ -58.379237, -34.574417 ], [ -58.379264, -34.574058 ], [ -58.383646, -34.573458 ], [ -58.386775, -34.572682 ], [ -58.390363, -34.573474 ], [ -58.390872, -34.573839 ], [ -58.391051, -34.574152 ] ] ] } },
{ "type": "Feature", "properties": { "group_index": 0, "value": 600.0, "id_punto": "1_101", "sector": 1.0 }, "geometry": { "type": "Polygon", "coordinates": [ [ [ -58.38941, -34.584895 ], [ -58.389505, -34.585242 ], [ -58.388843, -34.588733 ], [ -58.388315, -34.591678 ], [ -58.387496, -34.593021 ], [ -58.385485, -34.594709 ], [ -58.384817, -34.595147 ], [ -58.384511, -34.595336 ], [ -58.382849, -34.595741 ], [ -58.381297, -34.595686 ], [ -58.379948, -34.594875 ], [ -58.375299, -34.593306 ], [ -58.374753, -34.592772 ], [ -58.374719, -34.592726 ], [ -58.374745, -34.592585 ], [ -58.374881, -34.592138 ], [ -58.375161, -34.591912 ], [ -58.379051, -34.58942 ], [ -58.380401, -34.588494 ], [ -58.385267, -34.585342 ], [ -58.385482, -34.58501 ], [ -58.385668, -34.584785 ], [ -58.38587, -34.584545 ], [ -58.386214, -34.58422 ], [ -58.386566, -34.583888 ], [ -58.386727, -34.583751 ], [ -58.386889, -34.583614 ], [ -58.389283, -34.584728 ], [ -58.38941, -34.584895 ] ] ] } },
{ "type": "Feature", "properties": { "group_index": 0, "value": 600.0, "id_punto": "1_102", "sector": 1.0 }, "geometry": { "type": "Polygon", "coordinates": [ [ [ -58.394998, -34.58747 ], [ -58.395029, -34.587507 ], [ -58.394994, -34.587717 ], [ -58.394614, -34.593384 ], [ -58.394675, -34.593739 ], [ -58.393591, -34.594971 ], [ -58.393443, -34.59509 ], [ -58.392138, -34.596024 ], [ -58.387261, -34.596779 ], [ -58.386902, -34.596754 ], [ -58.384061, -34.596206 ], [ -58.383488, -34.595799 ], [ -58.382578, -34.595021 ], [ -58.380348, -34.593029 ], [ -58.380344, -34.592669 ], [ -58.380534, -34.59129 ], [ -58.381318, -34.588608 ], [ -58.385668, -34.584785 ], [ -58.38587, -34.584545 ], [ -58.386189, -34.584244 ], [ -58.386508, -34.583942 ], [ -58.390601, -34.583955 ], [ -58.391911, -34.584205 ], [ -58.392101, -34.584287 ], [ -58.392225, -34.584399 ], [ -58.394998, -34.58747 ] ] ] } },
{ "type": "Feature", "properties": { "group_index": 0, "value": 600.0, "id_punto": "1_103", "sector": 1.0 }, "geometry": { "type": "Polygon", "coordinates": [ [ [ -58.390536, -34.586944 ], [ -58.390479, -34.591475 ], [ -58.390572, -34.593054 ], [ -58.390215, -34.594393 ], [ -58.390157, -34.594472 ], [ -58.385789, -34.597465 ], [ -58.384267, -34.598313 ], [ -58.383908, -34.598296 ], [ -58.382436, -34.597805 ], [ -58.381214, -34.597156 ], [ -58.379742, -34.596171 ], [ -58.37784, -34.594727 ], [ -58.376041, -34.593073 ], [ -58.376033, -34.592713 ], [ -58.376489, -34.591793 ], [ -58.379428, -34.589036 ], [ -58.379513, -34.588962 ], [ -58.380401, -34.588494 ], [ -58.385222, -34.585921 ], [ -58.386448, -34.586079 ], [ -58.390406, -34.586677 ], [ -58.390462, -34.586718 ], [ -58.390536, -34.586944 ] ] ] } },
{ "type": "Feature", "properties": { "group_index": 0, "value": 600.0, "id_punto": "1_104", "sector": 1.0 }, "geometry": { "type": "Polygon", "coordinates": [ [ [ -58.398058, -34.587992 ], [ -58.398175, -34.592869 ], [ -58.397346, -34.594457 ], [ -58.397217, -34.594646 ], [ -58.396075, -34.595921 ], [ -58.395984, -34.596015 ], [ -58.394945, -34.596942 ], [ -58.393293, -34.598115 ], [ -58.393107, -34.598215 ], [ -58.393034, -34.59821 ], [ -58.389576, -34.597811 ], [ -58.388112, -34.597264 ], [ -58.385593, -34.595195 ], [ -58.385014, -34.594667 ], [ -58.383201, -34.593008 ], [ -58.383202, -34.592648 ], [ -58.384335, -34.586812 ], [ -58.385049, -34.585685 ], [ -58.390299, -34.584947 ], [ -58.391186, -34.58487 ], [ -58.39173, -34.584939 ], [ -58.391857, -34.584958 ], [ -58.395189, -34.58558 ], [ -58.396349, -34.585832 ], [ -58.397536, -34.586954 ], [ -58.397783, -34.587215 ], [ -58.398058, -34.587992 ] ] ] } },
{ "type": "Feature", "properties": { "group_index": 0, "value": 600.0, "id_punto": "1_105", "sector": 1.0 }, "geometry": { "type": "Polygon", "coordinates": [ [ [ -58.390297, -34.585572 ], [ -58.390338, -34.58568 ], [ -58.390234, -34.587166 ], [ -58.390133, -34.588452 ], [ -58.389963, -34.589764 ], [ -58.389472, -34.592661 ], [ -58.389254, -34.592948 ], [ -58.386704, -34.594778 ], [ -58.385946, -34.595309 ], [ -58.385191, -34.595821 ], [ -58.38507, -34.595902 ], [ -58.384421, -34.596226 ], [ -58.384062, -34.59619 ], [ -58.381337, -34.594916 ], [ -58.376421, -34.592269 ], [ -58.376276, -34.59211 ], [ -58.376085, -34.591804 ], [ -58.376208, -34.59158 ], [ -58.376311, -34.591442 ], [ -58.379513, -34.588962 ], [ -58.380401, -34.588494 ], [ -58.385267, -34.585342 ], [ -58.385482, -34.58501 ], [ -58.385668, -34.584785 ], [ -58.38587, -34.584545 ], [ -58.386214, -34.58422 ], [ -58.386566, -34.583888 ], [ -58.38674, -34.58374 ], [ -58.386922, -34.583586 ], [ -58.3871, -34.58345 ], [ -58.387277, -34.583315 ], [ -58.389415, -34.584351 ], [ -58.389526, -34.584458 ], [ -58.389905, -34.58483 ], [ -58.390297, -34.585572 ] ] ] } },
{ "type": "Feature", "properties": { "group_index": 0, "value": 600.0, "id_punto": "1_106", "sector": 1.0 }, "geometry": { "type": "Polygon", "coordinates": [ [ [ -58.389158, -34.584968 ], [ -58.389273, -34.585309 ], [ -58.389021, -34.587973 ], [ -58.388925, -34.588809 ], [ -58.388399, -34.591752 ], [ -58.387724, -34.592926 ], [ -58.387619, -34.593025 ], [ -58.385608, -34.59472 ], [ -58.38494, -34.595154 ], [ -58.3845, -34.595437 ], [ -58.382972, -34.595751 ], [ -58.382898, -34.595754 ], [ -58.381654, -34.595798 ], [ -58.381294, -34.595787 ], [ -58.379832, -34.59487 ], [ -58.375304, -34.593286 ], [ -58.374985, -34.59286 ], [ -58.374799, -34.592552 ], [ -58.374918, -34.592184 ], [ -58.375198, -34.591958 ], [ -58.379051, -34.58942 ], [ -58.380401, -34.588494 ], [ -58.385267, -34.585342 ], [ -58.385482, -34.58501 ], [ -58.385668, -34.584785 ], [ -58.38587, -34.584545 ], [ -58.386214, -34.58422 ], [ -58.386566, -34.583888 ], [ -58.386722, -34.583756 ], [ -58.386878, -34.583623 ], [ -58.388978, -34.584706 ], [ -58.389158, -34.584968 ] ] ] } },
{ "type": "Feature", "properties": { "group_index": 0, "value": 600.0, "id_punto": "1_107", "sector": 1.0 }, "geometry": { "type": "Polygon", "coordinates": [ [ [ -58.395778, -34.583267 ], [ -58.395886, -34.58361 ], [ -58.395818, -34.58478 ], [ -58.395602, -34.586464 ], [ -58.394826, -34.592347 ], [ -58.39459, -34.592619 ], [ -58.392617, -34.592661 ], [ -58.387788, -34.592672 ], [ -58.384233, -34.592285 ], [ -58.38271, -34.591799 ], [ -58.38153, -34.590892 ], [ -58.38137, -34.590765 ], [ -58.380549, -34.58938 ], [ -58.380381, -34.589062 ], [ -58.381104, -34.588681 ], [ -58.385482, -34.58501 ], [ -58.385668, -34.584785 ], [ -58.38587, -34.584545 ], [ -58.386214, -34.58422 ], [ -58.386566, -34.583888 ], [ -58.38674, -34.58374 ], [ -58.386922, -34.583586 ], [ -58.38743, -34.583188 ], [ -58.389673, -34.58197 ], [ -58.389837, -34.581893 ], [ -58.39, -34.581816 ], [ -58.390348, -34.581724 ], [ -58.39174, -34.581702 ], [ -58.39263, -34.581878 ], [ -58.393704, -34.582112 ], [ -58.394695, -34.582356 ], [ -58.395401, -34.582878 ], [ -58.395637, -34.583099 ], [ -58.395778, -34.583267 ] ] ] } },
{ "type": "Feature", "properties": { "group_index": 0, "value": 600.0, "id_punto": "1_108", "sector": 1.0 }, "geometry": { "type": "Polygon", "coordinates": [ [ [ -58.392934, -34.584551 ], [ -58.392719, -34.587763 ], [ -58.392223, -34.591813 ], [ -58.391864, -34.593211 ], [ -58.391623, -34.593478 ], [ -58.387592, -34.593806 ], [ -58.38463, -34.593827 ], [ -58.38427, -34.593819 ], [ -58.382794, -34.593312 ], [ -58.381429, -34.592698 ], [ -58.378443, -34.590933 ], [ -58.37824, -34.590635 ], [ -58.378207, -34.590442 ], [ -58.379033, -34.589126 ], [ -58.37928, -34.588934 ], [ -58.382564, -34.587922 ], [ -58.385267, -34.585342 ], [ -58.385482, -34.58501 ], [ -58.385668, -34.584785 ], [ -58.38587, -34.584545 ], [ -58.386214, -34.58422 ], [ -58.386566, -34.583888 ], [ -58.38674, -34.58374 ], [ -58.386922, -34.583586 ], [ -58.38743, -34.583188 ], [ -58.389207, -34.581939 ], [ -58.391887, -34.583372 ], [ -58.392018, -34.583485 ], [ -58.392698, -34.584082 ], [ -58.392823, -34.584208 ], [ -58.392934, -34.584551 ] ] ] } },
{ "type": "Feature", "properties": { "group_index": 0, "value": 600.0, "id_punto": "1_109", "sector": 1.0 }, "geometry": { "type": "Polygon", "coordinates": [ [ [ -58.389449, -34.58854 ], [ -58.389674, -34.588821 ], [ -58.390213, -34.590076 ], [ -58.390652, -34.591327 ], [ -58.390746, -34.592907 ], [ -58.390401, -34.59443 ], [ -58.390203, -34.594598 ], [ -58.386424, -34.597187 ], [ -58.384961, -34.598309 ], [ -58.384244, -34.598801 ], [ -58.382676, -34.599383 ], [ -58.382495, -34.59942 ], [ -58.382255, -34.599408 ], [ -58.381087, -34.599212 ], [ -58.376423, -34.596303 ], [ -58.373904, -34.593951 ], [ -58.373867, -34.593896 ], [ -58.373869, -34.593671 ], [ -58.374268, -34.592151 ], [ -58.374437, -34.591592 ], [ -58.374711, -34.591358 ], [ -58.379513, -34.588962 ], [ -58.380401, -34.588494 ], [ -58.384549, -34.586843 ], [ -58.384895, -34.586897 ], [ -58.387178, -34.587379 ], [ -58.388719, -34.587739 ], [ -58.389449, -34.58854 ] ] ] } },
{ "type": "Feature", "properties": { "group_index": 0, "value": 600.0, "id_punto": "1_110", "sector": 1.0 }, "geometry": { "type": "Polygon", "coordinates": [ [ [ -58.396174, -34.587222 ], [ -58.396157, -34.588573 ], [ -58.396046, -34.590174 ], [ -58.395926, -34.591501 ], [ -58.395738, -34.593555 ], [ -58.394612, -34.594861 ], [ -58.393593, -34.595944 ], [ -58.393347, -34.596135 ], [ -58.392048, -34.596745 ], [ -58.387218, -34.597379 ], [ -58.386859, -34.597353 ], [ -58.385508, -34.596793 ], [ -58.384219, -34.5956 ], [ -58.383088, -34.594511 ], [ -58.38165, -34.593105 ], [ -58.381535, -34.592924 ], [ -58.381431, -34.592753 ], [ -58.381431, -34.592738 ], [ -58.382968, -34.587702 ], [ -58.385468, -34.585028 ], [ -58.390066, -34.584216 ], [ -58.391524, -34.58449 ], [ -58.392017, -34.584658 ], [ -58.395957, -34.586935 ], [ -58.396174, -34.587222 ] ] ] } },
{ "type": "Feature", "properties": { "group_index": 0, "value": 600.0, "id_punto": "1_111", "sector": 1.0 }, "geometry": { "type": "Polygon", "coordinates": [ [ [ -58.390439, -34.587027 ], [ -58.39046, -34.587173 ], [ -58.390464, -34.593144 ], [ -58.390221, -34.59426 ], [ -58.385799, -34.597348 ], [ -58.384273, -34.598187 ], [ -58.38408, -34.598249 ], [ -58.383949, -34.598235 ], [ -58.382671, -34.598011 ], [ -58.38243, -34.59791 ], [ -58.381208, -34.597261 ], [ -58.379738, -34.596276 ], [ -58.377681, -34.594785 ], [ -58.375913, -34.593076 ], [ -58.375905, -34.592716 ], [ -58.376406, -34.591603 ], [ -58.379513, -34.588962 ], [ -58.380401, -34.588494 ], [ -58.385292, -34.585973 ], [ -58.389748, -34.586555 ], [ -58.390374, -34.586706 ], [ -58.390439, -34.587027 ] ] ] } },
{ "type": "Feature", "properties": { "group_index": 0, "value": 600.0, "id_punto": "1_112", "sector": 1.0 }, "geometry": { "type": "Polygon", "coordinates": [ [ [ -58.399901, -34.585294 ], [ -58.400552, -34.586531 ], [ -58.400612, -34.587457 ], [ -58.400573, -34.588906 ], [ -58.400486, -34.591977 ], [ -58.399917, -34.593289 ], [ -58.399353, -34.594357 ], [ -58.398657, -34.595472 ], [ -58.396297, -34.596947 ], [ -58.393386, -34.597166 ], [ -58.389652, -34.596809 ], [ -58.38815, -34.596027 ], [ -58.388048, -34.595934 ], [ -58.386858, -34.594785 ], [ -58.38625, -34.592804 ], [ -58.386854, -34.587475 ], [ -58.387147, -34.585992 ], [ -58.387318, -34.585649 ], [ -58.387397, -34.585609 ], [ -58.389791, -34.584409 ], [ -58.392095, -34.584446 ], [ -58.393587, -34.584474 ], [ -58.396467, -34.584621 ], [ -58.399663, -34.585025 ], [ -58.399901, -34.585294 ] ] ] } },
{ "type": "Feature", "properties": { "group_index": 0, "value": 600.0, "id_punto": "1_113", "sector": 1.0 }, "geometry": { "type": "Polygon", "coordinates": [ [ [ -58.396321, -34.587111 ], [ -58.396818, -34.587864 ], [ -58.398039, -34.59291 ], [ -58.397063, -34.594663 ], [ -58.396059, -34.595802 ], [ -58.395935, -34.595928 ], [ -58.39584, -34.596022 ], [ -58.39494, -34.596843 ], [ -58.393305, -34.597995 ], [ -58.392503, -34.598544 ], [ -58.391941, -34.598819 ], [ -58.39182, -34.598875 ], [ -58.389881, -34.599001 ], [ -58.389521, -34.598984 ], [ -58.388024, -34.598438 ], [ -58.385533, -34.5964 ], [ -58.384982, -34.595897 ], [ -58.384753, -34.595688 ], [ -58.38216, -34.593189 ], [ -58.38207, -34.592841 ], [ -58.382107, -34.59256 ], [ -58.384005, -34.587378 ], [ -58.384267, -34.586996 ], [ -58.385323, -34.586261 ], [ -58.391289, -34.585817 ], [ -58.396105, -34.586824 ], [ -58.396321, -34.587111 ] ] ] } },
{ "type": "Feature", "properties": { "group_index": 0, "value": 600.0, "id_punto": "1_114", "sector": 1.0 }, "geometry": { "type": "Polygon", "coordinates": [ [ [ -58.393035, -34.584518 ], [ -58.392982, -34.585172 ], [ -58.392961, -34.585425 ], [ -58.392756, -34.587847 ], [ -58.392287, -34.591871 ], [ -58.391928, -34.593269 ], [ -58.391686, -34.593536 ], [ -58.390217, -34.593963 ], [ -58.389019, -34.594266 ], [ -58.387468, -34.594635 ], [ -58.38456, -34.594887 ], [ -58.384202, -34.594845 ], [ -58.382701, -34.594395 ], [ -58.381434, -34.593734 ], [ -58.379123, -34.592153 ], [ -58.378838, -34.591933 ], [ -58.378299, -34.590384 ], [ -58.379184, -34.589101 ], [ -58.37921, -34.589074 ], [ -58.382564, -34.587922 ], [ -58.385267, -34.585342 ], [ -58.385482, -34.58501 ], [ -58.385668, -34.584785 ], [ -58.38587, -34.584545 ], [ -58.386214, -34.58422 ], [ -58.386566, -34.583888 ], [ -58.38674, -34.58374 ], [ -58.386922, -34.583586 ], [ -58.38743, -34.583188 ], [ -58.38843, -34.582726 ], [ -58.391799, -34.583587 ], [ -58.392291, -34.583746 ], [ -58.392798, -34.584048 ], [ -58.392924, -34.584176 ], [ -58.393035, -34.584518 ] ] ] } },
{ "type": "Feature", "properties": { "group_index": 0, "value": 600.0, "id_punto": "1_115", "sector": 1.0 }, "geometry": { "type": "Polygon", "coordinates": [ [ [ -58.390565, -34.584843 ], [ -58.39057, -34.585203 ], [ -58.389601, -34.58943 ], [ -58.389007, -34.592295 ], [ -58.388767, -34.592564 ], [ -58.386046, -34.594748 ], [ -58.384412, -34.595867 ], [ -58.384201, -34.595862 ], [ -58.384162, -34.595859 ], [ -58.381739, -34.59464 ], [ -58.379881, -34.593805 ], [ -58.376009, -34.592663 ], [ -58.375739, -34.592591 ], [ -58.375577, -34.59227 ], [ -58.375713, -34.592069 ], [ -58.376211, -34.591392 ], [ -58.379051, -34.58942 ], [ -58.380401, -34.588494 ], [ -58.385267, -34.585342 ], [ -58.385482, -34.58501 ], [ -58.385668, -34.584785 ], [ -58.38587, -34.584545 ], [ -58.386214, -34.58422 ], [ -58.386566, -34.583888 ], [ -58.38674, -34.58374 ], [ -58.386922, -34.583586 ], [ -58.38743, -34.583188 ], [ -58.387762, -34.583035 ], [ -58.388094, -34.582881 ], [ -58.390097, -34.584202 ], [ -58.390515, -34.58461 ], [ -58.390565, -34.584843 ] ] ] } },
{ "type": "Feature", "properties": { "group_index": 0, "value": 600.0, "id_punto": "1_116", "sector": 1.0 }, "geometry": { "type": "Polygon", "coordinates": [ [ [ -58.394476, -34.587198 ], [ -58.394484, -34.58722 ], [ -58.394565, -34.587546 ], [ -58.393955, -34.591591 ], [ -58.394116, -34.593833 ], [ -58.393385, -34.594621 ], [ -58.392148, -34.595542 ], [ -58.39003, -34.596609 ], [ -58.387228, -34.597247 ], [ -58.386869, -34.59722 ], [ -58.384015, -34.596673 ], [ -58.3812, -34.594322 ], [ -58.379709, -34.59304 ], [ -58.379702, -34.592681 ], [ -58.3797, -34.591254 ], [ -58.380849, -34.588866 ], [ -58.381706, -34.588394 ], [ -58.385482, -34.58501 ], [ -58.385668, -34.584785 ], [ -58.38587, -34.584545 ], [ -58.386139, -34.584291 ], [ -58.386408, -34.584037 ], [ -58.390112, -34.584195 ], [ -58.391459, -34.584411 ], [ -58.391492, -34.584427 ], [ -58.391571, -34.584472 ], [ -58.392776, -34.585218 ], [ -58.394033, -34.586527 ], [ -58.394476, -34.587198 ] ] ] } },
{ "type": "Feature", "properties": { "group_index": 0, "value": 600.0, "id_punto": "1_117", "sector": 1.0 }, "geometry": { "type": "Polygon", "coordinates": [ [ [ -58.393671, -34.584312 ], [ -58.393606, -34.585462 ], [ -58.39338, -34.587687 ], [ -58.392689, -34.592239 ], [ -58.392208, -34.593523 ], [ -58.391967, -34.59379 ], [ -58.38752, -34.594282 ], [ -58.384616, -34.594309 ], [ -58.384256, -34.594298 ], [ -58.382376, -34.593614 ], [ -58.381437, -34.59317 ], [ -58.381208, -34.593019 ], [ -58.379625, -34.591615 ], [ -58.378773, -34.590067 ], [ -58.378891, -34.589695 ], [ -58.379084, -34.589495 ], [ -58.381558, -34.588476 ], [ -58.385482, -34.58501 ], [ -58.385668, -34.584785 ], [ -58.38587, -34.584545 ], [ -58.386214, -34.58422 ], [ -58.386566, -34.583888 ], [ -58.38674, -34.58374 ], [ -58.386922, -34.583586 ], [ -58.38743, -34.583188 ], [ -58.388694, -34.582421 ], [ -58.391678, -34.583064 ], [ -58.391878, -34.583113 ], [ -58.392879, -34.583491 ], [ -58.393414, -34.583818 ], [ -58.39356, -34.58397 ], [ -58.393671, -34.584312 ] ] ] } },
{ "type": "Feature", "properties": { "group_index": 0, "value": 600.0, "id_punto": "1_118", "sector": 1.0 }, "geometry": { "type": "Polygon", "coordinates": [ [ [ -58.388081, -34.589607 ], [ -58.388306, -34.589887 ], [ -58.388877, -34.591086 ], [ -58.389396, -34.592397 ], [ -58.389406, -34.592611 ], [ -58.389421, -34.593284 ], [ -58.388512, -34.594855 ], [ -58.384503, -34.598278 ], [ -58.384262, -34.598422 ], [ -58.381626, -34.599417 ], [ -58.379882, -34.599731 ], [ -58.379523, -34.599707 ], [ -58.375232, -34.597109 ], [ -58.372913, -34.594807 ], [ -58.372608, -34.594296 ], [ -58.372594, -34.594154 ], [ -58.372623, -34.593094 ], [ -58.372753, -34.592266 ], [ -58.373039, -34.591217 ], [ -58.373432, -34.590347 ], [ -58.373531, -34.59013 ], [ -58.373592, -34.590098 ], [ -58.37934, -34.589247 ], [ -58.380401, -34.588494 ], [ -58.383749, -34.587278 ], [ -58.384061, -34.587348 ], [ -58.387297, -34.588658 ], [ -58.388081, -34.589607 ] ] ] } },
{ "type": "Feature", "properties": { "group_index": 0, "value": 600.0, "id_punto": "1_119", "sector": 1.0 }, "geometry": { "type": "Polygon", "coordinates": [ [ [ -58.401735, -34.586776 ], [ -58.40171, -34.588236 ], [ -58.401655, -34.58887 ], [ -58.401509, -34.590115 ], [ -58.40004, -34.593246 ], [ -58.399481, -34.594328 ], [ -58.39873, -34.59556 ], [ -58.397586, -34.595878 ], [ -58.397229, -34.595921 ], [ -58.393327, -34.596135 ], [ -58.39327, -34.596132 ], [ -58.389754, -34.595657 ], [ -58.388351, -34.5949 ], [ -58.388253, -34.594844 ], [ -58.387727, -34.593028 ], [ -58.387731, -34.588376 ], [ -58.38774, -34.588255 ], [ -58.387921, -34.586635 ], [ -58.389166, -34.584965 ], [ -58.389826, -34.584325 ], [ -58.389955, -34.584267 ], [ -58.391958, -34.583917 ], [ -58.393733, -34.583702 ], [ -58.393804, -34.583694 ], [ -58.394353, -34.583718 ], [ -58.396857, -34.583845 ], [ -58.400508, -34.584098 ], [ -58.4008, -34.584209 ], [ -58.400843, -34.584242 ], [ -58.401735, -34.586776 ] ] ] } },
{ "type": "Feature", "properties": { "group_index": 0, "value": 600.0, "id_punto": "1_120", "sector": 1.0 }, "geometry": { "type": "Polygon", "coordinates": [ [ [ -58.393271, -34.58772 ], [ -58.393285, -34.587752 ], [ -58.393638, -34.589076 ], [ -58.393695, -34.589299 ], [ -58.393768, -34.59389 ], [ -58.392827, -34.595038 ], [ -58.392057, -34.595866 ], [ -58.391884, -34.596018 ], [ -58.389952, -34.597482 ], [ -58.387089, -34.598923 ], [ -58.385612, -34.599605 ], [ -58.385176, -34.599671 ], [ -58.383049, -34.597931 ], [ -58.379801, -34.594388 ], [ -58.378192, -34.593029 ], [ -58.378186, -34.592669 ], [ -58.381611, -34.588446 ], [ -58.382088, -34.588184 ], [ -58.382564, -34.587922 ], [ -58.383549, -34.587387 ], [ -58.384437, -34.586904 ], [ -58.385158, -34.586693 ], [ -58.390869, -34.58672 ], [ -58.392031, -34.586826 ], [ -58.392916, -34.587142 ], [ -58.393057, -34.587237 ], [ -58.393271, -34.58772 ] ] ] } },
{ "type": "Feature", "properties": { "group_index": 0, "value": 600.0, "id_punto": "1_121", "sector": 1.0 }, "geometry": { "type": "Polygon", "coordinates": [ [ [ -58.39633, -34.587105 ], [ -58.396328, -34.588436 ], [ -58.395966, -34.593496 ], [ -58.39485, -34.594846 ], [ -58.393831, -34.595929 ], [ -58.393719, -34.596039 ], [ -58.39362, -34.596127 ], [ -58.393493, -34.596177 ], [ -58.392068, -34.596549 ], [ -58.387233, -34.597183 ], [ -58.386874, -34.597157 ], [ -58.385519, -34.59661 ], [ -58.384708, -34.595883 ], [ -58.384479, -34.595672 ], [ -58.381728, -34.59311 ], [ -58.381693, -34.593039 ], [ -58.383168, -34.587594 ], [ -58.385814, -34.58461 ], [ -58.390275, -34.58412 ], [ -58.391748, -34.584407 ], [ -58.392175, -34.584578 ], [ -58.396113, -34.586818 ], [ -58.39633, -34.587105 ] ] ] } },
{ "type": "Feature", "properties": { "group_index": 0, "value": 600.0, "id_punto": "1_122", "sector": 1.0 }, "geometry": { "type": "Polygon", "coordinates": [ [ [ -58.391191, -34.584868 ], [ -58.391297, -34.585076 ], [ -58.391474, -34.586386 ], [ -58.391512, -34.587176 ], [ -58.390893, -34.590602 ], [ -58.390212, -34.59369 ], [ -58.385265, -34.595912 ], [ -58.384405, -34.596386 ], [ -58.384047, -34.596351 ], [ -58.381325, -34.595077 ], [ -58.378112, -34.59303 ], [ -58.377129, -34.591804 ], [ -58.376932, -34.591503 ], [ -58.376998, -34.591215 ], [ -58.379428, -34.589036 ], [ -58.379513, -34.588962 ], [ -58.380401, -34.588494 ], [ -58.385267, -34.585342 ], [ -58.385482, -34.58501 ], [ -58.385668, -34.584785 ], [ -58.38587, -34.584545 ], [ -58.386214, -34.58422 ], [ -58.386566, -34.583888 ], [ -58.386725, -34.583753 ], [ -58.386885, -34.583617 ], [ -58.390263, -34.584338 ], [ -58.39112, -34.584763 ], [ -58.391191, -34.584868 ] ] ] } },
{ "type": "Feature", "properties": { "group_index": 0, "value": 600.0, "id_punto": "1_123", "sector": 1.0 }, "geometry": { "type": "Polygon", "coordinates": [ [ [ -58.392795, -34.584218 ], [ -58.392906, -34.58456 ], [ -58.392829, -34.585096 ], [ -58.392309, -34.588376 ], [ -58.391833, -34.591456 ], [ -58.391597, -34.59297 ], [ -58.391356, -34.593237 ], [ -58.387647, -34.593437 ], [ -58.384638, -34.593455 ], [ -58.384278, -34.593447 ], [ -58.382839, -34.593097 ], [ -58.378094, -34.591169 ], [ -58.377892, -34.590871 ], [ -58.377949, -34.590605 ], [ -58.37931, -34.588901 ], [ -58.379429, -34.588803 ], [ -58.379631, -34.588697 ], [ -58.379833, -34.58859 ], [ -58.385064, -34.585656 ], [ -58.385267, -34.585342 ], [ -58.385482, -34.58501 ], [ -58.385668, -34.584785 ], [ -58.38587, -34.584545 ], [ -58.386214, -34.58422 ], [ -58.386566, -34.583888 ], [ -58.38674, -34.58374 ], [ -58.386922, -34.583586 ], [ -58.38743, -34.583188 ], [ -58.389311, -34.581818 ], [ -58.391735, -34.582872 ], [ -58.392037, -34.583041 ], [ -58.392283, -34.583192 ], [ -58.392795, -34.584218 ] ] ] } },
{ "type": "Feature", "properties": { "group_index": 0, "value": 600.0, "id_punto": "1_124", "sector": 1.0 }, "geometry": { "type": "Polygon", "coordinates": [ [ [ -58.398988, -34.586106 ], [ -58.399477, -34.587201 ], [ -58.399829, -34.592028 ], [ -58.399821, -34.592253 ], [ -58.399225, -34.593528 ], [ -58.398682, -34.594508 ], [ -58.39846, -34.594806 ], [ -58.397589, -34.595898 ], [ -58.396296, -34.596989 ], [ -58.393381, -34.597213 ], [ -58.389648, -34.596856 ], [ -58.388212, -34.596099 ], [ -58.388092, -34.596025 ], [ -58.38799, -34.595932 ], [ -58.387873, -34.595818 ], [ -58.385797, -34.593734 ], [ -58.38518, -34.593003 ], [ -58.385178, -34.592643 ], [ -58.385758, -34.588111 ], [ -58.38585, -34.586612 ], [ -58.386007, -34.586165 ], [ -58.386181, -34.58596 ], [ -58.387154, -34.585334 ], [ -58.387735, -34.585025 ], [ -58.390017, -34.584239 ], [ -58.392156, -34.584547 ], [ -58.396491, -34.585149 ], [ -58.398747, -34.585838 ], [ -58.398988, -34.586106 ] ] ] } },
{ "type": "Feature", "properties": { "group_index": 0, "value": 600.0, "id_punto": "1_125", "sector": 1.0 }, "geometry": { "type": "Polygon", "coordinates": [ [ [ -58.395595, -34.583324 ], [ -58.397302, -34.587274 ], [ -58.396822, -34.592515 ], [ -58.395878, -34.593512 ], [ -58.395803, -34.593538 ], [ -58.395733, -34.593557 ], [ -58.395718, -34.59356 ], [ -58.395646, -34.593572 ], [ -58.392909, -34.59381 ], [ -58.387575, -34.593917 ], [ -58.387219, -34.593864 ], [ -58.38428, -34.593353 ], [ -58.383733, -34.593009 ], [ -58.383342, -34.591391 ], [ -58.382521, -34.587912 ], [ -58.385845, -34.584573 ], [ -58.389884, -34.581871 ], [ -58.39, -34.581816 ], [ -58.390556, -34.581706 ], [ -58.393659, -34.582204 ], [ -58.394377, -34.582408 ], [ -58.395216, -34.582929 ], [ -58.395412, -34.583063 ], [ -58.395595, -34.583324 ] ] ] } },
{ "type": "Feature", "properties": { "group_index": 0, "value": 600.0, "id_punto": "1_126", "sector": 1.0 }, "geometry": { "type": "Polygon", "coordinates": [ [ [ -58.393137, -34.584485 ], [ -58.393064, -34.585395 ], [ -58.392844, -34.587871 ], [ -58.392758, -34.588614 ], [ -58.392351, -34.59193 ], [ -58.391993, -34.593328 ], [ -58.391751, -34.593595 ], [ -58.387481, -34.594545 ], [ -58.38457, -34.594797 ], [ -58.384213, -34.594755 ], [ -58.382551, -34.594141 ], [ -58.381434, -34.593643 ], [ -58.379149, -34.592119 ], [ -58.378864, -34.591898 ], [ -58.378362, -34.590344 ], [ -58.379199, -34.589371 ], [ -58.379525, -34.589218 ], [ -58.381558, -34.588476 ], [ -58.385482, -34.58501 ], [ -58.385668, -34.584785 ], [ -58.38587, -34.584545 ], [ -58.386214, -34.58422 ], [ -58.386566, -34.583888 ], [ -58.38674, -34.58374 ], [ -58.386922, -34.583586 ], [ -58.38743, -34.583188 ], [ -58.387954, -34.582946 ], [ -58.388477, -34.582704 ], [ -58.391901, -34.583538 ], [ -58.392088, -34.583597 ], [ -58.392386, -34.583705 ], [ -58.392899, -34.584013 ], [ -58.393026, -34.584143 ], [ -58.393137, -34.584485 ] ] ] } },
{ "type": "Feature", "properties": { "group_index": 0, "value": 600.0, "id_punto": "1_127", "sector": 1.0 }, "geometry": { "type": "Polygon", "coordinates": [ [ [ -58.389649, -34.586227 ], [ -58.389505, -34.587655 ], [ -58.389336, -34.589186 ], [ -58.388816, -34.592125 ], [ -58.388405, -34.593048 ], [ -58.3864, -34.594764 ], [ -58.384767, -34.595886 ], [ -58.384445, -34.595976 ], [ -58.382877, -34.596395 ], [ -58.381397, -34.596363 ], [ -58.379921, -34.595398 ], [ -58.378224, -34.594287 ], [ -58.376837, -34.593055 ], [ -58.376333, -34.592325 ], [ -58.376219, -34.592145 ], [ -58.37614, -34.592021 ], [ -58.376028, -34.59184 ], [ -58.37613, -34.591626 ], [ -58.376311, -34.591442 ], [ -58.379051, -34.58942 ], [ -58.380401, -34.588494 ], [ -58.38526, -34.585351 ], [ -58.385457, -34.585046 ], [ -58.387548, -34.585453 ], [ -58.38954, -34.585942 ], [ -58.3896, -34.586002 ], [ -58.389649, -34.586227 ] ] ] } },
{ "type": "Feature", "properties": { "group_index": 0, "value": 600.0, "id_punto": "1_128", "sector": 1.0 }, "geometry": { "type": "Polygon", "coordinates": [ [ [ -58.39494, -34.587402 ], [ -58.395168, -34.58815 ], [ -58.395172, -34.58819 ], [ -58.395312, -34.593629 ], [ -58.394236, -34.594899 ], [ -58.393505, -34.595624 ], [ -58.389927, -34.598024 ], [ -58.387117, -34.598641 ], [ -58.386758, -34.598607 ], [ -58.385379, -34.598047 ], [ -58.384004, -34.596784 ], [ -58.381617, -34.594455 ], [ -58.380175, -34.593031 ], [ -58.380171, -34.592671 ], [ -58.381893, -34.588291 ], [ -58.385386, -34.585157 ], [ -58.390329, -34.585307 ], [ -58.391247, -34.585419 ], [ -58.391352, -34.585433 ], [ -58.393684, -34.586089 ], [ -58.394921, -34.58738 ], [ -58.39494, -34.587402 ] ] ] } },
{ "type": "Feature", "properties": { "group_index": 0, "value": 600.0, "id_punto": "1_129", "sector": 1.0 }, "geometry": { "type": "Polygon", "coordinates": [ [ [ -58.390528, -34.586951 ], [ -58.390426, -34.59152 ], [ -58.390519, -34.593098 ], [ -58.390219, -34.594331 ], [ -58.390082, -34.594485 ], [ -58.385794, -34.597407 ], [ -58.38427, -34.598251 ], [ -58.383911, -34.598234 ], [ -58.382612, -34.598011 ], [ -58.381698, -34.597498 ], [ -58.381211, -34.597197 ], [ -58.37974, -34.596212 ], [ -58.377669, -34.594773 ], [ -58.377605, -34.594709 ], [ -58.375991, -34.593074 ], [ -58.375983, -34.592714 ], [ -58.376451, -34.591819 ], [ -58.379428, -34.589036 ], [ -58.379513, -34.588962 ], [ -58.380401, -34.588494 ], [ -58.385243, -34.585937 ], [ -58.389892, -34.586539 ], [ -58.390431, -34.586696 ], [ -58.390462, -34.586718 ], [ -58.390528, -34.586951 ] ] ] } },
{ "type": "Feature", "properties": { "group_index": 0, "value": 600.0, "id_punto": "1_130", "sector": 1.0 }, "geometry": { "type": "Polygon", "coordinates": [ [ [ -58.390927, -34.586665 ], [ -58.390989, -34.58702 ], [ -58.390506, -34.590254 ], [ -58.390337, -34.593251 ], [ -58.390209, -34.593504 ], [ -58.389534, -34.594072 ], [ -58.385874, -34.596706 ], [ -58.384305, -34.597604 ], [ -58.383946, -34.597575 ], [ -58.383693, -34.597467 ], [ -58.379704, -34.594865 ], [ -58.377535, -34.593041 ], [ -58.377165, -34.591349 ], [ -58.377233, -34.591062 ], [ -58.379124, -34.589281 ], [ -58.379513, -34.588962 ], [ -58.380401, -34.588494 ], [ -58.385267, -34.585342 ], [ -58.385482, -34.58501 ], [ -58.385668, -34.584785 ], [ -58.38587, -34.584545 ], [ -58.386127, -34.584302 ], [ -58.386384, -34.584059 ], [ -58.389956, -34.585428 ], [ -58.390034, -34.585465 ], [ -58.390113, -34.585507 ], [ -58.390927, -34.586665 ] ] ] } },
{ "type": "Feature", "properties": { "group_index": 0, "value": 600.0, "id_punto": "1_131", "sector": 1.0 }, "geometry": { "type": "Polygon", "coordinates": [ [ [ -58.393318, -34.585466 ], [ -58.393936, -34.587525 ], [ -58.393575, -34.589385 ], [ -58.392876, -34.594029 ], [ -58.392273, -34.594523 ], [ -58.387404, -34.595152 ], [ -58.384464, -34.595128 ], [ -58.384362, -34.595122 ], [ -58.38255, -34.594211 ], [ -58.3815, -34.593544 ], [ -58.380831, -34.593023 ], [ -58.379567, -34.591632 ], [ -58.379486, -34.591281 ], [ -58.379563, -34.589789 ], [ -58.379628, -34.589528 ], [ -58.380181, -34.589167 ], [ -58.381004, -34.588734 ], [ -58.385482, -34.58501 ], [ -58.385668, -34.584785 ], [ -58.38587, -34.584545 ], [ -58.386214, -34.58422 ], [ -58.386566, -34.583888 ], [ -58.38674, -34.58374 ], [ -58.386922, -34.583586 ], [ -58.38743, -34.583188 ], [ -58.387848, -34.582995 ], [ -58.388266, -34.582802 ], [ -58.391186, -34.583689 ], [ -58.391915, -34.583951 ], [ -58.392444, -34.584169 ], [ -58.392567, -34.584291 ], [ -58.393318, -34.585466 ] ] ] } },
{ "type": "Feature", "properties": { "group_index": 0, "value": 600.0, "id_punto": "1_132", "sector": 1.0 }, "geometry": { "type": "Polygon", "coordinates": [ [ [ -58.393341, -34.585473 ], [ -58.394007, -34.587528 ], [ -58.393345, -34.591053 ], [ -58.392968, -34.594017 ], [ -58.392261, -34.5946 ], [ -58.387148, -34.595905 ], [ -58.384406, -34.595867 ], [ -58.384201, -34.595862 ], [ -58.384169, -34.595859 ], [ -58.381436, -34.594259 ], [ -58.379849, -34.593038 ], [ -58.378778, -34.59201 ], [ -58.379808, -34.589431 ], [ -58.380614, -34.588939 ], [ -58.38122, -34.588619 ], [ -58.385482, -34.58501 ], [ -58.385668, -34.584785 ], [ -58.38587, -34.584545 ], [ -58.386214, -34.58422 ], [ -58.386566, -34.583888 ], [ -58.38674, -34.58374 ], [ -58.386922, -34.583586 ], [ -58.387107, -34.583444 ], [ -58.387292, -34.583303 ], [ -58.390705, -34.583723 ], [ -58.391962, -34.583914 ], [ -58.392504, -34.584149 ], [ -58.392628, -34.584272 ], [ -58.393341, -34.585473 ] ] ] } },
{ "type": "Feature", "properties": { "group_index": 0, "value": 600.0, "id_punto": "1_133", "sector": 1.0 }, "geometry": { "type": "Polygon", "coordinates": [ [ [ -58.393935, -34.587523 ], [ -58.393954, -34.587569 ], [ -58.394243, -34.58875 ], [ -58.394313, -34.5938 ], [ -58.393337, -34.594999 ], [ -58.392496, -34.595923 ], [ -58.392391, -34.596029 ], [ -58.389934, -34.59787 ], [ -58.387113, -34.598683 ], [ -58.385666, -34.599011 ], [ -58.385307, -34.598983 ], [ -58.383428, -34.597566 ], [ -58.383327, -34.597483 ], [ -58.381791, -34.595693 ], [ -58.379007, -34.593055 ], [ -58.378999, -34.592695 ], [ -58.382058, -34.5882 ], [ -58.385285, -34.58629 ], [ -58.385347, -34.586282 ], [ -58.390575, -34.586297 ], [ -58.391677, -34.586265 ], [ -58.393139, -34.586629 ], [ -58.393221, -34.586663 ], [ -58.393355, -34.586733 ], [ -58.393685, -34.587069 ], [ -58.393935, -34.587523 ] ] ] } },
{ "type": "Feature", "properties": { "group_index": 0, "value": 600.0, "id_punto": "1_134", "sector": 1.0 }, "geometry": { "type": "Polygon", "coordinates": [ [ [ -58.397638, -34.587348 ], [ -58.397933, -34.587779 ], [ -58.398721, -34.592703 ], [ -58.397789, -34.594555 ], [ -58.396868, -34.595818 ], [ -58.394938, -34.597445 ], [ -58.393233, -34.59869 ], [ -58.391763, -34.599473 ], [ -58.389818, -34.599654 ], [ -58.389515, -34.599637 ], [ -58.388004, -34.598822 ], [ -58.385521, -34.596584 ], [ -58.384783, -34.595887 ], [ -58.384682, -34.59579 ], [ -58.384565, -34.595677 ], [ -58.383501, -34.594543 ], [ -58.382964, -34.593008 ], [ -58.382964, -34.592648 ], [ -58.384911, -34.587177 ], [ -58.385154, -34.586911 ], [ -58.385323, -34.586894 ], [ -58.388602, -34.586797 ], [ -58.391533, -34.586402 ], [ -58.397403, -34.587074 ], [ -58.397638, -34.587348 ] ] ] } },
{ "type": "Feature", "properties": { "group_index": 0, "value": 600.0, "id_punto": "1_135", "sector": 1.0 }, "geometry": { "type": "Polygon", "coordinates": [ [ [ -58.391575, -34.584893 ], [ -58.391799, -34.585511 ], [ -58.392539, -34.587742 ], [ -58.392519, -34.588214 ], [ -58.391887, -34.593232 ], [ -58.390275, -34.595243 ], [ -58.390155, -34.595319 ], [ -58.3873, -34.596004 ], [ -58.38728, -34.596003 ], [ -58.384454, -34.595885 ], [ -58.383919, -34.595837 ], [ -58.381363, -34.594393 ], [ -58.379614, -34.593042 ], [ -58.378717, -34.592089 ], [ -58.378295, -34.590386 ], [ -58.379184, -34.5891 ], [ -58.379207, -34.589074 ], [ -58.382564, -34.587922 ], [ -58.385267, -34.585342 ], [ -58.385482, -34.58501 ], [ -58.385668, -34.584785 ], [ -58.38587, -34.584545 ], [ -58.386214, -34.58422 ], [ -58.386566, -34.583888 ], [ -58.38674, -34.58374 ], [ -58.386922, -34.583586 ], [ -58.387091, -34.583457 ], [ -58.387259, -34.583329 ], [ -58.390691, -34.584172 ], [ -58.390818, -34.584219 ], [ -58.391412, -34.584651 ], [ -58.391575, -34.584893 ] ] ] } },
{ "type": "Feature", "properties": { "group_index": 0, "value": 600.0, "id_punto": "1_136", "sector": 1.0 }, "geometry": { "type": "Polygon", "coordinates": [ [ [ -58.392824, -34.587699 ], [ -58.393472, -34.589165 ], [ -58.393569, -34.58939 ], [ -58.39423, -34.593814 ], [ -58.393303, -34.595003 ], [ -58.392462, -34.595922 ], [ -58.392357, -34.596028 ], [ -58.389935, -34.597845 ], [ -58.387033, -34.599345 ], [ -58.385579, -34.599992 ], [ -58.38522, -34.599961 ], [ -58.384809, -34.599865 ], [ -58.382391, -34.598 ], [ -58.37926, -34.594287 ], [ -58.377768, -34.593037 ], [ -58.377761, -34.592677 ], [ -58.379589, -34.590681 ], [ -58.381486, -34.588752 ], [ -58.382002, -34.588231 ], [ -58.382283, -34.588077 ], [ -58.382564, -34.587922 ], [ -58.383549, -34.587387 ], [ -58.383797, -34.587252 ], [ -58.384045, -34.587117 ], [ -58.385096, -34.586979 ], [ -58.390419, -34.587137 ], [ -58.392132, -34.587172 ], [ -58.392462, -34.587303 ], [ -58.392635, -34.587389 ], [ -58.392824, -34.587699 ] ] ] } },
{ "type": "Feature", "properties": { "group_index": 0, "value": 600.0, "id_punto": "1_137", "sector": 1.0 }, "geometry": { "type": "Polygon", "coordinates": [ [ [ -58.397704, -34.587473 ], [ -58.397733, -34.588134 ], [ -58.397458, -34.593085 ], [ -58.396264, -34.594743 ], [ -58.396152, -34.594825 ], [ -58.393379, -34.595846 ], [ -58.393214, -34.595856 ], [ -58.388619, -34.595647 ], [ -58.38706, -34.595902 ], [ -58.387028, -34.595901 ], [ -58.38559, -34.595243 ], [ -58.384956, -34.594662 ], [ -58.38317, -34.593008 ], [ -58.383171, -34.592648 ], [ -58.383936, -34.587113 ], [ -58.385435, -34.58508 ], [ -58.387231, -34.583901 ], [ -58.387508, -34.583808 ], [ -58.391035, -34.583379 ], [ -58.391999, -34.583321 ], [ -58.392246, -34.583385 ], [ -58.392723, -34.583559 ], [ -58.393502, -34.583989 ], [ -58.396317, -34.585742 ], [ -58.397338, -34.586801 ], [ -58.397704, -34.587473 ] ] ] } },
{ "type": "Feature", "properties": { "group_index": 0, "value": 600.0, "id_punto": "1_138", "sector": 1.0 }, "geometry": { "type": "Polygon", "coordinates": [ [ [ -58.39338, -34.584407 ], [ -58.393405, -34.585076 ], [ -58.392939, -34.588867 ], [ -58.392505, -34.59207 ], [ -58.392147, -34.593467 ], [ -58.391905, -34.593734 ], [ -58.387533, -34.594197 ], [ -58.384618, -34.594223 ], [ -58.384258, -34.594212 ], [ -58.382381, -34.593528 ], [ -58.381437, -34.593084 ], [ -58.381313, -34.593017 ], [ -58.379652, -34.591615 ], [ -58.378812, -34.590682 ], [ -58.37861, -34.590384 ], [ -58.378724, -34.590113 ], [ -58.379361, -34.589318 ], [ -58.379384, -34.589305 ], [ -58.381558, -34.588476 ], [ -58.385482, -34.58501 ], [ -58.385668, -34.584785 ], [ -58.38587, -34.584545 ], [ -58.386214, -34.58422 ], [ -58.386566, -34.583888 ], [ -58.38674, -34.58374 ], [ -58.386922, -34.583586 ], [ -58.38743, -34.583188 ], [ -58.38872, -34.58238 ], [ -58.392131, -34.583436 ], [ -58.39261, -34.583608 ], [ -58.39313, -34.583927 ], [ -58.393269, -34.584064 ], [ -58.39338, -34.584407 ] ] ] } },
{ "type": "Feature", "properties": { "group_index": 0, "value": 600.0, "id_punto": "1_139", "sector": 1.0 }, "geometry": { "type": "Polygon", "coordinates": [ [ [ -58.399652, -34.587092 ], [ -58.400014, -34.592168 ], [ -58.399427, -34.593458 ], [ -58.398893, -34.59446 ], [ -58.398532, -34.594976 ], [ -58.397608, -34.596059 ], [ -58.396292, -34.597148 ], [ -58.393198, -34.597406 ], [ -58.393019, -34.597405 ], [ -58.389632, -34.597036 ], [ -58.388196, -34.596278 ], [ -58.387874, -34.596019 ], [ -58.387772, -34.595925 ], [ -58.387654, -34.595812 ], [ -58.386582, -34.594773 ], [ -58.3854, -34.593002 ], [ -58.385398, -34.592642 ], [ -58.386031, -34.586954 ], [ -58.386161, -34.586136 ], [ -58.386366, -34.585862 ], [ -58.38734, -34.585237 ], [ -58.387551, -34.585124 ], [ -58.38979, -34.584413 ], [ -58.390264, -34.584336 ], [ -58.392185, -34.584649 ], [ -58.396242, -34.585194 ], [ -58.398981, -34.585699 ], [ -58.399063, -34.585774 ], [ -58.399652, -34.587092 ] ] ] } },
{ "type": "Feature", "properties": { "group_index": 0, "value": 600.0, "id_punto": "1_140", "sector": 1.0 }, "geometry": { "type": "Polygon", "coordinates": [ [ [ -58.400626, -34.587449 ], [ -58.401371, -34.591619 ], [ -58.400825, -34.592966 ], [ -58.400343, -34.594049 ], [ -58.399691, -34.595248 ], [ -58.399549, -34.595476 ], [ -58.398882, -34.596224 ], [ -58.397728, -34.597215 ], [ -58.396126, -34.598393 ], [ -58.39318, -34.59915 ], [ -58.392823, -34.599109 ], [ -58.391866, -34.598706 ], [ -58.388087, -34.596025 ], [ -58.387985, -34.595932 ], [ -58.386795, -34.594782 ], [ -58.386828, -34.593004 ], [ -58.386838, -34.592645 ], [ -58.387404, -34.588001 ], [ -58.387858, -34.586572 ], [ -58.388112, -34.586317 ], [ -58.39138, -34.585741 ], [ -58.394928, -34.586141 ], [ -58.398242, -34.586292 ], [ -58.399582, -34.586713 ], [ -58.400439, -34.587141 ], [ -58.400626, -34.587449 ] ] ] } },
{ "type": "Feature", "properties": { "group_index": 0, "value": 600.0, "id_punto": "1_141", "sector": 1.0 }, "geometry": { "type": "Polygon", "coordinates": [ [ [ -58.396087, -34.587288 ], [ -58.396068, -34.588538 ], [ -58.395847, -34.593297 ], [ -58.393399, -34.594993 ], [ -58.393251, -34.595009 ], [ -58.387411, -34.595096 ], [ -58.387054, -34.595053 ], [ -58.384209, -34.594598 ], [ -58.382321, -34.593148 ], [ -58.382234, -34.592799 ], [ -58.382064, -34.591582 ], [ -58.382032, -34.588185 ], [ -58.38587, -34.584545 ], [ -58.386214, -34.58422 ], [ -58.386566, -34.583888 ], [ -58.386721, -34.583757 ], [ -58.386876, -34.583625 ], [ -58.388658, -34.58322 ], [ -58.390827, -34.582814 ], [ -58.391829, -34.58283 ], [ -58.392736, -34.582987 ], [ -58.392985, -34.583057 ], [ -58.393559, -34.58333 ], [ -58.394106, -34.583616 ], [ -58.396087, -34.587288 ] ] ] } },
{ "type": "Feature", "properties": { "group_index": 0, "value": 600.0, "id_punto": "1_142", "sector": 1.0 }, "geometry": { "type": "Polygon", "coordinates": [ [ [ -58.397082, -34.587823 ], [ -58.397149, -34.587908 ], [ -58.398354, -34.592815 ], [ -58.397404, -34.594616 ], [ -58.396473, -34.595878 ], [ -58.39494, -34.597242 ], [ -58.392735, -34.598678 ], [ -58.391794, -34.599151 ], [ -58.389868, -34.599277 ], [ -58.389508, -34.59926 ], [ -58.388021, -34.5985 ], [ -58.385541, -34.596285 ], [ -58.384955, -34.595699 ], [ -58.382438, -34.593123 ], [ -58.382413, -34.592764 ], [ -58.382442, -34.592561 ], [ -58.384285, -34.587226 ], [ -58.384546, -34.586844 ], [ -58.384557, -34.586839 ], [ -58.38493, -34.58664 ], [ -58.385125, -34.58654 ], [ -58.38532, -34.58644 ], [ -58.385775, -34.586474 ], [ -58.391634, -34.586166 ], [ -58.395886, -34.586988 ], [ -58.396854, -34.587545 ], [ -58.397082, -34.587823 ] ] ] } },
{ "type": "Feature", "properties": { "group_index": 0, "value": 600.0, "id_punto": "1_143", "sector": 1.0 }, "geometry": { "type": "Polygon", "coordinates": [ [ [ -58.394519, -34.583665 ], [ -58.396326, -34.587108 ], [ -58.396325, -34.588439 ], [ -58.396089, -34.591639 ], [ -58.395937, -34.593503 ], [ -58.395908, -34.593651 ], [ -58.393386, -34.594627 ], [ -58.393029, -34.594675 ], [ -58.387448, -34.594795 ], [ -58.38709, -34.594752 ], [ -58.384256, -34.5943 ], [ -58.382624, -34.59311 ], [ -58.382572, -34.592969 ], [ -58.382443, -34.591637 ], [ -58.382162, -34.588113 ], [ -58.38587, -34.584545 ], [ -58.386187, -34.584246 ], [ -58.386505, -34.583946 ], [ -58.389172, -34.58298 ], [ -58.390499, -34.582538 ], [ -58.390609, -34.582505 ], [ -58.391191, -34.582418 ], [ -58.39306, -34.582841 ], [ -58.393304, -34.58291 ], [ -58.394435, -34.58351 ], [ -58.394519, -34.583665 ] ] ] } },
{ "type": "Feature", "properties": { "group_index": 0, "value": 600.0, "id_punto": "1_144", "sector": 1.0 }, "geometry": { "type": "Polygon", "coordinates": [ [ [ -58.394165, -34.583778 ], [ -58.394274, -34.584121 ], [ -58.393956, -34.587573 ], [ -58.393028, -34.592759 ], [ -58.391587, -34.593446 ], [ -58.387599, -34.593756 ], [ -58.384631, -34.593777 ], [ -58.384271, -34.59377 ], [ -58.382808, -34.593282 ], [ -58.381427, -34.592648 ], [ -58.380255, -34.591619 ], [ -58.379371, -34.590152 ], [ -58.379345, -34.590073 ], [ -58.379384, -34.589883 ], [ -58.379449, -34.589624 ], [ -58.379773, -34.589382 ], [ -58.3808, -34.588841 ], [ -58.381826, -34.5883 ], [ -58.385482, -34.58501 ], [ -58.385668, -34.584785 ], [ -58.38587, -34.584545 ], [ -58.386214, -34.58422 ], [ -58.386566, -34.583888 ], [ -58.38674, -34.58374 ], [ -58.386922, -34.583586 ], [ -58.38743, -34.583188 ], [ -58.388709, -34.582396 ], [ -58.391134, -34.582617 ], [ -58.392022, -34.582742 ], [ -58.392426, -34.582863 ], [ -58.392974, -34.583062 ], [ -58.393549, -34.58333 ], [ -58.394094, -34.583619 ], [ -58.394165, -34.583778 ] ] ] } },
{ "type": "Feature", "properties": { "group_index": 0, "value": 600.0, "id_punto": "1_145", "sector": 1.0 }, "geometry": { "type": "Polygon", "coordinates": [ [ [ -58.396741, -34.583017 ], [ -58.396788, -34.583186 ], [ -58.39682, -34.583369 ], [ -58.396845, -34.583542 ], [ -58.396547, -34.58692 ], [ -58.396385, -34.587242 ], [ -58.393706, -34.590084 ], [ -58.392742, -34.591002 ], [ -58.391019, -34.591013 ], [ -58.390809, -34.59101 ], [ -58.387062, -34.590862 ], [ -58.383788, -34.590442 ], [ -58.382837, -34.590239 ], [ -58.380108, -34.589613 ], [ -58.37994, -34.589294 ], [ -58.380883, -34.588797 ], [ -58.385482, -34.58501 ], [ -58.385668, -34.584785 ], [ -58.38587, -34.584545 ], [ -58.386214, -34.58422 ], [ -58.386566, -34.583888 ], [ -58.38674, -34.58374 ], [ -58.386922, -34.583586 ], [ -58.387117, -34.583437 ], [ -58.387312, -34.583288 ], [ -58.389529, -34.581823 ], [ -58.391361, -34.580763 ], [ -58.39164, -34.580668 ], [ -58.392831, -34.580343 ], [ -58.393189, -34.580406 ], [ -58.395643, -34.581642 ], [ -58.396741, -34.583017 ] ] ] } },
{ "type": "Feature", "properties": { "group_index": 0, "value": 600.0, "id_punto": "1_146", "sector": 1.0 }, "geometry": { "type": "Polygon", "coordinates": [ [ [ -58.39273, -34.584239 ], [ -58.392841, -34.584581 ], [ -58.392914, -34.585296 ], [ -58.392668, -34.587647 ], [ -58.392164, -34.591758 ], [ -58.391805, -34.593158 ], [ -58.391563, -34.593424 ], [ -58.387604, -34.593724 ], [ -58.384632, -34.593745 ], [ -58.384272, -34.593737 ], [ -58.382817, -34.593274 ], [ -58.382063, -34.59292 ], [ -58.381426, -34.592615 ], [ -58.378365, -34.590985 ], [ -58.378163, -34.590687 ], [ -58.37815, -34.590478 ], [ -58.378965, -34.589198 ], [ -58.379073, -34.589102 ], [ -58.379389, -34.588832 ], [ -58.382564, -34.587922 ], [ -58.385267, -34.585342 ], [ -58.385482, -34.58501 ], [ -58.385668, -34.584785 ], [ -58.38587, -34.584545 ], [ -58.386214, -34.58422 ], [ -58.386566, -34.583888 ], [ -58.38674, -34.58374 ], [ -58.386922, -34.583586 ], [ -58.38743, -34.583188 ], [ -58.389217, -34.581932 ], [ -58.391789, -34.583154 ], [ -58.391975, -34.583332 ], [ -58.39273, -34.584239 ] ] ] } },
{ "type": "Feature", "properties": { "group_index": 0, "value": 600.0, "id_punto": "1_147", "sector": 1.0 }, "geometry": { "type": "Polygon", "coordinates": [ [ [ -58.392804, -34.587369 ], [ -58.392811, -34.587387 ], [ -58.392995, -34.587824 ], [ -58.393388, -34.589239 ], [ -58.393321, -34.593963 ], [ -58.392372, -34.595069 ], [ -58.391536, -34.595907 ], [ -58.39143, -34.596008 ], [ -58.389993, -34.597047 ], [ -58.387265, -34.598479 ], [ -58.387126, -34.598549 ], [ -58.385645, -34.599242 ], [ -58.385289, -34.59919 ], [ -58.383395, -34.597686 ], [ -58.383033, -34.597289 ], [ -58.381946, -34.596077 ], [ -58.378758, -34.59306 ], [ -58.37875, -34.5927 ], [ -58.378906, -34.591845 ], [ -58.380723, -34.58917 ], [ -58.381231, -34.588655 ], [ -58.381898, -34.588289 ], [ -58.382564, -34.587922 ], [ -58.38493, -34.58664 ], [ -58.385108, -34.586549 ], [ -58.385285, -34.586458 ], [ -58.390363, -34.586554 ], [ -58.390909, -34.586573 ], [ -58.391246, -34.586625 ], [ -58.391486, -34.586674 ], [ -58.392792, -34.587355 ], [ -58.392804, -34.587369 ] ] ] } },
{ "type": "Feature", "properties": { "group_index": 0, "value": 600.0, "id_punto": "1_148", "sector": 1.0 }, "geometry": { "type": "Polygon", "coordinates": [ [ [ -58.39371, -34.587002 ], [ -58.394053, -34.58749 ], [ -58.39407, -34.587532 ], [ -58.394424, -34.58855 ], [ -58.394429, -34.588579 ], [ -58.39443, -34.588633 ], [ -58.394432, -34.59378 ], [ -58.393455, -34.594986 ], [ -58.392615, -34.595924 ], [ -58.39251, -34.596031 ], [ -58.389929, -34.597963 ], [ -58.387103, -34.598781 ], [ -58.385674, -34.598912 ], [ -58.385315, -34.598885 ], [ -58.38342, -34.597479 ], [ -58.381639, -34.595404 ], [ -58.379119, -34.593053 ], [ -58.379111, -34.592693 ], [ -58.381959, -34.588255 ], [ -58.385386, -34.586217 ], [ -58.390538, -34.586203 ], [ -58.391635, -34.586169 ], [ -58.393251, -34.586596 ], [ -58.393418, -34.586679 ], [ -58.393527, -34.586758 ], [ -58.39371, -34.587002 ] ] ] } },
{ "type": "Feature", "properties": { "group_index": 0, "value": 600.0, "id_punto": "1_149", "sector": 1.0 }, "geometry": { "type": "Polygon", "coordinates": [ [ [ -58.396273, -34.583305 ], [ -58.396274, -34.583492 ], [ -58.395977, -34.588431 ], [ -58.395718, -34.591323 ], [ -58.395485, -34.591597 ], [ -58.394346, -34.592408 ], [ -58.392409, -34.59247 ], [ -58.387866, -34.592388 ], [ -58.384207, -34.591995 ], [ -58.383201, -34.591674 ], [ -58.381806, -34.590268 ], [ -58.381805, -34.589908 ], [ -58.381873, -34.588274 ], [ -58.386214, -34.58422 ], [ -58.386566, -34.583888 ], [ -58.38674, -34.58374 ], [ -58.386922, -34.583586 ], [ -58.387099, -34.58345 ], [ -58.387277, -34.583315 ], [ -58.390348, -34.581724 ], [ -58.392078, -34.581554 ], [ -58.393901, -34.581728 ], [ -58.393957, -34.581747 ], [ -58.394964, -34.58217 ], [ -58.39617, -34.58296 ], [ -58.396273, -34.583305 ] ] ] } },
{ "type": "Feature", "properties": { "group_index": 0, "value": 600.0, "id_punto": "1_150", "sector": 1.0 }, "geometry": { "type": "Polygon", "coordinates": [ [ [ -58.399767, -34.587021 ], [ -58.399974, -34.587846 ], [ -58.400641, -34.591915 ], [ -58.400077, -34.593233 ], [ -58.399689, -34.594087 ], [ -58.39959, -34.594301 ], [ -58.398829, -34.595627 ], [ -58.39767, -34.596579 ], [ -58.396224, -34.597728 ], [ -58.393311, -34.597938 ], [ -58.392953, -34.597902 ], [ -58.389622, -34.597154 ], [ -58.388186, -34.596396 ], [ -58.38773, -34.596015 ], [ -58.387628, -34.595921 ], [ -58.38751, -34.595807 ], [ -58.386438, -34.594766 ], [ -58.385941, -34.593092 ], [ -58.385917, -34.592999 ], [ -58.385916, -34.592639 ], [ -58.386543, -34.587346 ], [ -58.386858, -34.585877 ], [ -58.386954, -34.585552 ], [ -58.38702, -34.585474 ], [ -58.387145, -34.585409 ], [ -58.387909, -34.585244 ], [ -58.390126, -34.584781 ], [ -58.391325, -34.584822 ], [ -58.396157, -34.585257 ], [ -58.399203, -34.585606 ], [ -58.39921, -34.585611 ], [ -58.399767, -34.587021 ] ] ] } },
{ "type": "Feature", "properties": { "group_index": 0, "value": 600.0, "id_punto": "1_151", "sector": 1.0 }, "geometry": { "type": "Polygon", "coordinates": [ [ [ -58.395415, -34.587888 ], [ -58.395533, -34.593592 ], [ -58.394459, -34.594875 ], [ -58.393453, -34.595951 ], [ -58.39205, -34.596729 ], [ -58.389935, -34.597851 ], [ -58.387134, -34.598457 ], [ -58.386776, -34.598422 ], [ -58.385393, -34.597876 ], [ -58.382326, -34.595068 ], [ -58.3804, -34.593029 ], [ -58.380396, -34.592669 ], [ -58.38208, -34.588189 ], [ -58.385409, -34.585121 ], [ -58.390302, -34.585124 ], [ -58.391584, -34.58521 ], [ -58.39374, -34.58626 ], [ -58.393775, -34.586289 ], [ -58.395327, -34.587765 ], [ -58.395415, -34.587888 ] ] ] } },
{ "type": "Feature", "properties": { "group_index": 0, "value": 600.0, "id_punto": "1_152", "sector": 1.0 }, "geometry": { "type": "Polygon", "coordinates": [ [ [ -58.391263, -34.584443 ], [ -58.391419, -34.585027 ], [ -58.391534, -34.587172 ], [ -58.390934, -34.590638 ], [ -58.390213, -34.593739 ], [ -58.389048, -34.594064 ], [ -58.387501, -34.594413 ], [ -58.384586, -34.594665 ], [ -58.384229, -34.594623 ], [ -58.382554, -34.594008 ], [ -58.377089, -34.59183 ], [ -58.376891, -34.591529 ], [ -58.376958, -34.591241 ], [ -58.379428, -34.589036 ], [ -58.379513, -34.588962 ], [ -58.380401, -34.588494 ], [ -58.385267, -34.585342 ], [ -58.385482, -34.58501 ], [ -58.385668, -34.584785 ], [ -58.38587, -34.584545 ], [ -58.386214, -34.58422 ], [ -58.386566, -34.583888 ], [ -58.38674, -34.58374 ], [ -58.386922, -34.583586 ], [ -58.38743, -34.583188 ], [ -58.388487, -34.582699 ], [ -58.390767, -34.583697 ], [ -58.390891, -34.583823 ], [ -58.391263, -34.584443 ] ] ] } },
{ "type": "Feature", "properties": { "group_index": 0, "value": 600.0, "id_punto": "1_153", "sector": 1.0 }, "geometry": { "type": "Polygon", "coordinates": [ [ [ -58.392879, -34.584569 ], [ -58.392936, -34.585308 ], [ -58.392698, -34.587717 ], [ -58.392188, -34.59178 ], [ -58.391829, -34.59318 ], [ -58.391587, -34.593446 ], [ -58.390219, -34.594101 ], [ -58.388765, -34.594458 ], [ -58.387451, -34.594767 ], [ -58.384437, -34.595126 ], [ -58.384362, -34.595122 ], [ -58.382536, -34.594391 ], [ -58.381432, -34.593872 ], [ -58.379082, -34.592205 ], [ -58.378797, -34.591985 ], [ -58.378235, -34.590638 ], [ -58.378203, -34.590444 ], [ -58.379033, -34.589126 ], [ -58.379281, -34.588933 ], [ -58.382564, -34.587922 ], [ -58.385267, -34.585342 ], [ -58.385482, -34.58501 ], [ -58.385668, -34.584785 ], [ -58.38587, -34.584545 ], [ -58.386214, -34.58422 ], [ -58.386566, -34.583888 ], [ -58.38674, -34.58374 ], [ -58.386922, -34.583586 ], [ -58.38743, -34.583188 ], [ -58.387894, -34.582974 ], [ -58.388358, -34.582759 ], [ -58.392196, -34.583812 ], [ -58.392271, -34.58386 ], [ -58.392643, -34.584101 ], [ -58.392768, -34.584226 ], [ -58.392879, -34.584569 ] ] ] } },
{ "type": "Feature", "properties": { "group_index": 0, "value": 600.0, "id_punto": "1_154", "sector": 1.0 }, "geometry": { "type": "Polygon", "coordinates": [ [ [ -58.392271, -34.588143 ], [ -58.392779, -34.589607 ], [ -58.393336, -34.593961 ], [ -58.392387, -34.595068 ], [ -58.391551, -34.595907 ], [ -58.391445, -34.596008 ], [ -58.389992, -34.597059 ], [ -58.38728, -34.59848 ], [ -58.387124, -34.598561 ], [ -58.385643, -34.599254 ], [ -58.384252, -34.599565 ], [ -58.383853, -34.599424 ], [ -58.382372, -34.598617 ], [ -58.38173, -34.598154 ], [ -58.377928, -34.594289 ], [ -58.376533, -34.593062 ], [ -58.376525, -34.592702 ], [ -58.379137, -34.589625 ], [ -58.379184, -34.589586 ], [ -58.384311, -34.586972 ], [ -58.384657, -34.587026 ], [ -58.388667, -34.587772 ], [ -58.392156, -34.58805 ], [ -58.392213, -34.588074 ], [ -58.392271, -34.588143 ] ] ] } },
{ "type": "Feature", "properties": { "group_index": 0, "value": 600.0, "id_punto": "1_155", "sector": 1.0 }, "geometry": { "type": "Polygon", "coordinates": [ [ [ -58.389984, -34.585744 ], [ -58.390006, -34.585856 ], [ -58.389606, -34.589435 ], [ -58.389091, -34.59237 ], [ -58.388639, -34.593055 ], [ -58.386634, -34.594775 ], [ -58.38595, -34.595251 ], [ -58.385121, -34.595816 ], [ -58.385, -34.595898 ], [ -58.384426, -34.596168 ], [ -58.382871, -34.596587 ], [ -58.382511, -34.596576 ], [ -58.381306, -34.596193 ], [ -58.378294, -34.594287 ], [ -58.375679, -34.592846 ], [ -58.375601, -34.592758 ], [ -58.375553, -34.592705 ], [ -58.375357, -34.592403 ], [ -58.375416, -34.592243 ], [ -58.376211, -34.591392 ], [ -58.379051, -34.58942 ], [ -58.380401, -34.588494 ], [ -58.385267, -34.585342 ], [ -58.385482, -34.58501 ], [ -58.385668, -34.584785 ], [ -58.38587, -34.584545 ], [ -58.386131, -34.584298 ], [ -58.386393, -34.584051 ], [ -58.389982, -34.585742 ], [ -58.389984, -34.585744 ] ] ] } },
{ "type": "Feature", "properties": { "group_index": 0, "value": 600.0, "id_punto": "1_156", "sector": 1.0 }, "geometry": { "type": "Polygon", "coordinates": [ [ [ -58.396541, -34.583431 ], [ -58.396428, -34.584656 ], [ -58.396116, -34.586709 ], [ -58.395057, -34.590759 ], [ -58.394394, -34.591972 ], [ -58.394158, -34.592244 ], [ -58.392247, -34.592322 ], [ -58.389581, -34.592239 ], [ -58.387927, -34.592168 ], [ -58.384195, -34.591855 ], [ -58.38316, -34.591695 ], [ -58.381545, -34.590886 ], [ -58.381368, -34.590742 ], [ -58.380585, -34.589361 ], [ -58.380417, -34.589043 ], [ -58.381122, -34.588671 ], [ -58.385482, -34.58501 ], [ -58.385668, -34.584785 ], [ -58.38587, -34.584545 ], [ -58.386214, -34.58422 ], [ -58.386566, -34.583888 ], [ -58.38674, -34.58374 ], [ -58.386922, -34.583586 ], [ -58.387117, -34.583437 ], [ -58.387312, -34.583288 ], [ -58.38899, -34.582423 ], [ -58.390348, -34.581724 ], [ -58.39209, -34.581447 ], [ -58.393536, -34.581507 ], [ -58.395144, -34.582085 ], [ -58.396303, -34.58292 ], [ -58.396462, -34.58308 ], [ -58.396541, -34.583431 ] ] ] } },
{ "type": "Feature", "properties": { "group_index": 0, "value": 600.0, "id_punto": "1_157", "sector": 1.0 }, "geometry": { "type": "Polygon", "coordinates": [ [ [ -58.392108, -34.584732 ], [ -58.39211, -34.585101 ], [ -58.39199, -34.587667 ], [ -58.391928, -34.58826 ], [ -58.391323, -34.592721 ], [ -58.39021, -34.594471 ], [ -58.388695, -34.594883 ], [ -58.387408, -34.595122 ], [ -58.384506, -34.595379 ], [ -58.384148, -34.59534 ], [ -58.381428, -34.594259 ], [ -58.379841, -34.593038 ], [ -58.377663, -34.591352 ], [ -58.377611, -34.591276 ], [ -58.37761, -34.591275 ], [ -58.377559, -34.591198 ], [ -58.377578, -34.591078 ], [ -58.37931, -34.588901 ], [ -58.379429, -34.588803 ], [ -58.379755, -34.588631 ], [ -58.38008, -34.58846 ], [ -58.385064, -34.585656 ], [ -58.385267, -34.585342 ], [ -58.385482, -34.58501 ], [ -58.385668, -34.584785 ], [ -58.38587, -34.584545 ], [ -58.386214, -34.58422 ], [ -58.386566, -34.583888 ], [ -58.38674, -34.58374 ], [ -58.386922, -34.583586 ], [ -58.38743, -34.583188 ], [ -58.387771, -34.583031 ], [ -58.388111, -34.582873 ], [ -58.391851, -34.584372 ], [ -58.39197, -34.584474 ], [ -58.392108, -34.584732 ] ] ] } },
{ "type": "Feature", "properties": { "group_index": 0, "value": 600.0, "id_punto": "1_158", "sector": 1.0 }, "geometry": { "type": "Polygon", "coordinates": [ [ [ -58.398926, -34.586161 ], [ -58.399209, -34.587367 ], [ -58.399246, -34.5883 ], [ -58.399236, -34.588513 ], [ -58.39876, -34.592692 ], [ -58.398063, -34.593857 ], [ -58.397731, -34.593997 ], [ -58.396907, -34.594143 ], [ -58.392989, -34.594374 ], [ -58.388783, -34.594294 ], [ -58.388425, -34.594255 ], [ -58.387207, -34.593946 ], [ -58.385869, -34.593375 ], [ -58.385622, -34.593001 ], [ -58.385374, -34.589916 ], [ -58.385381, -34.588333 ], [ -58.385474, -34.586483 ], [ -58.385551, -34.586285 ], [ -58.3858, -34.585932 ], [ -58.387541, -34.58407 ], [ -58.390457, -34.582554 ], [ -58.390499, -34.582538 ], [ -58.39054, -34.582527 ], [ -58.391199, -34.58243 ], [ -58.393063, -34.58284 ], [ -58.393308, -34.582909 ], [ -58.397159, -34.584764 ], [ -58.398227, -34.585545 ], [ -58.398686, -34.585893 ], [ -58.398926, -34.586161 ] ] ] } },
{ "type": "Feature", "properties": { "group_index": 0, "value": 600.0, "id_punto": "1_159", "sector": 1.0 }, "geometry": { "type": "Polygon", "coordinates": [ [ [ -58.396286, -34.583301 ], [ -58.397295, -34.587271 ], [ -58.396786, -34.592538 ], [ -58.396722, -34.592579 ], [ -58.395052, -34.593011 ], [ -58.391165, -34.593064 ], [ -58.387698, -34.593101 ], [ -58.384741, -34.592735 ], [ -58.383435, -34.591621 ], [ -58.383397, -34.591572 ], [ -58.383375, -34.591538 ], [ -58.383231, -34.591253 ], [ -58.382446, -34.587954 ], [ -58.38587, -34.584545 ], [ -58.386132, -34.584298 ], [ -58.386394, -34.58405 ], [ -58.390348, -34.581724 ], [ -58.391915, -34.581624 ], [ -58.393895, -34.581725 ], [ -58.393964, -34.581748 ], [ -58.394982, -34.582161 ], [ -58.396183, -34.582956 ], [ -58.396286, -34.583301 ] ] ] } },
{ "type": "Feature", "properties": { "group_index": 0, "value": 600.0, "id_punto": "1_160", "sector": 1.0 }, "geometry": { "type": "Polygon", "coordinates": [ [ [ -58.39045, -34.585205 ], [ -58.389415, -34.589259 ], [ -58.388703, -34.592025 ], [ -58.388464, -34.592293 ], [ -58.385007, -34.594667 ], [ -58.384553, -34.594943 ], [ -58.382935, -34.5951 ], [ -58.381687, -34.595065 ], [ -58.381328, -34.595039 ], [ -58.379791, -34.594642 ], [ -58.375306, -34.593286 ], [ -58.374995, -34.592855 ], [ -58.374819, -34.592575 ], [ -58.374809, -34.592547 ], [ -58.374924, -34.592192 ], [ -58.375204, -34.591966 ], [ -58.379051, -34.58942 ], [ -58.380401, -34.588494 ], [ -58.385267, -34.585342 ], [ -58.385482, -34.58501 ], [ -58.385668, -34.584785 ], [ -58.38587, -34.584545 ], [ -58.386214, -34.58422 ], [ -58.386566, -34.583888 ], [ -58.38674, -34.58374 ], [ -58.386922, -34.583586 ], [ -58.387381, -34.583222 ], [ -58.387569, -34.583273 ], [ -58.389436, -34.584058 ], [ -58.389856, -34.584312 ], [ -58.390445, -34.584845 ], [ -58.39045, -34.585205 ] ] ] } },
{ "type": "Feature", "properties": { "group_index": 0, "value": 600.0, "id_punto": "1_161", "sector": 1.0 }, "geometry": { "type": "Polygon", "coordinates": [ [ [ -58.398117, -34.582772 ], [ -58.398168, -34.582992 ], [ -58.398231, -34.583346 ], [ -58.397711, -34.587476 ], [ -58.397537, -34.587792 ], [ -58.395113, -34.590807 ], [ -58.39488, -34.591081 ], [ -58.393237, -34.591437 ], [ -58.391296, -34.591454 ], [ -58.390514, -34.591444 ], [ -58.386541, -34.591277 ], [ -58.384574, -34.590867 ], [ -58.382648, -34.590279 ], [ -58.382582, -34.59023 ], [ -58.382475, -34.590027 ], [ -58.382068, -34.588165 ], [ -58.385727, -34.585284 ], [ -58.387421, -34.583431 ], [ -58.389529, -34.581823 ], [ -58.391413, -34.580935 ], [ -58.39327, -34.58008 ], [ -58.396763, -34.581429 ], [ -58.397952, -34.582567 ], [ -58.398117, -34.582772 ] ] ] } },
{ "type": "Feature", "properties": { "group_index": 0, "value": 600.0, "id_punto": "1_162", "sector": 1.0 }, "geometry": { "type": "Polygon", "coordinates": [ [ [ -58.394944, -34.58353 ], [ -58.39683, -34.586784 ], [ -58.396819, -34.587056 ], [ -58.396705, -34.588132 ], [ -58.396466, -34.593365 ], [ -58.395993, -34.594044 ], [ -58.395641, -34.59412 ], [ -58.392987, -34.59436 ], [ -58.38749, -34.594485 ], [ -58.387134, -34.594432 ], [ -58.384447, -34.594023 ], [ -58.383057, -34.593008 ], [ -58.38231, -34.58803 ], [ -58.38587, -34.584545 ], [ -58.386461, -34.583987 ], [ -58.390714, -34.58214 ], [ -58.390795, -34.582118 ], [ -58.391203, -34.582076 ], [ -58.393455, -34.582659 ], [ -58.3937, -34.582725 ], [ -58.39378, -34.582753 ], [ -58.39469, -34.583108 ], [ -58.394944, -34.58353 ] ] ] } },
{ "type": "Feature", "properties": { "group_index": 0, "value": 600.0, "id_punto": "1_163", "sector": 1.0 }, "geometry": { "type": "Polygon", "coordinates": [ [ [ -58.393648, -34.587635 ], [ -58.393221, -34.590943 ], [ -58.393153, -34.593991 ], [ -58.39215, -34.595084 ], [ -58.391314, -34.595905 ], [ -58.391207, -34.596003 ], [ -58.390009, -34.596864 ], [ -58.387209, -34.597502 ], [ -58.38685, -34.597476 ], [ -58.384105, -34.597073 ], [ -58.38089, -34.594313 ], [ -58.379419, -34.593047 ], [ -58.378819, -34.591957 ], [ -58.379952, -34.589353 ], [ -58.380252, -34.589191 ], [ -58.380552, -34.589029 ], [ -58.381558, -34.588476 ], [ -58.385482, -34.58501 ], [ -58.385656, -34.5848 ], [ -58.385831, -34.58459 ], [ -58.39091, -34.584882 ], [ -58.391697, -34.585491 ], [ -58.39358, -34.587416 ], [ -58.393648, -34.587635 ] ] ] } },
{ "type": "Feature", "properties": { "group_index": 0, "value": 600.0, "id_punto": "1_164", "sector": 1.0 }, "geometry": { "type": "Polygon", "coordinates": [ [ [ -58.391746, -34.584738 ], [ -58.391762, -34.585098 ], [ -58.391814, -34.587054 ], [ -58.391259, -34.590933 ], [ -58.390922, -34.592361 ], [ -58.39022, -34.594136 ], [ -58.388762, -34.594493 ], [ -58.387447, -34.594803 ], [ -58.38448, -34.595129 ], [ -58.384362, -34.595122 ], [ -58.382493, -34.59439 ], [ -58.381432, -34.593907 ], [ -58.377466, -34.591582 ], [ -58.377269, -34.591281 ], [ -58.377337, -34.590995 ], [ -58.379124, -34.589281 ], [ -58.379513, -34.588962 ], [ -58.380401, -34.588494 ], [ -58.385267, -34.585342 ], [ -58.385482, -34.58501 ], [ -58.385668, -34.584785 ], [ -58.38587, -34.584545 ], [ -58.386214, -34.58422 ], [ -58.386566, -34.583888 ], [ -58.38674, -34.58374 ], [ -58.386922, -34.583586 ], [ -58.38743, -34.583188 ], [ -58.387855, -34.582992 ], [ -58.38828, -34.582795 ], [ -58.390495, -34.583814 ], [ -58.391593, -34.584551 ], [ -58.391746, -34.584738 ] ] ] } },
{ "type": "Feature", "properties": { "group_index": 0, "value": 600.0, "id_punto": "1_165", "sector": 1.0 }, "geometry": { "type": "Polygon", "coordinates": [ [ [ -58.387579, -34.585921 ], [ -58.387561, -34.586184 ], [ -58.387381, -34.587585 ], [ -58.386716, -34.590286 ], [ -58.38612, -34.591342 ], [ -58.385149, -34.593003 ], [ -58.38372, -34.59456 ], [ -58.382931, -34.595179 ], [ -58.380173, -34.596716 ], [ -58.380076, -34.596751 ], [ -58.379717, -34.596731 ], [ -58.374986, -34.595132 ], [ -58.374578, -34.594952 ], [ -58.373579, -34.594361 ], [ -58.373283, -34.594156 ], [ -58.372863, -34.592854 ], [ -58.372828, -34.59236 ], [ -58.37313, -34.591172 ], [ -58.373498, -34.590438 ], [ -58.373793, -34.590231 ], [ -58.37934, -34.589247 ], [ -58.380401, -34.588494 ], [ -58.385261, -34.58535 ], [ -58.385458, -34.585044 ], [ -58.387417, -34.585599 ], [ -58.387579, -34.585921 ] ] ] } },
{ "type": "Feature", "properties": { "group_index": 0, "value": 600.0, "id_punto": "1_166", "sector": 1.0 }, "geometry": { "type": "Polygon", "coordinates": [ [ [ -58.397414, -34.586975 ], [ -58.397462, -34.587342 ], [ -58.397477, -34.587485 ], [ -58.397249, -34.593143 ], [ -58.396201, -34.594749 ], [ -58.394915, -34.596244 ], [ -58.393198, -34.597406 ], [ -58.393151, -34.597406 ], [ -58.388478, -34.597205 ], [ -58.388119, -34.597177 ], [ -58.385575, -34.595481 ], [ -58.384667, -34.594637 ], [ -58.383016, -34.593008 ], [ -58.383017, -34.592648 ], [ -58.383691, -34.587262 ], [ -58.385465, -34.585033 ], [ -58.390041, -34.584228 ], [ -58.391504, -34.584497 ], [ -58.396379, -34.585916 ], [ -58.397413, -34.586972 ], [ -58.397414, -34.586975 ] ] ] } },
{ "type": "Feature", "properties": { "group_index": 0, "value": 600.0, "id_punto": "1_167", "sector": 1.0 }, "geometry": { "type": "Polygon", "coordinates": [ [ [ -58.400327, -34.584913 ], [ -58.401048, -34.586214 ], [ -58.401116, -34.587151 ], [ -58.40105, -34.59175 ], [ -58.400499, -34.593086 ], [ -58.39996, -34.594177 ], [ -58.399183, -34.595553 ], [ -58.398808, -34.595889 ], [ -58.39763, -34.596243 ], [ -58.39631, -34.59649 ], [ -58.393442, -34.596649 ], [ -58.389696, -34.596291 ], [ -58.388271, -34.595527 ], [ -58.387488, -34.594813 ], [ -58.386962, -34.593008 ], [ -58.386971, -34.592648 ], [ -58.387315, -34.587934 ], [ -58.387582, -34.586297 ], [ -58.388245, -34.585323 ], [ -58.388912, -34.584803 ], [ -58.389227, -34.584628 ], [ -58.390354, -34.584069 ], [ -58.391921, -34.583946 ], [ -58.393887, -34.584016 ], [ -58.396567, -34.584115 ], [ -58.400087, -34.584645 ], [ -58.400327, -34.584913 ] ] ] } },
{ "type": "Feature", "properties": { "group_index": 0, "value": 600.0, "id_punto": "1_168", "sector": 1.0 }, "geometry": { "type": "Polygon", "coordinates": [ [ [ -58.394957, -34.583526 ], [ -58.395066, -34.583869 ], [ -58.394844, -34.5861 ], [ -58.394701, -34.587306 ], [ -58.393842, -34.591491 ], [ -58.393042, -34.59282 ], [ -58.392692, -34.592904 ], [ -58.391094, -34.592999 ], [ -58.387704, -34.593059 ], [ -58.384646, -34.593075 ], [ -58.384286, -34.593067 ], [ -58.383896, -34.593005 ], [ -58.382653, -34.592692 ], [ -58.381398, -34.591946 ], [ -58.3811, -34.59172 ], [ -58.379881, -34.589877 ], [ -58.379736, -34.589401 ], [ -58.380781, -34.588851 ], [ -58.381826, -34.5883 ], [ -58.385482, -34.58501 ], [ -58.385668, -34.584785 ], [ -58.38587, -34.584545 ], [ -58.386214, -34.58422 ], [ -58.386566, -34.583888 ], [ -58.38674, -34.58374 ], [ -58.386922, -34.583586 ], [ -58.38743, -34.583188 ], [ -58.388715, -34.582387 ], [ -58.3908, -34.582055 ], [ -58.391307, -34.582027 ], [ -58.392892, -34.582471 ], [ -58.393712, -34.582719 ], [ -58.394701, -34.583105 ], [ -58.394957, -34.583526 ] ] ] } },
{ "type": "Feature", "properties": { "group_index": 0, "value": 600.0, "id_punto": "1_169", "sector": 1.0 }, "geometry": { "type": "Polygon", "coordinates": [ [ [ -58.394833, -34.583566 ], [ -58.394942, -34.583909 ], [ -58.39473, -34.586044 ], [ -58.394512, -34.587561 ], [ -58.393751, -34.591411 ], [ -58.393067, -34.592926 ], [ -58.392717, -34.59301 ], [ -58.391171, -34.593069 ], [ -58.387688, -34.593166 ], [ -58.384644, -34.593183 ], [ -58.384284, -34.593175 ], [ -58.382746, -34.592921 ], [ -58.381403, -34.592053 ], [ -58.38097, -34.591704 ], [ -58.379881, -34.589877 ], [ -58.379673, -34.589435 ], [ -58.38075, -34.588867 ], [ -58.381826, -34.5883 ], [ -58.385482, -34.58501 ], [ -58.385668, -34.584785 ], [ -58.38587, -34.584545 ], [ -58.386214, -34.58422 ], [ -58.386566, -34.583888 ], [ -58.38674, -34.58374 ], [ -58.386922, -34.583586 ], [ -58.38743, -34.583188 ], [ -58.388912, -34.582161 ], [ -58.391242, -34.582058 ], [ -58.393596, -34.582774 ], [ -58.394637, -34.583253 ], [ -58.394833, -34.583566 ] ] ] } },
{ "type": "Feature", "properties": { "group_index": 0, "value": 600.0, "id_punto": "1_170", "sector": 1.0 }, "geometry": { "type": "Polygon", "coordinates": [ [ [ -58.387828, -34.585682 ], [ -58.388421, -34.586974 ], [ -58.388315, -34.588427 ], [ -58.387778, -34.591214 ], [ -58.387292, -34.593016 ], [ -58.38599, -34.594617 ], [ -58.385863, -34.59474 ], [ -58.384273, -34.5959 ], [ -58.382684, -34.59698 ], [ -58.381568, -34.597267 ], [ -58.381208, -34.597246 ], [ -58.377346, -34.594934 ], [ -58.374895, -34.593537 ], [ -58.37448, -34.593159 ], [ -58.374301, -34.592847 ], [ -58.37447, -34.592143 ], [ -58.374518, -34.591962 ], [ -58.374575, -34.591761 ], [ -58.374855, -34.591534 ], [ -58.379051, -34.58942 ], [ -58.380401, -34.588494 ], [ -58.385267, -34.585342 ], [ -58.385482, -34.58501 ], [ -58.385643, -34.584816 ], [ -58.385804, -34.584622 ], [ -58.38757, -34.58543 ], [ -58.387757, -34.585566 ], [ -58.387828, -34.585682 ] ] ] } },
{ "type": "Feature", "properties": { "group_index": 0, "value": 600.0, "id_punto": "1_171", "sector": 1.0 }, "geometry": { "type": "Polygon", "coordinates": [ [ [ -58.395098, -34.583481 ], [ -58.395207, -34.583825 ], [ -58.394942, -34.586148 ], [ -58.39303, -34.590775 ], [ -58.392796, -34.591049 ], [ -58.391354, -34.591507 ], [ -58.389579, -34.591658 ], [ -58.384182, -34.591711 ], [ -58.38297, -34.591496 ], [ -58.379534, -34.590585 ], [ -58.37919, -34.590432 ], [ -58.379015, -34.590334 ], [ -58.378768, -34.590072 ], [ -58.378884, -34.589699 ], [ -58.379138, -34.589447 ], [ -58.379238, -34.589389 ], [ -58.381826, -34.5883 ], [ -58.385482, -34.58501 ], [ -58.385668, -34.584785 ], [ -58.38587, -34.584545 ], [ -58.386214, -34.58422 ], [ -58.386566, -34.583888 ], [ -58.38674, -34.58374 ], [ -58.386922, -34.583586 ], [ -58.38743, -34.583188 ], [ -58.388962, -34.582112 ], [ -58.389262, -34.581905 ], [ -58.389529, -34.581823 ], [ -58.392096, -34.581461 ], [ -58.393661, -34.58195 ], [ -58.394438, -34.582202 ], [ -58.395098, -34.583481 ] ] ] } },
{ "type": "Feature", "properties": { "group_index": 0, "value": 600.0, "id_punto": "1_172", "sector": 1.0 }, "geometry": { "type": "Polygon", "coordinates": [ [ [ -58.39149, -34.585864 ], [ -58.392724, -34.587367 ], [ -58.392861, -34.587611 ], [ -58.392882, -34.587666 ], [ -58.392928, -34.58786 ], [ -58.392679, -34.59223 ], [ -58.392401, -34.594094 ], [ -58.3914, -34.595146 ], [ -58.390556, -34.5959 ], [ -58.39045, -34.595986 ], [ -58.390334, -34.596074 ], [ -58.390062, -34.596242 ], [ -58.385729, -34.598182 ], [ -58.38408, -34.598249 ], [ -58.383929, -34.598233 ], [ -58.383182, -34.597837 ], [ -58.379374, -34.594288 ], [ -58.37787, -34.593035 ], [ -58.377864, -34.592675 ], [ -58.379394, -34.589878 ], [ -58.379433, -34.589857 ], [ -58.380638, -34.589187 ], [ -58.385051, -34.58568 ], [ -58.390191, -34.585575 ], [ -58.390418, -34.585592 ], [ -58.391341, -34.585794 ], [ -58.391452, -34.585821 ], [ -58.39149, -34.585864 ] ] ] } },
{ "type": "Feature", "properties": { "group_index": 0, "value": 600.0, "id_punto": "1_173", "sector": 1.0 }, "geometry": { "type": "Polygon", "coordinates": [ [ [ -58.395315, -34.583227 ], [ -58.395436, -34.583374 ], [ -58.395545, -34.583717 ], [ -58.395444, -34.584818 ], [ -58.395285, -34.586313 ], [ -58.394997, -34.587791 ], [ -58.394193, -34.591797 ], [ -58.393957, -34.592069 ], [ -58.392571, -34.592619 ], [ -58.38779, -34.592666 ], [ -58.384267, -34.592667 ], [ -58.38268, -34.592271 ], [ -58.3815, -34.591688 ], [ -58.381376, -34.591527 ], [ -58.380151, -34.58959 ], [ -58.379983, -34.589271 ], [ -58.380905, -34.588786 ], [ -58.385482, -34.58501 ], [ -58.385668, -34.584785 ], [ -58.38587, -34.584545 ], [ -58.386214, -34.58422 ], [ -58.386566, -34.583888 ], [ -58.38674, -34.58374 ], [ -58.386922, -34.583586 ], [ -58.38743, -34.583188 ], [ -58.389991, -34.581821 ], [ -58.39, -34.581816 ], [ -58.390544, -34.581689 ], [ -58.392643, -34.582102 ], [ -58.394229, -34.582477 ], [ -58.394801, -34.582791 ], [ -58.395074, -34.582975 ], [ -58.395293, -34.583202 ], [ -58.395315, -34.583227 ] ] ] } },
{ "type": "Feature", "properties": { "group_index": 0, "value": 600.0, "id_punto": "1_174", "sector": 1.0 }, "geometry": { "type": "Polygon", "coordinates": [ [ [ -58.393487, -34.584372 ], [ -58.393456, -34.585102 ], [ -58.393188, -34.587758 ], [ -58.392573, -34.592133 ], [ -58.392361, -34.593904 ], [ -58.387497, -34.594439 ], [ -58.384256, -34.594307 ], [ -58.382375, -34.593623 ], [ -58.381437, -34.593179 ], [ -58.381197, -34.593019 ], [ -58.379622, -34.591615 ], [ -58.378852, -34.590222 ], [ -58.378772, -34.590068 ], [ -58.378889, -34.589696 ], [ -58.379085, -34.589494 ], [ -58.381558, -34.588476 ], [ -58.385482, -34.58501 ], [ -58.385668, -34.584785 ], [ -58.38587, -34.584545 ], [ -58.386214, -34.58422 ], [ -58.386566, -34.583888 ], [ -58.38674, -34.58374 ], [ -58.386922, -34.583586 ], [ -58.38743, -34.583188 ], [ -58.388695, -34.58242 ], [ -58.392232, -34.583391 ], [ -58.392709, -34.583565 ], [ -58.393235, -34.583887 ], [ -58.393376, -34.584029 ], [ -58.393487, -34.584372 ] ] ] } },
{ "type": "Feature", "properties": { "group_index": 0, "value": 600.0, "id_punto": "1_175", "sector": 1.0 }, "geometry": { "type": "Polygon", "coordinates": [ [ [ -58.398651, -34.586408 ], [ -58.39908, -34.587447 ], [ -58.399138, -34.588367 ], [ -58.399374, -34.592442 ], [ -58.399142, -34.592904 ], [ -58.398201, -34.594616 ], [ -58.397162, -34.59577 ], [ -58.396307, -34.596627 ], [ -58.393236, -34.598664 ], [ -58.393009, -34.598763 ], [ -58.389552, -34.598327 ], [ -58.38809, -34.597554 ], [ -58.386324, -34.595979 ], [ -58.386103, -34.595756 ], [ -58.385028, -34.594669 ], [ -58.38451, -34.593007 ], [ -58.384508, -34.592647 ], [ -58.385655, -34.586834 ], [ -58.38576, -34.586424 ], [ -58.3858, -34.586404 ], [ -58.387714, -34.585922 ], [ -58.391244, -34.585395 ], [ -58.391352, -34.585388 ], [ -58.396393, -34.585954 ], [ -58.398411, -34.58614 ], [ -58.398651, -34.586408 ] ] ] } },
{ "type": "Feature", "properties": { "group_index": 0, "value": 600.0, "id_punto": "1_176", "sector": 1.0 }, "geometry": { "type": "Polygon", "coordinates": [ [ [ -58.395418, -34.587882 ], [ -58.395418, -34.588085 ], [ -58.394992, -34.592491 ], [ -58.394413, -34.593784 ], [ -58.393326, -34.595001 ], [ -58.393251, -34.595009 ], [ -58.387418, -34.595036 ], [ -58.387061, -34.594993 ], [ -58.384282, -34.594604 ], [ -58.382413, -34.593124 ], [ -58.3814, -34.591995 ], [ -58.381206, -34.591733 ], [ -58.380563, -34.588966 ], [ -58.381195, -34.588633 ], [ -58.385482, -34.58501 ], [ -58.385668, -34.584785 ], [ -58.38587, -34.584545 ], [ -58.386214, -34.58422 ], [ -58.386566, -34.583888 ], [ -58.38674, -34.58374 ], [ -58.386922, -34.583586 ], [ -58.387382, -34.583221 ], [ -58.391077, -34.583174 ], [ -58.392289, -34.58319 ], [ -58.392537, -34.583256 ], [ -58.393007, -34.583435 ], [ -58.393549, -34.583766 ], [ -58.3937, -34.583925 ], [ -58.395418, -34.587882 ] ] ] } },
{ "type": "Feature", "properties": { "group_index": 0, "value": 600.0, "id_punto": "1_177", "sector": 1.0 }, "geometry": { "type": "Polygon", "coordinates": [ [ [ -58.387994, -34.589676 ], [ -58.388219, -34.589957 ], [ -58.388791, -34.591157 ], [ -58.389312, -34.592469 ], [ -58.389378, -34.592983 ], [ -58.389389, -34.59326 ], [ -58.388391, -34.59485 ], [ -58.384382, -34.59827 ], [ -58.384267, -34.598322 ], [ -58.381486, -34.599388 ], [ -58.379875, -34.599831 ], [ -58.379516, -34.599807 ], [ -58.375229, -34.597209 ], [ -58.372858, -34.594908 ], [ -58.372552, -34.594536 ], [ -58.372468, -34.594322 ], [ -58.372564, -34.592912 ], [ -58.372686, -34.592183 ], [ -58.372957, -34.591257 ], [ -58.373165, -34.590648 ], [ -58.373367, -34.590262 ], [ -58.373654, -34.590045 ], [ -58.373704, -34.590041 ], [ -58.37934, -34.589247 ], [ -58.380401, -34.588494 ], [ -58.383411, -34.587417 ], [ -58.383648, -34.587333 ], [ -58.383959, -34.587402 ], [ -58.387201, -34.58872 ], [ -58.387994, -34.589676 ] ] ] } },
{ "type": "Feature", "properties": { "group_index": 0, "value": 600.0, "id_punto": "1_178", "sector": 1.0 }, "geometry": { "type": "Polygon", "coordinates": [ [ [ -58.391763, -34.584737 ], [ -58.39178, -34.584912 ], [ -58.391814, -34.587054 ], [ -58.391816, -34.587688 ], [ -58.391309, -34.590978 ], [ -58.390973, -34.592405 ], [ -58.390221, -34.594197 ], [ -58.38465, -34.59588 ], [ -58.384455, -34.59588 ], [ -58.384201, -34.595862 ], [ -58.383925, -34.595838 ], [ -58.381362, -34.59457 ], [ -58.378418, -34.5927 ], [ -58.377611, -34.591487 ], [ -58.377413, -34.591186 ], [ -58.377482, -34.5909 ], [ -58.37931, -34.588901 ], [ -58.379429, -34.588803 ], [ -58.37981, -34.588602 ], [ -58.380191, -34.588401 ], [ -58.385267, -34.585342 ], [ -58.385482, -34.58501 ], [ -58.385668, -34.584785 ], [ -58.38587, -34.584545 ], [ -58.386214, -34.58422 ], [ -58.386566, -34.583888 ], [ -58.38674, -34.58374 ], [ -58.386922, -34.583586 ], [ -58.387104, -34.583447 ], [ -58.387286, -34.583308 ], [ -58.390386, -34.584083 ], [ -58.391554, -34.584479 ], [ -58.391671, -34.584569 ], [ -58.391763, -34.584737 ] ] ] } },
{ "type": "Feature", "properties": { "group_index": 0, "value": 600.0, "id_punto": "1_179", "sector": 1.0 }, "geometry": { "type": "Polygon", "coordinates": [ [ [ -58.38984, -34.586079 ], [ -58.389662, -34.587799 ], [ -58.389495, -34.589333 ], [ -58.388977, -34.592269 ], [ -58.388472, -34.59305 ], [ -58.386468, -34.594767 ], [ -58.384955, -34.595806 ], [ -58.384834, -34.595889 ], [ -58.38444, -34.596031 ], [ -58.382876, -34.59645 ], [ -58.382516, -34.596439 ], [ -58.381287, -34.596023 ], [ -58.378444, -34.594286 ], [ -58.375706, -34.59298 ], [ -58.375213, -34.59261 ], [ -58.375212, -34.592548 ], [ -58.375259, -34.592314 ], [ -58.375276, -34.592274 ], [ -58.376211, -34.591392 ], [ -58.379051, -34.58942 ], [ -58.380401, -34.588494 ], [ -58.385267, -34.585342 ], [ -58.385482, -34.58501 ], [ -58.385668, -34.584785 ], [ -58.38587, -34.584545 ], [ -58.386146, -34.584284 ], [ -58.386422, -34.584023 ], [ -58.388365, -34.585015 ], [ -58.389616, -34.585804 ], [ -58.38984, -34.586079 ] ] ] } },
{ "type": "Feature", "properties": { "group_index": 0, "value": 600.0, "id_punto": "1_180", "sector": 1.0 }, "geometry": { "type": "Polygon", "coordinates": [ [ [ -58.399716, -34.587053 ], [ -58.399774, -34.58797 ], [ -58.399741, -34.588866 ], [ -58.399443, -34.592413 ], [ -58.39917, -34.592963 ], [ -58.398222, -34.594611 ], [ -58.398153, -34.594626 ], [ -58.397034, -34.594741 ], [ -58.393065, -34.594953 ], [ -58.388689, -34.594883 ], [ -58.388676, -34.594883 ], [ -58.388368, -34.594766 ], [ -58.386456, -34.592997 ], [ -58.386325, -34.592741 ], [ -58.386678, -34.587576 ], [ -58.386693, -34.587461 ], [ -58.386997, -34.585809 ], [ -58.388264, -34.584745 ], [ -58.388711, -34.584411 ], [ -58.389034, -34.584245 ], [ -58.389287, -34.584127 ], [ -58.389539, -34.58401 ], [ -58.391953, -34.583342 ], [ -58.396808, -34.584037 ], [ -58.399263, -34.58553 ], [ -58.399279, -34.585541 ], [ -58.399279, -34.585541 ], [ -58.399295, -34.585551 ], [ -58.399716, -34.587053 ] ] ] } },
{ "type": "Feature", "properties": { "group_index": 0, "value": 600.0, "id_punto": "1_181", "sector": 1.0 }, "geometry": { "type": "Polygon", "coordinates": [ [ [ -58.397749, -34.587247 ], [ -58.398034, -34.588036 ], [ -58.398575, -34.592747 ], [ -58.397636, -34.594579 ], [ -58.396545, -34.59587 ], [ -58.394934, -34.597309 ], [ -58.394783, -34.597442 ], [ -58.392793, -34.598877 ], [ -58.391775, -34.599345 ], [ -58.389856, -34.599475 ], [ -58.389497, -34.59945 ], [ -58.388011, -34.598695 ], [ -58.385529, -34.596465 ], [ -58.384837, -34.595799 ], [ -58.38472, -34.595686 ], [ -58.383655, -34.594555 ], [ -58.383046, -34.593008 ], [ -58.383047, -34.592648 ], [ -58.385036, -34.587043 ], [ -58.385092, -34.586984 ], [ -58.386446, -34.586818 ], [ -58.391423, -34.586355 ], [ -58.391711, -34.586346 ], [ -58.397546, -34.586949 ], [ -58.397656, -34.587007 ], [ -58.397749, -34.587247 ] ] ] } },
{ "type": "Feature", "properties": { "group_index": 0, "value": 600.0, "id_punto": "1_182", "sector": 1.0 }, "geometry": { "type": "Polygon", "coordinates": [ [ [ -58.396702, -34.586998 ], [ -58.397392, -34.592729 ], [ -58.397489, -34.593076 ], [ -58.396485, -34.594721 ], [ -58.394923, -34.596442 ], [ -58.393352, -34.597517 ], [ -58.39187, -34.598402 ], [ -58.389761, -34.598656 ], [ -58.388368, -34.598761 ], [ -58.388008, -34.598742 ], [ -58.385515, -34.596683 ], [ -58.384613, -34.595878 ], [ -58.381792, -34.593123 ], [ -58.38174, -34.592923 ], [ -58.381733, -34.592563 ], [ -58.383515, -34.587645 ], [ -58.384345, -34.586804 ], [ -58.385234, -34.58593 ], [ -58.391165, -34.585601 ], [ -58.396366, -34.586617 ], [ -58.396702, -34.586998 ] ] ] } },
{ "type": "Feature", "properties": { "group_index": 0, "value": 600.0, "id_punto": "1_183", "sector": 1.0 }, "geometry": { "type": "Polygon", "coordinates": [ [ [ -58.395117, -34.587805 ], [ -58.395261, -34.58809 ], [ -58.395266, -34.588128 ], [ -58.394864, -34.59238 ], [ -58.39423, -34.593814 ], [ -58.393398, -34.594716 ], [ -58.392153, -34.595497 ], [ -58.387306, -34.596129 ], [ -58.386947, -34.596105 ], [ -58.384078, -34.595647 ], [ -58.382607, -34.594392 ], [ -58.381437, -34.593309 ], [ -58.381175, -34.593019 ], [ -58.381171, -34.592659 ], [ -58.381226, -34.591735 ], [ -58.381343, -34.590261 ], [ -58.381356, -34.590191 ], [ -58.381837, -34.588322 ], [ -58.386197, -34.584236 ], [ -58.386524, -34.583928 ], [ -58.39186, -34.583557 ], [ -58.392352, -34.58372 ], [ -58.392863, -34.584025 ], [ -58.39299, -34.584154 ], [ -58.395117, -34.587805 ] ] ] } },
{ "type": "Feature", "properties": { "group_index": 0, "value": 600.0, "id_punto": "1_184", "sector": 1.0 }, "geometry": { "type": "Polygon", "coordinates": [ [ [ -58.392235, -34.587555 ], [ -58.392271, -34.587983 ], [ -58.392301, -34.58838 ], [ -58.391758, -34.593115 ], [ -58.390176, -34.595139 ], [ -58.390056, -34.595261 ], [ -58.385876, -34.59667 ], [ -58.384327, -34.59726 ], [ -58.38397, -34.597268 ], [ -58.381378, -34.595656 ], [ -58.379793, -34.594579 ], [ -58.377908, -34.593034 ], [ -58.377855, -34.591429 ], [ -58.378246, -34.590417 ], [ -58.37917, -34.589076 ], [ -58.37933, -34.589068 ], [ -58.382651, -34.58808 ], [ -58.385064, -34.585656 ], [ -58.385267, -34.585342 ], [ -58.385482, -34.58501 ], [ -58.385666, -34.584788 ], [ -58.38585, -34.584567 ], [ -58.390102, -34.58476 ], [ -58.390979, -34.584843 ], [ -58.391698, -34.585487 ], [ -58.392235, -34.587555 ] ] ] } },
{ "type": "Feature", "properties": { "group_index": 0, "value": 600.0, "id_punto": "1_185", "sector": 1.0 }, "geometry": { "type": "Polygon", "coordinates": [ [ [ -58.38965, -34.586226 ], [ -58.389506, -34.587654 ], [ -58.389337, -34.589187 ], [ -58.388817, -34.592126 ], [ -58.388235, -34.593043 ], [ -58.386231, -34.594757 ], [ -58.384597, -34.595877 ], [ -58.382882, -34.596255 ], [ -58.382522, -34.596244 ], [ -58.381293, -34.595828 ], [ -58.379782, -34.594868 ], [ -58.375582, -34.593116 ], [ -58.37505, -34.592624 ], [ -58.375022, -34.592589 ], [ -58.375064, -34.592374 ], [ -58.376211, -34.591392 ], [ -58.379051, -34.58942 ], [ -58.380401, -34.588494 ], [ -58.385267, -34.585342 ], [ -58.385482, -34.58501 ], [ -58.385668, -34.584785 ], [ -58.38587, -34.584545 ], [ -58.386167, -34.584265 ], [ -58.386464, -34.583984 ], [ -58.388532, -34.58493 ], [ -58.3896, -34.586002 ], [ -58.38965, -34.586226 ] ] ] } },
{ "type": "Feature", "properties": { "group_index": 0, "value": 600.0, "id_punto": "1_186", "sector": 1.0 }, "geometry": { "type": "Polygon", "coordinates": [ [ [ -58.398187, -34.588073 ], [ -58.398029, -34.592913 ], [ -58.397809, -34.593251 ], [ -58.396863, -34.594683 ], [ -58.396241, -34.595317 ], [ -58.394923, -34.596445 ], [ -58.393352, -34.597521 ], [ -58.393181, -34.597559 ], [ -58.393029, -34.597555 ], [ -58.388459, -34.597444 ], [ -58.3881, -34.597416 ], [ -58.385583, -34.595347 ], [ -58.38483, -34.594651 ], [ -58.383103, -34.593008 ], [ -58.383104, -34.592648 ], [ -58.384274, -34.586854 ], [ -58.385054, -34.585674 ], [ -58.38978, -34.584438 ], [ -58.390251, -34.584357 ], [ -58.396166, -34.58525 ], [ -58.397789, -34.586714 ], [ -58.398036, -34.586976 ], [ -58.398187, -34.588073 ] ] ] } },
{ "type": "Feature", "properties": { "group_index": 0, "value": 600.0, "id_punto": "1_187", "sector": 1.0 }, "geometry": { "type": "Polygon", "coordinates": [ [ [ -58.389547, -34.588923 ], [ -58.390061, -34.590205 ], [ -58.390513, -34.591446 ], [ -58.390606, -34.593025 ], [ -58.390205, -34.594464 ], [ -58.386224, -34.597176 ], [ -58.384761, -34.598296 ], [ -58.384252, -34.598636 ], [ -58.382676, -34.599251 ], [ -58.381435, -34.599401 ], [ -58.381076, -34.599377 ], [ -58.376086, -34.596329 ], [ -58.373747, -34.593973 ], [ -58.37368, -34.593885 ], [ -58.373682, -34.593804 ], [ -58.374072, -34.59219 ], [ -58.374321, -34.591457 ], [ -58.374521, -34.591217 ], [ -58.374541, -34.591206 ], [ -58.379513, -34.588962 ], [ -58.380401, -34.588494 ], [ -58.384382, -34.586934 ], [ -58.384727, -34.586988 ], [ -58.386873, -34.587464 ], [ -58.388561, -34.587841 ], [ -58.389322, -34.588642 ], [ -58.389547, -34.588923 ] ] ] } },
{ "type": "Feature", "properties": { "group_index": 0, "value": 600.0, "id_punto": "1_188", "sector": 1.0 }, "geometry": { "type": "Polygon", "coordinates": [ [ [ -58.39503, -34.587508 ], [ -58.395031, -34.58751 ], [ -58.394998, -34.587715 ], [ -58.394619, -34.593383 ], [ -58.394679, -34.593738 ], [ -58.393596, -34.594971 ], [ -58.393444, -34.595094 ], [ -58.392142, -34.596024 ], [ -58.387261, -34.596775 ], [ -58.386902, -34.59675 ], [ -58.384061, -34.596202 ], [ -58.383493, -34.595799 ], [ -58.382579, -34.595018 ], [ -58.380353, -34.593029 ], [ -58.380348, -34.592669 ], [ -58.380538, -34.59129 ], [ -58.381314, -34.58861 ], [ -58.385668, -34.584785 ], [ -58.38587, -34.584545 ], [ -58.386189, -34.584244 ], [ -58.386509, -34.583942 ], [ -58.390605, -34.583953 ], [ -58.391908, -34.584203 ], [ -58.392105, -34.584285 ], [ -58.39223, -34.584398 ], [ -58.39503, -34.587508 ] ] ] } },
{ "type": "Feature", "properties": { "group_index": 0, "value": 600.0, "id_punto": "1_189", "sector": 1.0 }, "geometry": { "type": "Polygon", "coordinates": [ [ [ -58.388452, -34.585374 ], [ -58.388486, -34.585607 ], [ -58.388067, -34.588051 ], [ -58.387337, -34.590844 ], [ -58.386753, -34.591897 ], [ -58.385987, -34.592999 ], [ -58.384601, -34.594534 ], [ -58.384511, -34.594623 ], [ -58.382924, -34.595747 ], [ -58.381636, -34.596164 ], [ -58.380098, -34.59628 ], [ -58.379738, -34.596266 ], [ -58.374441, -34.594426 ], [ -58.373871, -34.594145 ], [ -58.373578, -34.593936 ], [ -58.373265, -34.592816 ], [ -58.373234, -34.592369 ], [ -58.373844, -34.590614 ], [ -58.373852, -34.59061 ], [ -58.37934, -34.589247 ], [ -58.380401, -34.588494 ], [ -58.385267, -34.585342 ], [ -58.385482, -34.58501 ], [ -58.385668, -34.584785 ], [ -58.38587, -34.584545 ], [ -58.386137, -34.584293 ], [ -58.386404, -34.584041 ], [ -58.38829, -34.585052 ], [ -58.388452, -34.585374 ] ] ] } },
{ "type": "Feature", "properties": { "group_index": 0, "value": 600.0, "id_punto": "1_190", "sector": 1.0 }, "geometry": { "type": "Polygon", "coordinates": [ [ [ -58.39333, -34.58547 ], [ -58.393952, -34.587564 ], [ -58.393608, -34.589362 ], [ -58.392926, -34.594023 ], [ -58.392266, -34.594565 ], [ -58.387399, -34.595194 ], [ -58.384515, -34.595131 ], [ -58.384362, -34.595122 ], [ -58.38418, -34.595048 ], [ -58.382674, -34.594394 ], [ -58.381517, -34.593584 ], [ -58.38078, -34.593024 ], [ -58.379565, -34.591632 ], [ -58.379484, -34.591282 ], [ -58.379605, -34.589767 ], [ -58.379671, -34.589505 ], [ -58.380205, -34.589154 ], [ -58.381016, -34.588727 ], [ -58.385482, -34.58501 ], [ -58.385668, -34.584785 ], [ -58.38587, -34.584545 ], [ -58.386214, -34.58422 ], [ -58.386566, -34.583888 ], [ -58.38674, -34.58374 ], [ -58.386922, -34.583586 ], [ -58.38743, -34.583188 ], [ -58.387837, -34.583 ], [ -58.388244, -34.582812 ], [ -58.391931, -34.583938 ], [ -58.392464, -34.584162 ], [ -58.392588, -34.584284 ], [ -58.39333, -34.58547 ] ] ] } },
{ "type": "Feature", "properties": { "group_index": 0, "value": 600.0, "id_punto": "1_191", "sector": 1.0 }, "geometry": { "type": "Polygon", "coordinates": [ [ [ -58.398462, -34.587977 ], [ -58.398339, -34.592819 ], [ -58.397344, -34.594444 ], [ -58.397201, -34.594649 ], [ -58.39614, -34.59579 ], [ -58.396132, -34.595791 ], [ -58.393339, -34.596052 ], [ -58.388327, -34.595942 ], [ -58.388323, -34.595942 ], [ -58.385652, -34.59445 ], [ -58.383992, -34.593002 ], [ -58.383983, -34.592642 ], [ -58.384316, -34.586825 ], [ -58.385064, -34.585656 ], [ -58.385224, -34.585408 ], [ -58.385384, -34.58516 ], [ -58.38726, -34.584058 ], [ -58.391066, -34.583591 ], [ -58.391968, -34.583508 ], [ -58.392451, -34.583677 ], [ -58.396494, -34.585147 ], [ -58.398006, -34.586509 ], [ -58.398253, -34.586771 ], [ -58.398462, -34.587977 ] ] ] } },
{ "type": "Feature", "properties": { "group_index": 0, "value": 600.0, "id_punto": "1_192", "sector": 1.0 }, "geometry": { "type": "Polygon", "coordinates": [ [ [ -58.394058, -34.583811 ], [ -58.394167, -34.584155 ], [ -58.394884, -34.587336 ], [ -58.394035, -34.59166 ], [ -58.393229, -34.593602 ], [ -58.392879, -34.593685 ], [ -58.387594, -34.593792 ], [ -58.384276, -34.593563 ], [ -58.382891, -34.593095 ], [ -58.382494, -34.592921 ], [ -58.381396, -34.591881 ], [ -58.381288, -34.591742 ], [ -58.379996, -34.589672 ], [ -58.379828, -34.589353 ], [ -58.380827, -34.588827 ], [ -58.381826, -34.5883 ], [ -58.385482, -34.58501 ], [ -58.385668, -34.584785 ], [ -58.38587, -34.584545 ], [ -58.386214, -34.58422 ], [ -58.386566, -34.583888 ], [ -58.38674, -34.58374 ], [ -58.386922, -34.583586 ], [ -58.38743, -34.583188 ], [ -58.3887, -34.582411 ], [ -58.391945, -34.582777 ], [ -58.392337, -34.582903 ], [ -58.392876, -34.583106 ], [ -58.393462, -34.58333 ], [ -58.393992, -34.583652 ], [ -58.394058, -34.583811 ] ] ] } },
{ "type": "Feature", "properties": { "group_index": 0, "value": 600.0, "id_punto": "1_193", "sector": 1.0 }, "geometry": { "type": "Polygon", "coordinates": [ [ [ -58.389933, -34.587264 ], [ -58.389841, -34.587958 ], [ -58.389699, -34.593558 ], [ -58.389684, -34.593621 ], [ -58.389624, -34.5937 ], [ -58.385893, -34.59642 ], [ -58.383094, -34.598017 ], [ -58.382748, -34.598108 ], [ -58.381528, -34.598109 ], [ -58.381336, -34.598099 ], [ -58.381158, -34.598025 ], [ -58.38109, -34.597993 ], [ -58.376626, -34.595168 ], [ -58.375093, -34.593427 ], [ -58.374911, -34.593116 ], [ -58.375154, -34.59233 ], [ -58.376211, -34.591392 ], [ -58.379051, -34.58942 ], [ -58.380401, -34.588494 ], [ -58.385369, -34.586228 ], [ -58.385949, -34.586329 ], [ -58.389833, -34.587107 ], [ -58.389872, -34.587145 ], [ -58.389933, -34.587264 ] ] ] } },
{ "type": "Feature", "properties": { "group_index": 0, "value": 600.0, "id_punto": "1_194", "sector": 1.0 }, "geometry": { "type": "Polygon", "coordinates": [ [ [ -58.396941, -34.582974 ], [ -58.397016, -34.583326 ], [ -58.39703, -34.583643 ], [ -58.396704, -34.586999 ], [ -58.396542, -34.58732 ], [ -58.394583, -34.590358 ], [ -58.394351, -34.590633 ], [ -58.392925, -34.591163 ], [ -58.392898, -34.591163 ], [ -58.39099, -34.591175 ], [ -58.390831, -34.591174 ], [ -58.386869, -34.591016 ], [ -58.384891, -34.590656 ], [ -58.382875, -34.590217 ], [ -58.380553, -34.589378 ], [ -58.380385, -34.58906 ], [ -58.381106, -34.58868 ], [ -58.385482, -34.58501 ], [ -58.385668, -34.584785 ], [ -58.38587, -34.584545 ], [ -58.386214, -34.58422 ], [ -58.386566, -34.583888 ], [ -58.38674, -34.58374 ], [ -58.386922, -34.583586 ], [ -58.387117, -34.583437 ], [ -58.387312, -34.583288 ], [ -58.389529, -34.581823 ], [ -58.391413, -34.580935 ], [ -58.392859, -34.58031 ], [ -58.39325, -34.580398 ], [ -58.395922, -34.58157 ], [ -58.396024, -34.581677 ], [ -58.396941, -34.582974 ] ] ] } },
{ "type": "Feature", "properties": { "group_index": 0, "value": 600.0, "id_punto": "1_195", "sector": 1.0 }, "geometry": { "type": "Polygon", "coordinates": [ [ [ -58.396434, -34.586067 ], [ -58.397131, -34.586907 ], [ -58.397307, -34.587221 ], [ -58.397074, -34.593197 ], [ -58.396089, -34.594493 ], [ -58.395737, -34.594568 ], [ -58.393281, -34.595006 ], [ -58.393251, -34.595009 ], [ -58.387423, -34.594999 ], [ -58.387065, -34.594955 ], [ -58.385668, -34.594372 ], [ -58.383749, -34.593009 ], [ -58.383342, -34.591375 ], [ -58.382534, -34.587905 ], [ -58.385842, -34.584577 ], [ -58.387969, -34.583482 ], [ -58.388132, -34.583405 ], [ -58.388296, -34.583329 ], [ -58.389105, -34.58302 ], [ -58.39063, -34.582697 ], [ -58.391126, -34.582613 ], [ -58.392905, -34.58291 ], [ -58.393152, -34.58298 ], [ -58.393753, -34.583276 ], [ -58.394277, -34.583561 ], [ -58.396434, -34.586067 ] ] ] } },
{ "type": "Feature", "properties": { "group_index": 0, "value": 600.0, "id_punto": "1_196", "sector": 1.0 }, "geometry": { "type": "Polygon", "coordinates": [ [ [ -58.396175, -34.587222 ], [ -58.397033, -34.593064 ], [ -58.396935, -34.593241 ], [ -58.395889, -34.594779 ], [ -58.394761, -34.595991 ], [ -58.394651, -34.596081 ], [ -58.393401, -34.597031 ], [ -58.392453, -34.597655 ], [ -58.389876, -34.599096 ], [ -58.388192, -34.599566 ], [ -58.388151, -34.599564 ], [ -58.38815, -34.599564 ], [ -58.388109, -34.599561 ], [ -58.385434, -34.597388 ], [ -58.38258, -34.594703 ], [ -58.38104, -34.593021 ], [ -58.381035, -34.592661 ], [ -58.383282, -34.587532 ], [ -58.383549, -34.587387 ], [ -58.38493, -34.58664 ], [ -58.38515, -34.586527 ], [ -58.385564, -34.586426 ], [ -58.385717, -34.586428 ], [ -58.391596, -34.58608 ], [ -58.395958, -34.586934 ], [ -58.396175, -34.587222 ] ] ] } },
{ "type": "Feature", "properties": { "group_index": 0, "value": 600.0, "id_punto": "1_197", "sector": 1.0 }, "geometry": { "type": "Polygon", "coordinates": [ [ [ -58.388833, -34.585248 ], [ -58.389271, -34.586466 ], [ -58.389139, -34.587896 ], [ -58.389026, -34.588901 ], [ -58.388501, -34.591843 ], [ -58.387769, -34.593029 ], [ -58.385758, -34.594733 ], [ -58.384314, -34.595638 ], [ -58.381453, -34.596363 ], [ -58.381406, -34.596363 ], [ -58.37993, -34.595399 ], [ -58.375532, -34.593147 ], [ -58.375137, -34.592781 ], [ -58.374966, -34.592519 ], [ -58.374978, -34.592419 ], [ -58.375025, -34.592317 ], [ -58.375305, -34.59209 ], [ -58.376211, -34.591392 ], [ -58.379051, -34.58942 ], [ -58.380401, -34.588494 ], [ -58.385267, -34.585342 ], [ -58.385482, -34.58501 ], [ -58.385668, -34.584785 ], [ -58.38587, -34.584545 ], [ -58.386176, -34.584256 ], [ -58.386482, -34.583967 ], [ -58.388605, -34.584894 ], [ -58.388833, -34.585248 ] ] ] } },
{ "type": "Feature", "properties": { "group_index": 0, "value": 600.0, "id_punto": "1_198", "sector": 1.0 }, "geometry": { "type": "Polygon", "coordinates": [ [ [ -58.397678, -34.587313 ], [ -58.39773, -34.587487 ], [ -58.397772, -34.588103 ], [ -58.397634, -34.592835 ], [ -58.397528, -34.593065 ], [ -58.396333, -34.594736 ], [ -58.396162, -34.594882 ], [ -58.393505, -34.595621 ], [ -58.393148, -34.595663 ], [ -58.388626, -34.59559 ], [ -58.387148, -34.595905 ], [ -58.387099, -34.595904 ], [ -58.385594, -34.595185 ], [ -58.385025, -34.594668 ], [ -58.383208, -34.593008 ], [ -58.383209, -34.592648 ], [ -58.383963, -34.587092 ], [ -58.385428, -34.585091 ], [ -58.387536, -34.58378 ], [ -58.391059, -34.583323 ], [ -58.392061, -34.583293 ], [ -58.392308, -34.583357 ], [ -58.392783, -34.583533 ], [ -58.393567, -34.583968 ], [ -58.396297, -34.585686 ], [ -58.397314, -34.586747 ], [ -58.397678, -34.587313 ] ] ] } },
{ "type": "Feature", "properties": { "group_index": 0, "value": 600.0, "id_punto": "1_199", "sector": 1.0 }, "geometry": { "type": "Polygon", "coordinates": [ [ [ -58.396634, -34.58341 ], [ -58.397291, -34.58727 ], [ -58.396771, -34.592548 ], [ -58.396722, -34.592579 ], [ -58.395041, -34.593001 ], [ -58.391154, -34.593054 ], [ -58.3877, -34.593085 ], [ -58.384755, -34.592724 ], [ -58.384527, -34.592445 ], [ -58.383684, -34.590994 ], [ -58.383633, -34.589356 ], [ -58.383662, -34.587278 ], [ -58.385727, -34.585284 ], [ -58.387119, -34.584045 ], [ -58.389027, -34.582373 ], [ -58.390348, -34.581724 ], [ -58.392098, -34.58146 ], [ -58.393524, -34.581489 ], [ -58.395247, -34.582036 ], [ -58.396122, -34.582651 ], [ -58.396555, -34.583059 ], [ -58.396634, -34.58341 ] ] ] } },
{ "type": "Feature", "properties": { "group_index": 0, "value": 600.0, "id_punto": "1_200", "sector": 1.0 }, "geometry": { "type": "Polygon", "coordinates": [ [ [ -58.388582, -34.588255 ], [ -58.388606, -34.592694 ], [ -58.388596, -34.593054 ], [ -58.387166, -34.594799 ], [ -58.383407, -34.597628 ], [ -58.382672, -34.598011 ], [ -58.381498, -34.598341 ], [ -58.381139, -34.598317 ], [ -58.379986, -34.598239 ], [ -58.379627, -34.598212 ], [ -58.375791, -34.596249 ], [ -58.373718, -34.59405 ], [ -58.37353, -34.593803 ], [ -58.3738, -34.592544 ], [ -58.373862, -34.592295 ], [ -58.374194, -34.591307 ], [ -58.374468, -34.591074 ], [ -58.379051, -34.58942 ], [ -58.380401, -34.588494 ], [ -58.385219, -34.586492 ], [ -58.385502, -34.586563 ], [ -58.387205, -34.58727 ], [ -58.388387, -34.587953 ], [ -58.388582, -34.588255 ] ] ] } },
{ "type": "Feature", "properties": { "group_index": 0, "value": 600.0, "id_punto": "2_201", "sector": 2.0 }, "geometry": { "type": "Polygon", "coordinates": [ [ [ -58.395542, -34.593225 ], [ -58.395602, -34.59358 ], [ -58.395538, -34.595949 ], [ -58.394929, -34.596574 ], [ -58.392176, -34.598835 ], [ -58.38823, -34.601651 ], [ -58.386836, -34.602585 ], [ -58.386477, -34.602562 ], [ -58.383774, -34.60074 ], [ -58.383557, -34.60057 ], [ -58.382295, -34.59941 ], [ -58.380924, -34.59798 ], [ -58.378877, -34.595307 ], [ -58.378869, -34.594287 ], [ -58.37887, -34.593927 ], [ -58.380174, -34.592671 ], [ -58.381387, -34.591676 ], [ -58.38496, -34.588522 ], [ -58.386803, -34.588592 ], [ -58.391245, -34.588714 ], [ -58.393183, -34.590459 ], [ -58.395542, -34.593225 ] ] ] } },
{ "type": "Feature", "properties": { "group_index": 0, "value": 600.0, "id_punto": "2_202", "sector": 2.0 }, "geometry": { "type": "Polygon", "coordinates": [ [ [ -58.396133, -34.588592 ], [ -58.398278, -34.592461 ], [ -58.398382, -34.592806 ], [ -58.397594, -34.594586 ], [ -58.39688, -34.595816 ], [ -58.39332, -34.59889 ], [ -58.389753, -34.60135 ], [ -58.389394, -34.60133 ], [ -58.387937, -34.600377 ], [ -58.385374, -34.59811 ], [ -58.384001, -34.596813 ], [ -58.381673, -34.594468 ], [ -58.381641, -34.59428 ], [ -58.381624, -34.594107 ], [ -58.381617, -34.59403 ], [ -58.381648, -34.59392 ], [ -58.382242, -34.592797 ], [ -58.384241, -34.588312 ], [ -58.384495, -34.588057 ], [ -58.386254, -34.588015 ], [ -58.391825, -34.588093 ], [ -58.392473, -34.588109 ], [ -58.394519, -34.588189 ], [ -58.395908, -34.58831 ], [ -58.396133, -34.588592 ] ] ] } },
{ "type": "Feature", "properties": { "group_index": 0, "value": 600.0, "id_punto": "2_203", "sector": 2.0 }, "geometry": { "type": "Polygon", "coordinates": [ [ [ -58.395291, -34.593268 ], [ -58.396869, -34.595453 ], [ -58.396927, -34.595808 ], [ -58.396837, -34.595903 ], [ -58.39521, -34.597448 ], [ -58.393647, -34.598889 ], [ -58.389735, -34.60167 ], [ -58.388145, -34.6028 ], [ -58.386637, -34.602929 ], [ -58.386471, -34.602922 ], [ -58.383759, -34.600968 ], [ -58.383281, -34.600552 ], [ -58.382067, -34.599429 ], [ -58.380647, -34.597958 ], [ -58.379062, -34.595323 ], [ -58.379093, -34.594964 ], [ -58.380175, -34.593933 ], [ -58.381506, -34.592727 ], [ -58.385867, -34.589462 ], [ -58.390228, -34.589581 ], [ -58.391883, -34.589846 ], [ -58.393003, -34.590609 ], [ -58.395291, -34.593268 ] ] ] } },
{ "type": "Feature", "properties": { "group_index": 0, "value": 600.0, "id_punto": "2_204", "sector": 2.0 }, "geometry": { "type": "Polygon", "coordinates": [ [ [ -58.39548, -34.593235 ], [ -58.395541, -34.59359 ], [ -58.395277, -34.594818 ], [ -58.394362, -34.596009 ], [ -58.39427, -34.596097 ], [ -58.392381, -34.597653 ], [ -58.390953, -34.598755 ], [ -58.389707, -34.599647 ], [ -58.388286, -34.600642 ], [ -58.386899, -34.601575 ], [ -58.386539, -34.601559 ], [ -58.385115, -34.601339 ], [ -58.383777, -34.600694 ], [ -58.383613, -34.600574 ], [ -58.382299, -34.59941 ], [ -58.380934, -34.597981 ], [ -58.377965, -34.594643 ], [ -58.377777, -34.594419 ], [ -58.377705, -34.594308 ], [ -58.377544, -34.593986 ], [ -58.378931, -34.592697 ], [ -58.380474, -34.591283 ], [ -58.383064, -34.58904 ], [ -58.383387, -34.58888 ], [ -58.385, -34.588561 ], [ -58.386842, -34.588632 ], [ -58.3912, -34.58875 ], [ -58.393139, -34.590496 ], [ -58.39548, -34.593235 ] ] ] } },
{ "type": "Feature", "properties": { "group_index": 0, "value": 600.0, "id_punto": "2_205", "sector": 2.0 }, "geometry": { "type": "Polygon", "coordinates": [ [ [ -58.391077, -34.593949 ], [ -58.393892, -34.597062 ], [ -58.394025, -34.598528 ], [ -58.394026, -34.598888 ], [ -58.392764, -34.599829 ], [ -58.389791, -34.602003 ], [ -58.388126, -34.603165 ], [ -58.38523, -34.605165 ], [ -58.384871, -34.605141 ], [ -58.383499, -34.604495 ], [ -58.381946, -34.603681 ], [ -58.378864, -34.600121 ], [ -58.377016, -34.59777 ], [ -58.377034, -34.59741 ], [ -58.377526, -34.596125 ], [ -58.381437, -34.593102 ], [ -58.384009, -34.59125 ], [ -58.384058, -34.591229 ], [ -58.385636, -34.590879 ], [ -58.38851, -34.590922 ], [ -58.391077, -34.593949 ] ] ] } },
{ "type": "Feature", "properties": { "group_index": 0, "value": 600.0, "id_punto": "2_206", "sector": 2.0 }, "geometry": { "type": "Polygon", "coordinates": [ [ [ -58.402167, -34.591295 ], [ -58.402652, -34.593236 ], [ -58.40212, -34.594487 ], [ -58.402001, -34.594729 ], [ -58.400713, -34.596795 ], [ -58.400559, -34.597004 ], [ -58.399086, -34.598463 ], [ -58.394305, -34.601709 ], [ -58.393947, -34.60167 ], [ -58.39133, -34.600107 ], [ -58.390897, -34.599722 ], [ -58.386812, -34.595893 ], [ -58.386718, -34.595779 ], [ -58.386166, -34.594754 ], [ -58.386182, -34.594394 ], [ -58.388023, -34.590288 ], [ -58.388254, -34.590012 ], [ -58.389176, -34.589039 ], [ -58.390841, -34.589037 ], [ -58.396367, -34.588883 ], [ -58.397033, -34.588922 ], [ -58.398884, -34.589141 ], [ -58.400482, -34.590026 ], [ -58.402031, -34.590962 ], [ -58.402167, -34.591295 ] ] ] } },
{ "type": "Feature", "properties": { "group_index": 0, "value": 600.0, "id_punto": "2_207", "sector": 2.0 }, "geometry": { "type": "Polygon", "coordinates": [ [ [ -58.399824, -34.59202 ], [ -58.399829, -34.592028 ], [ -58.399757, -34.592282 ], [ -58.398796, -34.594482 ], [ -58.398499, -34.594898 ], [ -58.397599, -34.595986 ], [ -58.396072, -34.597461 ], [ -58.394138, -34.598888 ], [ -58.393125, -34.599622 ], [ -58.391659, -34.600405 ], [ -58.391301, -34.600365 ], [ -58.388039, -34.59822 ], [ -58.385557, -34.596028 ], [ -58.384224, -34.594599 ], [ -58.38335, -34.593009 ], [ -58.383351, -34.592649 ], [ -58.38537, -34.58763 ], [ -58.385627, -34.587377 ], [ -58.390815, -34.58741 ], [ -58.391995, -34.587304 ], [ -58.396616, -34.58774 ], [ -58.396818, -34.587864 ], [ -58.399824, -34.59202 ] ] ] } },
{ "type": "Feature", "properties": { "group_index": 0, "value": 600.0, "id_punto": "2_208", "sector": 2.0 }, "geometry": { "type": "Polygon", "coordinates": [ [ [ -58.394114, -34.58882 ], [ -58.394921, -34.593331 ], [ -58.394982, -34.593686 ], [ -58.394222, -34.594901 ], [ -58.393281, -34.59605 ], [ -58.393186, -34.596127 ], [ -58.38989, -34.598667 ], [ -58.388602, -34.599588 ], [ -58.386937, -34.600696 ], [ -58.386577, -34.600681 ], [ -58.383154, -34.597856 ], [ -58.379999, -34.594289 ], [ -58.379836, -34.594085 ], [ -58.379118, -34.593053 ], [ -58.37911, -34.592693 ], [ -58.380429, -34.591277 ], [ -58.383203, -34.587575 ], [ -58.383376, -34.587481 ], [ -58.383549, -34.587387 ], [ -58.383549, -34.587387 ], [ -58.383722, -34.587293 ], [ -58.383895, -34.587198 ], [ -58.38537, -34.587117 ], [ -58.390865, -34.587278 ], [ -58.391995, -34.587304 ], [ -58.392139, -34.587321 ], [ -58.392397, -34.58741 ], [ -58.392596, -34.587486 ], [ -58.393943, -34.588503 ], [ -58.394114, -34.58882 ] ] ] } },
{ "type": "Feature", "properties": { "group_index": 0, "value": 600.0, "id_punto": "2_209", "sector": 2.0 }, "geometry": { "type": "Polygon", "coordinates": [ [ [ -58.390545, -34.58812 ], [ -58.391089, -34.5893 ], [ -58.391561, -34.59057 ], [ -58.391667, -34.592161 ], [ -58.391671, -34.594213 ], [ -58.390704, -34.595206 ], [ -58.390114, -34.595673 ], [ -58.386135, -34.598395 ], [ -58.384334, -34.599623 ], [ -58.383844, -34.599566 ], [ -58.382482, -34.599346 ], [ -58.381137, -34.598344 ], [ -58.376629, -34.595168 ], [ -58.375116, -34.593413 ], [ -58.374935, -34.593102 ], [ -58.37517, -34.592359 ], [ -58.375185, -34.592316 ], [ -58.376211, -34.591392 ], [ -58.379429, -34.588803 ], [ -58.379923, -34.588543 ], [ -58.384527, -34.586855 ], [ -58.384873, -34.586909 ], [ -58.390319, -34.58784 ], [ -58.390545, -34.58812 ] ] ] } },
{ "type": "Feature", "properties": { "group_index": 0, "value": 600.0, "id_punto": "2_210", "sector": 2.0 }, "geometry": { "type": "Polygon", "coordinates": [ [ [ -58.389563, -34.590123 ], [ -58.392338, -34.593739 ], [ -58.392387, -34.594096 ], [ -58.392403, -34.595562 ], [ -58.392399, -34.595922 ], [ -58.392294, -34.596027 ], [ -58.390618, -34.597398 ], [ -58.386569, -34.600729 ], [ -58.385464, -34.601512 ], [ -58.384547, -34.601877 ], [ -58.384057, -34.602026 ], [ -58.383698, -34.602007 ], [ -58.382209, -34.601203 ], [ -58.381216, -34.600399 ], [ -58.379941, -34.599173 ], [ -58.378618, -34.597827 ], [ -58.376793, -34.595907 ], [ -58.376675, -34.595697 ], [ -58.376452, -34.594506 ], [ -58.376572, -34.594267 ], [ -58.37707, -34.593283 ], [ -58.379637, -34.590766 ], [ -58.38253, -34.588234 ], [ -58.382768, -34.588059 ], [ -58.382983, -34.58794 ], [ -58.387089, -34.588793 ], [ -58.388682, -34.589124 ], [ -58.389563, -34.590123 ] ] ] } },
{ "type": "Feature", "properties": { "group_index": 0, "value": 600.0, "id_punto": "2_211", "sector": 2.0 }, "geometry": { "type": "Polygon", "coordinates": [ [ [ -58.396597, -34.592959 ], [ -58.398715, -34.595462 ], [ -58.398722, -34.595494 ], [ -58.39861, -34.595671 ], [ -58.397006, -34.597421 ], [ -58.395366, -34.598888 ], [ -58.394093, -34.599878 ], [ -58.389546, -34.60319 ], [ -58.38947, -34.603186 ], [ -58.387813, -34.602413 ], [ -58.384682, -34.599956 ], [ -58.382547, -34.598206 ], [ -58.382323, -34.597996 ], [ -58.380837, -34.595477 ], [ -58.380868, -34.595118 ], [ -58.381362, -34.594568 ], [ -58.382054, -34.593917 ], [ -58.386312, -34.589902 ], [ -58.38806, -34.589849 ], [ -58.389917, -34.589857 ], [ -58.390066, -34.589858 ], [ -58.391829, -34.589888 ], [ -58.393803, -34.589945 ], [ -58.396597, -34.592959 ] ] ] } },
{ "type": "Feature", "properties": { "group_index": 0, "value": 600.0, "id_punto": "2_212", "sector": 2.0 }, "geometry": { "type": "Polygon", "coordinates": [ [ [ -58.395289, -34.593268 ], [ -58.396871, -34.595453 ], [ -58.396929, -34.595808 ], [ -58.39655, -34.597442 ], [ -58.394993, -34.598888 ], [ -58.39372, -34.599865 ], [ -58.3907, -34.602049 ], [ -58.388095, -34.603902 ], [ -58.387736, -34.603887 ], [ -58.383762, -34.600922 ], [ -58.383336, -34.600556 ], [ -58.380724, -34.597964 ], [ -58.380598, -34.597766 ], [ -58.38012, -34.59671 ], [ -58.38016, -34.596352 ], [ -58.380433, -34.595081 ], [ -58.381572, -34.593919 ], [ -58.385942, -34.590046 ], [ -58.38619, -34.589786 ], [ -58.389967, -34.589813 ], [ -58.390017, -34.589813 ], [ -58.391882, -34.589847 ], [ -58.393001, -34.59061 ], [ -58.395289, -34.593268 ] ] ] } },
{ "type": "Feature", "properties": { "group_index": 0, "value": 600.0, "id_punto": "2_213", "sector": 2.0 }, "geometry": { "type": "Polygon", "coordinates": [ [ [ -58.39563, -34.587632 ], [ -58.396631, -34.593322 ], [ -58.39569, -34.594791 ], [ -58.394777, -34.59599 ], [ -58.394674, -34.596081 ], [ -58.391156, -34.598951 ], [ -58.39004, -34.599668 ], [ -58.38984, -34.599784 ], [ -58.388323, -34.599788 ], [ -58.387963, -34.599773 ], [ -58.38767, -34.599538 ], [ -58.385406, -34.597724 ], [ -58.382575, -34.595083 ], [ -58.3806, -34.593026 ], [ -58.380595, -34.592666 ], [ -58.382915, -34.587731 ], [ -58.383232, -34.587559 ], [ -58.383549, -34.587387 ], [ -58.383549, -34.587387 ], [ -58.384183, -34.587042 ], [ -58.3853, -34.586866 ], [ -58.38879, -34.586975 ], [ -58.391874, -34.586732 ], [ -58.392036, -34.58675 ], [ -58.395413, -34.587344 ], [ -58.39563, -34.587632 ] ] ] } },
{ "type": "Feature", "properties": { "group_index": 0, "value": 600.0, "id_punto": "2_214", "sector": 2.0 }, "geometry": { "type": "Polygon", "coordinates": [ [ [ -58.400646, -34.594728 ], [ -58.400742, -34.595074 ], [ -58.400677, -34.595187 ], [ -58.400179, -34.59595 ], [ -58.399086, -34.597244 ], [ -58.397477, -34.598724 ], [ -58.396191, -34.599903 ], [ -58.394348, -34.601311 ], [ -58.392729, -34.60235 ], [ -58.391186, -34.603273 ], [ -58.391164, -34.603272 ], [ -58.388546, -34.600842 ], [ -58.385389, -34.597924 ], [ -58.384021, -34.596612 ], [ -58.382972, -34.595555 ], [ -58.383001, -34.595196 ], [ -58.384262, -34.594241 ], [ -58.387459, -34.589764 ], [ -58.387711, -34.589507 ], [ -58.389694, -34.589516 ], [ -58.390296, -34.58952 ], [ -58.394209, -34.589624 ], [ -58.395984, -34.589786 ], [ -58.398867, -34.592263 ], [ -58.400646, -34.594728 ] ] ] } },
{ "type": "Feature", "properties": { "group_index": 0, "value": 600.0, "id_punto": "2_215", "sector": 2.0 }, "geometry": { "type": "Polygon", "coordinates": [ [ [ -58.392174, -34.593762 ], [ -58.393654, -34.595787 ], [ -58.393661, -34.59585 ], [ -58.393567, -34.596046 ], [ -58.393468, -34.596133 ], [ -58.390306, -34.598701 ], [ -58.387683, -34.6008 ], [ -58.385392, -34.602437 ], [ -58.383969, -34.602949 ], [ -58.383598, -34.602934 ], [ -58.382062, -34.60214 ], [ -58.380049, -34.600311 ], [ -58.377312, -34.597785 ], [ -58.376161, -34.596306 ], [ -58.376058, -34.595962 ], [ -58.376033, -34.594942 ], [ -58.376224, -34.594231 ], [ -58.377143, -34.593459 ], [ -58.379858, -34.591157 ], [ -58.382813, -34.588535 ], [ -58.383135, -34.588375 ], [ -58.386639, -34.589088 ], [ -58.388271, -34.589453 ], [ -58.389364, -34.590269 ], [ -58.392174, -34.593762 ] ] ] } },
{ "type": "Feature", "properties": { "group_index": 0, "value": 600.0, "id_punto": "2_216", "sector": 2.0 }, "geometry": { "type": "Polygon", "coordinates": [ [ [ -58.39322, -34.59853 ], [ -58.393221, -34.59889 ], [ -58.390813, -34.600915 ], [ -58.389451, -34.601985 ], [ -58.388035, -34.603076 ], [ -58.386727, -34.603983 ], [ -58.385241, -34.605001 ], [ -58.383799, -34.605513 ], [ -58.38344, -34.605501 ], [ -58.381703, -34.604522 ], [ -58.38121, -34.604121 ], [ -58.377599, -34.600195 ], [ -58.375075, -34.597649 ], [ -58.375097, -34.59729 ], [ -58.375807, -34.596182 ], [ -58.378355, -34.594243 ], [ -58.381397, -34.591915 ], [ -58.384249, -34.590651 ], [ -58.386069, -34.591193 ], [ -58.387098, -34.592094 ], [ -58.389171, -34.594317 ], [ -58.39254, -34.59754 ], [ -58.392873, -34.597837 ], [ -58.39322, -34.59853 ] ] ] } },
{ "type": "Feature", "properties": { "group_index": 0, "value": 600.0, "id_punto": "2_217", "sector": 2.0 }, "geometry": { "type": "Polygon", "coordinates": [ [ [ -58.399778, -34.591944 ], [ -58.399829, -34.592028 ], [ -58.399848, -34.592241 ], [ -58.398895, -34.59446 ], [ -58.398533, -34.594978 ], [ -58.397893, -34.595678 ], [ -58.397812, -34.595767 ], [ -58.396277, -34.597365 ], [ -58.396186, -34.597458 ], [ -58.392968, -34.599839 ], [ -58.391649, -34.60049 ], [ -58.391291, -34.600449 ], [ -58.388045, -34.598135 ], [ -58.385562, -34.59595 ], [ -58.384327, -34.594607 ], [ -58.384244, -34.594489 ], [ -58.383761, -34.593008 ], [ -58.383751, -34.592648 ], [ -58.385435, -34.587696 ], [ -58.385692, -34.587443 ], [ -58.389409, -34.587573 ], [ -58.392158, -34.58739 ], [ -58.396543, -34.587799 ], [ -58.396716, -34.58785 ], [ -58.399778, -34.591944 ] ] ] } },
{ "type": "Feature", "properties": { "group_index": 0, "value": 600.0, "id_punto": "2_218", "sector": 2.0 }, "geometry": { "type": "Polygon", "coordinates": [ [ [ -58.395478, -34.593236 ], [ -58.395539, -34.593591 ], [ -58.395603, -34.595946 ], [ -58.394931, -34.596618 ], [ -58.39224, -34.59884 ], [ -58.388227, -34.601704 ], [ -58.386832, -34.602638 ], [ -58.386473, -34.602615 ], [ -58.383771, -34.600794 ], [ -58.383493, -34.600566 ], [ -58.382263, -34.599408 ], [ -58.38086, -34.597975 ], [ -58.378812, -34.595301 ], [ -58.378844, -34.594942 ], [ -58.378935, -34.593927 ], [ -58.380239, -34.592671 ], [ -58.381389, -34.59173 ], [ -58.385001, -34.588563 ], [ -58.390722, -34.588741 ], [ -58.391199, -34.588751 ], [ -58.393138, -34.590497 ], [ -58.395478, -34.593236 ] ] ] } },
{ "type": "Feature", "properties": { "group_index": 0, "value": 600.0, "id_punto": "2_219", "sector": 2.0 }, "geometry": { "type": "Polygon", "coordinates": [ [ [ -58.396394, -34.593012 ], [ -58.398346, -34.595342 ], [ -58.398387, -34.5957 ], [ -58.396794, -34.597431 ], [ -58.395153, -34.598888 ], [ -58.39388, -34.59987 ], [ -58.390852, -34.602057 ], [ -58.389666, -34.602904 ], [ -58.389306, -34.602883 ], [ -58.3878, -34.602588 ], [ -58.384512, -34.600116 ], [ -58.382021, -34.597964 ], [ -58.380625, -34.595459 ], [ -58.380656, -34.5951 ], [ -58.381689, -34.594051 ], [ -58.381858, -34.593915 ], [ -58.386329, -34.589918 ], [ -58.390158, -34.589942 ], [ -58.391725, -34.589971 ], [ -58.393653, -34.59007 ], [ -58.396394, -34.593012 ] ] ] } },
{ "type": "Feature", "properties": { "group_index": 0, "value": 600.0, "id_punto": "2_220", "sector": 2.0 }, "geometry": { "type": "Polygon", "coordinates": [ [ [ -58.394024, -34.593483 ], [ -58.396959, -34.597063 ], [ -58.396975, -34.597423 ], [ -58.395419, -34.598889 ], [ -58.394146, -34.59988 ], [ -58.389606, -34.603193 ], [ -58.388136, -34.604244 ], [ -58.388091, -34.604247 ], [ -58.387731, -34.604242 ], [ -58.386392, -34.60384 ], [ -58.384336, -34.60245 ], [ -58.383699, -34.601987 ], [ -58.383241, -34.601609 ], [ -58.382041, -34.600451 ], [ -58.380768, -34.599205 ], [ -58.379444, -34.597867 ], [ -58.378839, -34.596577 ], [ -58.378876, -34.596219 ], [ -58.380393, -34.595077 ], [ -58.381955, -34.593918 ], [ -58.383777, -34.592648 ], [ -58.384238, -34.592338 ], [ -58.386978, -34.590535 ], [ -58.388883, -34.590541 ], [ -58.390958, -34.590597 ], [ -58.392137, -34.591333 ], [ -58.394024, -34.593483 ] ] ] } },
{ "type": "Feature", "properties": { "group_index": 0, "value": 600.0, "id_punto": "2_221", "sector": 2.0 }, "geometry": { "type": "Polygon", "coordinates": [ [ [ -58.40139, -34.594897 ], [ -58.401365, -34.594937 ], [ -58.400383, -34.596488 ], [ -58.399155, -34.597804 ], [ -58.396531, -34.59991 ], [ -58.394325, -34.601524 ], [ -58.392685, -34.602598 ], [ -58.391409, -34.602749 ], [ -58.391051, -34.602714 ], [ -58.389008, -34.600864 ], [ -58.38542, -34.597553 ], [ -58.38406, -34.596213 ], [ -58.383456, -34.595595 ], [ -58.383486, -34.595236 ], [ -58.384818, -34.594088 ], [ -58.387922, -34.590203 ], [ -58.388154, -34.589928 ], [ -58.389933, -34.589736 ], [ -58.390053, -34.589737 ], [ -58.391974, -34.589776 ], [ -58.395715, -34.589852 ], [ -58.395896, -34.589857 ], [ -58.398757, -34.592308 ], [ -58.401295, -34.59455 ], [ -58.40139, -34.594897 ] ] ] } },
{ "type": "Feature", "properties": { "group_index": 0, "value": 600.0, "id_punto": "2_222", "sector": 2.0 }, "geometry": { "type": "Polygon", "coordinates": [ [ [ -58.39403, -34.588865 ], [ -58.394823, -34.593348 ], [ -58.394884, -34.593703 ], [ -58.393964, -34.59493 ], [ -58.393304, -34.595768 ], [ -58.393021, -34.596042 ], [ -58.389911, -34.598358 ], [ -58.386968, -34.599942 ], [ -58.386609, -34.599915 ], [ -58.38524, -34.599737 ], [ -58.38511, -34.599715 ], [ -58.382755, -34.598017 ], [ -58.379533, -34.594288 ], [ -58.378014, -34.593032 ], [ -58.378007, -34.592672 ], [ -58.381713, -34.588627 ], [ -58.382286, -34.588075 ], [ -58.382564, -34.587922 ], [ -58.383549, -34.587387 ], [ -58.383812, -34.587244 ], [ -58.384303, -34.587217 ], [ -58.385433, -34.587181 ], [ -58.389127, -34.587293 ], [ -58.391995, -34.587304 ], [ -58.392631, -34.587564 ], [ -58.39386, -34.588548 ], [ -58.39403, -34.588865 ] ] ] } },
{ "type": "Feature", "properties": { "group_index": 0, "value": 600.0, "id_punto": "2_223", "sector": 2.0 }, "geometry": { "type": "Polygon", "coordinates": [ [ [ -58.393607, -34.593552 ], [ -58.396534, -34.597082 ], [ -58.396651, -34.598818 ], [ -58.395385, -34.599893 ], [ -58.392398, -34.602138 ], [ -58.389421, -34.604351 ], [ -58.388077, -34.60531 ], [ -58.387717, -34.605306 ], [ -58.38368, -34.602334 ], [ -58.38282, -34.601594 ], [ -58.381636, -34.600539 ], [ -58.37979, -34.597884 ], [ -58.379808, -34.597524 ], [ -58.38016, -34.596352 ], [ -58.382341, -34.594618 ], [ -58.38428, -34.59338 ], [ -58.387324, -34.590834 ], [ -58.389209, -34.590828 ], [ -58.390657, -34.590849 ], [ -58.391841, -34.591577 ], [ -58.39208, -34.591803 ], [ -58.393607, -34.593552 ] ] ] } },
{ "type": "Feature", "properties": { "group_index": 0, "value": 600.0, "id_punto": "2_224", "sector": 2.0 }, "geometry": { "type": "Polygon", "coordinates": [ [ [ -58.400549, -34.587495 ], [ -58.401286, -34.591654 ], [ -58.400738, -34.592998 ], [ -58.400255, -34.594079 ], [ -58.399617, -34.595265 ], [ -58.399465, -34.595494 ], [ -58.398865, -34.596146 ], [ -58.397728, -34.597208 ], [ -58.396137, -34.598315 ], [ -58.393171, -34.59923 ], [ -58.392813, -34.599188 ], [ -58.391788, -34.598754 ], [ -58.388204, -34.596183 ], [ -58.38799, -34.596023 ], [ -58.387888, -34.595929 ], [ -58.386698, -34.594778 ], [ -58.386731, -34.593002 ], [ -58.386741, -34.592642 ], [ -58.387332, -34.587947 ], [ -58.387919, -34.586632 ], [ -58.388172, -34.586377 ], [ -58.391363, -34.585784 ], [ -58.39501, -34.586182 ], [ -58.398177, -34.58635 ], [ -58.399505, -34.58676 ], [ -58.400362, -34.587188 ], [ -58.400549, -34.587495 ] ] ] } },
{ "type": "Feature", "properties": { "group_index": 0, "value": 600.0, "id_punto": "2_225", "sector": 2.0 }, "geometry": { "type": "Polygon", "coordinates": [ [ [ -58.393917, -34.593501 ], [ -58.39685, -34.597068 ], [ -58.396866, -34.597428 ], [ -58.39531, -34.598888 ], [ -58.394037, -34.599876 ], [ -58.389497, -34.603187 ], [ -58.388027, -34.604235 ], [ -58.387894, -34.604224 ], [ -58.386727, -34.603984 ], [ -58.386378, -34.603897 ], [ -58.38427, -34.602476 ], [ -58.383694, -34.602077 ], [ -58.383132, -34.601605 ], [ -58.382054, -34.60056 ], [ -58.380659, -34.5992 ], [ -58.379335, -34.597862 ], [ -58.378731, -34.596566 ], [ -58.378767, -34.596208 ], [ -58.380284, -34.595068 ], [ -58.381863, -34.593915 ], [ -58.38423, -34.592248 ], [ -58.386906, -34.590467 ], [ -58.388807, -34.590477 ], [ -58.389072, -34.590483 ], [ -58.390881, -34.590661 ], [ -58.392192, -34.591401 ], [ -58.392206, -34.591414 ], [ -58.393917, -34.593501 ] ] ] } },
{ "type": "Feature", "properties": { "group_index": 0, "value": 600.0, "id_punto": "2_226", "sector": 2.0 }, "geometry": { "type": "Polygon", "coordinates": [ [ [ -58.397572, -34.592675 ], [ -58.398525, -34.594174 ], [ -58.398604, -34.594525 ], [ -58.398609, -34.595434 ], [ -58.39851, -34.595606 ], [ -58.396821, -34.59743 ], [ -58.395168, -34.598888 ], [ -58.393895, -34.599871 ], [ -58.389667, -34.60287 ], [ -58.389308, -34.60285 ], [ -58.386585, -34.600611 ], [ -58.383323, -34.597737 ], [ -58.381402, -34.595526 ], [ -58.381305, -34.595404 ], [ -58.381307, -34.595346 ], [ -58.381316, -34.595202 ], [ -58.381328, -34.595035 ], [ -58.381626, -34.594082 ], [ -58.381721, -34.593921 ], [ -58.385399, -34.589494 ], [ -58.385659, -34.589245 ], [ -58.387401, -34.589202 ], [ -58.390625, -34.589228 ], [ -58.394559, -34.58935 ], [ -58.397572, -34.592675 ] ] ] } },
{ "type": "Feature", "properties": { "group_index": 0, "value": 600.0, "id_punto": "2_227", "sector": 2.0 }, "geometry": { "type": "Polygon", "coordinates": [ [ [ -58.396265, -34.593045 ], [ -58.397278, -34.595388 ], [ -58.397318, -34.595745 ], [ -58.397235, -34.595847 ], [ -58.39561, -34.597454 ], [ -58.393968, -34.598888 ], [ -58.389672, -34.601997 ], [ -58.388131, -34.603054 ], [ -58.387771, -34.603039 ], [ -58.383966, -34.600213 ], [ -58.381725, -34.598226 ], [ -58.379624, -34.595372 ], [ -58.379656, -34.595013 ], [ -58.380652, -34.593946 ], [ -58.381437, -34.593132 ], [ -58.38529, -34.58938 ], [ -58.38555, -34.589131 ], [ -58.390667, -34.589191 ], [ -58.392632, -34.589266 ], [ -58.393727, -34.590008 ], [ -58.396265, -34.593045 ] ] ] } },
{ "type": "Feature", "properties": { "group_index": 0, "value": 600.0, "id_punto": "2_228", "sector": 2.0 }, "geometry": { "type": "Polygon", "coordinates": [ [ [ -58.401929, -34.588105 ], [ -58.403039, -34.590761 ], [ -58.403014, -34.591246 ], [ -58.402622, -34.592325 ], [ -58.402124, -34.593422 ], [ -58.401457, -34.594878 ], [ -58.400403, -34.596539 ], [ -58.399156, -34.597815 ], [ -58.396104, -34.599901 ], [ -58.395969, -34.599973 ], [ -58.395611, -34.599932 ], [ -58.391598, -34.59758 ], [ -58.388312, -34.595201 ], [ -58.387886, -34.594829 ], [ -58.387901, -34.59447 ], [ -58.388509, -34.590697 ], [ -58.388611, -34.587808 ], [ -58.388628, -34.587317 ], [ -58.388875, -34.587056 ], [ -58.391881, -34.586749 ], [ -58.394568, -34.586721 ], [ -58.397614, -34.586879 ], [ -58.400089, -34.587354 ], [ -58.401745, -34.587796 ], [ -58.401929, -34.588105 ] ] ] } },
{ "type": "Feature", "properties": { "group_index": 0, "value": 600.0, "id_punto": "2_229", "sector": 2.0 }, "geometry": { "type": "Polygon", "coordinates": [ [ [ -58.397686, -34.592641 ], [ -58.398643, -34.594147 ], [ -58.398722, -34.594499 ], [ -58.398387, -34.595621 ], [ -58.398306, -34.595709 ], [ -58.396699, -34.597435 ], [ -58.395045, -34.598888 ], [ -58.393773, -34.599867 ], [ -58.389673, -34.60277 ], [ -58.389314, -34.60275 ], [ -58.386571, -34.600418 ], [ -58.383391, -34.597724 ], [ -58.381525, -34.595536 ], [ -58.381402, -34.595389 ], [ -58.381316, -34.595202 ], [ -58.381321, -34.595136 ], [ -58.381628, -34.59392 ], [ -58.385324, -34.589415 ], [ -58.385583, -34.589166 ], [ -58.387323, -34.589125 ], [ -58.390708, -34.589155 ], [ -58.394647, -34.58928 ], [ -58.397686, -34.592641 ] ] ] } },
{ "type": "Feature", "properties": { "group_index": 0, "value": 600.0, "id_punto": "2_230", "sector": 2.0 }, "geometry": { "type": "Polygon", "coordinates": [ [ [ -58.39123, -34.589187 ], [ -58.394372, -34.593425 ], [ -58.394433, -34.59378 ], [ -58.394158, -34.594908 ], [ -58.393828, -34.596034 ], [ -58.393736, -34.596122 ], [ -58.390519, -34.598719 ], [ -58.388301, -34.600288 ], [ -58.385403, -34.602294 ], [ -58.385044, -34.602266 ], [ -58.384847, -34.602217 ], [ -58.383681, -34.601625 ], [ -58.381626, -34.599773 ], [ -58.379814, -34.597885 ], [ -58.379664, -34.597711 ], [ -58.377061, -34.594326 ], [ -58.377296, -34.593831 ], [ -58.37842, -34.592656 ], [ -58.379911, -34.591251 ], [ -58.382862, -34.588635 ], [ -58.383185, -34.588474 ], [ -58.38701, -34.588808 ], [ -58.390905, -34.588904 ], [ -58.391005, -34.588905 ], [ -58.39123, -34.589187 ] ] ] } },
{ "type": "Feature", "properties": { "group_index": 0, "value": 600.0, "id_punto": "2_231", "sector": 2.0 }, "geometry": { "type": "Polygon", "coordinates": [ [ [ -58.393255, -34.588874 ], [ -58.393426, -34.589191 ], [ -58.393533, -34.589416 ], [ -58.395241, -34.593276 ], [ -58.395302, -34.593631 ], [ -58.395033, -34.594834 ], [ -58.394117, -34.59602 ], [ -58.394025, -34.596109 ], [ -58.392165, -34.597647 ], [ -58.390709, -34.598735 ], [ -58.388295, -34.600441 ], [ -58.386907, -34.601373 ], [ -58.386548, -34.601358 ], [ -58.384675, -34.59996 ], [ -58.382504, -34.598203 ], [ -58.382204, -34.59795 ], [ -58.379176, -34.594287 ], [ -58.379177, -34.593927 ], [ -58.379878, -34.592677 ], [ -58.381243, -34.591374 ], [ -58.383772, -34.587843 ], [ -58.384027, -34.587589 ], [ -58.385888, -34.587643 ], [ -58.391498, -34.587869 ], [ -58.392399, -34.587953 ], [ -58.393255, -34.588874 ] ] ] } },
{ "type": "Feature", "properties": { "group_index": 0, "value": 600.0, "id_punto": "2_232", "sector": 2.0 }, "geometry": { "type": "Polygon", "coordinates": [ [ [ -58.398888, -34.58827 ], [ -58.399526, -34.592378 ], [ -58.39855, -34.594537 ], [ -58.397577, -34.595798 ], [ -58.395817, -34.597457 ], [ -58.393161, -34.599315 ], [ -58.392804, -34.599273 ], [ -58.389557, -34.598227 ], [ -58.388098, -34.597448 ], [ -58.386455, -34.595981 ], [ -58.386233, -34.595761 ], [ -58.385158, -34.59468 ], [ -58.38464, -34.593006 ], [ -58.384638, -34.592646 ], [ -58.385718, -34.586877 ], [ -58.385922, -34.58658 ], [ -58.386009, -34.586486 ], [ -58.391314, -34.585806 ], [ -58.396474, -34.586519 ], [ -58.397891, -34.586618 ], [ -58.398138, -34.58688 ], [ -58.398888, -34.58827 ] ] ] } },
{ "type": "Feature", "properties": { "group_index": 0, "value": 600.0, "id_punto": "2_233", "sector": 2.0 }, "geometry": { "type": "Polygon", "coordinates": [ [ [ -58.395448, -34.597092 ], [ -58.395443, -34.597452 ], [ -58.393897, -34.598888 ], [ -58.389605, -34.601994 ], [ -58.386727, -34.603984 ], [ -58.385318, -34.603889 ], [ -58.38496, -34.603853 ], [ -58.383293, -34.603079 ], [ -58.380421, -34.600334 ], [ -58.379182, -34.599144 ], [ -58.377948, -34.597813 ], [ -58.377332, -34.596476 ], [ -58.377352, -34.596116 ], [ -58.381437, -34.592958 ], [ -58.384289, -34.590967 ], [ -58.386912, -34.590473 ], [ -58.388813, -34.590482 ], [ -58.389065, -34.590488 ], [ -58.391031, -34.592209 ], [ -58.392566, -34.593708 ], [ -58.395448, -34.597092 ] ] ] } },
{ "type": "Feature", "properties": { "group_index": 0, "value": 600.0, "id_punto": "2_234", "sector": 2.0 }, "geometry": { "type": "Polygon", "coordinates": [ [ [ -58.399728, -34.595083 ], [ -58.40043, -34.596507 ], [ -58.400537, -34.596851 ], [ -58.399209, -34.598584 ], [ -58.397747, -34.599936 ], [ -58.397667, -34.599997 ], [ -58.396154, -34.601134 ], [ -58.392834, -34.603629 ], [ -58.391011, -34.60411 ], [ -58.390651, -34.604098 ], [ -58.38961, -34.603193 ], [ -58.386992, -34.600768 ], [ -58.383413, -34.597501 ], [ -58.383237, -34.597332 ], [ -58.383076, -34.597009 ], [ -58.383099, -34.59665 ], [ -58.384139, -34.59542 ], [ -58.384284, -34.595278 ], [ -58.387231, -34.592655 ], [ -58.388526, -34.590711 ], [ -58.388758, -34.590435 ], [ -58.390738, -34.590462 ], [ -58.391116, -34.590468 ], [ -58.393101, -34.590528 ], [ -58.394898, -34.59071 ], [ -58.397622, -34.592806 ], [ -58.399728, -34.595083 ] ] ] } },
{ "type": "Feature", "properties": { "group_index": 0, "value": 600.0, "id_punto": "2_235", "sector": 2.0 }, "geometry": { "type": "Polygon", "coordinates": [ [ [ -58.391282, -34.589146 ], [ -58.394442, -34.593413 ], [ -58.394503, -34.593768 ], [ -58.394229, -34.5949 ], [ -58.393288, -34.59605 ], [ -58.393193, -34.596128 ], [ -58.389995, -34.598675 ], [ -58.388712, -34.599594 ], [ -58.385437, -34.601861 ], [ -58.385202, -34.601887 ], [ -58.385112, -34.601896 ], [ -58.384804, -34.601753 ], [ -58.383745, -34.60119 ], [ -58.381635, -34.599622 ], [ -58.381378, -34.599378 ], [ -58.377266, -34.595294 ], [ -58.376791, -34.59481 ], [ -58.376673, -34.59439 ], [ -58.377128, -34.593424 ], [ -58.379707, -34.590891 ], [ -58.382768, -34.588059 ], [ -58.382833, -34.588023 ], [ -58.386965, -34.588762 ], [ -58.388966, -34.588846 ], [ -58.390856, -34.588861 ], [ -58.391057, -34.588864 ], [ -58.391282, -34.589146 ] ] ] } },
{ "type": "Feature", "properties": { "group_index": 0, "value": 600.0, "id_punto": "2_236", "sector": 2.0 }, "geometry": { "type": "Polygon", "coordinates": [ [ [ -58.393011, -34.593648 ], [ -58.394478, -34.595728 ], [ -58.394494, -34.596087 ], [ -58.392727, -34.597664 ], [ -58.391152, -34.598984 ], [ -58.388268, -34.600979 ], [ -58.385389, -34.603056 ], [ -58.38503, -34.603025 ], [ -58.384126, -34.602563 ], [ -58.382305, -34.601577 ], [ -58.38077, -34.600355 ], [ -58.378094, -34.597802 ], [ -58.376962, -34.595643 ], [ -58.37691, -34.595435 ], [ -58.376982, -34.594666 ], [ -58.377135, -34.594466 ], [ -58.377353, -34.594247 ], [ -58.380866, -34.591329 ], [ -58.383216, -34.589345 ], [ -58.383539, -34.589185 ], [ -58.383833, -34.58924 ], [ -58.387959, -34.589752 ], [ -58.389974, -34.589807 ], [ -58.390011, -34.589808 ], [ -58.390112, -34.589901 ], [ -58.393011, -34.593648 ] ] ] } },
{ "type": "Feature", "properties": { "group_index": 0, "value": 600.0, "id_punto": "2_237", "sector": 2.0 }, "geometry": { "type": "Polygon", "coordinates": [ [ [ -58.401039, -34.591366 ], [ -58.401175, -34.591699 ], [ -58.400316, -34.594058 ], [ -58.399669, -34.595253 ], [ -58.399523, -34.595482 ], [ -58.398876, -34.5962 ], [ -58.397711, -34.597338 ], [ -58.396098, -34.59858 ], [ -58.394333, -34.599886 ], [ -58.39294, -34.600829 ], [ -58.392584, -34.600774 ], [ -58.391323, -34.600167 ], [ -58.388072, -34.597785 ], [ -58.386044, -34.595974 ], [ -58.384749, -34.594644 ], [ -58.384781, -34.594285 ], [ -58.384817, -34.594104 ], [ -58.385768, -34.59264 ], [ -58.387148, -34.587808 ], [ -58.387365, -34.58752 ], [ -58.389269, -34.58743 ], [ -58.391995, -34.587304 ], [ -58.392179, -34.587298 ], [ -58.395392, -34.587361 ], [ -58.397421, -34.58749 ], [ -58.397957, -34.587725 ], [ -58.398808, -34.588148 ], [ -58.398999, -34.588348 ], [ -58.401039, -34.591366 ] ] ] } },
{ "type": "Feature", "properties": { "group_index": 0, "value": 600.0, "id_punto": "2_238", "sector": 2.0 }, "geometry": { "type": "Polygon", "coordinates": [ [ [ -58.399415, -34.593974 ], [ -58.399494, -34.594325 ], [ -58.398743, -34.595558 ], [ -58.396806, -34.59743 ], [ -58.395095, -34.598888 ], [ -58.393823, -34.599868 ], [ -58.393005, -34.600412 ], [ -58.391571, -34.60119 ], [ -58.38971, -34.602112 ], [ -58.389351, -34.602092 ], [ -58.386614, -34.599854 ], [ -58.383693, -34.597048 ], [ -58.382192, -34.595466 ], [ -58.382003, -34.594513 ], [ -58.381992, -34.594302 ], [ -58.382002, -34.593942 ], [ -58.382018, -34.593917 ], [ -58.385528, -34.589628 ], [ -58.385787, -34.589379 ], [ -58.387534, -34.589333 ], [ -58.390484, -34.589353 ], [ -58.394409, -34.589467 ], [ -58.39557, -34.590127 ], [ -58.39835, -34.592439 ], [ -58.399415, -34.593974 ] ] ] } },
{ "type": "Feature", "properties": { "group_index": 0, "value": 600.0, "id_punto": "2_239", "sector": 2.0 }, "geometry": { "type": "Polygon", "coordinates": [ [ [ -58.390895, -34.59398 ], [ -58.393706, -34.597058 ], [ -58.39421, -34.598527 ], [ -58.394211, -34.598887 ], [ -58.392953, -34.599838 ], [ -58.389976, -34.602012 ], [ -58.38812, -34.603317 ], [ -58.386698, -34.604313 ], [ -58.385225, -34.605313 ], [ -58.384865, -34.6053 ], [ -58.383487, -34.604648 ], [ -58.382053, -34.603889 ], [ -58.381851, -34.60367 ], [ -58.378821, -34.600271 ], [ -58.376526, -34.59775 ], [ -58.37654, -34.59739 ], [ -58.377704, -34.596135 ], [ -58.381437, -34.593255 ], [ -58.384144, -34.591356 ], [ -58.385757, -34.590995 ], [ -58.388378, -34.59103 ], [ -58.390895, -34.59398 ] ] ] } },
{ "type": "Feature", "properties": { "group_index": 0, "value": 600.0, "id_punto": "2_240", "sector": 2.0 }, "geometry": { "type": "Polygon", "coordinates": [ [ [ -58.393611, -34.589091 ], [ -58.395024, -34.593314 ], [ -58.395085, -34.593668 ], [ -58.394812, -34.594848 ], [ -58.393897, -34.596031 ], [ -58.393804, -34.596119 ], [ -58.390489, -34.598716 ], [ -58.388303, -34.600259 ], [ -58.386915, -34.601191 ], [ -58.386556, -34.601176 ], [ -58.384803, -34.599867 ], [ -58.382394, -34.598 ], [ -58.379397, -34.594288 ], [ -58.379398, -34.593928 ], [ -58.379672, -34.592681 ], [ -58.381024, -34.591348 ], [ -58.383644, -34.587574 ], [ -58.383689, -34.587548 ], [ -58.383764, -34.587508 ], [ -58.383884, -34.587443 ], [ -58.385749, -34.587502 ], [ -58.390492, -34.5877 ], [ -58.39235, -34.587769 ], [ -58.39344, -34.588774 ], [ -58.393611, -34.589091 ] ] ] } },
{ "type": "Feature", "properties": { "group_index": 0, "value": 600.0, "id_punto": "2_241", "sector": 2.0 }, "geometry": { "type": "Polygon", "coordinates": [ [ [ -58.402645, -34.59102 ], [ -58.402632, -34.591072 ], [ -58.402163, -34.592491 ], [ -58.401759, -34.593552 ], [ -58.401078, -34.594981 ], [ -58.401015, -34.595097 ], [ -58.400284, -34.596225 ], [ -58.399116, -34.597488 ], [ -58.395897, -34.599897 ], [ -58.394395, -34.600885 ], [ -58.394039, -34.600833 ], [ -58.39264, -34.600413 ], [ -58.391364, -34.599805 ], [ -58.391265, -34.599745 ], [ -58.3881, -34.597422 ], [ -58.386486, -34.595982 ], [ -58.386264, -34.595762 ], [ -58.385189, -34.594683 ], [ -58.385221, -34.594324 ], [ -58.38737, -34.589677 ], [ -58.388526, -34.588442 ], [ -58.392627, -34.588476 ], [ -58.394202, -34.58849 ], [ -58.396077, -34.588549 ], [ -58.397398, -34.588628 ], [ -58.398597, -34.588813 ], [ -58.39955, -34.589087 ], [ -58.40078, -34.589761 ], [ -58.402569, -34.590852 ], [ -58.402637, -34.590914 ], [ -58.402645, -34.59102 ] ] ] } },
{ "type": "Feature", "properties": { "group_index": 0, "value": 600.0, "id_punto": "2_242", "sector": 2.0 }, "geometry": { "type": "Polygon", "coordinates": [ [ [ -58.387475, -34.591778 ], [ -58.390774, -34.595541 ], [ -58.390772, -34.595901 ], [ -58.38842, -34.598555 ], [ -58.386167, -34.600712 ], [ -58.385489, -34.601142 ], [ -58.384451, -34.601579 ], [ -58.381852, -34.602649 ], [ -58.380995, -34.602684 ], [ -58.380938, -34.602681 ], [ -58.379426, -34.601227 ], [ -58.375202, -34.59817 ], [ -58.374559, -34.597617 ], [ -58.373429, -34.59637 ], [ -58.373446, -34.59601 ], [ -58.373905, -34.593652 ], [ -58.374973, -34.592252 ], [ -58.375253, -34.592026 ], [ -58.376211, -34.591392 ], [ -58.379017, -34.589631 ], [ -58.380607, -34.588943 ], [ -58.380953, -34.588808 ], [ -58.381594, -34.588693 ], [ -58.385151, -34.590059 ], [ -58.3866, -34.59077 ], [ -58.387475, -34.591778 ] ] ] } },
{ "type": "Feature", "properties": { "group_index": 0, "value": 600.0, "id_punto": "2_243", "sector": 2.0 }, "geometry": { "type": "Polygon", "coordinates": [ [ [ -58.394068, -34.589923 ], [ -58.396589, -34.592961 ], [ -58.39668, -34.593309 ], [ -58.396451, -34.594724 ], [ -58.395535, -34.595949 ], [ -58.394929, -34.596572 ], [ -58.392068, -34.598828 ], [ -58.39082, -34.599717 ], [ -58.388236, -34.601554 ], [ -58.386705, -34.60183 ], [ -58.386693, -34.601829 ], [ -58.384475, -34.600151 ], [ -58.382147, -34.598182 ], [ -58.381918, -34.597959 ], [ -58.378818, -34.594286 ], [ -58.378819, -34.593926 ], [ -58.380123, -34.592672 ], [ -58.381506, -34.591474 ], [ -58.384928, -34.58849 ], [ -58.386772, -34.588559 ], [ -58.391281, -34.588685 ], [ -58.393041, -34.589081 ], [ -58.393974, -34.58981 ], [ -58.394068, -34.589923 ] ] ] } },
{ "type": "Feature", "properties": { "group_index": 0, "value": 600.0, "id_punto": "2_244", "sector": 2.0 }, "geometry": { "type": "Polygon", "coordinates": [ [ [ -58.392504, -34.598497 ], [ -58.392476, -34.599453 ], [ -58.392456, -34.599812 ], [ -58.391609, -34.600851 ], [ -58.391538, -34.600928 ], [ -58.390183, -34.602023 ], [ -58.388765, -34.603132 ], [ -58.385214, -34.605598 ], [ -58.383779, -34.606116 ], [ -58.38342, -34.606104 ], [ -58.381653, -34.605232 ], [ -58.380639, -34.604457 ], [ -58.376871, -34.600129 ], [ -58.375723, -34.59888 ], [ -58.375527, -34.597678 ], [ -58.375551, -34.597319 ], [ -58.376511, -34.596081 ], [ -58.37675, -34.595856 ], [ -58.381087, -34.59266 ], [ -58.381418, -34.592428 ], [ -58.384049, -34.591237 ], [ -58.384511, -34.591246 ], [ -58.385622, -34.591554 ], [ -58.386836, -34.592645 ], [ -58.389819, -34.595696 ], [ -58.39242, -34.598181 ], [ -58.392504, -34.598497 ] ] ] } },
{ "type": "Feature", "properties": { "group_index": 0, "value": 600.0, "id_punto": "2_245", "sector": 2.0 }, "geometry": { "type": "Polygon", "coordinates": [ [ [ -58.39566, -34.597095 ], [ -58.395655, -34.597455 ], [ -58.395045, -34.598888 ], [ -58.393787, -34.599867 ], [ -58.390809, -34.602055 ], [ -58.387901, -34.604166 ], [ -58.386676, -34.604955 ], [ -58.386317, -34.604943 ], [ -58.383456, -34.603002 ], [ -58.38061, -34.600345 ], [ -58.378902, -34.597841 ], [ -58.37853, -34.596545 ], [ -58.378567, -34.596187 ], [ -58.383269, -34.592648 ], [ -58.386774, -34.590341 ], [ -58.388665, -34.590358 ], [ -58.389223, -34.590372 ], [ -58.391183, -34.592087 ], [ -58.392774, -34.59368 ], [ -58.39566, -34.597095 ] ] ] } },
{ "type": "Feature", "properties": { "group_index": 0, "value": 600.0, "id_punto": "2_246", "sector": 2.0 }, "geometry": { "type": "Polygon", "coordinates": [ [ [ -58.400859, -34.593629 ], [ -58.400875, -34.593669 ], [ -58.400876, -34.59367 ], [ -58.400892, -34.593709 ], [ -58.400816, -34.59389 ], [ -58.400105, -34.595252 ], [ -58.399977, -34.595417 ], [ -58.398971, -34.596634 ], [ -58.396652, -34.598818 ], [ -58.395371, -34.599893 ], [ -58.39378, -34.601029 ], [ -58.392833, -34.601669 ], [ -58.391438, -34.602454 ], [ -58.39108, -34.602419 ], [ -58.389367, -34.600882 ], [ -58.385437, -34.597354 ], [ -58.384081, -34.595998 ], [ -58.383716, -34.595617 ], [ -58.383462, -34.59454 ], [ -58.383489, -34.594181 ], [ -58.385129, -34.592644 ], [ -58.386931, -34.589244 ], [ -58.387184, -34.588988 ], [ -58.390864, -34.589019 ], [ -58.391039, -34.589023 ], [ -58.394807, -34.589155 ], [ -58.395012, -34.589173 ], [ -58.396567, -34.589314 ], [ -58.399601, -34.591957 ], [ -58.400859, -34.593629 ] ] ] } },
{ "type": "Feature", "properties": { "group_index": 0, "value": 600.0, "id_punto": "2_247", "sector": 2.0 }, "geometry": { "type": "Polygon", "coordinates": [ [ [ -58.398227, -34.592477 ], [ -58.398331, -34.592821 ], [ -58.398328, -34.594496 ], [ -58.398296, -34.594594 ], [ -58.397484, -34.595726 ], [ -58.3974, -34.595824 ], [ -58.395777, -34.597457 ], [ -58.394134, -34.598888 ], [ -58.393126, -34.599619 ], [ -58.38978, -34.602003 ], [ -58.389715, -34.60202 ], [ -58.389356, -34.602 ], [ -58.387902, -34.601074 ], [ -58.386598, -34.600062 ], [ -58.383531, -34.597283 ], [ -58.381772, -34.595412 ], [ -58.380862, -34.594312 ], [ -58.380872, -34.593952 ], [ -58.381437, -34.593313 ], [ -58.384967, -34.589043 ], [ -58.385227, -34.588794 ], [ -58.386965, -34.588761 ], [ -58.392908, -34.588819 ], [ -58.39507, -34.588955 ], [ -58.398227, -34.592477 ] ] ] } },
{ "type": "Feature", "properties": { "group_index": 0, "value": 600.0, "id_punto": "2_248", "sector": 2.0 }, "geometry": { "type": "Polygon", "coordinates": [ [ [ -58.401431, -34.591595 ], [ -58.401122, -34.59378 ], [ -58.400421, -34.595163 ], [ -58.400355, -34.595274 ], [ -58.400076, -34.59568 ], [ -58.399031, -34.596905 ], [ -58.397602, -34.598048 ], [ -58.396034, -34.599281 ], [ -58.395209, -34.599892 ], [ -58.393618, -34.601022 ], [ -58.39285, -34.601536 ], [ -58.392493, -34.601491 ], [ -58.391245, -34.60092 ], [ -58.388054, -34.59802 ], [ -58.385747, -34.595962 ], [ -58.384465, -34.594619 ], [ -58.384497, -34.59426 ], [ -58.386903, -34.589217 ], [ -58.388004, -34.588004 ], [ -58.392411, -34.587978 ], [ -58.395675, -34.588057 ], [ -58.397766, -34.588211 ], [ -58.398234, -34.588297 ], [ -58.401296, -34.591262 ], [ -58.401431, -34.591595 ] ] ] } },
{ "type": "Feature", "properties": { "group_index": 0, "value": 600.0, "id_punto": "2_249", "sector": 2.0 }, "geometry": { "type": "Polygon", "coordinates": [ [ [ -58.398429, -34.592416 ], [ -58.398533, -34.59276 ], [ -58.398302, -34.594435 ], [ -58.398221, -34.594611 ], [ -58.397407, -34.595735 ], [ -58.397323, -34.595835 ], [ -58.395699, -34.597456 ], [ -58.394056, -34.598888 ], [ -58.393133, -34.599555 ], [ -58.389702, -34.601999 ], [ -58.389538, -34.60199 ], [ -58.38936, -34.601936 ], [ -58.387912, -34.600897 ], [ -58.386609, -34.599911 ], [ -58.383611, -34.597043 ], [ -58.381967, -34.595428 ], [ -58.381077, -34.594318 ], [ -58.381087, -34.593958 ], [ -58.381504, -34.593553 ], [ -58.384871, -34.588634 ], [ -58.384878, -34.588629 ], [ -58.386832, -34.588622 ], [ -58.390649, -34.588677 ], [ -58.391276, -34.588689 ], [ -58.392791, -34.588727 ], [ -58.392849, -34.588729 ], [ -58.394662, -34.588799 ], [ -58.395228, -34.588834 ], [ -58.398429, -34.592416 ] ] ] } },
{ "type": "Feature", "properties": { "group_index": 0, "value": 600.0, "id_punto": "2_250", "sector": 2.0 }, "geometry": { "type": "Polygon", "coordinates": [ [ [ -58.390233, -34.588372 ], [ -58.390855, -34.589505 ], [ -58.392481, -34.59372 ], [ -58.392529, -34.594077 ], [ -58.392231, -34.595078 ], [ -58.391395, -34.595906 ], [ -58.391288, -34.596005 ], [ -58.389582, -34.597386 ], [ -58.385588, -34.600688 ], [ -58.38411, -34.601128 ], [ -58.383751, -34.601105 ], [ -58.382301, -34.600377 ], [ -58.381622, -34.599844 ], [ -58.381034, -34.599215 ], [ -58.37663, -34.595168 ], [ -58.376379, -34.594419 ], [ -58.376704, -34.592698 ], [ -58.379302, -34.589664 ], [ -58.379328, -34.589642 ], [ -58.37933, -34.58964 ], [ -58.379357, -34.589619 ], [ -58.384162, -34.587053 ], [ -58.384507, -34.587106 ], [ -58.390007, -34.588091 ], [ -58.390233, -34.588372 ] ] ] } },
{ "type": "Feature", "properties": { "group_index": 0, "value": 600.0, "id_punto": "2_251", "sector": 2.0 }, "geometry": { "type": "Polygon", "coordinates": [ [ [ -58.396054, -34.593101 ], [ -58.397079, -34.5943 ], [ -58.397993, -34.595383 ], [ -58.398034, -34.595741 ], [ -58.396438, -34.597447 ], [ -58.394797, -34.598887 ], [ -58.393524, -34.599858 ], [ -58.390497, -34.602039 ], [ -58.389682, -34.60261 ], [ -58.388137, -34.602902 ], [ -58.387778, -34.602887 ], [ -58.384357, -34.600285 ], [ -58.384087, -34.600047 ], [ -58.381979, -34.598171 ], [ -58.381861, -34.598055 ], [ -58.381761, -34.597948 ], [ -58.380271, -34.595428 ], [ -58.380302, -34.59507 ], [ -58.381389, -34.593967 ], [ -58.381475, -34.593897 ], [ -58.385848, -34.589957 ], [ -58.386096, -34.589696 ], [ -58.390065, -34.589726 ], [ -58.391986, -34.589766 ], [ -58.393402, -34.590278 ], [ -58.396054, -34.593101 ] ] ] } },
{ "type": "Feature", "properties": { "group_index": 0, "value": 600.0, "id_punto": "2_252", "sector": 2.0 }, "geometry": { "type": "Polygon", "coordinates": [ [ [ -58.389809, -34.589943 ], [ -58.392663, -34.593695 ], [ -58.392711, -34.594052 ], [ -58.392788, -34.595566 ], [ -58.392783, -34.595926 ], [ -58.392679, -34.596034 ], [ -58.391002, -34.597397 ], [ -58.386944, -34.600765 ], [ -58.385439, -34.601829 ], [ -58.384449, -34.602222 ], [ -58.38404, -34.602342 ], [ -58.383681, -34.602323 ], [ -58.382318, -34.601674 ], [ -58.380687, -34.60035 ], [ -58.378072, -34.597801 ], [ -58.376477, -34.596163 ], [ -58.376381, -34.596048 ], [ -58.376283, -34.595859 ], [ -58.376287, -34.594307 ], [ -58.376388, -34.594042 ], [ -58.376965, -34.593026 ], [ -58.379508, -34.590539 ], [ -58.382366, -34.588031 ], [ -58.382564, -34.587922 ], [ -58.382565, -34.587922 ], [ -58.382764, -34.587813 ], [ -58.383256, -34.587788 ], [ -58.389021, -34.588884 ], [ -58.389809, -34.589943 ] ] ] } },
{ "type": "Feature", "properties": { "group_index": 0, "value": 600.0, "id_punto": "2_253", "sector": 2.0 }, "geometry": { "type": "Polygon", "coordinates": [ [ [ -58.401956, -34.588089 ], [ -58.402936, -34.59084 ], [ -58.402918, -34.591162 ], [ -58.402506, -34.592367 ], [ -58.401347, -34.594881 ], [ -58.401255, -34.595056 ], [ -58.400361, -34.596428 ], [ -58.399142, -34.5977 ], [ -58.395963, -34.599898 ], [ -58.395814, -34.599895 ], [ -58.395625, -34.599817 ], [ -58.391611, -34.597465 ], [ -58.389646, -34.596053 ], [ -58.388327, -34.595086 ], [ -58.388026, -34.594835 ], [ -58.388041, -34.594475 ], [ -58.388427, -34.590628 ], [ -58.388518, -34.587868 ], [ -58.38856, -34.587252 ], [ -58.388807, -34.586991 ], [ -58.391842, -34.586658 ], [ -58.394301, -34.586677 ], [ -58.397636, -34.586859 ], [ -58.400116, -34.587338 ], [ -58.401772, -34.58778 ], [ -58.401956, -34.588089 ] ] ] } },
{ "type": "Feature", "properties": { "group_index": 0, "value": 600.0, "id_punto": "2_254", "sector": 2.0 }, "geometry": { "type": "Polygon", "coordinates": [ [ [ -58.402622, -34.590939 ], [ -58.402626, -34.590954 ], [ -58.402572, -34.591119 ], [ -58.402094, -34.592516 ], [ -58.401682, -34.593579 ], [ -58.401, -34.595003 ], [ -58.400936, -34.595118 ], [ -58.400259, -34.59616 ], [ -58.399107, -34.59742 ], [ -58.395997, -34.599735 ], [ -58.394405, -34.600817 ], [ -58.394049, -34.600765 ], [ -58.39263, -34.600481 ], [ -58.391356, -34.599873 ], [ -58.388095, -34.59749 ], [ -58.386403, -34.59598 ], [ -58.386181, -34.595759 ], [ -58.385106, -34.594676 ], [ -58.385138, -34.594317 ], [ -58.387317, -34.589624 ], [ -58.38847, -34.588392 ], [ -58.394214, -34.588389 ], [ -58.397579, -34.588572 ], [ -58.398645, -34.588869 ], [ -58.399483, -34.589128 ], [ -58.400711, -34.589799 ], [ -58.402569, -34.590852 ], [ -58.402581, -34.590863 ], [ -58.402622, -34.590939 ] ] ] } },
{ "type": "Feature", "properties": { "group_index": 0, "value": 600.0, "id_punto": "2_255", "sector": 2.0 }, "geometry": { "type": "Polygon", "coordinates": [ [ [ -58.391056, -34.589326 ], [ -58.394125, -34.593466 ], [ -58.394183, -34.593822 ], [ -58.393907, -34.594936 ], [ -58.393104, -34.59593 ], [ -58.391272, -34.597395 ], [ -58.389673, -34.598649 ], [ -58.388387, -34.599576 ], [ -58.385285, -34.601748 ], [ -58.385269, -34.601747 ], [ -58.385268, -34.601747 ], [ -58.385252, -34.601746 ], [ -58.383751, -34.601105 ], [ -58.382301, -34.600376 ], [ -58.381622, -34.599844 ], [ -58.381033, -34.599215 ], [ -58.37663, -34.595168 ], [ -58.376379, -34.594418 ], [ -58.376491, -34.594168 ], [ -58.377024, -34.59317 ], [ -58.37958, -34.590666 ], [ -58.382519, -34.587947 ], [ -58.382564, -34.587922 ], [ -58.382565, -34.587922 ], [ -58.38261, -34.587897 ], [ -58.383103, -34.587873 ], [ -58.387203, -34.588719 ], [ -58.390817, -34.589057 ], [ -58.391056, -34.589326 ] ] ] } },
{ "type": "Feature", "properties": { "group_index": 0, "value": 600.0, "id_punto": "2_256", "sector": 2.0 }, "geometry": { "type": "Polygon", "coordinates": [ [ [ -58.391227, -34.593923 ], [ -58.394046, -34.597065 ], [ -58.394037, -34.597425 ], [ -58.392433, -34.598853 ], [ -58.389608, -34.600893 ], [ -58.386817, -34.602872 ], [ -58.38532, -34.60387 ], [ -58.383557, -34.603727 ], [ -58.382811, -34.603389 ], [ -58.381897, -34.602834 ], [ -58.380404, -34.601501 ], [ -58.376375, -34.597744 ], [ -58.375846, -34.596541 ], [ -58.375786, -34.596361 ], [ -58.375786, -34.596356 ], [ -58.375786, -34.596318 ], [ -58.375787, -34.596302 ], [ -58.375829, -34.596181 ], [ -58.377452, -34.594898 ], [ -58.381396, -34.591882 ], [ -58.383724, -34.590322 ], [ -58.384042, -34.590153 ], [ -58.388619, -34.590833 ], [ -58.391227, -34.593923 ] ] ] } },
{ "type": "Feature", "properties": { "group_index": 0, "value": 600.0, "id_punto": "2_257", "sector": 2.0 }, "geometry": { "type": "Polygon", "coordinates": [ [ [ -58.394933, -34.596678 ], [ -58.395277, -34.597089 ], [ -58.395429, -34.598529 ], [ -58.395428, -34.598889 ], [ -58.394169, -34.59988 ], [ -58.389673, -34.603196 ], [ -58.388217, -34.604251 ], [ -58.386666, -34.60525 ], [ -58.386307, -34.605237 ], [ -58.382963, -34.603188 ], [ -58.38028, -34.600325 ], [ -58.37852, -34.597822 ], [ -58.378537, -34.597463 ], [ -58.378946, -34.596226 ], [ -58.380464, -34.595084 ], [ -58.382026, -34.593917 ], [ -58.38381, -34.592647 ], [ -58.387024, -34.590579 ], [ -58.388938, -34.590582 ], [ -58.390908, -34.592307 ], [ -58.392397, -34.593731 ], [ -58.394933, -34.596678 ] ] ] } },
{ "type": "Feature", "properties": { "group_index": 0, "value": 600.0, "id_punto": "2_258", "sector": 2.0 }, "geometry": { "type": "Polygon", "coordinates": [ [ [ -58.399564, -34.591972 ], [ -58.399703, -34.592305 ], [ -58.39874, -34.594494 ], [ -58.39848, -34.594853 ], [ -58.397594, -34.595943 ], [ -58.396014, -34.59746 ], [ -58.39408, -34.598888 ], [ -58.393131, -34.599575 ], [ -58.391664, -34.600358 ], [ -58.391306, -34.600317 ], [ -58.388035, -34.598268 ], [ -58.385554, -34.596073 ], [ -58.384167, -34.594595 ], [ -58.383319, -34.593009 ], [ -58.38332, -34.592649 ], [ -58.385334, -34.587593 ], [ -58.38559, -34.587341 ], [ -58.389266, -34.587427 ], [ -58.392126, -34.587293 ], [ -58.392201, -34.587291 ], [ -58.396657, -34.587706 ], [ -58.396875, -34.587871 ], [ -58.399564, -34.591972 ] ] ] } },
{ "type": "Feature", "properties": { "group_index": 0, "value": 600.0, "id_punto": "2_259", "sector": 2.0 }, "geometry": { "type": "Polygon", "coordinates": [ [ [ -58.401668, -34.593202 ], [ -58.40179, -34.593541 ], [ -58.40111, -34.594972 ], [ -58.401047, -34.595088 ], [ -58.400294, -34.596252 ], [ -58.399119, -34.597516 ], [ -58.395997, -34.599899 ], [ -58.394368, -34.601131 ], [ -58.392766, -34.60214 ], [ -58.392412, -34.602078 ], [ -58.39117, -34.601545 ], [ -58.390436, -34.600913 ], [ -58.388005, -34.598807 ], [ -58.385522, -34.596565 ], [ -58.384808, -34.595888 ], [ -58.384707, -34.595792 ], [ -58.384613, -34.59568 ], [ -58.384249, -34.594447 ], [ -58.384253, -34.594396 ], [ -58.387521, -34.589825 ], [ -58.387774, -34.589569 ], [ -58.388816, -34.588709 ], [ -58.3928, -34.588741 ], [ -58.396329, -34.58884 ], [ -58.397078, -34.588884 ], [ -58.400253, -34.591683 ], [ -58.401668, -34.593202 ] ] ] } },
{ "type": "Feature", "properties": { "group_index": 0, "value": 600.0, "id_punto": "2_260", "sector": 2.0 }, "geometry": { "type": "Polygon", "coordinates": [ [ [ -58.390437, -34.588207 ], [ -58.39105, -34.589332 ], [ -58.391514, -34.590609 ], [ -58.392199, -34.593758 ], [ -58.392248, -34.594115 ], [ -58.39195, -34.595099 ], [ -58.391109, -34.595904 ], [ -58.391003, -34.595999 ], [ -58.389297, -34.597366 ], [ -58.385401, -34.600494 ], [ -58.384125, -34.600893 ], [ -58.383766, -34.60087 ], [ -58.382272, -34.600067 ], [ -58.381633, -34.599649 ], [ -58.381268, -34.599306 ], [ -58.377035, -34.595076 ], [ -58.376782, -34.59482 ], [ -58.376687, -34.594713 ], [ -58.376426, -34.593064 ], [ -58.376418, -34.592704 ], [ -58.379107, -34.589714 ], [ -58.379133, -34.589692 ], [ -58.384401, -34.586924 ], [ -58.384746, -34.586977 ], [ -58.390211, -34.587927 ], [ -58.390437, -34.588207 ] ] ] } },
{ "type": "Feature", "properties": { "group_index": 0, "value": 600.0, "id_punto": "2_261", "sector": 2.0 }, "geometry": { "type": "Polygon", "coordinates": [ [ [ -58.391058, -34.589325 ], [ -58.394127, -34.593466 ], [ -58.394185, -34.593821 ], [ -58.394079, -34.596022 ], [ -58.393987, -34.59611 ], [ -58.392211, -34.597648 ], [ -58.39077, -34.59874 ], [ -58.388293, -34.600495 ], [ -58.385387, -34.602501 ], [ -58.385028, -34.602473 ], [ -58.38463, -34.602401 ], [ -58.383707, -34.601832 ], [ -58.383429, -34.601616 ], [ -58.381617, -34.599945 ], [ -58.380886, -34.599209 ], [ -58.379563, -34.597873 ], [ -58.377573, -34.595416 ], [ -58.377461, -34.595046 ], [ -58.377332, -34.594122 ], [ -58.377377, -34.594027 ], [ -58.378631, -34.592688 ], [ -58.380197, -34.591249 ], [ -58.382958, -34.588826 ], [ -58.38328, -34.588666 ], [ -58.387162, -34.588966 ], [ -58.390818, -34.589056 ], [ -58.391058, -34.589325 ] ] ] } },
{ "type": "Feature", "properties": { "group_index": 0, "value": 600.0, "id_punto": "2_262", "sector": 2.0 }, "geometry": { "type": "Polygon", "coordinates": [ [ [ -58.38978, -34.588736 ], [ -58.390384, -34.589923 ], [ -58.393269, -34.593768 ], [ -58.393271, -34.593776 ], [ -58.392838, -34.595037 ], [ -58.392056, -34.595875 ], [ -58.391895, -34.596018 ], [ -58.390203, -34.5974 ], [ -58.386981, -34.59977 ], [ -58.385519, -34.600714 ], [ -58.38533, -34.600781 ], [ -58.384084, -34.600801 ], [ -58.383774, -34.600737 ], [ -58.38228, -34.599933 ], [ -58.381639, -34.599538 ], [ -58.380149, -34.597914 ], [ -58.377097, -34.595007 ], [ -58.376741, -34.594474 ], [ -58.377367, -34.592684 ], [ -58.379419, -34.590381 ], [ -58.380801, -34.589128 ], [ -58.381696, -34.5884 ], [ -58.38213, -34.588161 ], [ -58.382564, -34.587922 ], [ -58.383549, -34.587387 ], [ -58.383584, -34.587368 ], [ -58.383928, -34.587419 ], [ -58.389554, -34.588455 ], [ -58.38978, -34.588736 ] ] ] } },
{ "type": "Feature", "properties": { "group_index": 0, "value": 600.0, "id_punto": "2_263", "sector": 2.0 }, "geometry": { "type": "Polygon", "coordinates": [ [ [ -58.388652, -34.590805 ], [ -58.38888, -34.591084 ], [ -58.391187, -34.59393 ], [ -58.392441, -34.595562 ], [ -58.392436, -34.595922 ], [ -58.392332, -34.596028 ], [ -58.390655, -34.597398 ], [ -58.386787, -34.600758 ], [ -58.385449, -34.601699 ], [ -58.384047, -34.602213 ], [ -58.382473, -34.602332 ], [ -58.382114, -34.60231 ], [ -58.381875, -34.602153 ], [ -58.381027, -34.60142 ], [ -58.379507, -34.599943 ], [ -58.37524, -34.5968 ], [ -58.375099, -34.596419 ], [ -58.375008, -34.595786 ], [ -58.375007, -34.595731 ], [ -58.375005, -34.595596 ], [ -58.375005, -34.594901 ], [ -58.375252, -34.593618 ], [ -58.375282, -34.593505 ], [ -58.3794, -34.590121 ], [ -58.380716, -34.589174 ], [ -58.38083, -34.589112 ], [ -58.383381, -34.588868 ], [ -58.386135, -34.589422 ], [ -58.38781, -34.589824 ], [ -58.388652, -34.590805 ] ] ] } },
{ "type": "Feature", "properties": { "group_index": 0, "value": 600.0, "id_punto": "2_264", "sector": 2.0 }, "geometry": { "type": "Polygon", "coordinates": [ [ [ -58.394959, -34.593325 ], [ -58.396475, -34.595515 ], [ -58.39687, -34.597067 ], [ -58.396886, -34.597427 ], [ -58.39533, -34.598888 ], [ -58.394057, -34.599876 ], [ -58.389517, -34.603188 ], [ -58.388047, -34.604237 ], [ -58.387894, -34.604224 ], [ -58.387677, -34.604153 ], [ -58.383745, -34.601199 ], [ -58.383001, -34.600534 ], [ -58.381709, -34.599338 ], [ -58.380389, -34.597935 ], [ -58.379788, -34.596674 ], [ -58.379824, -34.596316 ], [ -58.380768, -34.59511 ], [ -58.381368, -34.594486 ], [ -58.381953, -34.593918 ], [ -58.38641, -34.589995 ], [ -58.388245, -34.590004 ], [ -58.390242, -34.590017 ], [ -58.391637, -34.590043 ], [ -58.392765, -34.590806 ], [ -58.394959, -34.593325 ] ] ] } },
{ "type": "Feature", "properties": { "group_index": 0, "value": 600.0, "id_punto": "2_265", "sector": 2.0 }, "geometry": { "type": "Polygon", "coordinates": [ [ [ -58.395212, -34.593281 ], [ -58.395854, -34.595572 ], [ -58.395874, -34.595931 ], [ -58.39578, -34.596025 ], [ -58.394939, -34.596805 ], [ -58.392511, -34.598858 ], [ -58.389686, -34.600897 ], [ -58.386814, -34.602928 ], [ -58.386637, -34.602929 ], [ -58.386431, -34.60292 ], [ -58.383756, -34.601017 ], [ -58.383222, -34.600549 ], [ -58.382047, -34.599433 ], [ -58.380588, -34.597952 ], [ -58.378542, -34.595277 ], [ -58.378574, -34.594919 ], [ -58.379206, -34.593927 ], [ -58.38051, -34.592667 ], [ -58.381399, -34.591953 ], [ -58.385174, -34.588739 ], [ -58.391004, -34.588907 ], [ -58.392946, -34.590656 ], [ -58.395212, -34.593281 ] ] ] } },
{ "type": "Feature", "properties": { "group_index": 0, "value": 600.0, "id_punto": "2_266", "sector": 2.0 }, "geometry": { "type": "Polygon", "coordinates": [ [ [ -58.389396, -34.589044 ], [ -58.389882, -34.590336 ], [ -58.390347, -34.591588 ], [ -58.390438, -34.593166 ], [ -58.390148, -34.594091 ], [ -58.389617, -34.594904 ], [ -58.385282, -34.598331 ], [ -58.384232, -34.599066 ], [ -58.382659, -34.599648 ], [ -58.3823, -34.599625 ], [ -58.381073, -34.599412 ], [ -58.376117, -34.59632 ], [ -58.373933, -34.593994 ], [ -58.373867, -34.593896 ], [ -58.373818, -34.593698 ], [ -58.373893, -34.59308 ], [ -58.374402, -34.591551 ], [ -58.374676, -34.591317 ], [ -58.379513, -34.588962 ], [ -58.380401, -34.588494 ], [ -58.383796, -34.587252 ], [ -58.38414, -34.587305 ], [ -58.386298, -34.587796 ], [ -58.388007, -34.588197 ], [ -58.38917, -34.588764 ], [ -58.389396, -34.589044 ] ] ] } },
{ "type": "Feature", "properties": { "group_index": 0, "value": 600.0, "id_punto": "2_267", "sector": 2.0 }, "geometry": { "type": "Polygon", "coordinates": [ [ [ -58.39022, -34.594309 ], [ -58.391243, -34.595545 ], [ -58.39124, -34.595905 ], [ -58.388579, -34.598567 ], [ -58.38631, -34.600718 ], [ -58.38548, -34.601274 ], [ -58.384442, -34.60173 ], [ -58.381662, -34.60285 ], [ -58.38164, -34.60285 ], [ -58.381632, -34.602849 ], [ -58.381542, -34.602844 ], [ -58.379447, -34.600895 ], [ -58.375214, -34.597763 ], [ -58.375052, -34.597648 ], [ -58.373923, -34.596392 ], [ -58.373939, -34.596033 ], [ -58.374326, -34.593435 ], [ -58.375325, -34.592283 ], [ -58.376311, -34.591442 ], [ -58.379184, -34.589586 ], [ -58.3805, -34.588999 ], [ -58.380813, -34.588885 ], [ -58.381455, -34.588769 ], [ -58.38371, -34.589312 ], [ -58.385521, -34.589822 ], [ -58.38694, -34.590501 ], [ -58.39022, -34.594309 ] ] ] } },
{ "type": "Feature", "properties": { "group_index": 0, "value": 600.0, "id_punto": "2_268", "sector": 2.0 }, "geometry": { "type": "Polygon", "coordinates": [ [ [ -58.395347, -34.598528 ], [ -58.395347, -34.598888 ], [ -58.394088, -34.599878 ], [ -58.389591, -34.603192 ], [ -58.388136, -34.604244 ], [ -58.386669, -34.605187 ], [ -58.386309, -34.605175 ], [ -58.384878, -34.605038 ], [ -58.383507, -34.604392 ], [ -58.382176, -34.603704 ], [ -58.379133, -34.600282 ], [ -58.377104, -34.597774 ], [ -58.377122, -34.597415 ], [ -58.378014, -34.596152 ], [ -58.3811, -34.593959 ], [ -58.38157, -34.593711 ], [ -58.384236, -34.59232 ], [ -58.386512, -34.591686 ], [ -58.387945, -34.591355 ], [ -58.387982, -34.591354 ], [ -58.391087, -34.593947 ], [ -58.394435, -34.597074 ], [ -58.395347, -34.598528 ] ] ] } },
{ "type": "Feature", "properties": { "group_index": 0, "value": 600.0, "id_punto": "2_269", "sector": 2.0 }, "geometry": { "type": "Polygon", "coordinates": [ [ [ -58.401844, -34.588156 ], [ -58.403116, -34.590702 ], [ -58.403087, -34.59131 ], [ -58.40271, -34.592294 ], [ -58.402221, -34.593388 ], [ -58.401558, -34.594851 ], [ -58.400434, -34.596622 ], [ -58.399167, -34.597902 ], [ -58.39621, -34.599903 ], [ -58.395959, -34.60006 ], [ -58.395601, -34.600019 ], [ -58.391589, -34.597667 ], [ -58.388301, -34.595288 ], [ -58.38778, -34.594825 ], [ -58.387795, -34.594465 ], [ -58.388583, -34.590759 ], [ -58.388694, -34.587755 ], [ -58.38869, -34.587376 ], [ -58.388937, -34.587114 ], [ -58.391916, -34.586831 ], [ -58.392026, -34.586827 ], [ -58.394628, -34.586793 ], [ -58.397505, -34.586928 ], [ -58.400004, -34.587406 ], [ -58.401659, -34.587847 ], [ -58.401844, -34.588156 ] ] ] } },
{ "type": "Feature", "properties": { "group_index": 0, "value": 600.0, "id_punto": "2_270", "sector": 2.0 }, "geometry": { "type": "Polygon", "coordinates": [ [ [ -58.398002, -34.596987 ], [ -58.398041, -34.597345 ], [ -58.396492, -34.598833 ], [ -58.39521, -34.599892 ], [ -58.390664, -34.603248 ], [ -58.389607, -34.603999 ], [ -58.387901, -34.604166 ], [ -58.38778, -34.604159 ], [ -58.38375, -34.601115 ], [ -58.383103, -34.600541 ], [ -58.380492, -34.597944 ], [ -58.37989, -34.596684 ], [ -58.379926, -34.596326 ], [ -58.381446, -34.595168 ], [ -58.382333, -34.59452 ], [ -58.384284, -34.593187 ], [ -58.387161, -34.590697 ], [ -58.389053, -34.590685 ], [ -58.390822, -34.590709 ], [ -58.391018, -34.590713 ], [ -58.392339, -34.591157 ], [ -58.394605, -34.593385 ], [ -58.398002, -34.596987 ] ] ] } },
{ "type": "Feature", "properties": { "group_index": 0, "value": 600.0, "id_punto": "2_271", "sector": 2.0 }, "geometry": { "type": "Polygon", "coordinates": [ [ [ -58.396466, -34.588327 ], [ -58.397843, -34.592593 ], [ -58.397947, -34.592938 ], [ -58.397128, -34.594657 ], [ -58.396228, -34.595907 ], [ -58.39494, -34.597235 ], [ -58.392801, -34.598877 ], [ -58.3899, -34.600906 ], [ -58.389775, -34.600969 ], [ -58.389416, -34.600949 ], [ -58.387954, -34.599995 ], [ -58.3874, -34.599523 ], [ -58.385403, -34.597757 ], [ -58.382578, -34.595038 ], [ -58.382014, -34.594346 ], [ -58.381913, -34.59321 ], [ -58.381888, -34.59285 ], [ -58.381903, -34.59256 ], [ -58.383946, -34.588017 ], [ -58.384201, -34.587763 ], [ -58.38596, -34.587716 ], [ -58.38777, -34.587827 ], [ -58.392119, -34.587656 ], [ -58.396242, -34.588045 ], [ -58.396466, -34.588327 ] ] ] } },
{ "type": "Feature", "properties": { "group_index": 0, "value": 600.0, "id_punto": "2_272", "sector": 2.0 }, "geometry": { "type": "Polygon", "coordinates": [ [ [ -58.400387, -34.592017 ], [ -58.399483, -34.594327 ], [ -58.398732, -34.59556 ], [ -58.396795, -34.597431 ], [ -58.393577, -34.59986 ], [ -58.393036, -34.600211 ], [ -58.391593, -34.600989 ], [ -58.391236, -34.600949 ], [ -58.389445, -34.600416 ], [ -58.388046, -34.599558 ], [ -58.385445, -34.597263 ], [ -58.382605, -34.594431 ], [ -58.382636, -34.594073 ], [ -58.385622, -34.589726 ], [ -58.386475, -34.588769 ], [ -58.386736, -34.588521 ], [ -58.392668, -34.588519 ], [ -58.397077, -34.588884 ], [ -58.400252, -34.591683 ], [ -58.400387, -34.592017 ] ] ] } },
{ "type": "Feature", "properties": { "group_index": 0, "value": 600.0, "id_punto": "2_273", "sector": 2.0 }, "geometry": { "type": "Polygon", "coordinates": [ [ [ -58.399438, -34.58818 ], [ -58.400678, -34.5919 ], [ -58.399804, -34.594229 ], [ -58.399033, -34.595584 ], [ -58.397118, -34.597417 ], [ -58.396165, -34.598128 ], [ -58.393781, -34.599867 ], [ -58.39301, -34.600378 ], [ -58.392654, -34.600322 ], [ -58.391376, -34.599752 ], [ -58.388107, -34.597331 ], [ -58.386597, -34.595983 ], [ -58.386492, -34.595881 ], [ -58.386375, -34.595767 ], [ -58.385299, -34.594693 ], [ -58.385331, -34.594334 ], [ -58.385933, -34.592639 ], [ -58.386733, -34.587545 ], [ -58.386742, -34.587498 ], [ -58.386961, -34.587213 ], [ -58.391778, -34.586878 ], [ -58.395752, -34.587089 ], [ -58.397255, -34.587201 ], [ -58.398396, -34.58745 ], [ -58.399247, -34.587874 ], [ -58.399438, -34.58818 ] ] ] } },
{ "type": "Feature", "properties": { "group_index": 0, "value": 600.0, "id_punto": "2_274", "sector": 2.0 }, "geometry": { "type": "Polygon", "coordinates": [ [ [ -58.395028, -34.58919 ], [ -58.397996, -34.592547 ], [ -58.398778, -34.594117 ], [ -58.398857, -34.594468 ], [ -58.39806, -34.595659 ], [ -58.397978, -34.595747 ], [ -58.396369, -34.59745 ], [ -58.394715, -34.598887 ], [ -58.393442, -34.599855 ], [ -58.39036, -34.602032 ], [ -58.389688, -34.602498 ], [ -58.389329, -34.602478 ], [ -58.386589, -34.600185 ], [ -58.383425, -34.597488 ], [ -58.381665, -34.595406 ], [ -58.381356, -34.594326 ], [ -58.381366, -34.593966 ], [ -58.381595, -34.59377 ], [ -58.385119, -34.589202 ], [ -58.385379, -34.588953 ], [ -58.387116, -34.58892 ], [ -58.39294, -34.588935 ], [ -58.394889, -34.589092 ], [ -58.394943, -34.5891 ], [ -58.395028, -34.58919 ] ] ] } },
{ "type": "Feature", "properties": { "group_index": 0, "value": 600.0, "id_punto": "2_275", "sector": 2.0 }, "geometry": { "type": "Polygon", "coordinates": [ [ [ -58.400843, -34.594673 ], [ -58.400939, -34.59502 ], [ -58.400875, -34.595134 ], [ -58.400241, -34.596114 ], [ -58.399107, -34.597414 ], [ -58.396189, -34.599903 ], [ -58.394348, -34.60131 ], [ -58.392729, -34.602349 ], [ -58.391186, -34.603273 ], [ -58.391166, -34.603273 ], [ -58.388547, -34.600842 ], [ -58.385389, -34.597922 ], [ -58.384021, -34.596611 ], [ -58.382973, -34.595555 ], [ -58.383003, -34.595196 ], [ -58.384264, -34.594241 ], [ -58.387591, -34.589894 ], [ -58.387844, -34.589638 ], [ -58.389832, -34.589643 ], [ -58.390156, -34.589645 ], [ -58.392084, -34.58969 ], [ -58.39406, -34.589742 ], [ -58.395836, -34.589906 ], [ -58.398682, -34.59234 ], [ -58.400843, -34.594673 ] ] ] } },
{ "type": "Feature", "properties": { "group_index": 0, "value": 600.0, "id_punto": "2_276", "sector": 2.0 }, "geometry": { "type": "Polygon", "coordinates": [ [ [ -58.395498, -34.593232 ], [ -58.395559, -34.593587 ], [ -58.395583, -34.595947 ], [ -58.39493, -34.596604 ], [ -58.39222, -34.598839 ], [ -58.388228, -34.601688 ], [ -58.386834, -34.602622 ], [ -58.386474, -34.602599 ], [ -58.383772, -34.600777 ], [ -58.383513, -34.600568 ], [ -58.382273, -34.599409 ], [ -58.38088, -34.597977 ], [ -58.378832, -34.595303 ], [ -58.378915, -34.593927 ], [ -58.380218, -34.592671 ], [ -58.381389, -34.591713 ], [ -58.384988, -34.58855 ], [ -58.386831, -34.588621 ], [ -58.391213, -34.588739 ], [ -58.393152, -34.590486 ], [ -58.395498, -34.593232 ] ] ] } },
{ "type": "Feature", "properties": { "group_index": 0, "value": 600.0, "id_punto": "2_277", "sector": 2.0 }, "geometry": { "type": "Polygon", "coordinates": [ [ [ -58.399322, -34.588252 ], [ -58.400675, -34.591513 ], [ -58.400809, -34.591847 ], [ -58.39994, -34.594184 ], [ -58.399163, -34.595557 ], [ -58.397264, -34.59741 ], [ -58.396147, -34.598248 ], [ -58.393927, -34.599872 ], [ -58.392991, -34.600497 ], [ -58.392636, -34.600442 ], [ -58.391361, -34.599834 ], [ -58.391229, -34.599743 ], [ -58.388098, -34.597451 ], [ -58.38645, -34.595981 ], [ -58.386228, -34.595761 ], [ -58.385153, -34.59468 ], [ -58.385185, -34.594321 ], [ -58.38678, -34.588994 ], [ -58.386849, -34.58758 ], [ -58.386852, -34.587476 ], [ -58.387068, -34.587294 ], [ -58.391987, -34.587 ], [ -58.392088, -34.586998 ], [ -58.395657, -34.587161 ], [ -58.397154, -34.587288 ], [ -58.39828, -34.587523 ], [ -58.399131, -34.587947 ], [ -58.399322, -34.588252 ] ] ] } },
{ "type": "Feature", "properties": { "group_index": 0, "value": 600.0, "id_punto": "2_278", "sector": 2.0 }, "geometry": { "type": "Polygon", "coordinates": [ [ [ -58.401719, -34.591478 ], [ -58.400903, -34.593738 ], [ -58.400849, -34.593878 ], [ -58.400139, -34.595242 ], [ -58.400072, -34.59535 ], [ -58.398978, -34.596664 ], [ -58.397642, -34.597787 ], [ -58.396054, -34.599018 ], [ -58.394888, -34.59989 ], [ -58.393297, -34.601008 ], [ -58.392883, -34.601274 ], [ -58.392526, -34.601229 ], [ -58.391272, -34.600618 ], [ -58.388037, -34.598236 ], [ -58.385556, -34.596043 ], [ -58.384205, -34.594598 ], [ -58.384233, -34.594239 ], [ -58.386736, -34.589043 ], [ -58.38781, -34.587857 ], [ -58.392348, -34.587764 ], [ -58.395529, -34.587876 ], [ -58.397492, -34.587954 ], [ -58.397535, -34.587959 ], [ -58.397863, -34.588052 ], [ -58.398408, -34.58829 ], [ -58.401583, -34.591145 ], [ -58.401719, -34.591478 ] ] ] } },
{ "type": "Feature", "properties": { "group_index": 0, "value": 600.0, "id_punto": "2_279", "sector": 2.0 }, "geometry": { "type": "Polygon", "coordinates": [ [ [ -58.391014, -34.589364 ], [ -58.394065, -34.593476 ], [ -58.394123, -34.593832 ], [ -58.394143, -34.596019 ], [ -58.394051, -34.596107 ], [ -58.392267, -34.59765 ], [ -58.390833, -34.598745 ], [ -58.38829, -34.600547 ], [ -58.385383, -34.602553 ], [ -58.385024, -34.602525 ], [ -58.384412, -34.602419 ], [ -58.383704, -34.601884 ], [ -58.383366, -34.601614 ], [ -58.381614, -34.599988 ], [ -58.380823, -34.599207 ], [ -58.379499, -34.59787 ], [ -58.377576, -34.595431 ], [ -58.377417, -34.595084 ], [ -58.377382, -34.594089 ], [ -58.378728, -34.592701 ], [ -58.38026, -34.591257 ], [ -58.382982, -34.588875 ], [ -58.383304, -34.588714 ], [ -58.387203, -34.589006 ], [ -58.390775, -34.589095 ], [ -58.391014, -34.589364 ] ] ] } },
{ "type": "Feature", "properties": { "group_index": 0, "value": 600.0, "id_punto": "2_280", "sector": 2.0 }, "geometry": { "type": "Polygon", "coordinates": [ [ [ -58.40372, -34.592854 ], [ -58.403106, -34.594424 ], [ -58.403034, -34.594545 ], [ -58.400855, -34.597928 ], [ -58.399412, -34.59921 ], [ -58.395805, -34.601397 ], [ -58.394305, -34.601712 ], [ -58.393947, -34.601673 ], [ -58.39133, -34.600111 ], [ -58.390893, -34.599721 ], [ -58.386808, -34.595893 ], [ -58.386713, -34.595779 ], [ -58.386474, -34.594768 ], [ -58.38649, -34.594408 ], [ -58.388806, -34.590946 ], [ -58.38905, -34.590681 ], [ -58.389928, -34.589731 ], [ -58.3912, -34.589168 ], [ -58.396486, -34.58902 ], [ -58.39689, -34.589042 ], [ -58.398761, -34.589315 ], [ -58.399157, -34.58946 ], [ -58.401848, -34.591037 ], [ -58.403597, -34.592516 ], [ -58.40372, -34.592854 ] ] ] } },
{ "type": "Feature", "properties": { "group_index": 0, "value": 600.0, "id_punto": "2_281", "sector": 2.0 }, "geometry": { "type": "Polygon", "coordinates": [ [ [ -58.393646, -34.593545 ], [ -58.396574, -34.59708 ], [ -58.396591, -34.59744 ], [ -58.396611, -34.598822 ], [ -58.395345, -34.599893 ], [ -58.392358, -34.602136 ], [ -58.389382, -34.604347 ], [ -58.388078, -34.605277 ], [ -58.387718, -34.605273 ], [ -58.383682, -34.6023 ], [ -58.38286, -34.601596 ], [ -58.381783, -34.600546 ], [ -58.381671, -34.600427 ], [ -58.379831, -34.597886 ], [ -58.379848, -34.597526 ], [ -58.38012, -34.596348 ], [ -58.38234, -34.594601 ], [ -58.38428, -34.593346 ], [ -58.387296, -34.59081 ], [ -58.389182, -34.590803 ], [ -58.390685, -34.590825 ], [ -58.391877, -34.591562 ], [ -58.392093, -34.591786 ], [ -58.393646, -34.593545 ] ] ] } },
{ "type": "Feature", "properties": { "group_index": 0, "value": 600.0, "id_punto": "2_282", "sector": 2.0 }, "geometry": { "type": "Polygon", "coordinates": [ [ [ -58.394746, -34.588426 ], [ -58.395619, -34.593212 ], [ -58.39568, -34.593566 ], [ -58.394763, -34.594851 ], [ -58.393848, -34.596033 ], [ -58.393755, -34.596121 ], [ -58.39036, -34.598706 ], [ -58.38988, -34.599018 ], [ -58.386951, -34.600172 ], [ -58.386592, -34.600145 ], [ -58.38324, -34.597535 ], [ -58.381694, -34.595683 ], [ -58.378907, -34.593057 ], [ -58.3789, -34.592697 ], [ -58.380206, -34.59125 ], [ -58.383015, -34.587677 ], [ -58.383282, -34.587532 ], [ -58.383549, -34.587387 ], [ -58.383549, -34.587387 ], [ -58.384083, -34.587096 ], [ -58.385108, -34.586967 ], [ -58.385217, -34.586969 ], [ -58.390421, -34.587116 ], [ -58.392057, -34.587148 ], [ -58.392176, -34.58716 ], [ -58.392505, -34.58729 ], [ -58.394549, -34.588125 ], [ -58.394746, -34.588426 ] ] ] } },
{ "type": "Feature", "properties": { "group_index": 0, "value": 600.0, "id_punto": "2_283", "sector": 2.0 }, "geometry": { "type": "Polygon", "coordinates": [ [ [ -58.393965, -34.593493 ], [ -58.396899, -34.597066 ], [ -58.396915, -34.597426 ], [ -58.396289, -34.598853 ], [ -58.39502, -34.599891 ], [ -58.392034, -34.602118 ], [ -58.389059, -34.604321 ], [ -58.388081, -34.60501 ], [ -58.387721, -34.605005 ], [ -58.383696, -34.602033 ], [ -58.383185, -34.601607 ], [ -58.382107, -34.600562 ], [ -58.381995, -34.600447 ], [ -58.380146, -34.597914 ], [ -58.379759, -34.596671 ], [ -58.379796, -34.596313 ], [ -58.382668, -34.594075 ], [ -58.387068, -34.590619 ], [ -58.388955, -34.590602 ], [ -58.390916, -34.590632 ], [ -58.390929, -34.590633 ], [ -58.392083, -34.591355 ], [ -58.393965, -34.593493 ] ] ] } },
{ "type": "Feature", "properties": { "group_index": 0, "value": 600.0, "id_punto": "2_284", "sector": 2.0 }, "geometry": { "type": "Polygon", "coordinates": [ [ [ -58.390093, -34.588485 ], [ -58.390721, -34.589625 ], [ -58.392668, -34.593694 ], [ -58.392717, -34.594051 ], [ -58.392421, -34.595065 ], [ -58.391585, -34.595907 ], [ -58.391478, -34.596009 ], [ -58.389771, -34.5974 ], [ -58.385758, -34.600695 ], [ -58.384567, -34.601153 ], [ -58.384099, -34.601288 ], [ -58.38374, -34.601258 ], [ -58.382354, -34.600594 ], [ -58.381615, -34.599974 ], [ -58.380844, -34.599207 ], [ -58.376545, -34.595219 ], [ -58.37632, -34.594762 ], [ -58.376284, -34.594303 ], [ -58.376385, -34.594038 ], [ -58.376902, -34.592693 ], [ -58.379303, -34.58993 ], [ -58.379336, -34.589909 ], [ -58.383549, -34.587387 ], [ -58.383773, -34.587265 ], [ -58.383997, -34.587143 ], [ -58.384341, -34.587196 ], [ -58.389867, -34.588204 ], [ -58.390093, -34.588485 ] ] ] } },
{ "type": "Feature", "properties": { "group_index": 0, "value": 600.0, "id_punto": "2_285", "sector": 2.0 }, "geometry": { "type": "Polygon", "coordinates": [ [ [ -58.394276, -34.598527 ], [ -58.394277, -34.598887 ], [ -58.393575, -34.59986 ], [ -58.389177, -34.603163 ], [ -58.385202, -34.605939 ], [ -58.384843, -34.605926 ], [ -58.383381, -34.605254 ], [ -58.381766, -34.604343 ], [ -58.38135, -34.60397 ], [ -58.378051, -34.600236 ], [ -58.376499, -34.597749 ], [ -58.376512, -34.597389 ], [ -58.377638, -34.596132 ], [ -58.381437, -34.593346 ], [ -58.384209, -34.59201 ], [ -58.386254, -34.59146 ], [ -58.387836, -34.591475 ], [ -58.38807, -34.591748 ], [ -58.39015, -34.594108 ], [ -58.393366, -34.59705 ], [ -58.394276, -34.598527 ] ] ] } },
{ "type": "Feature", "properties": { "group_index": 0, "value": 600.0, "id_punto": "2_286", "sector": 2.0 }, "geometry": { "type": "Polygon", "coordinates": [ [ [ -58.393989, -34.588887 ], [ -58.394775, -34.593356 ], [ -58.394836, -34.593711 ], [ -58.394371, -34.594884 ], [ -58.393515, -34.595981 ], [ -58.39344, -34.59605 ], [ -58.393346, -34.596135 ], [ -58.390039, -34.598679 ], [ -58.388751, -34.599596 ], [ -58.388319, -34.599887 ], [ -58.386931, -34.600819 ], [ -58.386572, -34.600804 ], [ -58.385156, -34.599684 ], [ -58.383041, -34.597937 ], [ -58.379804, -34.594303 ], [ -58.379257, -34.59305 ], [ -58.37925, -34.59269 ], [ -58.380577, -34.591295 ], [ -58.383328, -34.587507 ], [ -58.383549, -34.587387 ], [ -58.383549, -34.587387 ], [ -58.38377, -34.587266 ], [ -58.384262, -34.587239 ], [ -58.385465, -34.587213 ], [ -58.390776, -34.587357 ], [ -58.392133, -34.587396 ], [ -58.392305, -34.587453 ], [ -58.392648, -34.587602 ], [ -58.393818, -34.58857 ], [ -58.393989, -34.588887 ] ] ] } },
{ "type": "Feature", "properties": { "group_index": 0, "value": 600.0, "id_punto": "2_287", "sector": 2.0 }, "geometry": { "type": "Polygon", "coordinates": [ [ [ -58.389023, -34.590966 ], [ -58.391471, -34.593882 ], [ -58.394295, -34.597071 ], [ -58.394286, -34.597431 ], [ -58.393623, -34.598889 ], [ -58.392362, -34.599807 ], [ -58.389734, -34.601698 ], [ -58.388142, -34.602839 ], [ -58.385253, -34.604834 ], [ -58.384893, -34.60481 ], [ -58.383524, -34.604164 ], [ -58.382146, -34.603414 ], [ -58.37941, -34.60029 ], [ -58.377296, -34.597784 ], [ -58.377104, -34.596463 ], [ -58.377124, -34.596104 ], [ -58.381281, -34.592869 ], [ -58.383957, -34.5909 ], [ -58.384245, -34.59075 ], [ -58.385373, -34.590627 ], [ -58.388795, -34.590688 ], [ -58.389023, -34.590966 ] ] ] } },
{ "type": "Feature", "properties": { "group_index": 0, "value": 600.0, "id_punto": "2_288", "sector": 2.0 }, "geometry": { "type": "Polygon", "coordinates": [ [ [ -58.389382, -34.590256 ], [ -58.392094, -34.593775 ], [ -58.392155, -34.59413 ], [ -58.392162, -34.595559 ], [ -58.392157, -34.595919 ], [ -58.392051, -34.596023 ], [ -58.391958, -34.596106 ], [ -58.390376, -34.597399 ], [ -58.386352, -34.60072 ], [ -58.385477, -34.601313 ], [ -58.385007, -34.601514 ], [ -58.384461, -34.601734 ], [ -58.384068, -34.601827 ], [ -58.383708, -34.601808 ], [ -58.38222, -34.601004 ], [ -58.381553, -34.600534 ], [ -58.380182, -34.599182 ], [ -58.378859, -34.597839 ], [ -58.376799, -34.595708 ], [ -58.376707, -34.594432 ], [ -58.377148, -34.593471 ], [ -58.379731, -34.590933 ], [ -58.382768, -34.588059 ], [ -58.382783, -34.588051 ], [ -58.386897, -34.588917 ], [ -58.388509, -34.589263 ], [ -58.389382, -34.590256 ] ] ] } },
{ "type": "Feature", "properties": { "group_index": 0, "value": 600.0, "id_punto": "2_289", "sector": 2.0 }, "geometry": { "type": "Polygon", "coordinates": [ [ [ -58.399845, -34.59185 ], [ -58.39999, -34.592179 ], [ -58.39905, -34.594425 ], [ -58.398586, -34.595103 ], [ -58.397971, -34.595748 ], [ -58.396346, -34.597451 ], [ -58.393129, -34.599845 ], [ -58.391634, -34.600621 ], [ -58.391277, -34.600581 ], [ -58.388039, -34.598215 ], [ -58.385558, -34.596023 ], [ -58.384231, -34.5946 ], [ -58.383836, -34.593006 ], [ -58.383827, -34.592647 ], [ -58.385536, -34.587799 ], [ -58.385793, -34.587546 ], [ -58.389518, -34.58767 ], [ -58.392282, -34.587531 ], [ -58.396428, -34.587894 ], [ -58.396576, -34.58796 ], [ -58.396658, -34.588026 ], [ -58.399845, -34.59185 ] ] ] } },
{ "type": "Feature", "properties": { "group_index": 0, "value": 600.0, "id_punto": "2_290", "sector": 2.0 }, "geometry": { "type": "Polygon", "coordinates": [ [ [ -58.394882, -34.593338 ], [ -58.396451, -34.595518 ], [ -58.396949, -34.597064 ], [ -58.396965, -34.597423 ], [ -58.395409, -34.598889 ], [ -58.394136, -34.599879 ], [ -58.389596, -34.603192 ], [ -58.388126, -34.604243 ], [ -58.387731, -34.604234 ], [ -58.387598, -34.604149 ], [ -58.38374, -34.601261 ], [ -58.382922, -34.600529 ], [ -58.381724, -34.599432 ], [ -58.380311, -34.597928 ], [ -58.379709, -34.596666 ], [ -58.379746, -34.596308 ], [ -58.381364, -34.594551 ], [ -58.382032, -34.593917 ], [ -58.386462, -34.590044 ], [ -58.3883, -34.59005 ], [ -58.390295, -34.590065 ], [ -58.391581, -34.590089 ], [ -58.392709, -34.590852 ], [ -58.394882, -34.593338 ] ] ] } },
{ "type": "Feature", "properties": { "group_index": 0, "value": 600.0, "id_punto": "2_291", "sector": 2.0 }, "geometry": { "type": "Polygon", "coordinates": [ [ [ -58.399135, -34.588368 ], [ -58.399829, -34.592028 ], [ -58.399813, -34.592257 ], [ -58.398857, -34.594468 ], [ -58.39852, -34.594947 ], [ -58.397976, -34.595548 ], [ -58.397854, -34.595683 ], [ -58.397773, -34.595771 ], [ -58.396282, -34.597333 ], [ -58.396146, -34.59746 ], [ -58.393131, -34.599576 ], [ -58.392773, -34.599534 ], [ -58.391454, -34.598919 ], [ -58.389568, -34.597982 ], [ -58.388118, -34.597186 ], [ -58.386773, -34.595986 ], [ -58.386668, -34.595888 ], [ -58.386551, -34.595773 ], [ -58.385474, -34.594708 ], [ -58.384958, -34.593004 ], [ -58.384956, -34.592644 ], [ -58.386027, -34.586951 ], [ -58.386246, -34.586665 ], [ -58.391619, -34.586131 ], [ -58.396259, -34.586701 ], [ -58.397682, -34.586816 ], [ -58.398945, -34.588063 ], [ -58.399135, -34.588368 ] ] ] } },
{ "type": "Feature", "properties": { "group_index": 0, "value": 600.0, "id_punto": "2_292", "sector": 2.0 }, "geometry": { "type": "Polygon", "coordinates": [ [ [ -58.397772, -34.592615 ], [ -58.397876, -34.592959 ], [ -58.396891, -34.594681 ], [ -58.395762, -34.595937 ], [ -58.395667, -34.59603 ], [ -58.394935, -34.596723 ], [ -58.392379, -34.59854 ], [ -58.391767, -34.598808 ], [ -58.389887, -34.598858 ], [ -58.389528, -34.598842 ], [ -58.388017, -34.59858 ], [ -58.385525, -34.596532 ], [ -58.38481, -34.595888 ], [ -58.384581, -34.595678 ], [ -58.381928, -34.593209 ], [ -58.381903, -34.592849 ], [ -58.381935, -34.59256 ], [ -58.383861, -34.587456 ], [ -58.384123, -34.587074 ], [ -58.385494, -34.586121 ], [ -58.391384, -34.585745 ], [ -58.396224, -34.586729 ], [ -58.396564, -34.586929 ], [ -58.397772, -34.592615 ] ] ] } },
{ "type": "Feature", "properties": { "group_index": 0, "value": 600.0, "id_punto": "2_293", "sector": 2.0 }, "geometry": { "type": "Polygon", "coordinates": [ [ [ -58.401581, -34.594844 ], [ -58.400443, -34.596646 ], [ -58.399175, -34.597968 ], [ -58.396732, -34.599915 ], [ -58.39431, -34.601665 ], [ -58.392656, -34.602762 ], [ -58.391067, -34.602549 ], [ -58.389209, -34.600874 ], [ -58.385433, -34.597399 ], [ -58.384076, -34.596047 ], [ -58.383657, -34.595612 ], [ -58.383686, -34.595253 ], [ -58.38481, -34.594183 ], [ -58.388063, -34.590322 ], [ -58.388295, -34.590046 ], [ -58.389799, -34.589613 ], [ -58.390189, -34.589615 ], [ -58.395584, -34.589726 ], [ -58.39604, -34.589741 ], [ -58.398937, -34.592234 ], [ -58.401486, -34.594497 ], [ -58.401581, -34.594844 ] ] ] } },
{ "type": "Feature", "properties": { "group_index": 0, "value": 600.0, "id_punto": "2_294", "sector": 2.0 }, "geometry": { "type": "Polygon", "coordinates": [ [ [ -58.395808, -34.593203 ], [ -58.395854, -34.593313 ], [ -58.39551, -34.594803 ], [ -58.394595, -34.595998 ], [ -58.394503, -34.596087 ], [ -58.391161, -34.598902 ], [ -58.386888, -34.601771 ], [ -58.386705, -34.60183 ], [ -58.386573, -34.601822 ], [ -58.383944, -34.600643 ], [ -58.383847, -34.600589 ], [ -58.382265, -34.5991 ], [ -58.381167, -34.597999 ], [ -58.377862, -34.594289 ], [ -58.37786, -34.593929 ], [ -58.379149, -34.592692 ], [ -58.380706, -34.59131 ], [ -58.383153, -34.589218 ], [ -58.383475, -34.589058 ], [ -58.384851, -34.588413 ], [ -58.386697, -34.588481 ], [ -58.391368, -34.588615 ], [ -58.393304, -34.590359 ], [ -58.395808, -34.593203 ] ] ] } },
{ "type": "Feature", "properties": { "group_index": 0, "value": 600.0, "id_punto": "2_295", "sector": 2.0 }, "geometry": { "type": "Polygon", "coordinates": [ [ [ -58.394605, -34.593385 ], [ -58.395803, -34.595574 ], [ -58.395822, -34.595934 ], [ -58.395728, -34.596027 ], [ -58.394937, -34.59677 ], [ -58.392473, -34.598856 ], [ -58.389648, -34.600895 ], [ -58.386816, -34.602899 ], [ -58.386637, -34.602929 ], [ -58.386466, -34.602921 ], [ -58.383827, -34.601631 ], [ -58.381632, -34.599672 ], [ -58.38126, -34.599304 ], [ -58.379954, -34.597897 ], [ -58.377907, -34.595228 ], [ -58.377935, -34.594869 ], [ -58.380413, -34.592668 ], [ -58.381395, -34.591873 ], [ -58.383635, -34.590155 ], [ -58.383953, -34.589985 ], [ -58.385571, -34.589153 ], [ -58.390553, -34.589292 ], [ -58.392509, -34.591017 ], [ -58.394605, -34.593385 ] ] ] } },
{ "type": "Feature", "properties": { "group_index": 0, "value": 600.0, "id_punto": "2_296", "sector": 2.0 }, "geometry": { "type": "Polygon", "coordinates": [ [ [ -58.400201, -34.596946 ], [ -58.399196, -34.598138 ], [ -58.397405, -34.59993 ], [ -58.397326, -34.599993 ], [ -58.395812, -34.601115 ], [ -58.394254, -34.602248 ], [ -58.392542, -34.603405 ], [ -58.39102, -34.603828 ], [ -58.39066, -34.603817 ], [ -58.389267, -34.603608 ], [ -58.384811, -34.599864 ], [ -58.382424, -34.598001 ], [ -58.381875, -34.596794 ], [ -58.381888, -34.596717 ], [ -58.382059, -34.596559 ], [ -58.383851, -34.595267 ], [ -58.387791, -34.591513 ], [ -58.387845, -34.591467 ], [ -58.388023, -34.59142 ], [ -58.389479, -34.591077 ], [ -58.390376, -34.59109 ], [ -58.392358, -34.591141 ], [ -58.394158, -34.591321 ], [ -58.396446, -34.592998 ], [ -58.398807, -34.595264 ], [ -58.400119, -34.596595 ], [ -58.400201, -34.596946 ] ] ] } },
{ "type": "Feature", "properties": { "group_index": 0, "value": 600.0, "id_punto": "2_297", "sector": 2.0 }, "geometry": { "type": "Polygon", "coordinates": [ [ [ -58.388803, -34.590681 ], [ -58.389031, -34.59096 ], [ -58.391344, -34.593903 ], [ -58.391405, -34.594258 ], [ -58.391088, -34.595173 ], [ -58.390834, -34.595902 ], [ -58.388176, -34.598537 ], [ -58.385946, -34.600703 ], [ -58.385503, -34.60094 ], [ -58.384129, -34.60157 ], [ -58.382307, -34.602152 ], [ -58.382245, -34.602149 ], [ -58.381689, -34.601659 ], [ -58.380949, -34.600988 ], [ -58.378852, -34.599132 ], [ -58.375701, -34.596806 ], [ -58.375668, -34.596779 ], [ -58.375316, -34.596421 ], [ -58.375244, -34.596335 ], [ -58.374634, -34.595085 ], [ -58.374587, -34.594979 ], [ -58.374531, -34.594806 ], [ -58.374565, -34.594134 ], [ -58.374661, -34.593255 ], [ -58.375366, -34.592265 ], [ -58.376099, -34.591536 ], [ -58.376362, -34.59129 ], [ -58.379181, -34.589332 ], [ -58.379507, -34.58918 ], [ -58.381635, -34.588433 ], [ -58.382585, -34.588158 ], [ -58.383041, -34.588186 ], [ -58.385076, -34.588638 ], [ -58.386662, -34.589073 ], [ -58.38796, -34.589703 ], [ -58.388803, -34.590681 ] ] ] } },
{ "type": "Feature", "properties": { "group_index": 0, "value": 600.0, "id_punto": "2_298", "sector": 2.0 }, "geometry": { "type": "Polygon", "coordinates": [ [ [ -58.39455, -34.593395 ], [ -58.396055, -34.59565 ], [ -58.39608, -34.59601 ], [ -58.394838, -34.597443 ], [ -58.393292, -34.59889 ], [ -58.389752, -34.601379 ], [ -58.388166, -34.602517 ], [ -58.386777, -34.603476 ], [ -58.386418, -34.603452 ], [ -58.383746, -34.601628 ], [ -58.381631, -34.599681 ], [ -58.381257, -34.599304 ], [ -58.379941, -34.597896 ], [ -58.378635, -34.595285 ], [ -58.378667, -34.594927 ], [ -58.379741, -34.593928 ], [ -58.381146, -34.592659 ], [ -58.385616, -34.5892 ], [ -58.390503, -34.589336 ], [ -58.392469, -34.59105 ], [ -58.39455, -34.593395 ] ] ] } },
{ "type": "Feature", "properties": { "group_index": 0, "value": 600.0, "id_punto": "2_299", "sector": 2.0 }, "geometry": { "type": "Polygon", "coordinates": [ [ [ -58.394097, -34.598528 ], [ -58.394097, -34.598888 ], [ -58.392836, -34.599833 ], [ -58.389862, -34.602007 ], [ -58.386701, -34.604225 ], [ -58.385228, -34.605219 ], [ -58.384868, -34.605206 ], [ -58.383477, -34.604774 ], [ -58.381908, -34.603936 ], [ -58.378479, -34.600259 ], [ -58.375639, -34.597686 ], [ -58.375663, -34.597326 ], [ -58.37676, -34.596089 ], [ -58.381337, -34.592657 ], [ -58.384257, -34.591356 ], [ -58.384349, -34.591357 ], [ -58.387712, -34.59158 ], [ -58.387943, -34.591856 ], [ -58.389967, -34.594141 ], [ -58.393377, -34.597256 ], [ -58.394097, -34.598528 ] ] ] } },
{ "type": "Feature", "properties": { "group_index": 0, "value": 600.0, "id_punto": "2_300", "sector": 2.0 }, "geometry": { "type": "Polygon", "coordinates": [ [ [ -58.389, -34.58933 ], [ -58.389585, -34.590554 ], [ -58.39103, -34.593957 ], [ -58.39109, -34.594312 ], [ -58.390768, -34.5952 ], [ -58.390108, -34.595726 ], [ -58.389688, -34.596053 ], [ -58.385238, -34.600053 ], [ -58.384942, -34.600259 ], [ -58.382614, -34.600973 ], [ -58.382545, -34.600971 ], [ -58.382225, -34.600929 ], [ -58.381196, -34.600282 ], [ -58.379579, -34.598874 ], [ -58.375625, -34.596531 ], [ -58.375132, -34.595959 ], [ -58.375115, -34.595935 ], [ -58.374666, -34.595137 ], [ -58.374766, -34.593847 ], [ -58.374778, -34.593738 ], [ -58.374966, -34.593084 ], [ -58.37521, -34.592339 ], [ -58.375226, -34.592297 ], [ -58.376211, -34.591392 ], [ -58.379429, -34.588803 ], [ -58.379589, -34.588719 ], [ -58.379749, -34.588635 ], [ -58.383807, -34.587485 ], [ -58.385971, -34.587985 ], [ -58.387694, -34.5884 ], [ -58.388775, -34.58905 ], [ -58.389, -34.58933 ] ] ] } },
{ "type": "Feature", "properties": { "group_index": 0, "value": 600.0, "id_punto": "3_301", "sector": 3.0 }, "geometry": { "type": "Polygon", "coordinates": [ [ [ -58.386779, -34.59913 ], [ -58.386762, -34.599489 ], [ -58.386379, -34.600721 ], [ -58.385392, -34.601754 ], [ -58.38141, -34.604568 ], [ -58.37806, -34.606805 ], [ -58.377701, -34.606778 ], [ -58.376864, -34.606418 ], [ -58.372715, -34.602225 ], [ -58.370575, -34.600184 ], [ -58.370055, -34.599628 ], [ -58.369692, -34.598457 ], [ -58.36972, -34.598098 ], [ -58.374158, -34.594333 ], [ -58.376758, -34.592552 ], [ -58.378479, -34.591776 ], [ -58.379043, -34.591667 ], [ -58.379328, -34.591887 ], [ -58.382692, -34.595057 ], [ -58.38441, -34.596338 ], [ -58.384884, -34.59675 ], [ -58.386779, -34.59913 ] ] ] } },
{ "type": "Feature", "properties": { "group_index": 0, "value": 600.0, "id_punto": "3_302", "sector": 3.0 }, "geometry": { "type": "Polygon", "coordinates": [ [ [ -58.381016, -34.598854 ], [ -58.381988, -34.599749 ], [ -58.382323, -34.600122 ], [ -58.382525, -34.601223 ], [ -58.382538, -34.60151 ], [ -58.382535, -34.601549 ], [ -58.382512, -34.601583 ], [ -58.382396, -34.601676 ], [ -58.379637, -34.603853 ], [ -58.375165, -34.607046 ], [ -58.373718, -34.607987 ], [ -58.37336, -34.607954 ], [ -58.37207, -34.606744 ], [ -58.368645, -34.603954 ], [ -58.367196, -34.602507 ], [ -58.366979, -34.602283 ], [ -58.366166, -34.599107 ], [ -58.366194, -34.598907 ], [ -58.366221, -34.598707 ], [ -58.368631, -34.596739 ], [ -58.373432, -34.593421 ], [ -58.37367, -34.593269 ], [ -58.374644, -34.593265 ], [ -58.374863, -34.593315 ], [ -58.377796, -34.594872 ], [ -58.381016, -34.598854 ] ] ] } },
{ "type": "Feature", "properties": { "group_index": 0, "value": 600.0, "id_punto": "3_303", "sector": 3.0 }, "geometry": { "type": "Polygon", "coordinates": [ [ [ -58.390168, -34.59704 ], [ -58.39017, -34.5974 ], [ -58.389407, -34.598629 ], [ -58.387101, -34.600773 ], [ -58.385429, -34.601958 ], [ -58.381366, -34.603973 ], [ -58.380891, -34.603965 ], [ -58.379336, -34.602948 ], [ -58.375183, -34.599356 ], [ -58.373723, -34.598106 ], [ -58.373034, -34.597504 ], [ -58.372156, -34.596409 ], [ -58.372094, -34.596291 ], [ -58.372114, -34.595932 ], [ -58.372863, -34.594898 ], [ -58.373883, -34.593664 ], [ -58.376488, -34.591794 ], [ -58.376564, -34.591744 ], [ -58.376641, -34.591694 ], [ -58.379452, -34.590089 ], [ -58.381292, -34.589665 ], [ -58.38213, -34.589912 ], [ -58.383782, -34.590937 ], [ -58.385036, -34.592031 ], [ -58.388899, -34.595679 ], [ -58.390168, -34.59704 ] ] ] } },
{ "type": "Feature", "properties": { "group_index": 0, "value": 600.0, "id_punto": "3_304", "sector": 3.0 }, "geometry": { "type": "Polygon", "coordinates": [ [ [ -58.38696, -34.601484 ], [ -58.38694, -34.601843 ], [ -58.386152, -34.602908 ], [ -58.385353, -34.603477 ], [ -58.382867, -34.605224 ], [ -58.381913, -34.605883 ], [ -58.377979, -34.608467 ], [ -58.377619, -34.608451 ], [ -58.375154, -34.607317 ], [ -58.37224, -34.604019 ], [ -58.369603, -34.601818 ], [ -58.369148, -34.601217 ], [ -58.368795, -34.600613 ], [ -58.368852, -34.600258 ], [ -58.373069, -34.597145 ], [ -58.375006, -34.595629 ], [ -58.376739, -34.594709 ], [ -58.378308, -34.593927 ], [ -58.378533, -34.593926 ], [ -58.378534, -34.593926 ], [ -58.378692, -34.593926 ], [ -58.379978, -34.595042 ], [ -58.382188, -34.59696 ], [ -58.385143, -34.599261 ], [ -58.386363, -34.60036 ], [ -58.38696, -34.601484 ] ] ] } },
{ "type": "Feature", "properties": { "group_index": 0, "value": 600.0, "id_punto": "3_305", "sector": 3.0 }, "geometry": { "type": "Polygon", "coordinates": [ [ [ -58.384688, -34.602283 ], [ -58.384786, -34.60246 ], [ -58.384768, -34.60282 ], [ -58.383588, -34.603951 ], [ -58.382183, -34.605184 ], [ -58.378962, -34.607308 ], [ -58.376729, -34.608902 ], [ -58.376536, -34.60901 ], [ -58.375073, -34.60937 ], [ -58.37487, -34.609365 ], [ -58.374735, -34.609355 ], [ -58.374714, -34.609352 ], [ -58.373056, -34.608521 ], [ -58.369498, -34.604607 ], [ -58.368663, -34.603799 ], [ -58.367207, -34.602396 ], [ -58.367113, -34.602205 ], [ -58.367124, -34.602103 ], [ -58.367179, -34.601648 ], [ -58.367216, -34.601371 ], [ -58.367253, -34.601095 ], [ -58.367402, -34.600846 ], [ -58.368248, -34.59995 ], [ -58.368432, -34.599793 ], [ -58.369324, -34.599095 ], [ -58.371992, -34.597425 ], [ -58.37471, -34.595362 ], [ -58.375057, -34.595093 ], [ -58.375505, -34.59508 ], [ -58.376095, -34.595128 ], [ -58.377408, -34.59551 ], [ -58.380865, -34.598848 ], [ -58.381985, -34.5998 ], [ -58.382492, -34.60025 ], [ -58.384524, -34.602023 ], [ -58.384688, -34.602283 ] ] ] } },
{ "type": "Feature", "properties": { "group_index": 0, "value": 600.0, "id_punto": "3_306", "sector": 3.0 }, "geometry": { "type": "Polygon", "coordinates": [ [ [ -58.386739, -34.589454 ], [ -58.386482, -34.59166 ], [ -58.386252, -34.592998 ], [ -58.384994, -34.594666 ], [ -58.382233, -34.596822 ], [ -58.378435, -34.599309 ], [ -58.378075, -34.599288 ], [ -58.37521, -34.597901 ], [ -58.374886, -34.597637 ], [ -58.372536, -34.595541 ], [ -58.372309, -34.595199 ], [ -58.372131, -34.594886 ], [ -58.372108, -34.594828 ], [ -58.371914, -34.59402 ], [ -58.371824, -34.59279 ], [ -58.372376, -34.590794 ], [ -58.372599, -34.590129 ], [ -58.372675, -34.590028 ], [ -58.373004, -34.589675 ], [ -58.373279, -34.589442 ], [ -58.376227, -34.588399 ], [ -58.380401, -34.588494 ], [ -58.383583, -34.587321 ], [ -58.383881, -34.587159 ], [ -58.383943, -34.587173 ], [ -58.384203, -34.587271 ], [ -58.38654, -34.589154 ], [ -58.386739, -34.589454 ] ] ] } },
{ "type": "Feature", "properties": { "group_index": 0, "value": 600.0, "id_punto": "3_307", "sector": 3.0 }, "geometry": { "type": "Polygon", "coordinates": [ [ [ -58.385647, -34.599077 ], [ -58.385658, -34.599118 ], [ -58.385653, -34.599179 ], [ -58.38563, -34.599437 ], [ -58.38527, -34.600099 ], [ -58.384974, -34.600305 ], [ -58.381536, -34.602599 ], [ -58.379622, -34.604107 ], [ -58.376881, -34.606025 ], [ -58.376707, -34.606121 ], [ -58.376347, -34.606106 ], [ -58.374963, -34.605089 ], [ -58.373634, -34.604041 ], [ -58.369852, -34.600994 ], [ -58.367958, -34.599003 ], [ -58.367593, -34.598571 ], [ -58.367509, -34.598372 ], [ -58.367518, -34.598302 ], [ -58.368598, -34.596836 ], [ -58.372957, -34.593058 ], [ -58.373148, -34.592882 ], [ -58.373286, -34.592804 ], [ -58.375684, -34.592085 ], [ -58.376891, -34.591963 ], [ -58.37867, -34.592098 ], [ -58.378715, -34.592103 ], [ -58.379468, -34.592685 ], [ -58.380885, -34.593953 ], [ -58.383825, -34.596927 ], [ -58.385647, -34.599077 ] ] ] } },
{ "type": "Feature", "properties": { "group_index": 0, "value": 600.0, "id_punto": "3_308", "sector": 3.0 }, "geometry": { "type": "Polygon", "coordinates": [ [ [ -58.388043, -34.600457 ], [ -58.388026, -34.600816 ], [ -58.387069, -34.60185 ], [ -58.38593, -34.602898 ], [ -58.385368, -34.603296 ], [ -58.382151, -34.60542 ], [ -58.381929, -34.605552 ], [ -58.37947, -34.60702 ], [ -58.37911, -34.607008 ], [ -58.378049, -34.606946 ], [ -58.37769, -34.606918 ], [ -58.37672, -34.606494 ], [ -58.372545, -34.602214 ], [ -58.37054, -34.600322 ], [ -58.369886, -34.59961 ], [ -58.369923, -34.599252 ], [ -58.372248, -34.597518 ], [ -58.375003, -34.595418 ], [ -58.377309, -34.593862 ], [ -58.378397, -34.593199 ], [ -58.379898, -34.593199 ], [ -58.380258, -34.59321 ], [ -58.384402, -34.59642 ], [ -58.384784, -34.596745 ], [ -58.387331, -34.599159 ], [ -58.388043, -34.600457 ] ] ] } },
{ "type": "Feature", "properties": { "group_index": 0, "value": 600.0, "id_punto": "3_309", "sector": 3.0 }, "geometry": { "type": "Polygon", "coordinates": [ [ [ -58.383367, -34.594172 ], [ -58.384215, -34.595297 ], [ -58.385024, -34.596756 ], [ -58.385007, -34.597116 ], [ -58.384261, -34.598262 ], [ -58.382006, -34.599432 ], [ -58.379047, -34.601437 ], [ -58.378317, -34.601952 ], [ -58.376861, -34.602984 ], [ -58.375393, -34.603612 ], [ -58.375033, -34.603596 ], [ -58.370569, -34.600209 ], [ -58.370024, -34.599625 ], [ -58.369302, -34.598842 ], [ -58.369099, -34.598597 ], [ -58.369021, -34.598484 ], [ -58.368975, -34.598127 ], [ -58.370579, -34.595801 ], [ -58.371006, -34.591867 ], [ -58.371255, -34.59101 ], [ -58.371617, -34.590643 ], [ -58.371633, -34.590634 ], [ -58.371637, -34.590632 ], [ -58.371653, -34.590624 ], [ -58.374048, -34.590584 ], [ -58.378307, -34.590379 ], [ -58.378614, -34.590381 ], [ -58.380084, -34.590825 ], [ -58.380781, -34.591319 ], [ -58.383367, -34.594172 ] ] ] } },
{ "type": "Feature", "properties": { "group_index": 0, "value": 600.0, "id_punto": "3_310", "sector": 3.0 }, "geometry": { "type": "Polygon", "coordinates": [ [ [ -58.387803, -34.600445 ], [ -58.388431, -34.601566 ], [ -58.388411, -34.601925 ], [ -58.387571, -34.60303 ], [ -58.382936, -34.606367 ], [ -58.382328, -34.606781 ], [ -58.379388, -34.608567 ], [ -58.379028, -34.608546 ], [ -58.375714, -34.607026 ], [ -58.37287, -34.603358 ], [ -58.37158, -34.602151 ], [ -58.37036, -34.600912 ], [ -58.370258, -34.600807 ], [ -58.370209, -34.600721 ], [ -58.37021, -34.600713 ], [ -58.370225, -34.600599 ], [ -58.370249, -34.6005 ], [ -58.370299, -34.600449 ], [ -58.374622, -34.59726 ], [ -58.376265, -34.596091 ], [ -58.376799, -34.595724 ], [ -58.378189, -34.594774 ], [ -58.378344, -34.594692 ], [ -58.379877, -34.593933 ], [ -58.379914, -34.593929 ], [ -58.380031, -34.593929 ], [ -58.380035, -34.593929 ], [ -58.380152, -34.593932 ], [ -58.380237, -34.593943 ], [ -58.383904, -34.596868 ], [ -58.385713, -34.598385 ], [ -58.386538, -34.599118 ], [ -58.387803, -34.600445 ] ] ] } },
{ "type": "Feature", "properties": { "group_index": 0, "value": 600.0, "id_punto": "3_311", "sector": 3.0 }, "geometry": { "type": "Polygon", "coordinates": [ [ [ -58.383251, -34.591044 ], [ -58.38722, -34.595438 ], [ -58.387246, -34.595735 ], [ -58.387245, -34.59575 ], [ -58.387209, -34.595798 ], [ -58.384965, -34.59831 ], [ -58.384244, -34.598804 ], [ -58.379672, -34.601465 ], [ -58.378157, -34.602555 ], [ -58.378107, -34.602552 ], [ -58.376547, -34.601812 ], [ -58.375153, -34.601098 ], [ -58.371137, -34.597989 ], [ -58.370578, -34.597455 ], [ -58.370478, -34.597333 ], [ -58.370194, -34.596834 ], [ -58.371822, -34.591824 ], [ -58.372797, -34.590157 ], [ -58.373118, -34.589792 ], [ -58.373326, -34.589637 ], [ -58.373401, -34.589586 ], [ -58.376178, -34.588424 ], [ -58.379944, -34.588531 ], [ -58.381185, -34.588638 ], [ -58.383251, -34.591044 ] ] ] } },
{ "type": "Feature", "properties": { "group_index": 0, "value": 600.0, "id_punto": "3_312", "sector": 3.0 }, "geometry": { "type": "Polygon", "coordinates": [ [ [ -58.388388, -34.598368 ], [ -58.388388, -34.59838 ], [ -58.387866, -34.599548 ], [ -58.386942, -34.600765 ], [ -58.385439, -34.601834 ], [ -58.382242, -34.604071 ], [ -58.381425, -34.604606 ], [ -58.379515, -34.605798 ], [ -58.379156, -34.605781 ], [ -58.378581, -34.605508 ], [ -58.375507, -34.602404 ], [ -58.374162, -34.601148 ], [ -58.371542, -34.598609 ], [ -58.371385, -34.597098 ], [ -58.371488, -34.59688 ], [ -58.375422, -34.593486 ], [ -58.376771, -34.592583 ], [ -58.379705, -34.590886 ], [ -58.380018, -34.590708 ], [ -58.380949, -34.591339 ], [ -58.384727, -34.594281 ], [ -58.386017, -34.595393 ], [ -58.386139, -34.595508 ], [ -58.387589, -34.596893 ], [ -58.388388, -34.598368 ] ] ] } },
{ "type": "Feature", "properties": { "group_index": 0, "value": 600.0, "id_punto": "3_313", "sector": 3.0 }, "geometry": { "type": "Polygon", "coordinates": [ [ [ -58.384596, -34.601395 ], [ -58.384607, -34.601518 ], [ -58.3845, -34.601862 ], [ -58.38158, -34.60413 ], [ -58.377162, -34.607175 ], [ -58.376636, -34.607524 ], [ -58.375138, -34.608478 ], [ -58.374779, -34.608455 ], [ -58.373805, -34.608032 ], [ -58.3708, -34.604817 ], [ -58.368725, -34.60326 ], [ -58.367178, -34.601652 ], [ -58.367259, -34.600724 ], [ -58.367296, -34.60042 ], [ -58.367333, -34.600115 ], [ -58.36772, -34.599126 ], [ -58.367724, -34.599119 ], [ -58.367746, -34.599092 ], [ -58.371401, -34.596266 ], [ -58.37395, -34.59402 ], [ -58.37425, -34.593821 ], [ -58.375639, -34.59377 ], [ -58.377583, -34.594464 ], [ -58.378211, -34.594776 ], [ -58.382131, -34.599051 ], [ -58.383457, -34.600301 ], [ -58.384484, -34.601219 ], [ -58.384596, -34.601395 ] ] ] } },
{ "type": "Feature", "properties": { "group_index": 0, "value": 600.0, "id_punto": "3_314", "sector": 3.0 }, "geometry": { "type": "Polygon", "coordinates": [ [ [ -58.386101, -34.591628 ], [ -58.386659, -34.59264 ], [ -58.386728, -34.592873 ], [ -58.386849, -34.594424 ], [ -58.386833, -34.594784 ], [ -58.383487, -34.597702 ], [ -58.383065, -34.598015 ], [ -58.37836, -34.60103 ], [ -58.378, -34.601018 ], [ -58.375187, -34.599634 ], [ -58.373385, -34.59811 ], [ -58.371689, -34.596528 ], [ -58.371625, -34.596427 ], [ -58.371511, -34.596215 ], [ -58.371751, -34.591743 ], [ -58.371939, -34.590822 ], [ -58.372403, -34.589926 ], [ -58.37274, -34.589364 ], [ -58.373014, -34.58913 ], [ -58.374115, -34.58879 ], [ -58.376332, -34.588347 ], [ -58.380401, -34.588494 ], [ -58.383099, -34.58759 ], [ -58.386101, -34.591628 ] ] ] } },
{ "type": "Feature", "properties": { "group_index": 0, "value": 600.0, "id_punto": "3_315", "sector": 3.0 }, "geometry": { "type": "Polygon", "coordinates": [ [ [ -58.386138, -34.596811 ], [ -58.388032, -34.599197 ], [ -58.388103, -34.600459 ], [ -58.388086, -34.600819 ], [ -58.38713, -34.601854 ], [ -58.385986, -34.6029 ], [ -58.385364, -34.603342 ], [ -58.382149, -34.60547 ], [ -58.379469, -34.60707 ], [ -58.379109, -34.607058 ], [ -58.377241, -34.606218 ], [ -58.377084, -34.60604 ], [ -58.3739, -34.6023 ], [ -58.371243, -34.599741 ], [ -58.371209, -34.599671 ], [ -58.3713, -34.598399 ], [ -58.371308, -34.598342 ], [ -58.37142, -34.59824 ], [ -58.374792, -34.595508 ], [ -58.37729, -34.593817 ], [ -58.379942, -34.592049 ], [ -58.380302, -34.592064 ], [ -58.384569, -34.595317 ], [ -58.385885, -34.596539 ], [ -58.386138, -34.596811 ] ] ] } },
{ "type": "Feature", "properties": { "group_index": 0, "value": 600.0, "id_punto": "3_316", "sector": 3.0 }, "geometry": { "type": "Polygon", "coordinates": [ [ [ -58.384751, -34.592645 ], [ -58.386307, -34.5944 ], [ -58.38711, -34.595434 ], [ -58.387094, -34.595794 ], [ -58.384853, -34.598302 ], [ -58.384248, -34.598711 ], [ -58.379784, -34.601265 ], [ -58.378299, -34.602331 ], [ -58.377939, -34.602313 ], [ -58.376552, -34.601708 ], [ -58.375157, -34.600999 ], [ -58.373808, -34.599931 ], [ -58.371337, -34.597956 ], [ -58.370807, -34.597497 ], [ -58.370466, -34.597093 ], [ -58.370287, -34.596781 ], [ -58.371752, -34.591744 ], [ -58.372505, -34.590499 ], [ -58.372675, -34.590225 ], [ -58.373043, -34.58972 ], [ -58.373317, -34.589487 ], [ -58.376212, -34.588407 ], [ -58.380047, -34.588477 ], [ -58.381266, -34.588595 ], [ -58.384751, -34.592645 ] ] ] } },
{ "type": "Feature", "properties": { "group_index": 0, "value": 600.0, "id_punto": "3_317", "sector": 3.0 }, "geometry": { "type": "Polygon", "coordinates": [ [ [ -58.382476, -34.602288 ], [ -58.382471, -34.602396 ], [ -58.382454, -34.602755 ], [ -58.381555, -34.603539 ], [ -58.379731, -34.605025 ], [ -58.37515, -34.608293 ], [ -58.373657, -34.609281 ], [ -58.373496, -34.609321 ], [ -58.373236, -34.609276 ], [ -58.372935, -34.609174 ], [ -58.37244, -34.6087 ], [ -58.368156, -34.604754 ], [ -58.367049, -34.603597 ], [ -58.366483, -34.602883 ], [ -58.36653, -34.602475 ], [ -58.366577, -34.602067 ], [ -58.36691, -34.600753 ], [ -58.367448, -34.599163 ], [ -58.367674, -34.598899 ], [ -58.367743, -34.598826 ], [ -58.370955, -34.596397 ], [ -58.374508, -34.594211 ], [ -58.376855, -34.595806 ], [ -58.38081, -34.599997 ], [ -58.381978, -34.601095 ], [ -58.382103, -34.601213 ], [ -58.382476, -34.602288 ] ] ] } },
{ "type": "Feature", "properties": { "group_index": 0, "value": 600.0, "id_punto": "3_318", "sector": 3.0 }, "geometry": { "type": "Polygon", "coordinates": [ [ [ -58.384639, -34.599995 ], [ -58.384734, -34.600284 ], [ -58.384715, -34.600644 ], [ -58.380456, -34.603807 ], [ -58.379601, -34.604436 ], [ -58.378862, -34.604977 ], [ -58.377326, -34.606057 ], [ -58.376692, -34.606489 ], [ -58.375059, -34.607274 ], [ -58.374998, -34.607283 ], [ -58.373524, -34.605962 ], [ -58.368941, -34.602179 ], [ -58.368673, -34.601941 ], [ -58.368203, -34.601459 ], [ -58.367436, -34.600609 ], [ -58.366491, -34.599332 ], [ -58.366536, -34.598975 ], [ -58.368571, -34.596917 ], [ -58.373261, -34.593322 ], [ -58.37355, -34.593107 ], [ -58.375462, -34.592876 ], [ -58.375669, -34.592892 ], [ -58.378656, -34.593926 ], [ -58.379246, -34.594484 ], [ -58.382121, -34.597608 ], [ -58.384391, -34.599734 ], [ -58.384639, -34.599995 ] ] ] } },
{ "type": "Feature", "properties": { "group_index": 0, "value": 600.0, "id_punto": "3_319", "sector": 3.0 }, "geometry": { "type": "Polygon", "coordinates": [ [ [ -58.386116, -34.589867 ], [ -58.387007, -34.592649 ], [ -58.386998, -34.593009 ], [ -58.385993, -34.594571 ], [ -58.385808, -34.594738 ], [ -58.382732, -34.59708 ], [ -58.381358, -34.598014 ], [ -58.378397, -34.599975 ], [ -58.378037, -34.599954 ], [ -58.375191, -34.598567 ], [ -58.372375, -34.596398 ], [ -58.371414, -34.595432 ], [ -58.371403, -34.595418 ], [ -58.37137, -34.59522 ], [ -58.37147, -34.59153 ], [ -58.372228, -34.589629 ], [ -58.372532, -34.589056 ], [ -58.372647, -34.588929 ], [ -58.37287, -34.588809 ], [ -58.373093, -34.58869 ], [ -58.376411, -34.588308 ], [ -58.380401, -34.588494 ], [ -58.383555, -34.587336 ], [ -58.385917, -34.589567 ], [ -58.386116, -34.589867 ] ] ] } },
{ "type": "Feature", "properties": { "group_index": 0, "value": 600.0, "id_punto": "3_320", "sector": 3.0 }, "geometry": { "type": "Polygon", "coordinates": [ [ [ -58.386886, -34.598093 ], [ -58.386858, -34.598452 ], [ -58.385238, -34.600053 ], [ -58.384942, -34.600259 ], [ -58.381574, -34.60222 ], [ -58.379645, -34.603733 ], [ -58.378198, -34.604672 ], [ -58.377838, -34.604652 ], [ -58.376428, -34.604312 ], [ -58.373742, -34.601974 ], [ -58.370765, -34.599699 ], [ -58.369721, -34.59846 ], [ -58.369749, -34.598101 ], [ -58.370063, -34.597242 ], [ -58.370127, -34.59708 ], [ -58.371211, -34.59531 ], [ -58.372832, -34.592814 ], [ -58.373115, -34.592593 ], [ -58.377919, -34.590624 ], [ -58.380148, -34.591247 ], [ -58.381331, -34.592657 ], [ -58.384668, -34.595322 ], [ -58.38589, -34.596464 ], [ -58.386236, -34.596817 ], [ -58.386886, -34.598093 ] ] ] } },
{ "type": "Feature", "properties": { "group_index": 0, "value": 600.0, "id_punto": "3_321", "sector": 3.0 }, "geometry": { "type": "Polygon", "coordinates": [ [ [ -58.389565, -34.597024 ], [ -58.389539, -34.597383 ], [ -58.388723, -34.598578 ], [ -58.38644, -34.600724 ], [ -58.385472, -34.601393 ], [ -58.381047, -34.603579 ], [ -58.380994, -34.603552 ], [ -58.38099, -34.60355 ], [ -58.380959, -34.603533 ], [ -58.379924, -34.602643 ], [ -58.378594, -34.601416 ], [ -58.37433, -34.597602 ], [ -58.373295, -34.596364 ], [ -58.373311, -34.596004 ], [ -58.374856, -34.593219 ], [ -58.375346, -34.592741 ], [ -58.37563, -34.592493 ], [ -58.376533, -34.591765 ], [ -58.376564, -34.591744 ], [ -58.376566, -34.591743 ], [ -58.376597, -34.591722 ], [ -58.379492, -34.590064 ], [ -58.380768, -34.58938 ], [ -58.381095, -34.589229 ], [ -58.381179, -34.589251 ], [ -58.382503, -34.589754 ], [ -58.384337, -34.590708 ], [ -58.385431, -34.59171 ], [ -58.389077, -34.595497 ], [ -58.389565, -34.597024 ] ] ] } },
{ "type": "Feature", "properties": { "group_index": 0, "value": 600.0, "id_punto": "3_322", "sector": 3.0 }, "geometry": { "type": "Polygon", "coordinates": [ [ [ -58.382914, -34.59402 ], [ -58.384902, -34.59675 ], [ -58.385467, -34.597983 ], [ -58.385443, -34.598342 ], [ -58.382522, -34.600503 ], [ -58.379671, -34.602634 ], [ -58.378235, -34.603672 ], [ -58.376766, -34.604658 ], [ -58.376406, -34.604643 ], [ -58.373721, -34.602305 ], [ -58.370638, -34.599932 ], [ -58.369259, -34.598572 ], [ -58.369172, -34.598344 ], [ -58.370997, -34.594075 ], [ -58.372091, -34.591731 ], [ -58.372289, -34.591598 ], [ -58.374325, -34.590898 ], [ -58.378081, -34.590522 ], [ -58.380239, -34.591099 ], [ -58.382914, -34.59402 ] ] ] } },
{ "type": "Feature", "properties": { "group_index": 0, "value": 600.0, "id_punto": "3_323", "sector": 3.0 }, "geometry": { "type": "Polygon", "coordinates": [ [ [ -58.38146, -34.598917 ], [ -58.381457, -34.599029 ], [ -58.381449, -34.599199 ], [ -58.381448, -34.599214 ], [ -58.381409, -34.599381 ], [ -58.380113, -34.600315 ], [ -58.37539, -34.603675 ], [ -58.372504, -34.60564 ], [ -58.372145, -34.605616 ], [ -58.370777, -34.605173 ], [ -58.370116, -34.604951 ], [ -58.369632, -34.604685 ], [ -58.368639, -34.604013 ], [ -58.366897, -34.602277 ], [ -58.363485, -34.598555 ], [ -58.363169, -34.597973 ], [ -58.364675, -34.595175 ], [ -58.364904, -34.594897 ], [ -58.364997, -34.594811 ], [ -58.369674, -34.593793 ], [ -58.372117, -34.5919 ], [ -58.372868, -34.591827 ], [ -58.37415, -34.591882 ], [ -58.375867, -34.592515 ], [ -58.378348, -34.594786 ], [ -58.38146, -34.598917 ] ] ] } },
{ "type": "Feature", "properties": { "group_index": 0, "value": 600.0, "id_punto": "3_324", "sector": 3.0 }, "geometry": { "type": "Polygon", "coordinates": [ [ [ -58.385407, -34.597979 ], [ -58.385383, -34.598338 ], [ -58.382462, -34.600499 ], [ -58.379613, -34.602632 ], [ -58.378175, -34.603668 ], [ -58.376769, -34.604613 ], [ -58.37641, -34.604589 ], [ -58.375006, -34.604206 ], [ -58.370439, -34.600836 ], [ -58.368275, -34.598596 ], [ -58.368112, -34.598371 ], [ -58.36813, -34.598316 ], [ -58.371112, -34.594023 ], [ -58.371966, -34.591849 ], [ -58.372127, -34.591606 ], [ -58.372159, -34.591597 ], [ -58.372401, -34.591576 ], [ -58.37663, -34.591254 ], [ -58.378197, -34.5913 ], [ -58.379198, -34.591466 ], [ -58.379483, -34.591686 ], [ -58.38192, -34.593918 ], [ -58.384754, -34.596744 ], [ -58.385407, -34.597979 ] ] ] } },
{ "type": "Feature", "properties": { "group_index": 0, "value": 600.0, "id_punto": "3_325", "sector": 3.0 }, "geometry": { "type": "Polygon", "coordinates": [ [ [ -58.387201, -34.590298 ], [ -58.387422, -34.590582 ], [ -58.388496, -34.592691 ], [ -58.388485, -34.59305 ], [ -58.38797, -34.594833 ], [ -58.38421, -34.598258 ], [ -58.379818, -34.600735 ], [ -58.379458, -34.600712 ], [ -58.375204, -34.598099 ], [ -58.374646, -34.597622 ], [ -58.373367, -34.596367 ], [ -58.372322, -34.594479 ], [ -58.372581, -34.592511 ], [ -58.372758, -34.591476 ], [ -58.37304, -34.590706 ], [ -58.373088, -34.590585 ], [ -58.373311, -34.590038 ], [ -58.373429, -34.589897 ], [ -58.373511, -34.589856 ], [ -58.37934, -34.589247 ], [ -58.380401, -34.588494 ], [ -58.383462, -34.587388 ], [ -58.386342, -34.589285 ], [ -58.387201, -34.590298 ] ] ] } },
{ "type": "Feature", "properties": { "group_index": 0, "value": 600.0, "id_punto": "3_326", "sector": 3.0 }, "geometry": { "type": "Polygon", "coordinates": [ [ [ -58.381655, -34.595186 ], [ -58.383034, -34.597776 ], [ -58.383037, -34.597814 ], [ -58.383035, -34.597858 ], [ -58.382997, -34.598134 ], [ -58.381575, -34.599334 ], [ -58.380229, -34.600322 ], [ -58.375385, -34.603785 ], [ -58.373964, -34.604635 ], [ -58.373605, -34.604614 ], [ -58.369359, -34.601775 ], [ -58.368372, -34.600704 ], [ -58.366967, -34.599052 ], [ -58.366555, -34.598487 ], [ -58.366584, -34.598128 ], [ -58.36869, -34.596565 ], [ -58.371081, -34.592037 ], [ -58.371101, -34.590949 ], [ -58.371121, -34.590853 ], [ -58.371394, -34.590619 ], [ -58.371722, -34.590505 ], [ -58.373362, -34.590536 ], [ -58.374077, -34.590621 ], [ -58.37752, -34.591116 ], [ -58.37951, -34.592685 ], [ -58.380931, -34.593954 ], [ -58.381655, -34.595186 ] ] ] } },
{ "type": "Feature", "properties": { "group_index": 0, "value": 600.0, "id_punto": "3_327", "sector": 3.0 }, "geometry": { "type": "Polygon", "coordinates": [ [ [ -58.387293, -34.589089 ], [ -58.388048, -34.592677 ], [ -58.388037, -34.593037 ], [ -58.386846, -34.594784 ], [ -58.383225, -34.597465 ], [ -58.382083, -34.598279 ], [ -58.379892, -34.59958 ], [ -58.379533, -34.599556 ], [ -58.375236, -34.596958 ], [ -58.372989, -34.594669 ], [ -58.372674, -34.594154 ], [ -58.3727, -34.593194 ], [ -58.372854, -34.592392 ], [ -58.373162, -34.591156 ], [ -58.373522, -34.590472 ], [ -58.373816, -34.590265 ], [ -58.37934, -34.589247 ], [ -58.380401, -34.588494 ], [ -58.384511, -34.58669 ], [ -58.387097, -34.588787 ], [ -58.387293, -34.589089 ] ] ] } },
{ "type": "Feature", "properties": { "group_index": 0, "value": 600.0, "id_punto": "3_328", "sector": 3.0 }, "geometry": { "type": "Polygon", "coordinates": [ [ [ -58.378873, -34.59064 ], [ -58.380018, -34.592674 ], [ -58.381608, -34.596649 ], [ -58.381597, -34.596775 ], [ -58.381416, -34.596918 ], [ -58.378631, -34.599124 ], [ -58.375635, -34.601247 ], [ -58.372653, -34.603087 ], [ -58.372293, -34.603066 ], [ -58.370306, -34.602191 ], [ -58.369483, -34.601812 ], [ -58.36837, -34.600706 ], [ -58.366964, -34.599114 ], [ -58.366545, -34.598486 ], [ -58.366574, -34.598127 ], [ -58.367757, -34.597392 ], [ -58.367778, -34.597377 ], [ -58.367787, -34.59737 ], [ -58.368525, -34.596813 ], [ -58.370211, -34.591877 ], [ -58.369668, -34.5904 ], [ -58.369598, -34.589752 ], [ -58.369595, -34.589614 ], [ -58.3696, -34.589551 ], [ -58.369788, -34.58945 ], [ -58.371266, -34.588981 ], [ -58.37139, -34.588955 ], [ -58.376329, -34.588349 ], [ -58.378671, -34.590342 ], [ -58.378873, -34.59064 ] ] ] } },
{ "type": "Feature", "properties": { "group_index": 0, "value": 600.0, "id_punto": "3_329", "sector": 3.0 }, "geometry": { "type": "Polygon", "coordinates": [ [ [ -58.385653, -34.601408 ], [ -58.385632, -34.601768 ], [ -58.384907, -34.602608 ], [ -58.381881, -34.604888 ], [ -58.378302, -34.607257 ], [ -58.376572, -34.608469 ], [ -58.376213, -34.608441 ], [ -58.374489, -34.607666 ], [ -58.370878, -34.60356 ], [ -58.370458, -34.603198 ], [ -58.36886, -34.601959 ], [ -58.368195, -34.60094 ], [ -58.367911, -34.600472 ], [ -58.367917, -34.600406 ], [ -58.367948, -34.600303 ], [ -58.367991, -34.600198 ], [ -58.368008, -34.600157 ], [ -58.368891, -34.599225 ], [ -58.369352, -34.59888 ], [ -58.371957, -34.596879 ], [ -58.374419, -34.594804 ], [ -58.375554, -34.594109 ], [ -58.375686, -34.594073 ], [ -58.376743, -34.593907 ], [ -58.377705, -34.593879 ], [ -58.377931, -34.593929 ], [ -58.378715, -34.594203 ], [ -58.37906, -34.594476 ], [ -58.381881, -34.597596 ], [ -58.383407, -34.598947 ], [ -58.38517, -34.600511 ], [ -58.385653, -34.601408 ] ] ] } },
{ "type": "Feature", "properties": { "group_index": 0, "value": 600.0, "id_punto": "3_330", "sector": 3.0 }, "geometry": { "type": "Polygon", "coordinates": [ [ [ -58.384779, -34.59224 ], [ -58.387866, -34.595458 ], [ -58.387855, -34.595818 ], [ -58.385724, -34.598241 ], [ -58.385606, -34.598354 ], [ -58.384344, -34.59928 ], [ -58.384219, -34.599364 ], [ -58.379756, -34.601885 ], [ -58.379575, -34.601928 ], [ -58.378304, -34.602223 ], [ -58.377945, -34.602205 ], [ -58.37517, -34.60057 ], [ -58.371026, -34.597164 ], [ -58.370846, -34.596875 ], [ -58.370667, -34.596562 ], [ -58.371801, -34.592844 ], [ -58.371882, -34.592656 ], [ -58.372204, -34.59207 ], [ -58.373358, -34.59025 ], [ -58.373644, -34.590032 ], [ -58.37372, -34.590034 ], [ -58.379429, -34.588803 ], [ -58.379613, -34.588706 ], [ -58.379796, -34.58861 ], [ -58.381068, -34.5887 ], [ -58.383655, -34.591012 ], [ -58.384779, -34.59224 ] ] ] } },
{ "type": "Feature", "properties": { "group_index": 0, "value": 600.0, "id_punto": "3_331", "sector": 3.0 }, "geometry": { "type": "Polygon", "coordinates": [ [ [ -58.386292, -34.591015 ], [ -58.386516, -34.591297 ], [ -58.387239, -34.592655 ], [ -58.38723, -34.593015 ], [ -58.386039, -34.594748 ], [ -58.383049, -34.597007 ], [ -58.381529, -34.598109 ], [ -58.378309, -34.600253 ], [ -58.378205, -34.600249 ], [ -58.375246, -34.598844 ], [ -58.372006, -34.596714 ], [ -58.371748, -34.596494 ], [ -58.371032, -34.595825 ], [ -58.370855, -34.595511 ], [ -58.370994, -34.591877 ], [ -58.371221, -34.59097 ], [ -58.371647, -34.5895 ], [ -58.371757, -34.589193 ], [ -58.372156, -34.588649 ], [ -58.372439, -34.588425 ], [ -58.376568, -34.58823 ], [ -58.380401, -34.588494 ], [ -58.383305, -34.587476 ], [ -58.386292, -34.591015 ] ] ] } },
{ "type": "Feature", "properties": { "group_index": 0, "value": 600.0, "id_punto": "3_332", "sector": 3.0 }, "geometry": { "type": "Polygon", "coordinates": [ [ [ -58.389364, -34.59427 ], [ -58.39208, -34.597036 ], [ -58.392093, -34.597356 ], [ -58.392076, -34.597396 ], [ -58.390944, -34.598754 ], [ -58.388645, -34.600846 ], [ -58.387294, -34.601863 ], [ -58.385369, -34.603281 ], [ -58.383916, -34.603742 ], [ -58.382191, -34.604218 ], [ -58.381851, -34.604099 ], [ -58.38108, -34.603596 ], [ -58.377738, -34.600207 ], [ -58.375036, -34.597647 ], [ -58.374001, -34.596396 ], [ -58.374018, -34.596036 ], [ -58.374648, -34.595275 ], [ -58.37609, -34.594088 ], [ -58.377079, -34.593305 ], [ -58.381345, -34.590252 ], [ -58.38154, -34.590223 ], [ -58.382941, -34.590152 ], [ -58.384479, -34.590498 ], [ -58.386282, -34.591023 ], [ -58.387267, -34.591953 ], [ -58.389364, -34.59427 ] ] ] } },
{ "type": "Feature", "properties": { "group_index": 0, "value": 600.0, "id_punto": "3_333", "sector": 3.0 }, "geometry": { "type": "Polygon", "coordinates": [ [ [ -58.387218, -34.598115 ], [ -58.387195, -34.598474 ], [ -58.385384, -34.600302 ], [ -58.381605, -34.602848 ], [ -58.379609, -34.60431 ], [ -58.378692, -34.604964 ], [ -58.378165, -34.605315 ], [ -58.377806, -34.605297 ], [ -58.376445, -34.604049 ], [ -58.375068, -34.602792 ], [ -58.370865, -34.599071 ], [ -58.370501, -34.59852 ], [ -58.369913, -34.597342 ], [ -58.373275, -34.59334 ], [ -58.373563, -34.593125 ], [ -58.375227, -34.591994 ], [ -58.376211, -34.591392 ], [ -58.378111, -34.590503 ], [ -58.378367, -34.590549 ], [ -58.380209, -34.591046 ], [ -58.380464, -34.591281 ], [ -58.381583, -34.592565 ], [ -58.385003, -34.595342 ], [ -58.385224, -34.595549 ], [ -58.386571, -34.596835 ], [ -58.387218, -34.598115 ] ] ] } },
{ "type": "Feature", "properties": { "group_index": 0, "value": 600.0, "id_punto": "3_334", "sector": 3.0 }, "geometry": { "type": "Polygon", "coordinates": [ [ [ -58.387037, -34.589256 ], [ -58.386629, -34.592999 ], [ -58.385196, -34.594683 ], [ -58.383607, -34.59581 ], [ -58.382881, -34.596275 ], [ -58.378453, -34.598994 ], [ -58.378185, -34.59907 ], [ -58.378159, -34.599068 ], [ -58.375268, -34.597661 ], [ -58.372686, -34.595251 ], [ -58.37262, -34.595178 ], [ -58.372047, -34.594168 ], [ -58.37222, -34.592967 ], [ -58.37263, -34.590839 ], [ -58.372683, -34.590615 ], [ -58.373265, -34.589719 ], [ -58.373355, -34.589667 ], [ -58.373498, -34.5897 ], [ -58.374028, -34.589841 ], [ -58.374069, -34.589853 ], [ -58.37934, -34.589247 ], [ -58.380401, -34.588494 ], [ -58.384137, -34.586951 ], [ -58.384523, -34.587098 ], [ -58.386838, -34.588956 ], [ -58.387037, -34.589256 ] ] ] } },
{ "type": "Feature", "properties": { "group_index": 0, "value": 600.0, "id_punto": "3_335", "sector": 3.0 }, "geometry": { "type": "Polygon", "coordinates": [ [ [ -58.382043, -34.601572 ], [ -58.38193, -34.601665 ], [ -58.381387, -34.602113 ], [ -58.379195, -34.603735 ], [ -58.377613, -34.604892 ], [ -58.375238, -34.606592 ], [ -58.373754, -34.6076 ], [ -58.372363, -34.60807 ], [ -58.371834, -34.608039 ], [ -58.36861, -34.605398 ], [ -58.366966, -34.60426 ], [ -58.3668, -34.603573 ], [ -58.366344, -34.599132 ], [ -58.36641, -34.59866 ], [ -58.366664, -34.598134 ], [ -58.368673, -34.596614 ], [ -58.372453, -34.594352 ], [ -58.373659, -34.593648 ], [ -58.374533, -34.594248 ], [ -58.376821, -34.595822 ], [ -58.380765, -34.599994 ], [ -58.381926, -34.601093 ], [ -58.382051, -34.601212 ], [ -58.382043, -34.601572 ] ] ] } },
{ "type": "Feature", "properties": { "group_index": 0, "value": 600.0, "id_punto": "3_336", "sector": 3.0 }, "geometry": { "type": "Polygon", "coordinates": [ [ [ -58.3894, -34.600523 ], [ -58.389383, -34.600882 ], [ -58.388426, -34.601926 ], [ -58.38722, -34.602992 ], [ -58.385718, -34.604074 ], [ -58.382418, -34.606332 ], [ -58.381632, -34.606786 ], [ -58.381191, -34.60698 ], [ -58.379469, -34.607068 ], [ -58.379109, -34.607056 ], [ -58.377243, -34.606217 ], [ -58.377086, -34.60604 ], [ -58.373732, -34.602105 ], [ -58.37242, -34.600849 ], [ -58.371245, -34.599741 ], [ -58.371209, -34.599669 ], [ -58.371222, -34.599552 ], [ -58.371271, -34.599382 ], [ -58.373912, -34.597206 ], [ -58.376739, -34.595337 ], [ -58.379899, -34.593155 ], [ -58.380259, -34.593165 ], [ -58.381872, -34.593705 ], [ -58.38234, -34.593967 ], [ -58.384575, -34.595317 ], [ -58.385885, -34.596535 ], [ -58.388687, -34.599232 ], [ -58.3894, -34.600523 ] ] ] } },
{ "type": "Feature", "properties": { "group_index": 0, "value": 600.0, "id_punto": "3_337", "sector": 3.0 }, "geometry": { "type": "Polygon", "coordinates": [ [ [ -58.382654, -34.602404 ], [ -58.382637, -34.602764 ], [ -58.382031, -34.603399 ], [ -58.381567, -34.603777 ], [ -58.379983, -34.605043 ], [ -58.375142, -34.608412 ], [ -58.373838, -34.609293 ], [ -58.373619, -34.609433 ], [ -58.37333, -34.609362 ], [ -58.372696, -34.609166 ], [ -58.372193, -34.608789 ], [ -58.369601, -34.606293 ], [ -58.367039, -34.603653 ], [ -58.366995, -34.60358 ], [ -58.366971, -34.60352 ], [ -58.366756, -34.602087 ], [ -58.366731, -34.600735 ], [ -58.36676, -34.60046 ], [ -58.366789, -34.600185 ], [ -58.36762, -34.599117 ], [ -58.367768, -34.598955 ], [ -58.371395, -34.596262 ], [ -58.373678, -34.594841 ], [ -58.374596, -34.594343 ], [ -58.376733, -34.595864 ], [ -58.380652, -34.599987 ], [ -58.381923, -34.601208 ], [ -58.382654, -34.602404 ] ] ] } },
{ "type": "Feature", "properties": { "group_index": 0, "value": 600.0, "id_punto": "3_338", "sector": 3.0 }, "geometry": { "type": "Polygon", "coordinates": [ [ [ -58.387396, -34.601508 ], [ -58.387376, -34.601867 ], [ -58.386924, -34.60296 ], [ -58.385732, -34.604075 ], [ -58.384361, -34.605314 ], [ -58.382961, -34.606369 ], [ -58.382327, -34.606801 ], [ -58.379384, -34.60864 ], [ -58.379024, -34.60862 ], [ -58.375538, -34.607066 ], [ -58.373323, -34.603383 ], [ -58.372038, -34.602181 ], [ -58.3718, -34.600961 ], [ -58.371832, -34.600603 ], [ -58.373261, -34.599527 ], [ -58.374703, -34.598442 ], [ -58.376745, -34.596996 ], [ -58.379786, -34.594856 ], [ -58.380146, -34.594862 ], [ -58.380412, -34.595079 ], [ -58.382163, -34.596569 ], [ -58.385502, -34.599071 ], [ -58.386793, -34.600399 ], [ -58.387396, -34.601508 ] ] ] } },
{ "type": "Feature", "properties": { "group_index": 0, "value": 600.0, "id_punto": "3_339", "sector": 3.0 }, "geometry": { "type": "Polygon", "coordinates": [ [ [ -58.386639, -34.58952 ], [ -58.386323, -34.592997 ], [ -58.385122, -34.594677 ], [ -58.382165, -34.596999 ], [ -58.378429, -34.599415 ], [ -58.378069, -34.599394 ], [ -58.375207, -34.598006 ], [ -58.374757, -34.597629 ], [ -58.372486, -34.595639 ], [ -58.372218, -34.595251 ], [ -58.37204, -34.594938 ], [ -58.372017, -34.594878 ], [ -58.371856, -34.594018 ], [ -58.371796, -34.592856 ], [ -58.371982, -34.591894 ], [ -58.372268, -34.590852 ], [ -58.372569, -34.590088 ], [ -58.372931, -34.589588 ], [ -58.373205, -34.589355 ], [ -58.373321, -34.589292 ], [ -58.373391, -34.589255 ], [ -58.376256, -34.588385 ], [ -58.380401, -34.588494 ], [ -58.383583, -34.587321 ], [ -58.383831, -34.587186 ], [ -58.384095, -34.587329 ], [ -58.38644, -34.58922 ], [ -58.386639, -34.58952 ] ] ] } },
{ "type": "Feature", "properties": { "group_index": 0, "value": 600.0, "id_punto": "3_340", "sector": 3.0 }, "geometry": { "type": "Polygon", "coordinates": [ [ [ -58.383108, -34.587998 ], [ -58.384368, -34.592632 ], [ -58.384377, -34.592992 ], [ -58.383956, -34.594579 ], [ -58.383431, -34.595593 ], [ -58.382883, -34.596209 ], [ -58.382227, -34.596822 ], [ -58.378435, -34.599297 ], [ -58.376987, -34.59994 ], [ -58.375357, -34.600046 ], [ -58.375317, -34.600043 ], [ -58.371325, -34.598766 ], [ -58.371159, -34.59871 ], [ -58.371, -34.59861 ], [ -58.369687, -34.597404 ], [ -58.370216, -34.591824 ], [ -58.369621, -34.589752 ], [ -58.369619, -34.589745 ], [ -58.369684, -34.589509 ], [ -58.370159, -34.588508 ], [ -58.371341, -34.587098 ], [ -58.371472, -34.586972 ], [ -58.371659, -34.586935 ], [ -58.372118, -34.586861 ], [ -58.3734, -34.586762 ], [ -58.376449, -34.587637 ], [ -58.380401, -34.588494 ], [ -58.382932, -34.587683 ], [ -58.383108, -34.587998 ] ] ] } },
{ "type": "Feature", "properties": { "group_index": 0, "value": 600.0, "id_punto": "3_341", "sector": 3.0 }, "geometry": { "type": "Polygon", "coordinates": [ [ [ -58.382939, -34.595016 ], [ -58.383737, -34.59669 ], [ -58.384116, -34.597891 ], [ -58.384078, -34.598249 ], [ -58.381982, -34.599855 ], [ -58.378299, -34.602563 ], [ -58.375299, -34.604747 ], [ -58.375158, -34.604738 ], [ -58.374984, -34.604665 ], [ -58.370391, -34.601294 ], [ -58.369911, -34.600956 ], [ -58.3677, -34.598577 ], [ -58.367721, -34.598218 ], [ -58.368589, -34.596864 ], [ -58.37102, -34.591856 ], [ -58.371293, -34.591054 ], [ -58.371566, -34.59082 ], [ -58.371855, -34.590691 ], [ -58.374139, -34.590696 ], [ -58.37789, -34.590642 ], [ -58.379573, -34.591261 ], [ -58.382163, -34.593917 ], [ -58.382939, -34.595016 ] ] ] } },
{ "type": "Feature", "properties": { "group_index": 0, "value": 600.0, "id_punto": "3_342", "sector": 3.0 }, "geometry": { "type": "Polygon", "coordinates": [ [ [ -58.38671, -34.602575 ], [ -58.386671, -34.602933 ], [ -58.385478, -34.60406 ], [ -58.384138, -34.6053 ], [ -58.382738, -34.606354 ], [ -58.3779, -34.60958 ], [ -58.377733, -34.609568 ], [ -58.37756, -34.609518 ], [ -58.37618, -34.608936 ], [ -58.374788, -34.60831 ], [ -58.373989, -34.607932 ], [ -58.370849, -34.604025 ], [ -58.369817, -34.603157 ], [ -58.368622, -34.601936 ], [ -58.368656, -34.601577 ], [ -58.368681, -34.601517 ], [ -58.369633, -34.600689 ], [ -58.374494, -34.597252 ], [ -58.375416, -34.596563 ], [ -58.376916, -34.595514 ], [ -58.378327, -34.595209 ], [ -58.378686, -34.595229 ], [ -58.379982, -34.596332 ], [ -58.381461, -34.597661 ], [ -58.385087, -34.600545 ], [ -58.386104, -34.601434 ], [ -58.38671, -34.602575 ] ] ] } },
{ "type": "Feature", "properties": { "group_index": 0, "value": 600.0, "id_punto": "3_343", "sector": 3.0 }, "geometry": { "type": "Polygon", "coordinates": [ [ [ -58.382456, -34.598757 ], [ -58.383643, -34.600215 ], [ -58.38362, -34.600575 ], [ -58.383541, -34.600665 ], [ -58.381575, -34.602146 ], [ -58.37936, -34.603746 ], [ -58.375232, -34.606697 ], [ -58.373834, -34.60672 ], [ -58.373475, -34.606697 ], [ -58.368984, -34.603077 ], [ -58.367786, -34.601886 ], [ -58.366755, -34.600508 ], [ -58.366166, -34.599107 ], [ -58.366198, -34.598874 ], [ -58.366231, -34.59864 ], [ -58.366805, -34.598126 ], [ -58.368648, -34.596687 ], [ -58.37322, -34.593044 ], [ -58.373425, -34.592976 ], [ -58.375499, -34.592985 ], [ -58.375699, -34.593023 ], [ -58.378527, -34.593992 ], [ -58.379041, -34.594475 ], [ -58.382456, -34.598757 ] ] ] } },
{ "type": "Feature", "properties": { "group_index": 0, "value": 600.0, "id_punto": "3_344", "sector": 3.0 }, "geometry": { "type": "Polygon", "coordinates": [ [ [ -58.385928, -34.5968 ], [ -58.386578, -34.598069 ], [ -58.386604, -34.599122 ], [ -58.386587, -34.599481 ], [ -58.385762, -34.600695 ], [ -58.381297, -34.603642 ], [ -58.378133, -34.60585 ], [ -58.377842, -34.605901 ], [ -58.373851, -34.602297 ], [ -58.370894, -34.599715 ], [ -58.369866, -34.598471 ], [ -58.369894, -34.598112 ], [ -58.370454, -34.597036 ], [ -58.370718, -34.596533 ], [ -58.373681, -34.593624 ], [ -58.373743, -34.593563 ], [ -58.375417, -34.592243 ], [ -58.376446, -34.591573 ], [ -58.376535, -34.591515 ], [ -58.377869, -34.590887 ], [ -58.380067, -34.591248 ], [ -58.382493, -34.59405 ], [ -58.384478, -34.595417 ], [ -58.385874, -34.5967 ], [ -58.385928, -34.5968 ] ] ] } },
{ "type": "Feature", "properties": { "group_index": 0, "value": 600.0, "id_punto": "3_345", "sector": 3.0 }, "geometry": { "type": "Polygon", "coordinates": [ [ [ -58.386285, -34.602553 ], [ -58.38673, -34.603966 ], [ -58.386721, -34.604029 ], [ -58.385385, -34.605378 ], [ -58.382257, -34.607785 ], [ -58.377696, -34.610727 ], [ -58.377685, -34.610726 ], [ -58.374814, -34.609361 ], [ -58.37312, -34.608481 ], [ -58.372807, -34.608101 ], [ -58.369868, -34.603477 ], [ -58.369719, -34.603147 ], [ -58.369756, -34.602789 ], [ -58.369891, -34.601678 ], [ -58.369957, -34.601625 ], [ -58.371361, -34.600561 ], [ -58.374231, -34.598406 ], [ -58.376762, -34.596606 ], [ -58.378306, -34.595571 ], [ -58.378665, -34.595592 ], [ -58.382071, -34.598488 ], [ -58.384777, -34.600673 ], [ -58.385664, -34.601409 ], [ -58.386285, -34.602553 ] ] ] } },
{ "type": "Feature", "properties": { "group_index": 0, "value": 600.0, "id_punto": "3_346", "sector": 3.0 }, "geometry": { "type": "Polygon", "coordinates": [ [ [ -58.389977, -34.597235 ], [ -58.389977, -34.597237 ], [ -58.389038, -34.598601 ], [ -58.386727, -34.600753 ], [ -58.385358, -34.601752 ], [ -58.38111, -34.603831 ], [ -58.381038, -34.60385 ], [ -58.379315, -34.603256 ], [ -58.375188, -34.599665 ], [ -58.374132, -34.598774 ], [ -58.373348, -34.598111 ], [ -58.372743, -34.597463 ], [ -58.371832, -34.596446 ], [ -58.371698, -34.596269 ], [ -58.371654, -34.596133 ], [ -58.371875, -34.595779 ], [ -58.373681, -34.593624 ], [ -58.373762, -34.593545 ], [ -58.375357, -34.592269 ], [ -58.376259, -34.591551 ], [ -58.376362, -34.59149 ], [ -58.379307, -34.58991 ], [ -58.379585, -34.589778 ], [ -58.381748, -34.589912 ], [ -58.38323, -34.590931 ], [ -58.383481, -34.591114 ], [ -58.384772, -34.592245 ], [ -58.386201, -34.593552 ], [ -58.388244, -34.595469 ], [ -58.388361, -34.595583 ], [ -58.389798, -34.597041 ], [ -58.389977, -34.597235 ] ] ] } },
{ "type": "Feature", "properties": { "group_index": 0, "value": 600.0, "id_punto": "3_347", "sector": 3.0 }, "geometry": { "type": "Polygon", "coordinates": [ [ [ -58.385034, -34.601384 ], [ -58.385242, -34.602497 ], [ -58.385169, -34.60285 ], [ -58.3826, -34.605208 ], [ -58.381435, -34.606124 ], [ -58.377145, -34.608932 ], [ -58.376392, -34.609474 ], [ -58.376327, -34.609469 ], [ -58.374825, -34.608771 ], [ -58.373503, -34.608155 ], [ -58.373356, -34.607992 ], [ -58.369857, -34.60358 ], [ -58.369339, -34.603109 ], [ -58.368238, -34.601999 ], [ -58.368147, -34.601911 ], [ -58.36807, -34.601801 ], [ -58.36807, -34.601799 ], [ -58.368095, -34.601628 ], [ -58.368492, -34.600418 ], [ -58.368522, -34.600346 ], [ -58.368522, -34.600345 ], [ -58.368552, -34.600273 ], [ -58.370065, -34.599267 ], [ -58.37238, -34.597566 ], [ -58.374826, -34.59549 ], [ -58.375929, -34.594857 ], [ -58.376446, -34.594581 ], [ -58.376453, -34.594577 ], [ -58.376547, -34.594533 ], [ -58.377539, -34.594503 ], [ -58.378192, -34.594775 ], [ -58.382069, -34.59853 ], [ -58.384681, -34.600712 ], [ -58.385034, -34.601384 ] ] ] } },
{ "type": "Feature", "properties": { "group_index": 0, "value": 600.0, "id_punto": "3_348", "sector": 3.0 }, "geometry": { "type": "Polygon", "coordinates": [ [ [ -58.384005, -34.587567 ], [ -58.384926, -34.592645 ], [ -58.384928, -34.593005 ], [ -58.38392, -34.594576 ], [ -58.382897, -34.595782 ], [ -58.382727, -34.595942 ], [ -58.382285, -34.596292 ], [ -58.381609, -34.596786 ], [ -58.379936, -34.597895 ], [ -58.37846, -34.598873 ], [ -58.377062, -34.598981 ], [ -58.376663, -34.598963 ], [ -58.372062, -34.597514 ], [ -58.371735, -34.597363 ], [ -58.370174, -34.596305 ], [ -58.370232, -34.591653 ], [ -58.370014, -34.590055 ], [ -58.370044, -34.589936 ], [ -58.370114, -34.589743 ], [ -58.370451, -34.588854 ], [ -58.371782, -34.587322 ], [ -58.373213, -34.586871 ], [ -58.376219, -34.587748 ], [ -58.376933, -34.588048 ], [ -58.382702, -34.587812 ], [ -58.383583, -34.587321 ], [ -58.383746, -34.587232 ], [ -58.384005, -34.587567 ] ] ] } },
{ "type": "Feature", "properties": { "group_index": 0, "value": 600.0, "id_punto": "3_349", "sector": 3.0 }, "geometry": { "type": "Polygon", "coordinates": [ [ [ -58.380652, -34.5951 ], [ -58.382424, -34.597663 ], [ -58.382714, -34.598893 ], [ -58.382676, -34.599375 ], [ -58.381976, -34.599962 ], [ -58.378455, -34.602571 ], [ -58.375455, -34.604757 ], [ -58.373903, -34.605679 ], [ -58.373544, -34.605655 ], [ -58.368949, -34.602115 ], [ -58.368751, -34.601948 ], [ -58.368203, -34.601458 ], [ -58.367418, -34.60074 ], [ -58.365611, -34.598461 ], [ -58.364678, -34.595177 ], [ -58.364907, -34.5949 ], [ -58.365009, -34.594821 ], [ -58.369243, -34.595003 ], [ -58.371774, -34.59177 ], [ -58.371838, -34.591699 ], [ -58.372051, -34.591541 ], [ -58.372128, -34.591485 ], [ -58.372255, -34.591398 ], [ -58.372343, -34.591359 ], [ -58.373687, -34.591451 ], [ -58.376221, -34.591719 ], [ -58.376528, -34.591768 ], [ -58.378762, -34.593098 ], [ -58.379769, -34.593928 ], [ -58.380652, -34.5951 ] ] ] } },
{ "type": "Feature", "properties": { "group_index": 0, "value": 600.0, "id_punto": "3_350", "sector": 3.0 }, "geometry": { "type": "Polygon", "coordinates": [ [ [ -58.380504, -34.595087 ], [ -58.382236, -34.597613 ], [ -58.382285, -34.597724 ], [ -58.38226, -34.598084 ], [ -58.382037, -34.5993 ], [ -58.382008, -34.599423 ], [ -58.379119, -34.60144 ], [ -58.375368, -34.604154 ], [ -58.373942, -34.605021 ], [ -58.373583, -34.605 ], [ -58.372203, -34.604663 ], [ -58.37023, -34.603285 ], [ -58.368921, -34.602344 ], [ -58.367392, -34.600917 ], [ -58.366788, -34.60019 ], [ -58.365361, -34.598444 ], [ -58.364678, -34.595177 ], [ -58.364907, -34.5949 ], [ -58.365007, -34.59482 ], [ -58.369294, -34.594859 ], [ -58.371828, -34.591836 ], [ -58.371842, -34.591816 ], [ -58.372175, -34.59143 ], [ -58.372216, -34.591414 ], [ -58.372805, -34.591452 ], [ -58.376144, -34.591767 ], [ -58.376412, -34.591845 ], [ -58.378756, -34.593221 ], [ -58.37962, -34.593928 ], [ -58.380504, -34.595087 ] ] ] } },
{ "type": "Feature", "properties": { "group_index": 0, "value": 600.0, "id_punto": "3_351", "sector": 3.0 }, "geometry": { "type": "Polygon", "coordinates": [ [ [ -58.386515, -34.600366 ], [ -58.386659, -34.601467 ], [ -58.386639, -34.601826 ], [ -58.385872, -34.602895 ], [ -58.385372, -34.603249 ], [ -58.382148, -34.605502 ], [ -58.37799, -34.608219 ], [ -58.37763, -34.608203 ], [ -58.375409, -34.607184 ], [ -58.37527, -34.607052 ], [ -58.372281, -34.60328 ], [ -58.370982, -34.60217 ], [ -58.369843, -34.60101 ], [ -58.369688, -34.600741 ], [ -58.369729, -34.600383 ], [ -58.369958, -34.599256 ], [ -58.372281, -34.59753 ], [ -58.374778, -34.595515 ], [ -58.37732, -34.59389 ], [ -58.378395, -34.593228 ], [ -58.378755, -34.593246 ], [ -58.37959, -34.593928 ], [ -58.382291, -34.596235 ], [ -58.385787, -34.599084 ], [ -58.386515, -34.600366 ] ] ] } },
{ "type": "Feature", "properties": { "group_index": 0, "value": 600.0, "id_punto": "3_352", "sector": 3.0 }, "geometry": { "type": "Polygon", "coordinates": [ [ [ -58.383703, -34.590983 ], [ -58.384804, -34.592219 ], [ -58.386705, -34.594418 ], [ -58.386653, -34.595777 ], [ -58.384411, -34.598272 ], [ -58.384266, -34.598347 ], [ -58.381998, -34.599564 ], [ -58.378317, -34.601966 ], [ -58.377957, -34.601949 ], [ -58.37656, -34.601543 ], [ -58.375162, -34.600833 ], [ -58.374008, -34.599947 ], [ -58.370893, -34.597453 ], [ -58.370612, -34.597009 ], [ -58.370433, -34.596697 ], [ -58.371828, -34.591835 ], [ -58.372599, -34.590126 ], [ -58.372649, -34.590043 ], [ -58.372986, -34.589653 ], [ -58.373261, -34.58942 ], [ -58.376234, -34.588396 ], [ -58.380291, -34.588349 ], [ -58.381458, -34.588494 ], [ -58.383703, -34.590983 ] ] ] } },
{ "type": "Feature", "properties": { "group_index": 0, "value": 600.0, "id_punto": "3_353", "sector": 3.0 }, "geometry": { "type": "Polygon", "coordinates": [ [ [ -58.38283, -34.594038 ], [ -58.382875, -34.594094 ], [ -58.382911, -34.594141 ], [ -58.383605, -34.595246 ], [ -58.384337, -34.596725 ], [ -58.384366, -34.596788 ], [ -58.384353, -34.596915 ], [ -58.384321, -34.597084 ], [ -58.383976, -34.597671 ], [ -58.38393, -34.597733 ], [ -58.383857, -34.597807 ], [ -58.383724, -34.597929 ], [ -58.38038, -34.600331 ], [ -58.378846, -34.601428 ], [ -58.375379, -34.603929 ], [ -58.375019, -34.603913 ], [ -58.37047, -34.600601 ], [ -58.36902, -34.599179 ], [ -58.368463, -34.59857 ], [ -58.36843, -34.598425 ], [ -58.368408, -34.598214 ], [ -58.368918, -34.597818 ], [ -58.37099, -34.594566 ], [ -58.371081, -34.592037 ], [ -58.370664, -34.590527 ], [ -58.37085, -34.590262 ], [ -58.371169, -34.590071 ], [ -58.371174, -34.590068 ], [ -58.371353, -34.590059 ], [ -58.373642, -34.590072 ], [ -58.378392, -34.590325 ], [ -58.380243, -34.591255 ], [ -58.380342, -34.591327 ], [ -58.38283, -34.594038 ] ] ] } },
{ "type": "Feature", "properties": { "group_index": 0, "value": 600.0, "id_punto": "3_354", "sector": 3.0 }, "geometry": { "type": "Polygon", "coordinates": [ [ [ -58.388166, -34.600463 ], [ -58.388149, -34.600822 ], [ -58.387192, -34.601857 ], [ -58.386045, -34.602903 ], [ -58.38536, -34.603389 ], [ -58.382148, -34.605522 ], [ -58.379467, -34.607122 ], [ -58.379107, -34.607109 ], [ -58.377698, -34.60682 ], [ -58.376821, -34.606441 ], [ -58.372664, -34.602221 ], [ -58.370564, -34.600225 ], [ -58.370004, -34.599623 ], [ -58.370041, -34.599264 ], [ -58.372358, -34.597558 ], [ -58.374815, -34.595496 ], [ -58.378392, -34.593297 ], [ -58.379901, -34.593105 ], [ -58.380261, -34.593115 ], [ -58.384412, -34.596319 ], [ -58.384908, -34.596751 ], [ -58.387454, -34.599165 ], [ -58.388166, -34.600463 ] ] ] } },
{ "type": "Feature", "properties": { "group_index": 0, "value": 600.0, "id_punto": "3_355", "sector": 3.0 }, "geometry": { "type": "Polygon", "coordinates": [ [ [ -58.386784, -34.600397 ], [ -58.386767, -34.600757 ], [ -58.386354, -34.60181 ], [ -58.385607, -34.602884 ], [ -58.38539, -34.603035 ], [ -58.382282, -34.60519 ], [ -58.378, -34.607984 ], [ -58.37764, -34.607968 ], [ -58.375554, -34.607067 ], [ -58.37258, -34.603342 ], [ -58.37129, -34.602132 ], [ -58.37005, -34.600878 ], [ -58.36997, -34.600773 ], [ -58.369638, -34.599585 ], [ -58.369675, -34.599227 ], [ -58.37202, -34.597435 ], [ -58.375062, -34.595095 ], [ -58.375686, -34.594631 ], [ -58.376148, -34.594309 ], [ -58.377229, -34.593668 ], [ -58.378407, -34.592994 ], [ -58.378766, -34.593011 ], [ -58.379875, -34.593929 ], [ -58.383625, -34.597074 ], [ -58.385684, -34.598768 ], [ -58.386071, -34.599097 ], [ -58.386784, -34.600397 ] ] ] } },
{ "type": "Feature", "properties": { "group_index": 0, "value": 600.0, "id_punto": "3_356", "sector": 3.0 }, "geometry": { "type": "Polygon", "coordinates": [ [ [ -58.381464, -34.598842 ], [ -58.38156, -34.598973 ], [ -58.381548, -34.599333 ], [ -58.381009, -34.600369 ], [ -58.379574, -34.601461 ], [ -58.378113, -34.602553 ], [ -58.375351, -34.604529 ], [ -58.373915, -34.605485 ], [ -58.372475, -34.60608 ], [ -58.372116, -34.606056 ], [ -58.368695, -34.603523 ], [ -58.367227, -34.602198 ], [ -58.364901, -34.598493 ], [ -58.364677, -34.595177 ], [ -58.364907, -34.594899 ], [ -58.365005, -34.594818 ], [ -58.369371, -34.594643 ], [ -58.371384, -34.593356 ], [ -58.372537, -34.592459 ], [ -58.372813, -34.592228 ], [ -58.373791, -34.592322 ], [ -58.375457, -34.592936 ], [ -58.377815, -34.59441 ], [ -58.378317, -34.594784 ], [ -58.381464, -34.598842 ] ] ] } },
{ "type": "Feature", "properties": { "group_index": 0, "value": 600.0, "id_punto": "3_357", "sector": 3.0 }, "geometry": { "type": "Polygon", "coordinates": [ [ [ -58.381981, -34.594066 ], [ -58.382645, -34.595369 ], [ -58.383148, -34.596653 ], [ -58.383159, -34.596919 ], [ -58.38307, -34.59719 ], [ -58.382086, -34.598224 ], [ -58.378365, -34.600878 ], [ -58.37624, -34.602446 ], [ -58.375419, -34.603023 ], [ -58.374002, -34.603871 ], [ -58.373642, -34.603855 ], [ -58.369742, -34.601268 ], [ -58.368677, -34.60017 ], [ -58.367997, -34.599455 ], [ -58.367162, -34.598505 ], [ -58.3672, -34.598213 ], [ -58.368256, -34.597322 ], [ -58.37099, -34.594566 ], [ -58.370345, -34.590798 ], [ -58.37044, -34.590219 ], [ -58.370453, -34.590182 ], [ -58.370454, -34.59018 ], [ -58.370467, -34.590144 ], [ -58.371116, -34.589818 ], [ -58.372832, -34.589886 ], [ -58.378176, -34.590462 ], [ -58.381872, -34.593934 ], [ -58.381981, -34.594066 ] ] ] } },
{ "type": "Feature", "properties": { "group_index": 0, "value": 600.0, "id_punto": "3_358", "sector": 3.0 }, "geometry": { "type": "Polygon", "coordinates": [ [ [ -58.38813, -34.591233 ], [ -58.391703, -34.595548 ], [ -58.391831, -34.595736 ], [ -58.391825, -34.596096 ], [ -58.38927, -34.598619 ], [ -58.386964, -34.600766 ], [ -58.385438, -34.601845 ], [ -58.384453, -34.602226 ], [ -58.382408, -34.602952 ], [ -58.382052, -34.602898 ], [ -58.381904, -34.602833 ], [ -58.380417, -34.601502 ], [ -58.379132, -34.600282 ], [ -58.375233, -34.597058 ], [ -58.374786, -34.596416 ], [ -58.374663, -34.595132 ], [ -58.374978, -34.593599 ], [ -58.375769, -34.592759 ], [ -58.379334, -34.58991 ], [ -58.380551, -34.589029 ], [ -58.380562, -34.589023 ], [ -58.382204, -34.588906 ], [ -58.38385, -34.589229 ], [ -58.385658, -34.589735 ], [ -58.387274, -34.590241 ], [ -58.38813, -34.591233 ] ] ] } },
{ "type": "Feature", "properties": { "group_index": 0, "value": 600.0, "id_punto": "3_359", "sector": 3.0 }, "geometry": { "type": "Polygon", "coordinates": [ [ [ -58.382069, -34.598521 ], [ -58.383657, -34.600216 ], [ -58.383634, -34.600575 ], [ -58.383553, -34.600665 ], [ -58.381575, -34.602153 ], [ -58.379374, -34.603747 ], [ -58.375231, -34.606709 ], [ -58.37382, -34.606881 ], [ -58.373462, -34.606848 ], [ -58.372144, -34.605636 ], [ -58.368745, -34.603101 ], [ -58.367597, -34.601871 ], [ -58.366739, -34.600664 ], [ -58.366344, -34.599132 ], [ -58.36641, -34.59866 ], [ -58.3668, -34.598163 ], [ -58.368665, -34.596638 ], [ -58.373235, -34.593043 ], [ -58.373434, -34.592986 ], [ -58.375643, -34.593091 ], [ -58.377844, -34.593929 ], [ -58.378236, -34.594111 ], [ -58.378557, -34.594274 ], [ -58.378852, -34.594466 ], [ -58.382069, -34.598521 ] ] ] } },
{ "type": "Feature", "properties": { "group_index": 0, "value": 600.0, "id_punto": "3_360", "sector": 3.0 }, "geometry": { "type": "Polygon", "coordinates": [ [ [ -58.386936, -34.589323 ], [ -58.386656, -34.591812 ], [ -58.386505, -34.592996 ], [ -58.385066, -34.594672 ], [ -58.383478, -34.595798 ], [ -58.381782, -34.596943 ], [ -58.378447, -34.599101 ], [ -58.378087, -34.59908 ], [ -58.37803, -34.599057 ], [ -58.375216, -34.597692 ], [ -58.375138, -34.597653 ], [ -58.372635, -34.595349 ], [ -58.372491, -34.595158 ], [ -58.37231, -34.594785 ], [ -58.371998, -34.594108 ], [ -58.372005, -34.592756 ], [ -58.372577, -34.590677 ], [ -58.373151, -34.589775 ], [ -58.373326, -34.589647 ], [ -58.373424, -34.589612 ], [ -58.373686, -34.589667 ], [ -58.374118, -34.589767 ], [ -58.37934, -34.589247 ], [ -58.380401, -34.588494 ], [ -58.384088, -34.58699 ], [ -58.384415, -34.587156 ], [ -58.386737, -34.589023 ], [ -58.386936, -34.589323 ] ] ] } },
{ "type": "Feature", "properties": { "group_index": 0, "value": 600.0, "id_punto": "3_361", "sector": 3.0 }, "geometry": { "type": "Polygon", "coordinates": [ [ [ -58.384005, -34.587567 ], [ -58.384926, -34.592645 ], [ -58.384927, -34.593005 ], [ -58.383919, -34.594576 ], [ -58.382897, -34.595781 ], [ -58.382726, -34.595942 ], [ -58.382286, -34.596291 ], [ -58.381608, -34.596786 ], [ -58.379935, -34.597895 ], [ -58.37846, -34.598872 ], [ -58.377061, -34.598981 ], [ -58.376664, -34.598963 ], [ -58.372062, -34.597515 ], [ -58.371735, -34.597364 ], [ -58.370174, -34.596306 ], [ -58.370232, -34.591653 ], [ -58.370013, -34.590054 ], [ -58.370044, -34.589935 ], [ -58.370114, -34.589742 ], [ -58.37045, -34.588853 ], [ -58.371783, -34.587322 ], [ -58.373214, -34.586871 ], [ -58.37622, -34.587747 ], [ -58.376933, -34.588048 ], [ -58.382702, -34.587812 ], [ -58.383583, -34.587321 ], [ -58.383746, -34.587232 ], [ -58.384005, -34.587567 ] ] ] } },
{ "type": "Feature", "properties": { "group_index": 0, "value": 600.0, "id_punto": "3_362", "sector": 3.0 }, "geometry": { "type": "Polygon", "coordinates": [ [ [ -58.38337, -34.601614 ], [ -58.381952, -34.602823 ], [ -58.377475, -34.606067 ], [ -58.375179, -34.607683 ], [ -58.37369, -34.60825 ], [ -58.373474, -34.608262 ], [ -58.373332, -34.608205 ], [ -58.373248, -34.60814 ], [ -58.372056, -34.606972 ], [ -58.368619, -34.604181 ], [ -58.367404, -34.602956 ], [ -58.366573, -34.6021 ], [ -58.366569, -34.599342 ], [ -58.366615, -34.598985 ], [ -58.368558, -34.596957 ], [ -58.3721, -34.595372 ], [ -58.373874, -34.593906 ], [ -58.374174, -34.593707 ], [ -58.376718, -34.594808 ], [ -58.377244, -34.595102 ], [ -58.377331, -34.595158 ], [ -58.377567, -34.59543 ], [ -58.380741, -34.598843 ], [ -58.38198, -34.599895 ], [ -58.383383, -34.601254 ], [ -58.38337, -34.601614 ] ] ] } },
{ "type": "Feature", "properties": { "group_index": 0, "value": 600.0, "id_punto": "3_363", "sector": 3.0 }, "geometry": { "type": "Polygon", "coordinates": [ [ [ -58.38659, -34.590777 ], [ -58.386815, -34.591059 ], [ -58.388817, -34.594526 ], [ -58.388894, -34.594711 ], [ -58.38881, -34.594886 ], [ -58.385049, -34.598315 ], [ -58.384241, -34.598873 ], [ -58.379756, -34.601469 ], [ -58.379594, -34.601461 ], [ -58.379418, -34.601409 ], [ -58.375205, -34.598841 ], [ -58.374078, -34.597788 ], [ -58.372526, -34.596321 ], [ -58.372499, -34.594257 ], [ -58.372567, -34.592927 ], [ -58.373698, -34.590693 ], [ -58.373989, -34.590506 ], [ -58.379513, -34.588962 ], [ -58.380401, -34.588494 ], [ -58.383164, -34.587554 ], [ -58.385688, -34.589716 ], [ -58.38659, -34.590777 ] ] ] } },
{ "type": "Feature", "properties": { "group_index": 0, "value": 600.0, "id_punto": "3_364", "sector": 3.0 }, "geometry": { "type": "Polygon", "coordinates": [ [ [ -58.385809, -34.591866 ], [ -58.38726, -34.594443 ], [ -58.387244, -34.594802 ], [ -58.383781, -34.597984 ], [ -58.380037, -34.60031 ], [ -58.378346, -34.601371 ], [ -58.377986, -34.601353 ], [ -58.375231, -34.600037 ], [ -58.371983, -34.597332 ], [ -58.371867, -34.597228 ], [ -58.371195, -34.596561 ], [ -58.371924, -34.591937 ], [ -58.372334, -34.590817 ], [ -58.372599, -34.590124 ], [ -58.372634, -34.590051 ], [ -58.372976, -34.589641 ], [ -58.37325, -34.589408 ], [ -58.376238, -34.588394 ], [ -58.380401, -34.588494 ], [ -58.382954, -34.587671 ], [ -58.385809, -34.591866 ] ] ] } },
{ "type": "Feature", "properties": { "group_index": 0, "value": 600.0, "id_punto": "3_365", "sector": 3.0 }, "geometry": { "type": "Polygon", "coordinates": [ [ [ -58.389132, -34.594321 ], [ -58.390234, -34.595537 ], [ -58.390252, -34.595809 ], [ -58.390249, -34.595856 ], [ -58.390231, -34.595897 ], [ -58.387967, -34.598524 ], [ -58.385758, -34.600695 ], [ -58.381232, -34.602697 ], [ -58.380872, -34.602694 ], [ -58.380746, -34.602674 ], [ -58.379229, -34.601445 ], [ -58.37519, -34.598615 ], [ -58.373802, -34.597557 ], [ -58.372888, -34.596342 ], [ -58.372909, -34.595983 ], [ -58.373546, -34.593474 ], [ -58.374674, -34.591882 ], [ -58.374953, -34.591656 ], [ -58.379486, -34.589249 ], [ -58.381118, -34.588717 ], [ -58.38176, -34.588602 ], [ -58.385137, -34.590069 ], [ -58.386263, -34.591038 ], [ -58.389132, -34.594321 ] ] ] } },
{ "type": "Feature", "properties": { "group_index": 0, "value": 600.0, "id_punto": "3_366", "sector": 3.0 }, "geometry": { "type": "Polygon", "coordinates": [ [ [ -58.383063, -34.59892 ], [ -58.384337, -34.600266 ], [ -58.384345, -34.6003 ], [ -58.384322, -34.600625 ], [ -58.384276, -34.600718 ], [ -58.379621, -34.604114 ], [ -58.375114, -34.607338 ], [ -58.375061, -34.607365 ], [ -58.374931, -34.607319 ], [ -58.3735, -34.606321 ], [ -58.368898, -34.602536 ], [ -58.368244, -34.601917 ], [ -58.367397, -34.600886 ], [ -58.366794, -34.600133 ], [ -58.366166, -34.599107 ], [ -58.36621, -34.598792 ], [ -58.368609, -34.596805 ], [ -58.373265, -34.593042 ], [ -58.373453, -34.593005 ], [ -58.375472, -34.592761 ], [ -58.375622, -34.592766 ], [ -58.378788, -34.593926 ], [ -58.379377, -34.59449 ], [ -58.383063, -34.59892 ] ] ] } },
{ "type": "Feature", "properties": { "group_index": 0, "value": 600.0, "id_punto": "3_367", "sector": 3.0 }, "geometry": { "type": "Polygon", "coordinates": [ [ [ -58.385036, -34.601967 ], [ -58.385381, -34.602587 ], [ -58.38539, -34.602648 ], [ -58.384756, -34.604019 ], [ -58.383525, -34.605262 ], [ -58.38226, -34.606158 ], [ -58.378102, -34.608998 ], [ -58.376473, -34.610116 ], [ -58.376113, -34.610095 ], [ -58.374708, -34.609476 ], [ -58.372816, -34.608628 ], [ -58.369775, -34.604341 ], [ -58.368742, -34.603124 ], [ -58.368012, -34.601902 ], [ -58.368035, -34.601543 ], [ -58.368241, -34.601189 ], [ -58.369221, -34.600316 ], [ -58.373737, -34.59719 ], [ -58.375277, -34.59619 ], [ -58.376598, -34.595351 ], [ -58.37686, -34.595197 ], [ -58.377168, -34.595157 ], [ -58.377339, -34.595151 ], [ -58.381608, -34.598975 ], [ -58.384793, -34.601701 ], [ -58.385036, -34.601967 ] ] ] } },
{ "type": "Feature", "properties": { "group_index": 0, "value": 600.0, "id_punto": "3_368", "sector": 3.0 }, "geometry": { "type": "Polygon", "coordinates": [ [ [ -58.386846, -34.589383 ], [ -58.386577, -34.591742 ], [ -58.386389, -34.592997 ], [ -58.384952, -34.594662 ], [ -58.381791, -34.597009 ], [ -58.378441, -34.599196 ], [ -58.378082, -34.599175 ], [ -58.375213, -34.597787 ], [ -58.375023, -34.597646 ], [ -58.37259, -34.595437 ], [ -58.372406, -34.595144 ], [ -58.372298, -34.594964 ], [ -58.372229, -34.594831 ], [ -58.372205, -34.594774 ], [ -58.371955, -34.594055 ], [ -58.371985, -34.592807 ], [ -58.372483, -34.590732 ], [ -58.372564, -34.590467 ], [ -58.372733, -34.590192 ], [ -58.373083, -34.589767 ], [ -58.373358, -34.589534 ], [ -58.376196, -34.588415 ], [ -58.380401, -34.588494 ], [ -58.384044, -34.587025 ], [ -58.384318, -34.587209 ], [ -58.386647, -34.589083 ], [ -58.386846, -34.589383 ] ] ] } },
{ "type": "Feature", "properties": { "group_index": 0, "value": 600.0, "id_punto": "3_369", "sector": 3.0 }, "geometry": { "type": "Polygon", "coordinates": [ [ [ -58.387718, -34.59918 ], [ -58.387699, -34.599539 ], [ -58.386941, -34.600602 ], [ -58.386774, -34.600757 ], [ -58.38545, -34.601696 ], [ -58.3814, -34.604541 ], [ -58.379521, -34.605681 ], [ -58.37807, -34.606097 ], [ -58.377936, -34.606088 ], [ -58.377655, -34.605999 ], [ -58.37363, -34.602283 ], [ -58.370684, -34.599693 ], [ -58.369645, -34.598454 ], [ -58.369673, -34.598095 ], [ -58.374135, -34.594299 ], [ -58.376742, -34.592516 ], [ -58.378459, -34.591741 ], [ -58.380292, -34.592302 ], [ -58.384477, -34.59551 ], [ -58.385869, -34.596779 ], [ -58.387718, -34.59918 ] ] ] } },
{ "type": "Feature", "properties": { "group_index": 0, "value": 600.0, "id_punto": "3_370", "sector": 3.0 }, "geometry": { "type": "Polygon", "coordinates": [ [ [ -58.38644, -34.589652 ], [ -58.386673, -34.592919 ], [ -58.385375, -34.594699 ], [ -58.382164, -34.597163 ], [ -58.378417, -34.599624 ], [ -58.378057, -34.599603 ], [ -58.376702, -34.598953 ], [ -58.375201, -34.598216 ], [ -58.372387, -34.595832 ], [ -58.37198, -34.595288 ], [ -58.371803, -34.594975 ], [ -58.371783, -34.591781 ], [ -58.372068, -34.590734 ], [ -58.37244, -34.589973 ], [ -58.372785, -34.589416 ], [ -58.373059, -34.589183 ], [ -58.374095, -34.588801 ], [ -58.376314, -34.588356 ], [ -58.380401, -34.588494 ], [ -58.383568, -34.587329 ], [ -58.383623, -34.587346 ], [ -58.383883, -34.587444 ], [ -58.386242, -34.589352 ], [ -58.38644, -34.589652 ] ] ] } },
{ "type": "Feature", "properties": { "group_index": 0, "value": 600.0, "id_punto": "3_371", "sector": 3.0 }, "geometry": { "type": "Polygon", "coordinates": [ [ [ -58.386503, -34.598063 ], [ -58.38668, -34.599125 ], [ -58.386663, -34.599485 ], [ -58.38583, -34.600698 ], [ -58.381334, -34.603643 ], [ -58.37964, -34.604975 ], [ -58.379554, -34.605039 ], [ -58.378129, -34.605912 ], [ -58.377778, -34.605934 ], [ -58.37657, -34.604829 ], [ -58.373775, -34.602292 ], [ -58.37082, -34.599705 ], [ -58.369791, -34.598465 ], [ -58.369819, -34.598106 ], [ -58.370773, -34.596501 ], [ -58.373681, -34.593624 ], [ -58.373695, -34.593611 ], [ -58.376437, -34.59158 ], [ -58.376446, -34.591573 ], [ -58.376476, -34.591554 ], [ -58.377811, -34.590926 ], [ -58.380048, -34.591249 ], [ -58.382491, -34.594068 ], [ -58.384505, -34.595512 ], [ -58.385871, -34.596758 ], [ -58.386503, -34.598063 ] ] ] } },
{ "type": "Feature", "properties": { "group_index": 0, "value": 600.0, "id_punto": "3_372", "sector": 3.0 }, "geometry": { "type": "Polygon", "coordinates": [ [ [ -58.391407, -34.593893 ], [ -58.392865, -34.595754 ], [ -58.39286, -34.596114 ], [ -58.392302, -34.597399 ], [ -58.392135, -34.59763 ], [ -58.388473, -34.600838 ], [ -58.387123, -34.601853 ], [ -58.38538, -34.603152 ], [ -58.383926, -34.603601 ], [ -58.383567, -34.603577 ], [ -58.382892, -34.603346 ], [ -58.382052, -34.6028 ], [ -58.380587, -34.601511 ], [ -58.376451, -34.597747 ], [ -58.376073, -34.596219 ], [ -58.376077, -34.596196 ], [ -58.376427, -34.594476 ], [ -58.380214, -34.591251 ], [ -58.383045, -34.589 ], [ -58.383367, -34.58884 ], [ -58.386164, -34.589403 ], [ -58.387834, -34.589804 ], [ -58.388782, -34.590699 ], [ -58.391407, -34.593893 ] ] ] } },
{ "type": "Feature", "properties": { "group_index": 0, "value": 600.0, "id_punto": "3_373", "sector": 3.0 }, "geometry": { "type": "Polygon", "coordinates": [ [ [ -58.388331, -34.599213 ], [ -58.388312, -34.599572 ], [ -58.387387, -34.600786 ], [ -58.384916, -34.602614 ], [ -58.381701, -34.604933 ], [ -58.379458, -34.606191 ], [ -58.379314, -34.606182 ], [ -58.379312, -34.606182 ], [ -58.379169, -34.606171 ], [ -58.377795, -34.605505 ], [ -58.376431, -34.604257 ], [ -58.373754, -34.601825 ], [ -58.37082, -34.599235 ], [ -58.370257, -34.598501 ], [ -58.370284, -34.598142 ], [ -58.371794, -34.596862 ], [ -58.37438, -34.594706 ], [ -58.375926, -34.593578 ], [ -58.376948, -34.592987 ], [ -58.378728, -34.592196 ], [ -58.379951, -34.591822 ], [ -58.380311, -34.591837 ], [ -58.384869, -34.595334 ], [ -58.38509, -34.595542 ], [ -58.3859, -34.59631 ], [ -58.386437, -34.596827 ], [ -58.388331, -34.599213 ] ] ] } },
{ "type": "Feature", "properties": { "group_index": 0, "value": 600.0, "id_punto": "3_374", "sector": 3.0 }, "geometry": { "type": "Polygon", "coordinates": [ [ [ -58.387699, -34.602681 ], [ -58.38766, -34.603039 ], [ -58.386473, -34.604117 ], [ -58.385101, -34.60536 ], [ -58.383699, -34.606419 ], [ -58.382171, -34.607533 ], [ -58.379603, -34.6091 ], [ -58.379357, -34.609247 ], [ -58.377926, -34.609383 ], [ -58.377567, -34.60936 ], [ -58.376336, -34.608874 ], [ -58.374952, -34.608215 ], [ -58.374799, -34.608131 ], [ -58.374221, -34.607808 ], [ -58.370887, -34.603227 ], [ -58.369619, -34.602024 ], [ -58.369619, -34.601792 ], [ -58.369638, -34.601664 ], [ -58.369805, -34.601484 ], [ -58.37397, -34.598412 ], [ -58.375221, -34.597508 ], [ -58.376771, -34.596398 ], [ -58.378318, -34.595363 ], [ -58.378677, -34.595384 ], [ -58.380122, -34.595664 ], [ -58.381587, -34.596946 ], [ -58.384872, -34.599439 ], [ -58.385976, -34.600344 ], [ -58.387099, -34.601491 ], [ -58.387699, -34.602681 ] ] ] } },
{ "type": "Feature", "properties": { "group_index": 0, "value": 600.0, "id_punto": "3_375", "sector": 3.0 }, "geometry": { "type": "Polygon", "coordinates": [ [ [ -58.378118, -34.594883 ], [ -58.382033, -34.599316 ], [ -58.384197, -34.601217 ], [ -58.384266, -34.601438 ], [ -58.384204, -34.60156 ], [ -58.384115, -34.601664 ], [ -58.382031, -34.603411 ], [ -58.381561, -34.603777 ], [ -58.379543, -34.605249 ], [ -58.375146, -34.608357 ], [ -58.374786, -34.608334 ], [ -58.373958, -34.607949 ], [ -58.373752, -34.607845 ], [ -58.373397, -34.607549 ], [ -58.372097, -34.606337 ], [ -58.368692, -34.603549 ], [ -58.367225, -34.602217 ], [ -58.367142, -34.601954 ], [ -58.367099, -34.600944 ], [ -58.367118, -34.600584 ], [ -58.367435, -34.599249 ], [ -58.367441, -34.599229 ], [ -58.367512, -34.599132 ], [ -58.367835, -34.598821 ], [ -58.371009, -34.596366 ], [ -58.374039, -34.594154 ], [ -58.374339, -34.593955 ], [ -58.374598, -34.593927 ], [ -58.375734, -34.594026 ], [ -58.377556, -34.594514 ], [ -58.378019, -34.594763 ], [ -58.378118, -34.594883 ] ] ] } },
{ "type": "Feature", "properties": { "group_index": 0, "value": 600.0, "id_punto": "3_376", "sector": 3.0 }, "geometry": { "type": "Polygon", "coordinates": [ [ [ -58.38125, -34.593963 ], [ -58.382118, -34.595223 ], [ -58.383907, -34.597869 ], [ -58.383869, -34.598227 ], [ -58.382389, -34.599415 ], [ -58.38199, -34.599711 ], [ -58.379549, -34.601459 ], [ -58.376664, -34.60358 ], [ -58.375352, -34.604508 ], [ -58.373974, -34.604461 ], [ -58.373615, -34.604444 ], [ -58.369645, -34.601811 ], [ -58.36954, -34.601727 ], [ -58.367864, -34.599865 ], [ -58.366713, -34.598514 ], [ -58.36667, -34.598422 ], [ -58.36669, -34.598336 ], [ -58.36683, -34.598173 ], [ -58.368672, -34.596618 ], [ -58.37148, -34.591524 ], [ -58.371911, -34.591212 ], [ -58.372181, -34.591109 ], [ -58.373673, -34.591182 ], [ -58.377107, -34.591388 ], [ -58.379026, -34.591689 ], [ -58.379311, -34.591909 ], [ -58.38125, -34.593963 ] ] ] } },
{ "type": "Feature", "properties": { "group_index": 0, "value": 600.0, "id_punto": "3_377", "sector": 3.0 }, "geometry": { "type": "Polygon", "coordinates": [ [ [ -58.386384, -34.600361 ], [ -58.386805, -34.601475 ], [ -58.386785, -34.601834 ], [ -58.386008, -34.602901 ], [ -58.382043, -34.605745 ], [ -58.377984, -34.608339 ], [ -58.377625, -34.608323 ], [ -58.375286, -34.607249 ], [ -58.375124, -34.607044 ], [ -58.372275, -34.6034 ], [ -58.370976, -34.602275 ], [ -58.369939, -34.601299 ], [ -58.369543, -34.600724 ], [ -58.369585, -34.600366 ], [ -58.370103, -34.599271 ], [ -58.372414, -34.597578 ], [ -58.375005, -34.59552 ], [ -58.375952, -34.594845 ], [ -58.37839, -34.593348 ], [ -58.378749, -34.593366 ], [ -58.379444, -34.593928 ], [ -58.383475, -34.597294 ], [ -58.385641, -34.599077 ], [ -58.386384, -34.600361 ] ] ] } },
{ "type": "Feature", "properties": { "group_index": 0, "value": 600.0, "id_punto": "3_378", "sector": 3.0 }, "geometry": { "type": "Polygon", "coordinates": [ [ [ -58.386275, -34.586569 ], [ -58.386264, -34.586679 ], [ -58.38553, -34.590777 ], [ -58.384808, -34.593005 ], [ -58.38338, -34.594534 ], [ -58.382677, -34.595154 ], [ -58.378546, -34.59764 ], [ -58.378186, -34.597619 ], [ -58.37285, -34.595718 ], [ -58.37253, -34.595554 ], [ -58.372297, -34.595206 ], [ -58.37212, -34.594893 ], [ -58.372096, -34.594834 ], [ -58.371914, -34.594019 ], [ -58.371487, -34.591518 ], [ -58.372253, -34.589615 ], [ -58.372647, -34.588929 ], [ -58.372862, -34.588813 ], [ -58.373077, -34.588698 ], [ -58.376404, -34.588311 ], [ -58.380401, -34.588494 ], [ -58.385339, -34.586007 ], [ -58.385886, -34.586088 ], [ -58.386114, -34.586247 ], [ -58.386275, -34.586569 ] ] ] } },
{ "type": "Feature", "properties": { "group_index": 0, "value": 600.0, "id_punto": "3_379", "sector": 3.0 }, "geometry": { "type": "Polygon", "coordinates": [ [ [ -58.389148, -34.594319 ], [ -58.390273, -34.595537 ], [ -58.39027, -34.595897 ], [ -58.388385, -34.598428 ], [ -58.388268, -34.598544 ], [ -58.38603, -34.600706 ], [ -58.385498, -34.601017 ], [ -58.38123, -34.602946 ], [ -58.38087, -34.602946 ], [ -58.380454, -34.602663 ], [ -58.379145, -34.601441 ], [ -58.375197, -34.598366 ], [ -58.374321, -34.597602 ], [ -58.373191, -34.596359 ], [ -58.373208, -34.595999 ], [ -58.373683, -34.593802 ], [ -58.374841, -34.592089 ], [ -58.375121, -34.591863 ], [ -58.379138, -34.589447 ], [ -58.379286, -34.589361 ], [ -58.38115, -34.5887 ], [ -58.381792, -34.588584 ], [ -58.385167, -34.590049 ], [ -58.386291, -34.591016 ], [ -58.389148, -34.594319 ] ] ] } },
{ "type": "Feature", "properties": { "group_index": 0, "value": 600.0, "id_punto": "3_380", "sector": 3.0 }, "geometry": { "type": "Polygon", "coordinates": [ [ [ -58.381247, -34.598926 ], [ -58.381281, -34.598971 ], [ -58.381497, -34.600235 ], [ -58.381494, -34.600294 ], [ -58.381379, -34.600409 ], [ -58.379954, -34.601479 ], [ -58.378494, -34.602573 ], [ -58.375494, -34.604759 ], [ -58.373895, -34.605801 ], [ -58.372454, -34.606393 ], [ -58.372095, -34.606369 ], [ -58.368659, -34.603836 ], [ -58.367205, -34.602423 ], [ -58.367122, -34.602292 ], [ -58.365323, -34.598441 ], [ -58.364678, -34.595177 ], [ -58.364907, -34.5949 ], [ -58.365007, -34.59482 ], [ -58.369301, -34.59484 ], [ -58.371139, -34.593731 ], [ -58.373085, -34.592554 ], [ -58.37349, -34.592616 ], [ -58.375024, -34.59305 ], [ -58.378029, -34.594876 ], [ -58.381247, -34.598926 ] ] ] } },
{ "type": "Feature", "properties": { "group_index": 0, "value": 600.0, "id_punto": "3_381", "sector": 3.0 }, "geometry": { "type": "Polygon", "coordinates": [ [ [ -58.386716, -34.589469 ], [ -58.386462, -34.591642 ], [ -58.386224, -34.592998 ], [ -58.385024, -34.594668 ], [ -58.382247, -34.596822 ], [ -58.378433, -34.599333 ], [ -58.378074, -34.599313 ], [ -58.375209, -34.597925 ], [ -58.374856, -34.597635 ], [ -58.372525, -34.595564 ], [ -58.372288, -34.595211 ], [ -58.37211, -34.594898 ], [ -58.372087, -34.59484 ], [ -58.371869, -34.594021 ], [ -58.371818, -34.592806 ], [ -58.372351, -34.590808 ], [ -58.372599, -34.590126 ], [ -58.372651, -34.590042 ], [ -58.372987, -34.589654 ], [ -58.373262, -34.589422 ], [ -58.376234, -34.588396 ], [ -58.380401, -34.588494 ], [ -58.383583, -34.587321 ], [ -58.38387, -34.587165 ], [ -58.384178, -34.587284 ], [ -58.386517, -34.589169 ], [ -58.386716, -34.589469 ] ] ] } },
{ "type": "Feature", "properties": { "group_index": 0, "value": 600.0, "id_punto": "3_382", "sector": 3.0 }, "geometry": { "type": "Polygon", "coordinates": [ [ [ -58.387411, -34.601509 ], [ -58.387391, -34.601868 ], [ -58.386939, -34.602962 ], [ -58.385747, -34.604076 ], [ -58.384376, -34.605314 ], [ -58.382976, -34.60637 ], [ -58.381152, -34.607662 ], [ -58.379383, -34.608653 ], [ -58.379023, -34.608632 ], [ -58.375523, -34.607066 ], [ -58.373308, -34.603383 ], [ -58.372023, -34.60218 ], [ -58.371785, -34.60096 ], [ -58.371817, -34.600601 ], [ -58.373246, -34.599525 ], [ -58.374688, -34.598441 ], [ -58.376746, -34.596984 ], [ -58.379786, -34.594844 ], [ -58.380146, -34.59485 ], [ -58.380427, -34.59508 ], [ -58.382177, -34.59657 ], [ -58.385517, -34.599071 ], [ -58.386781, -34.600397 ], [ -58.387411, -34.601509 ] ] ] } },
{ "type": "Feature", "properties": { "group_index": 0, "value": 600.0, "id_punto": "3_383", "sector": 3.0 }, "geometry": { "type": "Polygon", "coordinates": [ [ [ -58.384788, -34.592233 ], [ -58.387879, -34.595458 ], [ -58.388488, -34.597081 ], [ -58.388483, -34.597131 ], [ -58.387605, -34.598501 ], [ -58.385294, -34.600674 ], [ -58.381234, -34.602482 ], [ -58.379657, -34.603537 ], [ -58.379298, -34.603513 ], [ -58.375293, -34.600041 ], [ -58.373796, -34.598767 ], [ -58.373036, -34.598115 ], [ -58.371615, -34.596569 ], [ -58.371437, -34.596257 ], [ -58.372382, -34.594804 ], [ -58.374468, -34.591628 ], [ -58.374748, -34.591402 ], [ -58.379281, -34.588933 ], [ -58.381045, -34.588712 ], [ -58.383665, -34.591006 ], [ -58.384788, -34.592233 ] ] ] } },
{ "type": "Feature", "properties": { "group_index": 0, "value": 600.0, "id_punto": "3_384", "sector": 3.0 }, "geometry": { "type": "Polygon", "coordinates": [ [ [ -58.387043, -34.603798 ], [ -58.387016, -34.604157 ], [ -58.385786, -34.605404 ], [ -58.382255, -34.60817 ], [ -58.377861, -34.610893 ], [ -58.377502, -34.61088 ], [ -58.374702, -34.609592 ], [ -58.373385, -34.608978 ], [ -58.37266, -34.608618 ], [ -58.369812, -34.60397 ], [ -58.369123, -34.603087 ], [ -58.369159, -34.602729 ], [ -58.370296, -34.6017 ], [ -58.37177, -34.600597 ], [ -58.374678, -34.59844 ], [ -58.376746, -34.596988 ], [ -58.378277, -34.596065 ], [ -58.378636, -34.596086 ], [ -58.382676, -34.599384 ], [ -58.38548, -34.601273 ], [ -58.385662, -34.601409 ], [ -58.387043, -34.603798 ] ] ] } },
{ "type": "Feature", "properties": { "group_index": 0, "value": 600.0, "id_punto": "3_385", "sector": 3.0 }, "geometry": { "type": "Polygon", "coordinates": [ [ [ -58.384354, -34.59691 ], [ -58.385646, -34.599233 ], [ -58.385638, -34.599307 ], [ -58.385244, -34.600062 ], [ -58.384949, -34.600268 ], [ -58.38421, -34.600716 ], [ -58.379627, -34.604014 ], [ -58.376756, -34.606016 ], [ -58.376711, -34.606018 ], [ -58.376351, -34.606003 ], [ -58.373362, -34.603386 ], [ -58.370338, -34.60091 ], [ -58.368974, -34.59951 ], [ -58.368103, -34.598601 ], [ -58.367945, -34.598359 ], [ -58.367945, -34.598359 ], [ -58.369914, -34.596714 ], [ -58.372739, -34.593244 ], [ -58.372955, -34.592973 ], [ -58.373239, -34.592751 ], [ -58.376475, -34.591555 ], [ -58.379062, -34.591643 ], [ -58.379347, -34.591863 ], [ -58.381569, -34.594114 ], [ -58.384189, -34.596718 ], [ -58.384354, -34.59691 ] ] ] } },
{ "type": "Feature", "properties": { "group_index": 0, "value": 600.0, "id_punto": "3_386", "sector": 3.0 }, "geometry": { "type": "Polygon", "coordinates": [ [ [ -58.384672, -34.592327 ], [ -58.387717, -34.595453 ], [ -58.387706, -34.595813 ], [ -58.385459, -34.598343 ], [ -58.384075, -34.599359 ], [ -58.379575, -34.601928 ], [ -58.378298, -34.602346 ], [ -58.377938, -34.602328 ], [ -58.375166, -34.600693 ], [ -58.372716, -34.598696 ], [ -58.371105, -34.597328 ], [ -58.370737, -34.596937 ], [ -58.370558, -34.596625 ], [ -58.372121, -34.591844 ], [ -58.37329, -34.590049 ], [ -58.373429, -34.589897 ], [ -58.373527, -34.589848 ], [ -58.379429, -34.588803 ], [ -58.379658, -34.588682 ], [ -58.379887, -34.588562 ], [ -58.38114, -34.588662 ], [ -58.383533, -34.591084 ], [ -58.384672, -34.592327 ] ] ] } },
{ "type": "Feature", "properties": { "group_index": 0, "value": 600.0, "id_punto": "3_387", "sector": 3.0 }, "geometry": { "type": "Polygon", "coordinates": [ [ [ -58.386886, -34.598093 ], [ -58.386858, -34.598452 ], [ -58.385238, -34.600053 ], [ -58.384942, -34.600259 ], [ -58.381574, -34.60222 ], [ -58.379645, -34.603733 ], [ -58.378198, -34.604672 ], [ -58.377838, -34.604652 ], [ -58.376428, -34.604312 ], [ -58.373742, -34.601974 ], [ -58.370765, -34.599699 ], [ -58.369721, -34.59846 ], [ -58.369749, -34.598101 ], [ -58.370063, -34.597242 ], [ -58.370127, -34.59708 ], [ -58.371211, -34.59531 ], [ -58.372832, -34.592814 ], [ -58.373115, -34.592593 ], [ -58.377919, -34.590624 ], [ -58.380148, -34.591247 ], [ -58.381331, -34.592657 ], [ -58.384668, -34.595322 ], [ -58.38589, -34.596464 ], [ -58.386236, -34.596817 ], [ -58.386886, -34.598093 ] ] ] } },
{ "type": "Feature", "properties": { "group_index": 0, "value": 600.0, "id_punto": "3_388", "sector": 3.0 }, "geometry": { "type": "Polygon", "coordinates": [ [ [ -58.386429, -34.586492 ], [ -58.387215, -34.589019 ], [ -58.387206, -34.589146 ], [ -58.386847, -34.593005 ], [ -58.385412, -34.594703 ], [ -58.383824, -34.595829 ], [ -58.382876, -34.596454 ], [ -58.379993, -34.598154 ], [ -58.379634, -34.598128 ], [ -58.37605, -34.596409 ], [ -58.373336, -34.594079 ], [ -58.37295, -34.592965 ], [ -58.372917, -34.592471 ], [ -58.373238, -34.591118 ], [ -58.373611, -34.59041 ], [ -58.373715, -34.590366 ], [ -58.373873, -34.590346 ], [ -58.37934, -34.589247 ], [ -58.380401, -34.588494 ], [ -58.385294, -34.585975 ], [ -58.385925, -34.586081 ], [ -58.386267, -34.58617 ], [ -58.386429, -34.586492 ] ] ] } },
{ "type": "Feature", "properties": { "group_index": 0, "value": 600.0, "id_punto": "3_389", "sector": 3.0 }, "geometry": { "type": "Polygon", "coordinates": [ [ [ -58.385932, -34.591303 ], [ -58.386156, -34.591584 ], [ -58.388285, -34.594486 ], [ -58.38827, -34.594845 ], [ -58.38451, -34.598279 ], [ -58.384262, -34.598429 ], [ -58.379802, -34.600982 ], [ -58.378361, -34.600985 ], [ -58.378001, -34.600973 ], [ -58.375187, -34.599589 ], [ -58.37344, -34.598109 ], [ -58.371727, -34.596506 ], [ -58.371645, -34.596385 ], [ -58.371549, -34.596193 ], [ -58.371817, -34.592808 ], [ -58.371882, -34.592656 ], [ -58.372924, -34.590582 ], [ -58.373383, -34.58982 ], [ -58.373447, -34.589788 ], [ -58.374147, -34.589967 ], [ -58.379513, -34.588962 ], [ -58.380401, -34.588494 ], [ -58.381819, -34.588304 ], [ -58.381871, -34.588303 ], [ -58.382133, -34.588401 ], [ -58.38493, -34.590201 ], [ -58.385932, -34.591303 ] ] ] } },
{ "type": "Feature", "properties": { "group_index": 0, "value": 600.0, "id_punto": "3_390", "sector": 3.0 }, "geometry": { "type": "Polygon", "coordinates": [ [ [ -58.378171, -34.594887 ], [ -58.381711, -34.598978 ], [ -58.384207, -34.601219 ], [ -58.384289, -34.601497 ], [ -58.384299, -34.601546 ], [ -58.383061, -34.602784 ], [ -58.38177, -34.604004 ], [ -58.381635, -34.604127 ], [ -58.377322, -34.607186 ], [ -58.375061, -34.608789 ], [ -58.374915, -34.608778 ], [ -58.374915, -34.608778 ], [ -58.374769, -34.608766 ], [ -58.373447, -34.608157 ], [ -58.369932, -34.604395 ], [ -58.368728, -34.603241 ], [ -58.367371, -34.601853 ], [ -58.367304, -34.601761 ], [ -58.367272, -34.600616 ], [ -58.367303, -34.600365 ], [ -58.367333, -34.600115 ], [ -58.367349, -34.600044 ], [ -58.367443, -34.599788 ], [ -58.367537, -34.599533 ], [ -58.367843, -34.599156 ], [ -58.371252, -34.596529 ], [ -58.374013, -34.594116 ], [ -58.374313, -34.593916 ], [ -58.375663, -34.593831 ], [ -58.377479, -34.594532 ], [ -58.378079, -34.594766 ], [ -58.378171, -34.594887 ] ] ] } },
{ "type": "Feature", "properties": { "group_index": 0, "value": 600.0, "id_punto": "3_391", "sector": 3.0 }, "geometry": { "type": "Polygon", "coordinates": [ [ [ -58.389653, -34.597391 ], [ -58.388905, -34.598591 ], [ -58.386603, -34.60073 ], [ -58.385461, -34.601543 ], [ -58.38129, -34.603642 ], [ -58.381226, -34.603645 ], [ -58.379308, -34.603367 ], [ -58.375189, -34.599775 ], [ -58.373973, -34.598772 ], [ -58.373213, -34.598112 ], [ -58.371739, -34.596499 ], [ -58.371651, -34.596372 ], [ -58.371561, -34.596186 ], [ -58.372428, -34.594891 ], [ -58.373549, -34.593471 ], [ -58.373569, -34.593454 ], [ -58.373582, -34.593444 ], [ -58.376311, -34.591442 ], [ -58.379342, -34.589631 ], [ -58.379443, -34.589628 ], [ -58.379553, -34.589637 ], [ -58.381612, -34.589944 ], [ -58.383239, -34.590982 ], [ -58.386179, -34.59366 ], [ -58.38811, -34.595465 ], [ -58.388328, -34.595672 ], [ -58.389678, -34.597032 ], [ -58.389653, -34.597391 ] ] ] } },
{ "type": "Feature", "properties": { "group_index": 0, "value": 600.0, "id_punto": "3_392", "sector": 3.0 }, "geometry": { "type": "Polygon", "coordinates": [ [ [ -58.3883, -34.598185 ], [ -58.388388, -34.598368 ], [ -58.388385, -34.598432 ], [ -58.388273, -34.598544 ], [ -58.386035, -34.600707 ], [ -58.381294, -34.603642 ], [ -58.379585, -34.604695 ], [ -58.379225, -34.604672 ], [ -58.377852, -34.604406 ], [ -58.375628, -34.602411 ], [ -58.371132, -34.598577 ], [ -58.370798, -34.598162 ], [ -58.370642, -34.597837 ], [ -58.370407, -34.597244 ], [ -58.370446, -34.597041 ], [ -58.37071, -34.596537 ], [ -58.373681, -34.593624 ], [ -58.37375, -34.593557 ], [ -58.375408, -34.592247 ], [ -58.376544, -34.59151 ], [ -58.377877, -34.590881 ], [ -58.379993, -34.590664 ], [ -58.381012, -34.591347 ], [ -58.384791, -34.594286 ], [ -58.38608, -34.595395 ], [ -58.386202, -34.59551 ], [ -58.387653, -34.596897 ], [ -58.3883, -34.598185 ] ] ] } },
{ "type": "Feature", "properties": { "group_index": 0, "value": 600.0, "id_punto": "3_393", "sector": 3.0 }, "geometry": { "type": "Polygon", "coordinates": [ [ [ -58.387506, -34.600431 ], [ -58.388135, -34.601549 ], [ -58.388114, -34.601908 ], [ -58.387636, -34.603037 ], [ -58.386448, -34.604115 ], [ -58.385076, -34.605358 ], [ -58.383675, -34.606417 ], [ -58.382147, -34.607531 ], [ -58.379579, -34.609098 ], [ -58.379357, -34.609227 ], [ -58.378998, -34.609214 ], [ -58.375031, -34.607381 ], [ -58.374845, -34.607246 ], [ -58.372606, -34.603344 ], [ -58.371323, -34.602134 ], [ -58.371063, -34.600894 ], [ -58.371097, -34.600536 ], [ -58.372522, -34.599471 ], [ -58.373957, -34.598412 ], [ -58.375221, -34.597497 ], [ -58.376772, -34.596387 ], [ -58.379435, -34.594492 ], [ -58.379806, -34.594234 ], [ -58.380166, -34.594248 ], [ -58.383738, -34.596991 ], [ -58.385695, -34.598629 ], [ -58.386241, -34.599105 ], [ -58.387506, -34.600431 ] ] ] } },
{ "type": "Feature", "properties": { "group_index": 0, "value": 600.0, "id_punto": "3_394", "sector": 3.0 }, "geometry": { "type": "Polygon", "coordinates": [ [ [ -58.381467, -34.59517 ], [ -58.38423, -34.599099 ], [ -58.384228, -34.599182 ], [ -58.384228, -34.599189 ], [ -58.384223, -34.599272 ], [ -58.384144, -34.59936 ], [ -58.382807, -34.600522 ], [ -58.382678, -34.60063 ], [ -58.382592, -34.600695 ], [ -58.379952, -34.602644 ], [ -58.378527, -34.603691 ], [ -58.375274, -34.606011 ], [ -58.374915, -34.605989 ], [ -58.373586, -34.604941 ], [ -58.369351, -34.601771 ], [ -58.368367, -34.600715 ], [ -58.366586, -34.59879 ], [ -58.366513, -34.598483 ], [ -58.366542, -34.598124 ], [ -58.368693, -34.596554 ], [ -58.372117, -34.591901 ], [ -58.372868, -34.591828 ], [ -58.376264, -34.591692 ], [ -58.376594, -34.591724 ], [ -58.378787, -34.592419 ], [ -58.379195, -34.592691 ], [ -58.380593, -34.593945 ], [ -58.381467, -34.59517 ] ] ] } },
{ "type": "Feature", "properties": { "group_index": 0, "value": 600.0, "id_punto": "3_395", "sector": 3.0 }, "geometry": { "type": "Polygon", "coordinates": [ [ [ -58.385258, -34.599616 ], [ -58.385642, -34.60033 ], [ -58.385627, -34.60069 ], [ -58.384933, -34.601748 ], [ -58.381385, -34.604502 ], [ -58.376622, -34.607735 ], [ -58.376263, -34.607713 ], [ -58.37524, -34.607272 ], [ -58.372239, -34.604048 ], [ -58.369483, -34.601812 ], [ -58.367998, -34.599453 ], [ -58.368117, -34.59907 ], [ -58.369413, -34.598077 ], [ -58.373468, -34.594833 ], [ -58.374076, -34.59421 ], [ -58.374376, -34.594011 ], [ -58.375276, -34.593506 ], [ -58.376246, -34.5933 ], [ -58.37742, -34.593186 ], [ -58.378744, -34.593476 ], [ -58.37931, -34.593927 ], [ -58.379948, -34.594515 ], [ -58.382185, -34.596981 ], [ -58.385058, -34.599317 ], [ -58.385258, -34.599616 ] ] ] } },
{ "type": "Feature", "properties": { "group_index": 0, "value": 600.0, "id_punto": "3_396", "sector": 3.0 }, "geometry": { "type": "Polygon", "coordinates": [ [ [ -58.389986, -34.599304 ], [ -58.389964, -34.599663 ], [ -58.389042, -34.600866 ], [ -58.38769, -34.601885 ], [ -58.385342, -34.603601 ], [ -58.381914, -34.605859 ], [ -58.381685, -34.605953 ], [ -58.380909, -34.606268 ], [ -58.380832, -34.606266 ], [ -58.37917, -34.605489 ], [ -58.378928, -34.605322 ], [ -58.375233, -34.601224 ], [ -58.372746, -34.598924 ], [ -58.372612, -34.598688 ], [ -58.372607, -34.598647 ], [ -58.372638, -34.598329 ], [ -58.373121, -34.597148 ], [ -58.375006, -34.59562 ], [ -58.376443, -34.594583 ], [ -58.377349, -34.593959 ], [ -58.379936, -34.592187 ], [ -58.381557, -34.591329 ], [ -58.381627, -34.591329 ], [ -58.381884, -34.591482 ], [ -58.384643, -34.593246 ], [ -58.386024, -34.594426 ], [ -58.387186, -34.595437 ], [ -58.387305, -34.595551 ], [ -58.387403, -34.595646 ], [ -58.388757, -34.596967 ], [ -58.389986, -34.599304 ] ] ] } },
{ "type": "Feature", "properties": { "group_index": 0, "value": 600.0, "id_punto": "3_397", "sector": 3.0 }, "geometry": { "type": "Polygon", "coordinates": [ [ [ -58.383412, -34.59759 ], [ -58.384801, -34.599033 ], [ -58.384782, -34.599393 ], [ -58.384458, -34.599709 ], [ -58.383388, -34.600658 ], [ -58.379162, -34.603733 ], [ -58.376735, -34.605423 ], [ -58.375287, -34.605805 ], [ -58.374928, -34.605782 ], [ -58.373598, -34.604735 ], [ -58.369642, -34.601812 ], [ -58.36954, -34.601727 ], [ -58.367864, -34.599865 ], [ -58.366712, -34.598513 ], [ -58.36667, -34.598422 ], [ -58.36669, -34.598336 ], [ -58.36683, -34.598173 ], [ -58.368672, -34.596618 ], [ -58.372494, -34.592408 ], [ -58.37277, -34.592176 ], [ -58.375741, -34.592051 ], [ -58.376042, -34.592102 ], [ -58.378773, -34.592881 ], [ -58.380225, -34.594083 ], [ -58.383412, -34.59759 ] ] ] } },
{ "type": "Feature", "properties": { "group_index": 0, "value": 600.0, "id_punto": "3_398", "sector": 3.0 }, "geometry": { "type": "Polygon", "coordinates": [ [ [ -58.38486, -34.592645 ], [ -58.386416, -34.594405 ], [ -58.386604, -34.595415 ], [ -58.386591, -34.595775 ], [ -58.384349, -34.598268 ], [ -58.380608, -34.600345 ], [ -58.378319, -34.601915 ], [ -58.37796, -34.601898 ], [ -58.376548, -34.601791 ], [ -58.375154, -34.601077 ], [ -58.370578, -34.597455 ], [ -58.370485, -34.597341 ], [ -58.370213, -34.596823 ], [ -58.371711, -34.591695 ], [ -58.371759, -34.591598 ], [ -58.372599, -34.590126 ], [ -58.372648, -34.590044 ], [ -58.372985, -34.589652 ], [ -58.37326, -34.589419 ], [ -58.376235, -34.588396 ], [ -58.380114, -34.588442 ], [ -58.381319, -34.588568 ], [ -58.38486, -34.592645 ] ] ] } },
{ "type": "Feature", "properties": { "group_index": 0, "value": 600.0, "id_punto": "3_399", "sector": 3.0 }, "geometry": { "type": "Polygon", "coordinates": [ [ [ -58.389734, -34.595522 ], [ -58.38972, -34.595882 ], [ -58.387463, -34.598492 ], [ -58.385401, -34.600492 ], [ -58.381575, -34.602149 ], [ -58.381241, -34.602286 ], [ -58.380881, -34.602273 ], [ -58.379391, -34.601991 ], [ -58.379271, -34.601917 ], [ -58.375185, -34.599035 ], [ -58.374914, -34.598819 ], [ -58.374107, -34.598101 ], [ -58.373505, -34.597531 ], [ -58.372376, -34.59631 ], [ -58.372255, -34.596092 ], [ -58.373132, -34.593702 ], [ -58.373274, -34.593337 ], [ -58.373392, -34.593035 ], [ -58.374393, -34.59154 ], [ -58.374667, -34.591307 ], [ -58.379392, -34.588829 ], [ -58.381111, -34.588677 ], [ -58.384736, -34.590327 ], [ -58.3859, -34.591328 ], [ -58.389734, -34.595522 ] ] ] } },
{ "type": "Feature", "properties": { "group_index": 0, "value": 600.0, "id_punto": "3_400", "sector": 3.0 }, "geometry": { "type": "Polygon", "coordinates": [ [ [ -58.384548, -34.587494 ], [ -58.385865, -34.59003 ], [ -58.386237, -34.592638 ], [ -58.386239, -34.592998 ], [ -58.385039, -34.59467 ], [ -58.382254, -34.596822 ], [ -58.378433, -34.599346 ], [ -58.378073, -34.599325 ], [ -58.375209, -34.597938 ], [ -58.374841, -34.597634 ], [ -58.372519, -34.595575 ], [ -58.372277, -34.595217 ], [ -58.372099, -34.594904 ], [ -58.372076, -34.594846 ], [ -58.371867, -34.59402 ], [ -58.371525, -34.591493 ], [ -58.372309, -34.589582 ], [ -58.372647, -34.588929 ], [ -58.372845, -34.588822 ], [ -58.373043, -34.588716 ], [ -58.376388, -34.588319 ], [ -58.380401, -34.588494 ], [ -58.384122, -34.586962 ], [ -58.384377, -34.587177 ], [ -58.384548, -34.587494 ] ] ] } }
]
}
