{
"type": "FeatureCollection",
"name": "isocronas05_tot",
"crs": { "type": "name", "properties": { "name": "urn:ogc:def:crs:OGC:1.3:CRS84" } },
"features": [
{ "type": "Feature", "properties": { "group_index": 0, "value": 300.0, "id_punto": "0_1", "sector": 0.0 }, "geometry": { "type": "Polygon", "coordinates": [ [ [ -58.382643, -34.580204 ], [ -58.383113, -34.581086 ], [ -58.383158, -34.581474 ], [ -58.382856, -34.583036 ], [ -58.382634, -34.583596 ], [ -58.380867, -34.584932 ], [ -58.379708, -34.585411 ], [ -58.3782, -34.585226 ], [ -58.377622, -34.585102 ], [ -58.375347, -34.584536 ], [ -58.375308, -34.584481 ], [ -58.375282, -34.584272 ], [ -58.375291, -34.584197 ], [ -58.375906, -34.581836 ], [ -58.376182, -34.581605 ], [ -58.378492, -34.580048 ], [ -58.380922, -34.579648 ], [ -58.382374, -34.579879 ], [ -58.382457, -34.579896 ], [ -58.382643, -34.580204 ] ] ] } },
{ "type": "Feature", "properties": { "group_index": 0, "value": 300.0, "id_punto": "0_2", "sector": 0.0 }, "geometry": { "type": "Polygon", "coordinates": [ [ [ -58.381966, -34.579462 ], [ -58.381992, -34.579575 ], [ -58.381747, -34.580739 ], [ -58.381077, -34.581912 ], [ -58.38079, -34.582119 ], [ -58.379578, -34.582004 ], [ -58.378637, -34.581869 ], [ -58.375024, -34.580972 ], [ -58.374931, -34.580911 ], [ -58.374819, -34.580676 ], [ -58.37505, -34.580208 ], [ -58.375138, -34.580168 ], [ -58.376173, -34.579979 ], [ -58.381593, -34.579093 ], [ -58.381786, -34.57915 ], [ -58.381966, -34.579462 ] ] ] } },
{ "type": "Feature", "properties": { "group_index": 0, "value": 300.0, "id_punto": "0_3", "sector": 0.0 }, "geometry": { "type": "Polygon", "coordinates": [ [ [ -58.383655, -34.58195 ], [ -58.383713, -34.582655 ], [ -58.38357, -34.583132 ], [ -58.383226, -34.583694 ], [ -58.379947, -34.585898 ], [ -58.37936, -34.586225 ], [ -58.378765, -34.586556 ], [ -58.378513, -34.58668 ], [ -58.378261, -34.586803 ], [ -58.377558, -34.586807 ], [ -58.376686, -34.585874 ], [ -58.376371, -34.585498 ], [ -58.376278, -34.584998 ], [ -58.377033, -34.582116 ], [ -58.377805, -34.581638 ], [ -58.378032, -34.581507 ], [ -58.378246, -34.581384 ], [ -58.379768, -34.580814 ], [ -58.380666, -34.580945 ], [ -58.382579, -34.581358 ], [ -58.383486, -34.581632 ], [ -58.383655, -34.58195 ] ] ] } },
{ "type": "Feature", "properties": { "group_index": 0, "value": 300.0, "id_punto": "0_4", "sector": 0.0 }, "geometry": { "type": "Polygon", "coordinates": [ [ [ -58.389727, -34.579988 ], [ -58.389839, -34.58033 ], [ -58.389642, -34.580732 ], [ -58.388894, -34.581485 ], [ -58.388699, -34.581582 ], [ -58.384173, -34.583161 ], [ -58.382714, -34.583558 ], [ -58.382028, -34.583252 ], [ -58.381955, -34.5829 ], [ -58.381953, -34.582447 ], [ -58.38243, -34.582194 ], [ -58.382906, -34.581941 ], [ -58.388202, -34.579128 ], [ -58.388489, -34.578953 ], [ -58.388562, -34.579 ], [ -58.389567, -34.579678 ], [ -58.389727, -34.579988 ] ] ] } },
{ "type": "Feature", "properties": { "group_index": 0, "value": 300.0, "id_punto": "0_5", "sector": 0.0 }, "geometry": { "type": "Polygon", "coordinates": [ [ [ -58.381996, -34.582891 ], [ -58.382114, -34.583045 ], [ -58.382228, -34.584366 ], [ -58.379947, -34.585898 ], [ -58.37936, -34.586225 ], [ -58.378765, -34.586556 ], [ -58.378506, -34.586683 ], [ -58.378248, -34.58681 ], [ -58.375885, -34.587284 ], [ -58.37432, -34.585253 ], [ -58.374137, -34.584943 ], [ -58.374744, -34.583571 ], [ -58.376005, -34.581955 ], [ -58.376281, -34.581724 ], [ -58.379474, -34.581648 ], [ -58.380685, -34.581915 ], [ -58.381152, -34.582077 ], [ -58.381503, -34.582259 ], [ -58.381996, -34.582891 ] ] ] } },
{ "type": "Feature", "properties": { "group_index": 0, "value": 300.0, "id_punto": "0_6", "sector": 0.0 }, "geometry": { "type": "Polygon", "coordinates": [ [ [ -58.380651, -34.581929 ], [ -58.380791, -34.582261 ], [ -58.380664, -34.584335 ], [ -58.379855, -34.585593 ], [ -58.379823, -34.585609 ], [ -58.379823, -34.585609 ], [ -58.379057, -34.585994 ], [ -58.376553, -34.586905 ], [ -58.374626, -34.586482 ], [ -58.372925, -34.586043 ], [ -58.372744, -34.585732 ], [ -58.37325, -34.583863 ], [ -58.375101, -34.580656 ], [ -58.375218, -34.580586 ], [ -58.376584, -34.580751 ], [ -58.380184, -34.581228 ], [ -58.380651, -34.581929 ] ] ] } },
{ "type": "Feature", "properties": { "group_index": 0, "value": 300.0, "id_punto": "0_7", "sector": 0.0 }, "geometry": { "type": "Polygon", "coordinates": [ [ [ -58.389613, -34.578192 ], [ -58.389582, -34.57855 ], [ -58.384463, -34.580833 ], [ -58.38404, -34.580729 ], [ -58.381199, -34.579904 ], [ -58.38102, -34.579592 ], [ -58.38096, -34.579446 ], [ -58.384479, -34.576219 ], [ -58.385848, -34.576032 ], [ -58.388517, -34.576378 ], [ -58.389047, -34.57651 ], [ -58.389329, -34.576735 ], [ -58.389613, -34.578192 ] ] ] } },
{ "type": "Feature", "properties": { "group_index": 0, "value": 300.0, "id_punto": "0_8", "sector": 0.0 }, "geometry": { "type": "Polygon", "coordinates": [ [ [ -58.386733, -34.580366 ], [ -58.386863, -34.581354 ], [ -58.382976, -34.583942 ], [ -58.382487, -34.584227 ], [ -58.380849, -34.584665 ], [ -58.380501, -34.584715 ], [ -58.379789, -34.584424 ], [ -58.379627, -34.584102 ], [ -58.379468, -34.582867 ], [ -58.379487, -34.58271 ], [ -58.379565, -34.582661 ], [ -58.383144, -34.581027 ], [ -58.386577, -34.580041 ], [ -58.386733, -34.580366 ] ] ] } },
{ "type": "Feature", "properties": { "group_index": 0, "value": 300.0, "id_punto": "0_9", "sector": 0.0 }, "geometry": { "type": "Polygon", "coordinates": [ [ [ -58.388856, -34.577518 ], [ -58.388794, -34.578469 ], [ -58.38532, -34.58037 ], [ -58.385179, -34.580446 ], [ -58.383432, -34.580735 ], [ -58.383036, -34.580739 ], [ -58.38232, -34.580646 ], [ -58.381064, -34.580477 ], [ -58.380292, -34.580298 ], [ -58.380085, -34.580185 ], [ -58.379991, -34.579838 ], [ -58.38511, -34.576928 ], [ -58.385463, -34.576862 ], [ -58.387912, -34.57698 ], [ -58.388629, -34.577238 ], [ -58.388856, -34.577518 ] ] ] } },
{ "type": "Feature", "properties": { "group_index": 0, "value": 300.0, "id_punto": "0_10", "sector": 0.0 }, "geometry": { "type": "Polygon", "coordinates": [ [ [ -58.386267, -34.579471 ], [ -58.386, -34.579712 ], [ -58.385234, -34.580211 ], [ -58.38146, -34.582377 ], [ -58.38115, -34.582473 ], [ -58.380411, -34.582421 ], [ -58.379258, -34.582194 ], [ -58.379074, -34.581884 ], [ -58.379027, -34.580287 ], [ -58.379024, -34.579927 ], [ -58.383483, -34.578438 ], [ -58.385173, -34.577982 ], [ -58.385329, -34.577958 ], [ -58.385602, -34.577987 ], [ -58.385762, -34.578069 ], [ -58.386267, -34.579471 ] ] ] } },
{ "type": "Feature", "properties": { "group_index": 0, "value": 300.0, "id_punto": "0_11", "sector": 0.0 }, "geometry": { "type": "Polygon", "coordinates": [ [ [ -58.381546, -34.579704 ], [ -58.381571, -34.579815 ], [ -58.381474, -34.580235 ], [ -58.380789, -34.581555 ], [ -58.380508, -34.581772 ], [ -58.37661, -34.58252 ], [ -58.37407, -34.582317 ], [ -58.373729, -34.582199 ], [ -58.373272, -34.581938 ], [ -58.373091, -34.581627 ], [ -58.373176, -34.581344 ], [ -58.373193, -34.581334 ], [ -58.375095, -34.580386 ], [ -58.375213, -34.580331 ], [ -58.375921, -34.580053 ], [ -58.375944, -34.580045 ], [ -58.376173, -34.579979 ], [ -58.376196, -34.579974 ], [ -58.376422, -34.57994 ], [ -58.381169, -34.57933 ], [ -58.381366, -34.579392 ], [ -58.381546, -34.579704 ] ] ] } },
{ "type": "Feature", "properties": { "group_index": 0, "value": 300.0, "id_punto": "0_12", "sector": 0.0 }, "geometry": { "type": "Polygon", "coordinates": [ [ [ -58.382819, -34.583052 ], [ -58.382382, -34.584288 ], [ -58.379947, -34.585898 ], [ -58.37936, -34.586225 ], [ -58.378765, -34.586556 ], [ -58.378464, -34.586704 ], [ -58.378158, -34.586854 ], [ -58.377526, -34.587141 ], [ -58.375902, -34.587274 ], [ -58.375724, -34.586961 ], [ -58.37539, -34.584333 ], [ -58.375422, -34.584116 ], [ -58.376087, -34.582053 ], [ -58.376363, -34.581822 ], [ -58.379385, -34.5817 ], [ -58.380626, -34.581939 ], [ -58.38213, -34.582353 ], [ -58.382676, -34.582722 ], [ -58.382819, -34.583052 ] ] ] } },
{ "type": "Feature", "properties": { "group_index": 0, "value": 300.0, "id_punto": "0_13", "sector": 0.0 }, "geometry": { "type": "Polygon", "coordinates": [ [ [ -58.378113, -34.581447 ], [ -58.377838, -34.583548 ], [ -58.377594, -34.58365 ], [ -58.377237, -34.583621 ], [ -58.37718, -34.583614 ], [ -58.37709, -34.583603 ], [ -58.374867, -34.583262 ], [ -58.373427, -34.581613 ], [ -58.373369, -34.581456 ], [ -58.375149, -34.580163 ], [ -58.375416, -34.580062 ], [ -58.375706, -34.579954 ], [ -58.375971, -34.579892 ], [ -58.376193, -34.579858 ], [ -58.376438, -34.579821 ], [ -58.37694, -34.579808 ], [ -58.377718, -34.579999 ], [ -58.378113, -34.581447 ] ] ] } },
{ "type": "Feature", "properties": { "group_index": 0, "value": 300.0, "id_punto": "0_14", "sector": 0.0 }, "geometry": { "type": "Polygon", "coordinates": [ [ [ -58.380691, -34.584321 ], [ -58.380767, -34.584577 ], [ -58.380725, -34.584752 ], [ -58.380441, -34.585298 ], [ -58.379859, -34.585741 ], [ -58.375808, -34.587901 ], [ -58.375049, -34.588215 ], [ -58.37455, -34.588288 ], [ -58.37398, -34.588365 ], [ -58.373802, -34.588052 ], [ -58.373954, -34.584955 ], [ -58.374348, -34.583248 ], [ -58.374788, -34.582999 ], [ -58.378064, -34.583047 ], [ -58.379147, -34.583424 ], [ -58.380526, -34.584001 ], [ -58.380691, -34.584321 ] ] ] } },
{ "type": "Feature", "properties": { "group_index": 0, "value": 300.0, "id_punto": "0_15", "sector": 0.0 }, "geometry": { "type": "Polygon", "coordinates": [ [ [ -58.381551, -34.580782 ], [ -58.381917, -34.582121 ], [ -58.381488, -34.583524 ], [ -58.379762, -34.58525 ], [ -58.37958, -34.585353 ], [ -58.377257, -34.585555 ], [ -58.374243, -34.585298 ], [ -58.37406, -34.584988 ], [ -58.37405, -34.584902 ], [ -58.374443, -34.583194 ], [ -58.375108, -34.580721 ], [ -58.375312, -34.580647 ], [ -58.379439, -34.580202 ], [ -58.380617, -34.580324 ], [ -58.381366, -34.580473 ], [ -58.381551, -34.580782 ] ] ] } },
{ "type": "Feature", "properties": { "group_index": 0, "value": 300.0, "id_punto": "0_16", "sector": 0.0 }, "geometry": { "type": "Polygon", "coordinates": [ [ [ -58.390702, -34.579099 ], [ -58.391085, -34.579955 ], [ -58.391047, -34.58003 ], [ -58.391011, -34.580098 ], [ -58.39097, -34.58014 ], [ -58.390815, -34.580284 ], [ -58.388714, -34.581663 ], [ -58.388185, -34.581936 ], [ -58.384889, -34.582781 ], [ -58.384078, -34.582865 ], [ -58.383521, -34.582741 ], [ -58.383133, -34.582228 ], [ -58.382964, -34.58191 ], [ -58.383299, -34.581732 ], [ -58.383633, -34.581554 ], [ -58.388856, -34.57873 ], [ -58.389577, -34.578427 ], [ -58.389913, -34.578548 ], [ -58.390422, -34.578748 ], [ -58.390702, -34.579099 ] ] ] } },
{ "type": "Feature", "properties": { "group_index": 0, "value": 300.0, "id_punto": "0_17", "sector": 0.0 }, "geometry": { "type": "Polygon", "coordinates": [ [ [ -58.387535, -34.57708 ], [ -58.387618, -34.57743 ], [ -58.386978, -34.578245 ], [ -58.381575, -34.579333 ], [ -58.380752, -34.579789 ], [ -58.380741, -34.579795 ], [ -58.380567, -34.579876 ], [ -58.380551, -34.579882 ], [ -58.380328, -34.579962 ], [ -58.380315, -34.579966 ], [ -58.380035, -34.580043 ], [ -58.380032, -34.580044 ], [ -58.379806, -34.580083 ], [ -58.379597, -34.580118 ], [ -58.37936, -34.580131 ], [ -58.379144, -34.580142 ], [ -58.376413, -34.579986 ], [ -58.376414, -34.579626 ], [ -58.376724, -34.579627 ], [ -58.377935, -34.579705 ], [ -58.3814, -34.579018 ], [ -58.384102, -34.576195 ], [ -58.386211, -34.575825 ], [ -58.386722, -34.576212 ], [ -58.387535, -34.57708 ] ] ] } },
{ "type": "Feature", "properties": { "group_index": 0, "value": 300.0, "id_punto": "0_18", "sector": 0.0 }, "geometry": { "type": "Polygon", "coordinates": [ [ [ -58.387048, -34.579367 ], [ -58.386319, -34.579797 ], [ -58.381812, -34.582774 ], [ -58.37963, -34.5828 ], [ -58.37947, -34.582478 ], [ -58.37937, -34.581709 ], [ -58.379313, -34.580435 ], [ -58.379305, -34.580075 ], [ -58.379661, -34.5799 ], [ -58.383804, -34.578177 ], [ -58.384036, -34.578121 ], [ -58.384267, -34.578066 ], [ -58.384961, -34.578218 ], [ -58.38511, -34.578268 ], [ -58.386885, -34.579046 ], [ -58.387048, -34.579367 ] ] ] } },
{ "type": "Feature", "properties": { "group_index": 0, "value": 300.0, "id_punto": "0_19", "sector": 0.0 }, "geometry": { "type": "Polygon", "coordinates": [ [ [ -58.388996, -34.576805 ], [ -58.38916, -34.578138 ], [ -58.38887, -34.578484 ], [ -58.385034, -34.580524 ], [ -58.384509, -34.580491 ], [ -58.380379, -34.5801 ], [ -58.380246, -34.579765 ], [ -58.384334, -34.57621 ], [ -58.385988, -34.575953 ], [ -58.388515, -34.576364 ], [ -58.388768, -34.576526 ], [ -58.388996, -34.576805 ] ] ] } },
{ "type": "Feature", "properties": { "group_index": 0, "value": 300.0, "id_punto": "0_20", "sector": 0.0 }, "geometry": { "type": "Polygon", "coordinates": [ [ [ -58.388836, -34.577534 ], [ -58.388816, -34.578109 ], [ -58.388793, -34.578469 ], [ -58.388036, -34.578843 ], [ -58.383186, -34.581461 ], [ -58.382945, -34.581571 ], [ -58.382795, -34.581244 ], [ -58.382204, -34.578917 ], [ -58.382746, -34.578492 ], [ -58.38519, -34.57737 ], [ -58.385545, -34.577309 ], [ -58.38753, -34.577081 ], [ -58.388609, -34.577254 ], [ -58.388836, -34.577534 ] ] ] } },
{ "type": "Feature", "properties": { "group_index": 0, "value": 300.0, "id_punto": "0_21", "sector": 0.0 }, "geometry": { "type": "Polygon", "coordinates": [ [ [ -58.379825, -34.582726 ], [ -58.380602, -34.584367 ], [ -58.379875, -34.585317 ], [ -58.377311, -34.587239 ], [ -58.376996, -34.587395 ], [ -58.376987, -34.587399 ], [ -58.376662, -34.587538 ], [ -58.37509, -34.587735 ], [ -58.372873, -34.586073 ], [ -58.372793, -34.585997 ], [ -58.372692, -34.585762 ], [ -58.372665, -34.58566 ], [ -58.373018, -34.584194 ], [ -58.373031, -34.584157 ], [ -58.37315, -34.583821 ], [ -58.373198, -34.583688 ], [ -58.375244, -34.582123 ], [ -58.376677, -34.581896 ], [ -58.378688, -34.582347 ], [ -58.379673, -34.582626 ], [ -58.379763, -34.582658 ], [ -58.379825, -34.582726 ] ] ] } },
{ "type": "Feature", "properties": { "group_index": 0, "value": 300.0, "id_punto": "0_22", "sector": 0.0 }, "geometry": { "type": "Polygon", "coordinates": [ [ [ -58.386013, -34.579726 ], [ -58.385945, -34.580043 ], [ -58.385631, -34.580207 ], [ -58.385318, -34.580371 ], [ -58.383186, -34.581461 ], [ -58.380232, -34.583756 ], [ -58.379013, -34.583505 ], [ -58.378778, -34.583233 ], [ -58.378494, -34.582453 ], [ -58.37865, -34.580058 ], [ -58.382722, -34.5785 ], [ -58.383049, -34.578384 ], [ -58.383424, -34.578458 ], [ -58.385853, -34.579404 ], [ -58.386013, -34.579726 ] ] ] } },
{ "type": "Feature", "properties": { "group_index": 0, "value": 300.0, "id_punto": "0_23", "sector": 0.0 }, "geometry": { "type": "Polygon", "coordinates": [ [ [ -58.383574, -34.583543 ], [ -58.382991, -34.583932 ], [ -58.379947, -34.585898 ], [ -58.37936, -34.586225 ], [ -58.378765, -34.586556 ], [ -58.378464, -34.586704 ], [ -58.378158, -34.586854 ], [ -58.376987, -34.587399 ], [ -58.376282, -34.587699 ], [ -58.375859, -34.587562 ], [ -58.375681, -34.58725 ], [ -58.376799, -34.583352 ], [ -58.376891, -34.583034 ], [ -58.37717, -34.582806 ], [ -58.379898, -34.582265 ], [ -58.381216, -34.582415 ], [ -58.383397, -34.583229 ], [ -58.383574, -34.583543 ] ] ] } },
{ "type": "Feature", "properties": { "group_index": 0, "value": 300.0, "id_punto": "0_24", "sector": 0.0 }, "geometry": { "type": "Polygon", "coordinates": [ [ [ -58.388927, -34.58063 ], [ -58.388789, -34.581127 ], [ -58.388562, -34.581233 ], [ -58.388335, -34.58134 ], [ -58.382977, -34.583802 ], [ -58.382679, -34.583932 ], [ -58.382674, -34.583934 ], [ -58.38237, -34.584055 ], [ -58.381933, -34.583969 ], [ -58.381246, -34.583656 ], [ -58.381072, -34.583341 ], [ -58.381007, -34.582142 ], [ -58.381727, -34.581812 ], [ -58.387248, -34.57969 ], [ -58.387533, -34.579522 ], [ -58.387817, -34.579355 ], [ -58.388288, -34.579599 ], [ -58.388768, -34.58002 ], [ -58.388927, -34.58063 ] ] ] } },
{ "type": "Feature", "properties": { "group_index": 0, "value": 300.0, "id_punto": "0_25", "sector": 0.0 }, "geometry": { "type": "Polygon", "coordinates": [ [ [ -58.387873, -34.577513 ], [ -58.388218, -34.577964 ], [ -58.388198, -34.578323 ], [ -58.387025, -34.579379 ], [ -58.386157, -34.579933 ], [ -58.383855, -34.581161 ], [ -58.38373, -34.581217 ], [ -58.382837, -34.581244 ], [ -58.380409, -34.580866 ], [ -58.379261, -34.580436 ], [ -58.379253, -34.580077 ], [ -58.37935, -34.579924 ], [ -58.382022, -34.578971 ], [ -58.385194, -34.577391 ], [ -58.385549, -34.57733 ], [ -58.387518, -34.577084 ], [ -58.387873, -34.577513 ] ] ] } },
{ "type": "Feature", "properties": { "group_index": 0, "value": 300.0, "id_punto": "0_26", "sector": 0.0 }, "geometry": { "type": "Polygon", "coordinates": [ [ [ -58.381502, -34.580811 ], [ -58.381906, -34.582126 ], [ -58.381438, -34.583551 ], [ -58.379725, -34.5854 ], [ -58.379693, -34.58542 ], [ -58.377255, -34.58558 ], [ -58.374227, -34.585308 ], [ -58.374182, -34.585241 ], [ -58.374043, -34.584998 ], [ -58.374006, -34.584927 ], [ -58.374399, -34.583219 ], [ -58.375105, -34.580689 ], [ -58.375265, -34.580617 ], [ -58.379426, -34.580233 ], [ -58.379519, -34.580226 ], [ -58.380569, -34.580353 ], [ -58.381318, -34.580502 ], [ -58.381502, -34.580811 ] ] ] } },
{ "type": "Feature", "properties": { "group_index": 0, "value": 300.0, "id_punto": "0_27", "sector": 0.0 }, "geometry": { "type": "Polygon", "coordinates": [ [ [ -58.388528, -34.578455 ], [ -58.388036, -34.578843 ], [ -58.383186, -34.581461 ], [ -58.382099, -34.582025 ], [ -58.381928, -34.581708 ], [ -58.381854, -34.581032 ], [ -58.381899, -34.580747 ], [ -58.381956, -34.580448 ], [ -58.382015, -34.58016 ], [ -58.382182, -34.579392 ], [ -58.383245, -34.578504 ], [ -58.383722, -34.57822 ], [ -58.385963, -34.57744 ], [ -58.387014, -34.577203 ], [ -58.388475, -34.578099 ], [ -58.388528, -34.578455 ] ] ] } },
{ "type": "Feature", "properties": { "group_index": 0, "value": 300.0, "id_punto": "0_28", "sector": 0.0 }, "geometry": { "type": "Polygon", "coordinates": [ [ [ -58.389668, -34.578203 ], [ -58.389753, -34.578553 ], [ -58.384368, -34.580885 ], [ -58.383746, -34.580889 ], [ -58.381405, -34.580193 ], [ -58.381353, -34.580131 ], [ -58.381203, -34.579611 ], [ -58.381183, -34.579424 ], [ -58.384895, -34.576248 ], [ -58.385746, -34.576091 ], [ -58.388734, -34.576554 ], [ -58.389243, -34.576833 ], [ -58.389668, -34.578203 ] ] ] } },
{ "type": "Feature", "properties": { "group_index": 0, "value": 300.0, "id_punto": "0_29", "sector": 0.0 }, "geometry": { "type": "Polygon", "coordinates": [ [ [ -58.382412, -34.581857 ], [ -58.381597, -34.584691 ], [ -58.381252, -34.584992 ], [ -58.379947, -34.585898 ], [ -58.379416, -34.586194 ], [ -58.378885, -34.586489 ], [ -58.37717, -34.586284 ], [ -58.376991, -34.58625 ], [ -58.374379, -34.585218 ], [ -58.374195, -34.584908 ], [ -58.375479, -34.581326 ], [ -58.375755, -34.581095 ], [ -58.376136, -34.580999 ], [ -58.379436, -34.581018 ], [ -58.380251, -34.581133 ], [ -58.380328, -34.581144 ], [ -58.380466, -34.58117 ], [ -58.382242, -34.58154 ], [ -58.382412, -34.581857 ] ] ] } },
{ "type": "Feature", "properties": { "group_index": 0, "value": 300.0, "id_punto": "0_30", "sector": 0.0 }, "geometry": { "type": "Polygon", "coordinates": [ [ [ -58.382847, -34.584017 ], [ -58.381252, -34.584992 ], [ -58.379859, -34.585741 ], [ -58.375808, -34.587901 ], [ -58.374987, -34.588245 ], [ -58.374604, -34.588259 ], [ -58.374432, -34.587943 ], [ -58.377961, -34.58366 ], [ -58.378979, -34.58332 ], [ -58.379422, -34.583273 ], [ -58.380168, -34.58326 ], [ -58.380346, -34.58329 ], [ -58.382666, -34.583706 ], [ -58.382847, -34.584017 ] ] ] } },
{ "type": "Feature", "properties": { "group_index": 0, "value": 300.0, "id_punto": "0_31", "sector": 0.0 }, "geometry": { "type": "Polygon", "coordinates": [ [ [ -58.380395, -34.581522 ], [ -58.380634, -34.581936 ], [ -58.380774, -34.582268 ], [ -58.380639, -34.584348 ], [ -58.379899, -34.58536 ], [ -58.379584, -34.585534 ], [ -58.375191, -34.58617 ], [ -58.374013, -34.585335 ], [ -58.373837, -34.585022 ], [ -58.373343, -34.583934 ], [ -58.373393, -34.583555 ], [ -58.373937, -34.581179 ], [ -58.374129, -34.580922 ], [ -58.374426, -34.58063 ], [ -58.374588, -34.580504 ], [ -58.374733, -34.580393 ], [ -58.375149, -34.580163 ], [ -58.375416, -34.580062 ], [ -58.375706, -34.579954 ], [ -58.375956, -34.579895 ], [ -58.376419, -34.579941 ], [ -58.380175, -34.581177 ], [ -58.380211, -34.581212 ], [ -58.380395, -34.581522 ] ] ] } },
{ "type": "Feature", "properties": { "group_index": 0, "value": 300.0, "id_punto": "0_32", "sector": 0.0 }, "geometry": { "type": "Polygon", "coordinates": [ [ [ -58.384734, -34.579603 ], [ -58.384992, -34.580247 ], [ -58.384832, -34.580633 ], [ -58.380282, -34.583545 ], [ -58.380252, -34.583563 ], [ -58.379689, -34.583538 ], [ -58.379088, -34.583441 ], [ -58.378042, -34.583115 ], [ -58.377859, -34.582805 ], [ -58.377495, -34.581856 ], [ -58.377363, -34.580337 ], [ -58.377386, -34.579978 ], [ -58.377532, -34.579839 ], [ -58.383125, -34.578357 ], [ -58.383533, -34.57843 ], [ -58.383762, -34.578491 ], [ -58.383897, -34.57854 ], [ -58.384064, -34.578646 ], [ -58.384734, -34.579603 ] ] ] } },
{ "type": "Feature", "properties": { "group_index": 0, "value": 300.0, "id_punto": "0_33", "sector": 0.0 }, "geometry": { "type": "Polygon", "coordinates": [ [ [ -58.37841, -34.583277 ], [ -58.378252, -34.583842 ], [ -58.378076, -34.584156 ], [ -58.37771, -34.584143 ], [ -58.374307, -34.583684 ], [ -58.373049, -34.582695 ], [ -58.372503, -34.581633 ], [ -58.37365, -34.580972 ], [ -58.375149, -34.580163 ], [ -58.375416, -34.580062 ], [ -58.375706, -34.579954 ], [ -58.375971, -34.579892 ], [ -58.376193, -34.579858 ], [ -58.376438, -34.579821 ], [ -58.376706, -34.579814 ], [ -58.376989, -34.579807 ], [ -58.378467, -34.579894 ], [ -58.37841, -34.583277 ] ] ] } },
{ "type": "Feature", "properties": { "group_index": 0, "value": 300.0, "id_punto": "0_34", "sector": 0.0 }, "geometry": { "type": "Polygon", "coordinates": [ [ [ -58.387549, -34.579812 ], [ -58.387561, -34.580774 ], [ -58.387407, -34.58116 ], [ -58.38714, -34.581721 ], [ -58.383375, -34.583655 ], [ -58.38176, -34.584298 ], [ -58.380108, -34.584262 ], [ -58.379726, -34.583914 ], [ -58.37971, -34.583118 ], [ -58.37976, -34.582605 ], [ -58.383035, -34.581134 ], [ -58.387282, -34.57967 ], [ -58.387475, -34.579727 ], [ -58.387549, -34.579812 ] ] ] } },
{ "type": "Feature", "properties": { "group_index": 0, "value": 300.0, "id_punto": "0_35", "sector": 0.0 }, "geometry": { "type": "Polygon", "coordinates": [ [ [ -58.393773, -34.578669 ], [ -58.393104, -34.579146 ], [ -58.389997, -34.580709 ], [ -58.389564, -34.5809 ], [ -58.389108, -34.5811 ], [ -58.386222, -34.581873 ], [ -58.386025, -34.581572 ], [ -58.385943, -34.580757 ], [ -58.386139, -34.580252 ], [ -58.387252, -34.578132 ], [ -58.38865, -34.57782 ], [ -58.388958, -34.57784 ], [ -58.393621, -34.578223 ], [ -58.393875, -34.578478 ], [ -58.393773, -34.578669 ] ] ] } },
{ "type": "Feature", "properties": { "group_index": 0, "value": 300.0, "id_punto": "0_36", "sector": 0.0 }, "geometry": { "type": "Polygon", "coordinates": [ [ [ -58.390496, -34.578624 ], [ -58.39046, -34.579754 ], [ -58.387848, -34.58152 ], [ -58.385607, -34.582334 ], [ -58.384372, -34.58271 ], [ -58.38305, -34.582476 ], [ -58.382794, -34.582408 ], [ -58.382625, -34.58209 ], [ -58.382906, -34.581941 ], [ -58.385318, -34.580861 ], [ -58.389225, -34.578159 ], [ -58.390042, -34.578203 ], [ -58.390401, -34.578296 ], [ -58.390479, -34.57833 ], [ -58.390496, -34.578624 ] ] ] } },
{ "type": "Feature", "properties": { "group_index": 0, "value": 300.0, "id_punto": "0_37", "sector": 0.0 }, "geometry": { "type": "Polygon", "coordinates": [ [ [ -58.381322, -34.579833 ], [ -58.381346, -34.579943 ], [ -58.381312, -34.580042 ], [ -58.38063, -34.581384 ], [ -58.380351, -34.581588 ], [ -58.380102, -34.581695 ], [ -58.375487, -34.580676 ], [ -58.375317, -34.580359 ], [ -58.375709, -34.580148 ], [ -58.375921, -34.580053 ], [ -58.376173, -34.579979 ], [ -58.376422, -34.57994 ], [ -58.380945, -34.579454 ], [ -58.381142, -34.579521 ], [ -58.381322, -34.579833 ] ] ] } },
{ "type": "Feature", "properties": { "group_index": 0, "value": 300.0, "id_punto": "0_38", "sector": 0.0 }, "geometry": { "type": "Polygon", "coordinates": [ [ [ -58.378912, -34.585414 ], [ -58.37855, -34.586099 ], [ -58.378271, -34.586246 ], [ -58.373575, -34.58981 ], [ -58.373261, -34.589986 ], [ -58.373054, -34.589988 ], [ -58.372397, -34.589919 ], [ -58.371722, -34.589552 ], [ -58.371382, -34.588691 ], [ -58.37136, -34.588531 ], [ -58.37136, -34.588529 ], [ -58.371575, -34.587971 ], [ -58.376185, -34.584723 ], [ -58.376564, -34.584766 ], [ -58.378751, -34.585093 ], [ -58.378912, -34.585414 ] ] ] } },
{ "type": "Feature", "properties": { "group_index": 0, "value": 300.0, "id_punto": "0_39", "sector": 0.0 }, "geometry": { "type": "Polygon", "coordinates": [ [ [ -58.388322, -34.577122 ], [ -58.388424, -34.577439 ], [ -58.388451, -34.577977 ], [ -58.388431, -34.578336 ], [ -58.387096, -34.579342 ], [ -58.386157, -34.579933 ], [ -58.385667, -34.580188 ], [ -58.383466, -34.580842 ], [ -58.381357, -34.580591 ], [ -58.380961, -34.580539 ], [ -58.380055, -34.580358 ], [ -58.379732, -34.580253 ], [ -58.379665, -34.579899 ], [ -58.380832, -34.579515 ], [ -58.385118, -34.576586 ], [ -58.388081, -34.576854 ], [ -58.388322, -34.577122 ] ] ] } },
{ "type": "Feature", "properties": { "group_index": 0, "value": 300.0, "id_punto": "0_40", "sector": 0.0 }, "geometry": { "type": "Polygon", "coordinates": [ [ [ -58.384209, -34.580561 ], [ -58.384381, -34.580878 ], [ -58.384032, -34.582485 ], [ -58.383036, -34.583777 ], [ -58.381039, -34.585073 ], [ -58.379549, -34.585508 ], [ -58.37811, -34.585273 ], [ -58.377564, -34.585132 ], [ -58.377109, -34.584914 ], [ -58.376839, -34.584672 ], [ -58.376656, -34.584362 ], [ -58.376499, -34.584051 ], [ -58.37687, -34.582203 ], [ -58.377805, -34.581638 ], [ -58.379825, -34.580427 ], [ -58.384041, -34.580325 ], [ -58.384209, -34.580561 ] ] ] } },
{ "type": "Feature", "properties": { "group_index": 0, "value": 300.0, "id_punto": "0_41", "sector": 0.0 }, "geometry": { "type": "Polygon", "coordinates": [ [ [ -58.388394, -34.578615 ], [ -58.388036, -34.578843 ], [ -58.385234, -34.580211 ], [ -58.381698, -34.582651 ], [ -58.380963, -34.582557 ], [ -58.380815, -34.582229 ], [ -58.380896, -34.581601 ], [ -58.380933, -34.581316 ], [ -58.381252, -34.579386 ], [ -58.381988, -34.578873 ], [ -58.382198, -34.578756 ], [ -58.382422, -34.578633 ], [ -58.382677, -34.57852 ], [ -58.384468, -34.578018 ], [ -58.38552, -34.577743 ], [ -58.386729, -34.577778 ], [ -58.38707, -34.577893 ], [ -58.388213, -34.578304 ], [ -58.388394, -34.578615 ] ] ] } },
{ "type": "Feature", "properties": { "group_index": 0, "value": 300.0, "id_punto": "0_42", "sector": 0.0 }, "geometry": { "type": "Polygon", "coordinates": [ [ [ -58.38629, -34.579496 ], [ -58.386023, -34.579737 ], [ -58.385234, -34.580211 ], [ -58.381467, -34.582388 ], [ -58.381132, -34.582481 ], [ -58.38054, -34.582367 ], [ -58.3804, -34.582035 ], [ -58.380245, -34.579765 ], [ -58.382422, -34.578633 ], [ -58.382722, -34.5785 ], [ -58.382965, -34.578414 ], [ -58.38322, -34.578324 ], [ -58.383414, -34.57827 ], [ -58.384831, -34.578245 ], [ -58.384995, -34.578292 ], [ -58.386098, -34.579274 ], [ -58.38629, -34.579496 ] ] ] } },
{ "type": "Feature", "properties": { "group_index": 0, "value": 300.0, "id_punto": "0_43", "sector": 0.0 }, "geometry": { "type": "Polygon", "coordinates": [ [ [ -58.384995, -34.579645 ], [ -58.385014, -34.579707 ], [ -58.384782, -34.580353 ], [ -58.384577, -34.580771 ], [ -58.379998, -34.583441 ], [ -58.379779, -34.58349 ], [ -58.378249, -34.583357 ], [ -58.377894, -34.583203 ], [ -58.377849, -34.583162 ], [ -58.377664, -34.582853 ], [ -58.377445, -34.581891 ], [ -58.377193, -34.580327 ], [ -58.377215, -34.579967 ], [ -58.37741, -34.579832 ], [ -58.382965, -34.578414 ], [ -58.38322, -34.578324 ], [ -58.383415, -34.57827 ], [ -58.384057, -34.578422 ], [ -58.384193, -34.578471 ], [ -58.384995, -34.579645 ] ] ] } },
{ "type": "Feature", "properties": { "group_index": 0, "value": 300.0, "id_punto": "0_44", "sector": 0.0 }, "geometry": { "type": "Polygon", "coordinates": [ [ [ -58.378869, -34.582131 ], [ -58.379054, -34.58244 ], [ -58.37905, -34.58252 ], [ -58.378937, -34.584146 ], [ -58.378864, -34.584449 ], [ -58.378777, -34.584513 ], [ -58.378596, -34.584561 ], [ -58.377502, -34.584755 ], [ -58.373965, -34.584289 ], [ -58.373541, -34.58409 ], [ -58.373432, -34.583747 ], [ -58.373393, -34.583555 ], [ -58.374021, -34.581133 ], [ -58.374155, -34.580897 ], [ -58.374291, -34.580764 ], [ -58.374426, -34.58063 ], [ -58.374588, -34.580504 ], [ -58.374733, -34.580393 ], [ -58.375149, -34.580163 ], [ -58.375416, -34.580062 ], [ -58.375706, -34.579954 ], [ -58.375951, -34.579896 ], [ -58.376412, -34.579942 ], [ -58.378056, -34.581271 ], [ -58.378869, -34.582131 ] ] ] } },
{ "type": "Feature", "properties": { "group_index": 0, "value": 300.0, "id_punto": "0_45", "sector": 0.0 }, "geometry": { "type": "Polygon", "coordinates": [ [ [ -58.386748, -34.580359 ], [ -58.38676, -34.581412 ], [ -58.384742, -34.582862 ], [ -58.382976, -34.583942 ], [ -58.382734, -34.584083 ], [ -58.382492, -34.584224 ], [ -58.380873, -34.584656 ], [ -58.380523, -34.584704 ], [ -58.379811, -34.584412 ], [ -58.379649, -34.584091 ], [ -58.379543, -34.583562 ], [ -58.379452, -34.58285 ], [ -58.379466, -34.582724 ], [ -58.379565, -34.582661 ], [ -58.383131, -34.581008 ], [ -58.386592, -34.580034 ], [ -58.386748, -34.580359 ] ] ] } },
{ "type": "Feature", "properties": { "group_index": 0, "value": 300.0, "id_punto": "0_46", "sector": 0.0 }, "geometry": { "type": "Polygon", "coordinates": [ [ [ -58.381781, -34.579502 ], [ -58.381338, -34.580315 ], [ -58.381243, -34.580371 ], [ -58.376136, -34.582111 ], [ -58.373892, -34.581887 ], [ -58.373652, -34.581857 ], [ -58.37348, -34.581811 ], [ -58.373393, -34.581705 ], [ -58.37329, -34.581506 ], [ -58.375149, -34.580163 ], [ -58.375683, -34.579961 ], [ -58.375706, -34.579954 ], [ -58.375957, -34.579895 ], [ -58.375971, -34.579892 ], [ -58.376193, -34.579858 ], [ -58.376415, -34.579823 ], [ -58.381459, -34.579168 ], [ -58.381605, -34.579188 ], [ -58.381781, -34.579502 ] ] ] } },
{ "type": "Feature", "properties": { "group_index": 0, "value": 300.0, "id_punto": "0_47", "sector": 0.0 }, "geometry": { "type": "Polygon", "coordinates": [ [ [ -58.382367, -34.584295 ], [ -58.381252, -34.584992 ], [ -58.379859, -34.585741 ], [ -58.375808, -34.587901 ], [ -58.375323, -34.588078 ], [ -58.374616, -34.588253 ], [ -58.374444, -34.587936 ], [ -58.375862, -34.584621 ], [ -58.377532, -34.583505 ], [ -58.377586, -34.583476 ], [ -58.379031, -34.583012 ], [ -58.380661, -34.582833 ], [ -58.38189, -34.583586 ], [ -58.382122, -34.583766 ], [ -58.382367, -34.584295 ] ] ] } },
{ "type": "Feature", "properties": { "group_index": 0, "value": 300.0, "id_punto": "0_48", "sector": 0.0 }, "geometry": { "type": "Polygon", "coordinates": [ [ [ -58.383066, -34.579472 ], [ -58.383246, -34.579783 ], [ -58.383154, -34.581063 ], [ -58.381417, -34.583562 ], [ -58.381376, -34.583584 ], [ -58.379712, -34.584462 ], [ -58.379694, -34.584471 ], [ -58.378396, -34.584308 ], [ -58.376595, -34.583876 ], [ -58.376421, -34.583561 ], [ -58.376902, -34.579947 ], [ -58.382411, -34.578805 ], [ -58.382746, -34.579058 ], [ -58.383066, -34.579472 ] ] ] } },
{ "type": "Feature", "properties": { "group_index": 0, "value": 300.0, "id_punto": "0_49", "sector": 0.0 }, "geometry": { "type": "Polygon", "coordinates": [ [ [ -58.388454, -34.577977 ], [ -58.388497, -34.578305 ], [ -58.388491, -34.578461 ], [ -58.386157, -34.579933 ], [ -58.383855, -34.581161 ], [ -58.383827, -34.581174 ], [ -58.382904, -34.581206 ], [ -58.38133, -34.580914 ], [ -58.380618, -34.580742 ], [ -58.380371, -34.580362 ], [ -58.380256, -34.58002 ], [ -58.38021, -34.579779 ], [ -58.385202, -34.57744 ], [ -58.385557, -34.577379 ], [ -58.387488, -34.577091 ], [ -58.388193, -34.577439 ], [ -58.388454, -34.577977 ] ] ] } },
{ "type": "Feature", "properties": { "group_index": 0, "value": 300.0, "id_punto": "0_50", "sector": 0.0 }, "geometry": { "type": "Polygon", "coordinates": [ [ [ -58.378267, -34.585734 ], [ -58.378019, -34.58637 ], [ -58.376367, -34.588732 ], [ -58.373775, -34.590409 ], [ -58.373697, -34.590449 ], [ -58.373513, -34.590459 ], [ -58.372051, -34.590318 ], [ -58.371147, -34.589717 ], [ -58.37082, -34.58878 ], [ -58.37083, -34.58875 ], [ -58.370831, -34.588748 ], [ -58.370841, -34.588718 ], [ -58.37175, -34.587409 ], [ -58.376386, -34.585099 ], [ -58.378145, -34.585395 ], [ -58.378267, -34.585734 ] ] ] } },
{ "type": "Feature", "properties": { "group_index": 0, "value": 300.0, "id_punto": "0_51", "sector": 0.0 }, "geometry": { "type": "Polygon", "coordinates": [ [ [ -58.383922, -34.579442 ], [ -58.383831, -34.580287 ], [ -58.38371, -34.580595 ], [ -58.381389, -34.583577 ], [ -58.381376, -34.583584 ], [ -58.379865, -34.584385 ], [ -58.379726, -34.584456 ], [ -58.37921, -34.58439 ], [ -58.378414, -34.584285 ], [ -58.376724, -34.583864 ], [ -58.376551, -34.583548 ], [ -58.376852, -34.579944 ], [ -58.382282, -34.57871 ], [ -58.383741, -34.579131 ], [ -58.383922, -34.579442 ] ] ] } },
{ "type": "Feature", "properties": { "group_index": 0, "value": 300.0, "id_punto": "0_52", "sector": 0.0 }, "geometry": { "type": "Polygon", "coordinates": [ [ [ -58.388841, -34.578472 ], [ -58.388036, -34.578843 ], [ -58.383186, -34.581461 ], [ -58.381946, -34.582107 ], [ -58.381644, -34.582248 ], [ -58.381492, -34.581922 ], [ -58.381565, -34.581206 ], [ -58.381608, -34.580917 ], [ -58.381962, -34.579008 ], [ -58.383702, -34.57824 ], [ -58.385993, -34.577434 ], [ -58.386986, -34.57721 ], [ -58.388519, -34.577915 ], [ -58.388865, -34.578113 ], [ -58.388841, -34.578472 ] ] ] } },
{ "type": "Feature", "properties": { "group_index": 0, "value": 300.0, "id_punto": "0_53", "sector": 0.0 }, "geometry": { "type": "Polygon", "coordinates": [ [ [ -58.383926, -34.582344 ], [ -58.384045, -34.582503 ], [ -58.384071, -34.583225 ], [ -58.379947, -34.585898 ], [ -58.37936, -34.586225 ], [ -58.378765, -34.586556 ], [ -58.378186, -34.58684 ], [ -58.377388, -34.586904 ], [ -58.376149, -34.585237 ], [ -58.376064, -34.58481 ], [ -58.376643, -34.58273 ], [ -58.377839, -34.581618 ], [ -58.378042, -34.581501 ], [ -58.378246, -34.581384 ], [ -58.379271, -34.58112 ], [ -58.38247, -34.581417 ], [ -58.383392, -34.581683 ], [ -58.383926, -34.582344 ] ] ] } },
{ "type": "Feature", "properties": { "group_index": 0, "value": 300.0, "id_punto": "0_54", "sector": 0.0 }, "geometry": { "type": "Polygon", "coordinates": [ [ [ -58.385788, -34.579838 ], [ -58.385757, -34.580141 ], [ -58.385537, -34.580256 ], [ -58.385318, -34.580371 ], [ -58.380549, -34.583754 ], [ -58.380167, -34.583837 ], [ -58.378818, -34.583679 ], [ -58.378706, -34.583557 ], [ -58.378577, -34.583412 ], [ -58.378279, -34.582823 ], [ -58.37827, -34.582579 ], [ -58.378359, -34.581721 ], [ -58.378627, -34.580057 ], [ -58.382663, -34.578526 ], [ -58.383503, -34.578718 ], [ -58.385627, -34.579516 ], [ -58.385788, -34.579838 ] ] ] } },
{ "type": "Feature", "properties": { "group_index": 0, "value": 300.0, "id_punto": "0_55", "sector": 0.0 }, "geometry": { "type": "Polygon", "coordinates": [ [ [ -58.390141, -34.580231 ], [ -58.389925, -34.580601 ], [ -58.388894, -34.581485 ], [ -58.388658, -34.581603 ], [ -58.388422, -34.581721 ], [ -58.383656, -34.583491 ], [ -58.382447, -34.58385 ], [ -58.382232, -34.583813 ], [ -58.381862, -34.583709 ], [ -58.381682, -34.583397 ], [ -58.382406, -34.582207 ], [ -58.382906, -34.581941 ], [ -58.387494, -34.579749 ], [ -58.388649, -34.57921 ], [ -58.389639, -34.579653 ], [ -58.390028, -34.579889 ], [ -58.390141, -34.580231 ] ] ] } },
{ "type": "Feature", "properties": { "group_index": 0, "value": 300.0, "id_punto": "0_56", "sector": 0.0 }, "geometry": { "type": "Polygon", "coordinates": [ [ [ -58.388688, -34.578462 ], [ -58.388036, -34.578843 ], [ -58.385234, -34.580211 ], [ -58.381676, -34.582629 ], [ -58.38099, -34.582545 ], [ -58.380842, -34.582217 ], [ -58.38164, -34.579168 ], [ -58.381884, -34.579031 ], [ -58.384426, -34.578028 ], [ -58.385575, -34.577728 ], [ -58.386781, -34.577767 ], [ -58.388712, -34.578103 ], [ -58.388688, -34.578462 ] ] ] } },
{ "type": "Feature", "properties": { "group_index": 0, "value": 300.0, "id_punto": "0_57", "sector": 0.0 }, "geometry": { "type": "Polygon", "coordinates": [ [ [ -58.383502, -34.583575 ], [ -58.379947, -34.585898 ], [ -58.37936, -34.586225 ], [ -58.378765, -34.586556 ], [ -58.378464, -34.586704 ], [ -58.378158, -34.586854 ], [ -58.376987, -34.587399 ], [ -58.376747, -34.587501 ], [ -58.375843, -34.587572 ], [ -58.375664, -34.587259 ], [ -58.375684, -34.586984 ], [ -58.376107, -34.58485 ], [ -58.376679, -34.582774 ], [ -58.376958, -34.582547 ], [ -58.379052, -34.582087 ], [ -58.381533, -34.582244 ], [ -58.383081, -34.58298 ], [ -58.383359, -34.583244 ], [ -58.383502, -34.583575 ] ] ] } },
{ "type": "Feature", "properties": { "group_index": 0, "value": 300.0, "id_punto": "0_58", "sector": 0.0 }, "geometry": { "type": "Polygon", "coordinates": [ [ [ -58.384201, -34.58166 ], [ -58.384166, -34.582818 ], [ -58.384107, -34.583203 ], [ -58.379947, -34.585898 ], [ -58.378865, -34.5865 ], [ -58.376708, -34.585765 ], [ -58.376805, -34.58389 ], [ -58.376983, -34.582142 ], [ -58.377805, -34.581638 ], [ -58.378032, -34.581507 ], [ -58.378246, -34.581384 ], [ -58.379942, -34.580711 ], [ -58.380069, -34.580707 ], [ -58.383021, -34.58114 ], [ -58.384032, -34.581342 ], [ -58.384201, -34.58166 ] ] ] } },
{ "type": "Feature", "properties": { "group_index": 0, "value": 300.0, "id_punto": "0_59", "sector": 0.0 }, "geometry": { "type": "Polygon", "coordinates": [ [ [ -58.390733, -34.578827 ], [ -58.390752, -34.578888 ], [ -58.390408, -34.578995 ], [ -58.390109, -34.579059 ], [ -58.390084, -34.579064 ], [ -58.384694, -34.580708 ], [ -58.384068, -34.581046 ], [ -58.383666, -34.580933 ], [ -58.38346, -34.580867 ], [ -58.383446, -34.580848 ], [ -58.383204, -34.57862 ], [ -58.383217, -34.578511 ], [ -58.383751, -34.578189 ], [ -58.385189, -34.577362 ], [ -58.385544, -34.577302 ], [ -58.387534, -34.57708 ], [ -58.388684, -34.577194 ], [ -58.388992, -34.577381 ], [ -58.390418, -34.578499 ], [ -58.390733, -34.578827 ] ] ] } },
{ "type": "Feature", "properties": { "group_index": 0, "value": 300.0, "id_punto": "0_60", "sector": 0.0 }, "geometry": { "type": "Polygon", "coordinates": [ [ [ -58.383485, -34.582363 ], [ -58.383632, -34.582692 ], [ -58.383368, -34.583633 ], [ -58.379947, -34.585898 ], [ -58.37936, -34.586225 ], [ -58.378765, -34.586556 ], [ -58.378474, -34.586699 ], [ -58.378183, -34.586842 ], [ -58.377379, -34.586909 ], [ -58.376138, -34.585224 ], [ -58.376052, -34.584798 ], [ -58.376632, -34.582717 ], [ -58.377483, -34.581864 ], [ -58.377644, -34.581751 ], [ -58.377805, -34.581638 ], [ -58.378032, -34.581507 ], [ -58.378246, -34.581384 ], [ -58.379445, -34.581013 ], [ -58.380261, -34.581127 ], [ -58.380337, -34.581138 ], [ -58.382371, -34.58147 ], [ -58.383147, -34.581813 ], [ -58.383485, -34.582363 ] ] ] } },
{ "type": "Feature", "properties": { "group_index": 0, "value": 300.0, "id_punto": "0_61", "sector": 0.0 }, "geometry": { "type": "Polygon", "coordinates": [ [ [ -58.385604, -34.578251 ], [ -58.385796, -34.579834 ], [ -58.385764, -34.580138 ], [ -58.385541, -34.580254 ], [ -58.385318, -34.580371 ], [ -58.381962, -34.582099 ], [ -58.38076, -34.582082 ], [ -58.379947, -34.581786 ], [ -58.379764, -34.581476 ], [ -58.379987, -34.579839 ], [ -58.383804, -34.578177 ], [ -58.384105, -34.578105 ], [ -58.385446, -34.578123 ], [ -58.385593, -34.578217 ], [ -58.385604, -34.578251 ] ] ] } },
{ "type": "Feature", "properties": { "group_index": 0, "value": 300.0, "id_punto": "0_62", "sector": 0.0 }, "geometry": { "type": "Polygon", "coordinates": [ [ [ -58.387732, -34.579 ], [ -58.387472, -34.579151 ], [ -58.386319, -34.579797 ], [ -58.382426, -34.583198 ], [ -58.382041, -34.58325 ], [ -58.380048, -34.582901 ], [ -58.379937, -34.582559 ], [ -58.380929, -34.579462 ], [ -58.381988, -34.578873 ], [ -58.382198, -34.578756 ], [ -58.382422, -34.578633 ], [ -58.382722, -34.5785 ], [ -58.382916, -34.578431 ], [ -58.38311, -34.578362 ], [ -58.385834, -34.578057 ], [ -58.38781, -34.578538 ], [ -58.387991, -34.578849 ], [ -58.387732, -34.579 ] ] ] } },
{ "type": "Feature", "properties": { "group_index": 0, "value": 300.0, "id_punto": "0_63", "sector": 0.0 }, "geometry": { "type": "Polygon", "coordinates": [ [ [ -58.39207, -34.579502 ], [ -58.391884, -34.579664 ], [ -58.389579, -34.581218 ], [ -58.387321, -34.582455 ], [ -58.384209, -34.583142 ], [ -58.384042, -34.582823 ], [ -58.38382, -34.581455 ], [ -58.384527, -34.581078 ], [ -58.389455, -34.578178 ], [ -58.389716, -34.578201 ], [ -58.391905, -34.579182 ], [ -58.39207, -34.579502 ] ] ] } },
{ "type": "Feature", "properties": { "group_index": 0, "value": 300.0, "id_punto": "0_64", "sector": 0.0 }, "geometry": { "type": "Polygon", "coordinates": [ [ [ -58.390391, -34.578485 ], [ -58.390395, -34.579777 ], [ -58.387896, -34.581505 ], [ -58.385595, -34.582343 ], [ -58.384295, -34.58275 ], [ -58.382717, -34.582449 ], [ -58.382548, -34.582131 ], [ -58.382727, -34.582036 ], [ -58.382906, -34.581941 ], [ -58.385318, -34.580861 ], [ -58.389316, -34.578167 ], [ -58.390042, -34.578203 ], [ -58.390341, -34.578278 ], [ -58.390391, -34.578485 ] ] ] } },
{ "type": "Feature", "properties": { "group_index": 0, "value": 300.0, "id_punto": "0_65", "sector": 0.0 }, "geometry": { "type": "Polygon", "coordinates": [ [ [ -58.382684, -34.583696 ], [ -58.382865, -34.584007 ], [ -58.381252, -34.584992 ], [ -58.376987, -34.587399 ], [ -58.376538, -34.58759 ], [ -58.376088, -34.587782 ], [ -58.374918, -34.587833 ], [ -58.37474, -34.587519 ], [ -58.375756, -34.584483 ], [ -58.37712, -34.583175 ], [ -58.377324, -34.583058 ], [ -58.378728, -34.582784 ], [ -58.379729, -34.582619 ], [ -58.380938, -34.582617 ], [ -58.382409, -34.58331 ], [ -58.382684, -34.583696 ] ] ] } },
{ "type": "Feature", "properties": { "group_index": 0, "value": 300.0, "id_punto": "0_66", "sector": 0.0 }, "geometry": { "type": "Polygon", "coordinates": [ [ [ -58.387563, -34.579828 ], [ -58.387632, -34.580614 ], [ -58.387612, -34.580766 ], [ -58.387441, -34.581146 ], [ -58.387185, -34.581711 ], [ -58.383531, -34.583562 ], [ -58.383105, -34.583747 ], [ -58.382679, -34.583932 ], [ -58.382674, -34.583934 ], [ -58.382241, -34.584107 ], [ -58.381807, -34.584279 ], [ -58.380815, -34.584256 ], [ -58.380152, -34.58424 ], [ -58.379852, -34.583654 ], [ -58.379744, -34.583099 ], [ -58.37981, -34.582594 ], [ -58.383027, -34.581138 ], [ -58.387324, -34.579645 ], [ -58.387475, -34.579727 ], [ -58.387563, -34.579828 ] ] ] } },
{ "type": "Feature", "properties": { "group_index": 0, "value": 300.0, "id_punto": "0_67", "sector": 0.0 }, "geometry": { "type": "Polygon", "coordinates": [ [ [ -58.382089, -34.579867 ], [ -58.381936, -34.582379 ], [ -58.381603, -34.583461 ], [ -58.379934, -34.584496 ], [ -58.379501, -34.584563 ], [ -58.378264, -34.584471 ], [ -58.37624, -34.583947 ], [ -58.376218, -34.583923 ], [ -58.376236, -34.583663 ], [ -58.376513, -34.582571 ], [ -58.37746, -34.579983 ], [ -58.38107, -34.579385 ], [ -58.381905, -34.579558 ], [ -58.382089, -34.579867 ] ] ] } },
{ "type": "Feature", "properties": { "group_index": 0, "value": 300.0, "id_punto": "0_68", "sector": 0.0 }, "geometry": { "type": "Polygon", "coordinates": [ [ [ -58.386224, -34.579423 ], [ -58.385956, -34.579664 ], [ -58.385234, -34.580211 ], [ -58.381446, -34.582357 ], [ -58.381185, -34.582457 ], [ -58.380546, -34.582364 ], [ -58.380121, -34.581684 ], [ -58.379938, -34.581374 ], [ -58.380215, -34.579777 ], [ -58.383441, -34.578263 ], [ -58.383624, -34.578219 ], [ -58.38479, -34.578253 ], [ -58.384958, -34.5783 ], [ -58.386161, -34.57935 ], [ -58.386224, -34.579423 ] ] ] } },
{ "type": "Feature", "properties": { "group_index": 0, "value": 300.0, "id_punto": "0_69", "sector": 0.0 }, "geometry": { "type": "Polygon", "coordinates": [ [ [ -58.384289, -34.579115 ], [ -58.384208, -34.580643 ], [ -58.383879, -34.581149 ], [ -58.380236, -34.583751 ], [ -58.378136, -34.583413 ], [ -58.377711, -34.583311 ], [ -58.377667, -34.583271 ], [ -58.377048, -34.582516 ], [ -58.376878, -34.582199 ], [ -58.376745, -34.580298 ], [ -58.376767, -34.579939 ], [ -58.377491, -34.579836 ], [ -58.382722, -34.5785 ], [ -58.382942, -34.578422 ], [ -58.383161, -34.578344 ], [ -58.383578, -34.578419 ], [ -58.383828, -34.578475 ], [ -58.384289, -34.579115 ] ] ] } },
{ "type": "Feature", "properties": { "group_index": 0, "value": 300.0, "id_punto": "0_70", "sector": 0.0 }, "geometry": { "type": "Polygon", "coordinates": [ [ [ -58.381825, -34.583342 ], [ -58.381628, -34.584673 ], [ -58.381252, -34.584992 ], [ -58.377121, -34.587333 ], [ -58.376996, -34.587395 ], [ -58.376987, -34.587399 ], [ -58.376858, -34.587454 ], [ -58.375243, -34.587648 ], [ -58.375066, -34.587335 ], [ -58.374199, -34.584906 ], [ -58.374872, -34.583722 ], [ -58.375147, -34.583489 ], [ -58.376898, -34.582474 ], [ -58.379842, -34.582293 ], [ -58.38102, -34.582553 ], [ -58.381329, -34.582776 ], [ -58.381654, -34.583025 ], [ -58.381825, -34.583342 ] ] ] } },
{ "type": "Feature", "properties": { "group_index": 0, "value": 300.0, "id_punto": "0_71", "sector": 0.0 }, "geometry": { "type": "Polygon", "coordinates": [ [ [ -58.383155, -34.581475 ], [ -58.383311, -34.582133 ], [ -58.383353, -34.582817 ], [ -58.383217, -34.583314 ], [ -58.382863, -34.583852 ], [ -58.381252, -34.584992 ], [ -58.379947, -34.585898 ], [ -58.379474, -34.586161 ], [ -58.379002, -34.586424 ], [ -58.376736, -34.585773 ], [ -58.376348, -34.585171 ], [ -58.376042, -34.584289 ], [ -58.376147, -34.5838 ], [ -58.37617, -34.5837 ], [ -58.376471, -34.582519 ], [ -58.37675, -34.582291 ], [ -58.376925, -34.582173 ], [ -58.377805, -34.581638 ], [ -58.378032, -34.581507 ], [ -58.378246, -34.581384 ], [ -58.379944, -34.580563 ], [ -58.381024, -34.580736 ], [ -58.383005, -34.581148 ], [ -58.383155, -34.581475 ] ] ] } },
{ "type": "Feature", "properties": { "group_index": 0, "value": 300.0, "id_punto": "0_72", "sector": 0.0 }, "geometry": { "type": "Polygon", "coordinates": [ [ [ -58.385008, -34.578657 ], [ -58.384553, -34.580469 ], [ -58.384298, -34.580922 ], [ -58.383867, -34.581155 ], [ -58.3795, -34.582904 ], [ -58.378456, -34.582798 ], [ -58.377171, -34.58245 ], [ -58.377, -34.582133 ], [ -58.376903, -34.580308 ], [ -58.376926, -34.579949 ], [ -58.377121, -34.579815 ], [ -58.382022, -34.578971 ], [ -58.383804, -34.578177 ], [ -58.384265, -34.578067 ], [ -58.38486, -34.578239 ], [ -58.384935, -34.578305 ], [ -58.385008, -34.578657 ] ] ] } },
{ "type": "Feature", "properties": { "group_index": 0, "value": 300.0, "id_punto": "0_73", "sector": 0.0 }, "geometry": { "type": "Polygon", "coordinates": [ [ [ -58.389887, -34.578524 ], [ -58.389878, -34.578529 ], [ -58.389787, -34.57855 ], [ -58.385234, -34.580211 ], [ -58.383186, -34.581461 ], [ -58.382168, -34.581988 ], [ -58.381998, -34.581671 ], [ -58.382619, -34.579732 ], [ -58.38303, -34.578558 ], [ -58.383243, -34.578318 ], [ -58.385725, -34.577486 ], [ -58.387228, -34.577152 ], [ -58.389261, -34.577646 ], [ -58.389821, -34.578192 ], [ -58.389887, -34.578524 ] ] ] } },
{ "type": "Feature", "properties": { "group_index": 0, "value": 300.0, "id_punto": "0_74", "sector": 0.0 }, "geometry": { "type": "Polygon", "coordinates": [ [ [ -58.391785, -34.579649 ], [ -58.391546, -34.579833 ], [ -58.389243, -34.581391 ], [ -58.387514, -34.582338 ], [ -58.383642, -34.5835 ], [ -58.383448, -34.583196 ], [ -58.383586, -34.581837 ], [ -58.38386, -34.581603 ], [ -58.388426, -34.578992 ], [ -58.389646, -34.578364 ], [ -58.391298, -34.579004 ], [ -58.39162, -34.579329 ], [ -58.391785, -34.579649 ] ] ] } },
{ "type": "Feature", "properties": { "group_index": 0, "value": 300.0, "id_punto": "0_75", "sector": 0.0 }, "geometry": { "type": "Polygon", "coordinates": [ [ [ -58.384956, -34.578602 ], [ -58.384965, -34.578646 ], [ -58.384512, -34.58049 ], [ -58.384248, -34.580949 ], [ -58.384058, -34.581052 ], [ -58.383867, -34.581155 ], [ -58.379743, -34.582974 ], [ -58.379717, -34.582985 ], [ -58.379702, -34.582989 ], [ -58.378408, -34.582827 ], [ -58.377156, -34.582458 ], [ -58.376986, -34.582141 ], [ -58.376935, -34.58031 ], [ -58.376958, -34.579951 ], [ -58.377142, -34.579816 ], [ -58.382022, -34.578971 ], [ -58.383804, -34.578177 ], [ -58.384012, -34.578127 ], [ -58.384221, -34.578077 ], [ -58.384802, -34.578251 ], [ -58.384883, -34.578316 ], [ -58.384956, -34.578602 ] ] ] } },
{ "type": "Feature", "properties": { "group_index": 0, "value": 300.0, "id_punto": "0_76", "sector": 0.0 }, "geometry": { "type": "Polygon", "coordinates": [ [ [ -58.382746, -34.583084 ], [ -58.382352, -34.584303 ], [ -58.379947, -34.585898 ], [ -58.37936, -34.586225 ], [ -58.378765, -34.586556 ], [ -58.378464, -34.586704 ], [ -58.378158, -34.586854 ], [ -58.377559, -34.587127 ], [ -58.375819, -34.587321 ], [ -58.375642, -34.587008 ], [ -58.375349, -34.584285 ], [ -58.375365, -34.584152 ], [ -58.376136, -34.582159 ], [ -58.376155, -34.582134 ], [ -58.376431, -34.581903 ], [ -58.376717, -34.581869 ], [ -58.379305, -34.581747 ], [ -58.380574, -34.581962 ], [ -58.381889, -34.582328 ], [ -58.38203, -34.582406 ], [ -58.382603, -34.582753 ], [ -58.382746, -34.583084 ] ] ] } },
{ "type": "Feature", "properties": { "group_index": 0, "value": 300.0, "id_punto": "0_77", "sector": 0.0 }, "geometry": { "type": "Polygon", "coordinates": [ [ [ -58.381008, -34.581162 ], [ -58.381428, -34.582347 ], [ -58.380972, -34.584175 ], [ -58.380269, -34.585385 ], [ -58.379947, -34.585898 ], [ -58.379601, -34.58609 ], [ -58.379256, -34.586283 ], [ -58.374981, -34.586286 ], [ -58.373588, -34.58566 ], [ -58.373416, -34.585344 ], [ -58.374571, -34.580822 ], [ -58.374665, -34.580506 ], [ -58.375321, -34.580181 ], [ -58.37568, -34.580163 ], [ -58.380072, -34.58071 ], [ -58.380826, -34.580852 ], [ -58.381008, -34.581162 ] ] ] } },
{ "type": "Feature", "properties": { "group_index": 0, "value": 300.0, "id_punto": "0_78", "sector": 0.0 }, "geometry": { "type": "Polygon", "coordinates": [ [ [ -58.389385, -34.578173 ], [ -58.389355, -34.578531 ], [ -58.385234, -34.580211 ], [ -58.383855, -34.581161 ], [ -58.383605, -34.581273 ], [ -58.383355, -34.581386 ], [ -58.382973, -34.581095 ], [ -58.382004, -34.579366 ], [ -58.381967, -34.579179 ], [ -58.381962, -34.579008 ], [ -58.385094, -34.576844 ], [ -58.385448, -34.576778 ], [ -58.388876, -34.576786 ], [ -58.389211, -34.576917 ], [ -58.389385, -34.578173 ] ] ] } },
{ "type": "Feature", "properties": { "group_index": 0, "value": 300.0, "id_punto": "0_79", "sector": 0.0 }, "geometry": { "type": "Polygon", "coordinates": [ [ [ -58.384926, -34.579545 ], [ -58.384678, -34.580406 ], [ -58.384451, -34.580839 ], [ -58.384159, -34.580997 ], [ -58.383867, -34.581155 ], [ -58.379728, -34.583146 ], [ -58.379415, -34.583181 ], [ -58.378267, -34.582983 ], [ -58.37822, -34.58294 ], [ -58.37763, -34.582201 ], [ -58.377424, -34.581906 ], [ -58.377109, -34.580321 ], [ -58.377132, -34.579962 ], [ -58.377254, -34.579822 ], [ -58.382022, -34.578971 ], [ -58.383441, -34.578263 ], [ -58.383734, -34.578193 ], [ -58.384487, -34.578322 ], [ -58.384926, -34.579545 ] ] ] } },
{ "type": "Feature", "properties": { "group_index": 0, "value": 300.0, "id_punto": "0_80", "sector": 0.0 }, "geometry": { "type": "Polygon", "coordinates": [ [ [ -58.380095, -34.585082 ], [ -58.380207, -34.585416 ], [ -58.379947, -34.585898 ], [ -58.378773, -34.586552 ], [ -58.378464, -34.586704 ], [ -58.378163, -34.586852 ], [ -58.372809, -34.589314 ], [ -58.372674, -34.58929 ], [ -58.372638, -34.589252 ], [ -58.372591, -34.589199 ], [ -58.372525, -34.589114 ], [ -58.375862, -34.584621 ], [ -58.376185, -34.584428 ], [ -58.377218, -34.58449 ], [ -58.379531, -34.584654 ], [ -58.379737, -34.584689 ], [ -58.379933, -34.58476 ], [ -58.380095, -34.585082 ] ] ] } },
{ "type": "Feature", "properties": { "group_index": 0, "value": 300.0, "id_punto": "0_81", "sector": 0.0 }, "geometry": { "type": "Polygon", "coordinates": [ [ [ -58.387417, -34.580008 ], [ -58.38749, -34.580786 ], [ -58.387359, -34.58118 ], [ -58.387077, -34.581736 ], [ -58.38337, -34.583658 ], [ -58.381695, -34.584324 ], [ -58.380046, -34.584294 ], [ -58.379712, -34.583945 ], [ -58.379661, -34.583144 ], [ -58.379691, -34.582622 ], [ -58.383093, -34.581108 ], [ -58.387243, -34.579692 ], [ -58.387417, -34.580008 ] ] ] } },
{ "type": "Feature", "properties": { "group_index": 0, "value": 300.0, "id_punto": "0_82", "sector": 0.0 }, "geometry": { "type": "Polygon", "coordinates": [ [ [ -58.382573, -34.58177 ], [ -58.381541, -34.584721 ], [ -58.380016, -34.585649 ], [ -58.379682, -34.585783 ], [ -58.378937, -34.586054 ], [ -58.374361, -34.585228 ], [ -58.374178, -34.584919 ], [ -58.375444, -34.581284 ], [ -58.37572, -34.581053 ], [ -58.379738, -34.580326 ], [ -58.380445, -34.580426 ], [ -58.381253, -34.58054 ], [ -58.381342, -34.580556 ], [ -58.382403, -34.581453 ], [ -58.382573, -34.58177 ] ] ] } },
{ "type": "Feature", "properties": { "group_index": 0, "value": 300.0, "id_punto": "0_83", "sector": 0.0 }, "geometry": { "type": "Polygon", "coordinates": [ [ [ -58.383314, -34.582132 ], [ -58.383356, -34.582815 ], [ -58.38322, -34.583313 ], [ -58.382866, -34.583851 ], [ -58.381059, -34.585086 ], [ -58.379578, -34.585523 ], [ -58.379522, -34.585524 ], [ -58.378796, -34.585473 ], [ -58.378087, -34.585285 ], [ -58.377921, -34.584966 ], [ -58.377751, -34.583952 ], [ -58.377733, -34.583581 ], [ -58.377882, -34.581593 ], [ -58.378064, -34.581488 ], [ -58.378246, -34.581384 ], [ -58.379084, -34.581235 ], [ -58.382357, -34.581478 ], [ -58.383145, -34.581814 ], [ -58.383314, -34.582132 ] ] ] } },
{ "type": "Feature", "properties": { "group_index": 0, "value": 300.0, "id_punto": "0_84", "sector": 0.0 }, "geometry": { "type": "Polygon", "coordinates": [ [ [ -58.384136, -34.582834 ], [ -58.38417, -34.583162 ], [ -58.379947, -34.585898 ], [ -58.37936, -34.586225 ], [ -58.378765, -34.586556 ], [ -58.378464, -34.586704 ], [ -58.378158, -34.586854 ], [ -58.377434, -34.587183 ], [ -58.376298, -34.587049 ], [ -58.37612, -34.586736 ], [ -58.376408, -34.585092 ], [ -58.376835, -34.583332 ], [ -58.376915, -34.583064 ], [ -58.378595, -34.581449 ], [ -58.378716, -34.581453 ], [ -58.379719, -34.581503 ], [ -58.381777, -34.581789 ], [ -58.382811, -34.581991 ], [ -58.383968, -34.582516 ], [ -58.384136, -34.582834 ] ] ] } },
{ "type": "Feature", "properties": { "group_index": 0, "value": 300.0, "id_punto": "0_85", "sector": 0.0 }, "geometry": { "type": "Polygon", "coordinates": [ [ [ -58.388928, -34.577459 ], [ -58.389081, -34.578184 ], [ -58.388994, -34.578501 ], [ -58.384957, -34.580566 ], [ -58.383464, -34.580845 ], [ -58.382938, -34.580799 ], [ -58.382223, -34.580706 ], [ -58.381795, -34.580641 ], [ -58.381085, -34.580465 ], [ -58.380756, -34.580227 ], [ -58.380622, -34.579893 ], [ -58.380706, -34.579583 ], [ -58.385097, -34.576862 ], [ -58.385451, -34.576796 ], [ -58.38792, -34.576977 ], [ -58.388702, -34.57718 ], [ -58.388928, -34.577459 ] ] ] } },
{ "type": "Feature", "properties": { "group_index": 0, "value": 300.0, "id_punto": "0_86", "sector": 0.0 }, "geometry": { "type": "Polygon", "coordinates": [ [ [ -58.388468, -34.579387 ], [ -58.388774, -34.580198 ], [ -58.388766, -34.580287 ], [ -58.388436, -34.581069 ], [ -58.388246, -34.581358 ], [ -58.384976, -34.582728 ], [ -58.382401, -34.583725 ], [ -58.381816, -34.583736 ], [ -58.380839, -34.583465 ], [ -58.380647, -34.58316 ], [ -58.380733, -34.582266 ], [ -58.382277, -34.58152 ], [ -58.386109, -34.580466 ], [ -58.388202, -34.579128 ], [ -58.388281, -34.57908 ], [ -58.388326, -34.579087 ], [ -58.388468, -34.579387 ] ] ] } },
{ "type": "Feature", "properties": { "group_index": 0, "value": 300.0, "id_punto": "0_87", "sector": 0.0 }, "geometry": { "type": "Polygon", "coordinates": [ [ [ -58.393714, -34.578613 ], [ -58.393678, -34.578724 ], [ -58.393041, -34.579174 ], [ -58.389997, -34.580709 ], [ -58.389564, -34.5809 ], [ -58.389108, -34.5811 ], [ -58.387387, -34.581665 ], [ -58.387273, -34.581691 ], [ -58.38623, -34.581868 ], [ -58.386034, -34.581566 ], [ -58.385963, -34.580752 ], [ -58.386165, -34.580239 ], [ -58.387337, -34.578138 ], [ -58.38871, -34.577838 ], [ -58.393556, -34.578289 ], [ -58.393714, -34.578613 ] ] ] } },
{ "type": "Feature", "properties": { "group_index": 0, "value": 300.0, "id_punto": "0_88", "sector": 0.0 }, "geometry": { "type": "Polygon", "coordinates": [ [ [ -58.392267, -34.579134 ], [ -58.391704, -34.579691 ], [ -58.391449, -34.579881 ], [ -58.390771, -34.580316 ], [ -58.388894, -34.581485 ], [ -58.388795, -34.581534 ], [ -58.38561, -34.582332 ], [ -58.384486, -34.581931 ], [ -58.384477, -34.581922 ], [ -58.384348, -34.581174 ], [ -58.388657, -34.578099 ], [ -58.38888, -34.578114 ], [ -58.392165, -34.578789 ], [ -58.392267, -34.579134 ] ] ] } },
{ "type": "Feature", "properties": { "group_index": 0, "value": 300.0, "id_punto": "0_89", "sector": 0.0 }, "geometry": { "type": "Polygon", "coordinates": [ [ [ -58.380957, -34.583059 ], [ -58.381203, -34.58368 ], [ -58.381262, -34.584026 ], [ -58.380971, -34.584546 ], [ -58.380777, -34.584848 ], [ -58.379859, -34.585741 ], [ -58.377248, -34.58727 ], [ -58.376996, -34.587395 ], [ -58.376987, -34.587399 ], [ -58.376727, -34.58751 ], [ -58.375141, -34.587706 ], [ -58.373582, -34.585663 ], [ -58.37341, -34.585347 ], [ -58.373928, -34.583485 ], [ -58.376658, -34.581909 ], [ -58.379917, -34.582256 ], [ -58.380241, -34.58246 ], [ -58.380735, -34.582775 ], [ -58.380957, -34.583059 ] ] ] } },
{ "type": "Feature", "properties": { "group_index": 0, "value": 300.0, "id_punto": "0_90", "sector": 0.0 }, "geometry": { "type": "Polygon", "coordinates": [ [ [ -58.382295, -34.579744 ], [ -58.382498, -34.580224 ], [ -58.382655, -34.581726 ], [ -58.382112, -34.583235 ], [ -58.380549, -34.584848 ], [ -58.380458, -34.584898 ], [ -58.380453, -34.584901 ], [ -58.38036, -34.584948 ], [ -58.378651, -34.584991 ], [ -58.378089, -34.584864 ], [ -58.37588, -34.584271 ], [ -58.375706, -34.583956 ], [ -58.37614, -34.582157 ], [ -58.377324, -34.579974 ], [ -58.38128, -34.579268 ], [ -58.38211, -34.579435 ], [ -58.382295, -34.579744 ] ] ] } },
{ "type": "Feature", "properties": { "group_index": 0, "value": 300.0, "id_punto": "0_91", "sector": 0.0 }, "geometry": { "type": "Polygon", "coordinates": [ [ [ -58.393729, -34.578606 ], [ -58.393699, -34.578711 ], [ -58.393055, -34.579168 ], [ -58.389997, -34.580709 ], [ -58.389564, -34.5809 ], [ -58.389108, -34.5811 ], [ -58.38899, -34.581129 ], [ -58.3888, -34.581137 ], [ -58.387796, -34.581002 ], [ -58.386306, -34.580571 ], [ -58.38615, -34.580247 ], [ -58.385469, -34.578347 ], [ -58.385461, -34.578309 ], [ -58.385563, -34.578103 ], [ -58.386147, -34.577758 ], [ -58.38874, -34.577103 ], [ -58.393571, -34.578282 ], [ -58.393729, -34.578606 ] ] ] } },
{ "type": "Feature", "properties": { "group_index": 0, "value": 300.0, "id_punto": "0_92", "sector": 0.0 }, "geometry": { "type": "Polygon", "coordinates": [ [ [ -58.39051, -34.578984 ], [ -58.389272, -34.579065 ], [ -58.385234, -34.580211 ], [ -58.383186, -34.581461 ], [ -58.382949, -34.58157 ], [ -58.382799, -34.581242 ], [ -58.383317, -34.578485 ], [ -58.38615, -34.577431 ], [ -58.388654, -34.577218 ], [ -58.390418, -34.578499 ], [ -58.390549, -34.578626 ], [ -58.39051, -34.578984 ] ] ] } },
{ "type": "Feature", "properties": { "group_index": 0, "value": 300.0, "id_punto": "0_93", "sector": 0.0 }, "geometry": { "type": "Polygon", "coordinates": [ [ [ -58.382473, -34.583688 ], [ -58.382451, -34.584023 ], [ -58.382389, -34.584284 ], [ -58.381252, -34.584992 ], [ -58.376987, -34.587399 ], [ -58.376477, -34.587616 ], [ -58.375967, -34.587834 ], [ -58.374824, -34.587886 ], [ -58.374646, -34.587573 ], [ -58.37568, -34.58439 ], [ -58.375959, -34.584162 ], [ -58.377221, -34.583181 ], [ -58.377305, -34.583133 ], [ -58.378623, -34.582724 ], [ -58.380878, -34.582664 ], [ -58.382018, -34.583204 ], [ -58.382306, -34.583368 ], [ -58.382473, -34.583688 ] ] ] } },
{ "type": "Feature", "properties": { "group_index": 0, "value": 300.0, "id_punto": "0_94", "sector": 0.0 }, "geometry": { "type": "Polygon", "coordinates": [ [ [ -58.388564, -34.577695 ], [ -58.388569, -34.577983 ], [ -58.388548, -34.578452 ], [ -58.388036, -34.578843 ], [ -58.383186, -34.581461 ], [ -58.382513, -34.581803 ], [ -58.382342, -34.581486 ], [ -58.382538, -34.578863 ], [ -58.382585, -34.57872 ], [ -58.382824, -34.578464 ], [ -58.385508, -34.57735 ], [ -58.387406, -34.57711 ], [ -58.387873, -34.577222 ], [ -58.388432, -34.57736 ], [ -58.388564, -34.577695 ] ] ] } },
{ "type": "Feature", "properties": { "group_index": 0, "value": 300.0, "id_punto": "0_95", "sector": 0.0 }, "geometry": { "type": "Polygon", "coordinates": [ [ [ -58.380665, -34.584785 ], [ -58.380717, -34.585159 ], [ -58.379859, -34.585741 ], [ -58.377239, -34.587074 ], [ -58.373586, -34.589046 ], [ -58.373191, -34.589249 ], [ -58.373087, -34.589101 ], [ -58.372917, -34.588784 ], [ -58.375583, -34.584049 ], [ -58.375632, -34.583997 ], [ -58.375689, -34.583965 ], [ -58.376581, -34.584008 ], [ -58.379396, -34.584215 ], [ -58.380306, -34.584411 ], [ -58.380492, -34.584469 ], [ -58.380665, -34.584785 ] ] ] } },
{ "type": "Feature", "properties": { "group_index": 0, "value": 300.0, "id_punto": "0_96", "sector": 0.0 }, "geometry": { "type": "Polygon", "coordinates": [ [ [ -58.393175, -34.578872 ], [ -58.39313, -34.579026 ], [ -58.388547, -34.581749 ], [ -58.388448, -34.5818 ], [ -58.38835, -34.581849 ], [ -58.384956, -34.58274 ], [ -58.38477, -34.582432 ], [ -58.38505, -34.5808 ], [ -58.389299, -34.578165 ], [ -58.389716, -34.578201 ], [ -58.392848, -34.578468 ], [ -58.393028, -34.578544 ], [ -58.393175, -34.578872 ] ] ] } },
{ "type": "Feature", "properties": { "group_index": 0, "value": 300.0, "id_punto": "0_97", "sector": 0.0 }, "geometry": { "type": "Polygon", "coordinates": [ [ [ -58.379675, -34.581947 ], [ -58.379955, -34.582639 ], [ -58.379449, -34.584588 ], [ -58.379156, -34.584748 ], [ -58.378353, -34.585146 ], [ -58.377247, -34.58511 ], [ -58.37684, -34.585062 ], [ -58.37512, -34.584782 ], [ -58.373283, -34.584467 ], [ -58.37297, -34.584328 ], [ -58.373301, -34.581499 ], [ -58.375149, -34.580163 ], [ -58.375416, -34.580062 ], [ -58.375706, -34.579954 ], [ -58.375971, -34.579892 ], [ -58.376193, -34.579858 ], [ -58.376438, -34.579821 ], [ -58.376693, -34.579814 ], [ -58.376948, -34.579807 ], [ -58.377764, -34.580002 ], [ -58.379492, -34.581637 ], [ -58.379675, -34.581947 ] ] ] } },
{ "type": "Feature", "properties": { "group_index": 0, "value": 300.0, "id_punto": "0_98", "sector": 0.0 }, "geometry": { "type": "Polygon", "coordinates": [ [ [ -58.38706, -34.578254 ], [ -58.386901, -34.578464 ], [ -58.385458, -34.580298 ], [ -58.385318, -34.580371 ], [ -58.382183, -34.58198 ], [ -58.381419, -34.581967 ], [ -58.379892, -34.581819 ], [ -58.379148, -34.581619 ], [ -58.377579, -34.580202 ], [ -58.3776, -34.579843 ], [ -58.382022, -34.578971 ], [ -58.383483, -34.578438 ], [ -58.385939, -34.577566 ], [ -58.386822, -34.577758 ], [ -58.387099, -34.577896 ], [ -58.38706, -34.578254 ] ] ] } },
{ "type": "Feature", "properties": { "group_index": 0, "value": 300.0, "id_punto": "0_99", "sector": 0.0 }, "geometry": { "type": "Polygon", "coordinates": [ [ [ -58.385396, -34.579799 ], [ -58.385465, -34.579999 ], [ -58.385488, -34.580282 ], [ -58.385318, -34.580371 ], [ -58.382161, -34.581992 ], [ -58.379722, -34.583139 ], [ -58.37942, -34.583178 ], [ -58.378542, -34.58282 ], [ -58.378358, -34.58251 ], [ -58.377385, -34.580339 ], [ -58.377408, -34.57998 ], [ -58.377431, -34.579833 ], [ -58.382535, -34.57874 ], [ -58.383441, -34.578263 ], [ -58.383534, -34.578241 ], [ -58.384356, -34.578352 ], [ -58.384493, -34.578402 ], [ -58.385396, -34.579799 ] ] ] } },
{ "type": "Feature", "properties": { "group_index": 0, "value": 300.0, "id_punto": "0_100", "sector": 0.0 }, "geometry": { "type": "Polygon", "coordinates": [ [ [ -58.387913, -34.576979 ], [ -58.388013, -34.577325 ], [ -58.387123, -34.578261 ], [ -58.386494, -34.578431 ], [ -58.380741, -34.579795 ], [ -58.380567, -34.579876 ], [ -58.380551, -34.579882 ], [ -58.380332, -34.579961 ], [ -58.380328, -34.579962 ], [ -58.380032, -34.580044 ], [ -58.379806, -34.580083 ], [ -58.379597, -34.580118 ], [ -58.37936, -34.580131 ], [ -58.379144, -34.580142 ], [ -58.376413, -34.579986 ], [ -58.376414, -34.579626 ], [ -58.376724, -34.579627 ], [ -58.377935, -34.579705 ], [ -58.3814, -34.579018 ], [ -58.383728, -34.57617 ], [ -58.38657, -34.575618 ], [ -58.387135, -34.575977 ], [ -58.387913, -34.576979 ] ] ] } },
{ "type": "Feature", "properties": { "group_index": 0, "value": 300.0, "id_punto": "1_101", "sector": 1.0 }, "geometry": { "type": "Polygon", "coordinates": [ [ [ -58.385435, -34.587012 ], [ -58.38534, -34.588775 ], [ -58.385312, -34.588883 ], [ -58.384531, -34.591562 ], [ -58.383025, -34.592513 ], [ -58.382666, -34.59249 ], [ -58.381409, -34.59221 ], [ -58.378591, -34.590832 ], [ -58.378389, -34.590534 ], [ -58.378334, -34.590362 ], [ -58.379181, -34.589333 ], [ -58.379508, -34.589181 ], [ -58.38493, -34.58664 ], [ -58.384995, -34.586606 ], [ -58.385261, -34.586697 ], [ -58.385435, -34.587012 ] ] ] } },
{ "type": "Feature", "properties": { "group_index": 0, "value": 300.0, "id_punto": "1_102", "sector": 1.0 }, "geometry": { "type": "Polygon", "coordinates": [ [ [ -58.391056, -34.587328 ], [ -58.391264, -34.587622 ], [ -58.391231, -34.592638 ], [ -58.390989, -34.592905 ], [ -58.387703, -34.593065 ], [ -58.384694, -34.592773 ], [ -58.384467, -34.592494 ], [ -58.384446, -34.590519 ], [ -58.384705, -34.58873 ], [ -58.385036, -34.587043 ], [ -58.3851, -34.586976 ], [ -58.390417, -34.587163 ], [ -58.390775, -34.587199 ], [ -58.390928, -34.587224 ], [ -58.391015, -34.587272 ], [ -58.391056, -34.587328 ] ] ] } },
{ "type": "Feature", "properties": { "group_index": 0, "value": 300.0, "id_punto": "1_103", "sector": 1.0 }, "geometry": { "type": "Polygon", "coordinates": [ [ [ -58.386955, -34.589311 ], [ -58.386772, -34.592836 ], [ -58.386712, -34.593001 ], [ -58.384705, -34.59464 ], [ -58.384583, -34.594694 ], [ -58.384225, -34.594652 ], [ -58.382487, -34.59439 ], [ -58.381434, -34.593678 ], [ -58.380589, -34.593026 ], [ -58.379459, -34.591711 ], [ -58.379229, -34.591435 ], [ -58.379691, -34.590862 ], [ -58.381491, -34.588749 ], [ -58.381803, -34.588578 ], [ -58.382851, -34.588199 ], [ -58.386756, -34.589011 ], [ -58.386955, -34.589311 ] ] ] } },
{ "type": "Feature", "properties": { "group_index": 0, "value": 300.0, "id_punto": "1_104", "sector": 1.0 }, "geometry": { "type": "Polygon", "coordinates": [ [ [ -58.394094, -34.58883 ], [ -58.394514, -34.589843 ], [ -58.394467, -34.592036 ], [ -58.393779, -34.593888 ], [ -58.393347, -34.59434 ], [ -58.392991, -34.594388 ], [ -58.389858, -34.594039 ], [ -58.388514, -34.593522 ], [ -58.387965, -34.593035 ], [ -58.38789, -34.59143 ], [ -58.3879, -34.590184 ], [ -58.388049, -34.588494 ], [ -58.388293, -34.588229 ], [ -58.390171, -34.588252 ], [ -58.3925, -34.588281 ], [ -58.393923, -34.588513 ], [ -58.394094, -34.58883 ] ] ] } },
{ "type": "Feature", "properties": { "group_index": 0, "value": 300.0, "id_punto": "1_105", "sector": 1.0 }, "geometry": { "type": "Polygon", "coordinates": [ [ [ -58.386708, -34.587975 ], [ -58.386364, -34.589951 ], [ -58.385844, -34.591078 ], [ -58.384619, -34.592559 ], [ -58.38426, -34.592591 ], [ -58.382685, -34.592194 ], [ -58.382622, -34.592176 ], [ -58.381375, -34.591442 ], [ -58.379958, -34.589959 ], [ -58.379881, -34.589877 ], [ -58.379823, -34.589651 ], [ -58.379912, -34.589375 ], [ -58.38493, -34.58664 ], [ -58.385362, -34.586418 ], [ -58.385746, -34.586452 ], [ -58.385919, -34.586579 ], [ -58.386708, -34.587975 ] ] ] } },
{ "type": "Feature", "properties": { "group_index": 0, "value": 300.0, "id_punto": "1_106", "sector": 1.0 }, "geometry": { "type": "Polygon", "coordinates": [ [ [ -58.385333, -34.587069 ], [ -58.38544, -34.588716 ], [ -58.385388, -34.588963 ], [ -58.384539, -34.591663 ], [ -58.383019, -34.592614 ], [ -58.382659, -34.592591 ], [ -58.381413, -34.592312 ], [ -58.378643, -34.590797 ], [ -58.378441, -34.590499 ], [ -58.378372, -34.590338 ], [ -58.379205, -34.589384 ], [ -58.379543, -34.589219 ], [ -58.38485, -34.586683 ], [ -58.385158, -34.586754 ], [ -58.385333, -34.587069 ] ] ] } },
{ "type": "Feature", "properties": { "group_index": 0, "value": 300.0, "id_punto": "1_107", "sector": 1.0 }, "geometry": { "type": "Polygon", "coordinates": [ [ [ -58.391728, -34.584739 ], [ -58.391988, -34.587668 ], [ -58.391925, -34.58826 ], [ -58.391704, -34.589624 ], [ -58.391463, -34.589891 ], [ -58.390424, -34.589888 ], [ -58.388405, -34.589808 ], [ -58.386559, -34.589573 ], [ -58.384956, -34.589001 ], [ -58.384775, -34.58869 ], [ -58.384721, -34.586584 ], [ -58.384938, -34.585907 ], [ -58.385046, -34.58569 ], [ -58.387047, -34.584331 ], [ -58.389457, -34.584048 ], [ -58.390223, -34.584144 ], [ -58.391423, -34.584525 ], [ -58.391621, -34.58461 ], [ -58.391728, -34.584739 ] ] ] } },
{ "type": "Feature", "properties": { "group_index": 0, "value": 300.0, "id_punto": "1_108", "sector": 1.0 }, "geometry": { "type": "Polygon", "coordinates": [ [ [ -58.38934, -34.586424 ], [ -58.389206, -34.587853 ], [ -58.389083, -34.588953 ], [ -58.388715, -34.5904 ], [ -58.388484, -34.590675 ], [ -58.387325, -34.590657 ], [ -58.385219, -34.590443 ], [ -58.383685, -34.590247 ], [ -58.383047, -34.590116 ], [ -58.382154, -34.588798 ], [ -58.381983, -34.588481 ], [ -58.382041, -34.58821 ], [ -58.385844, -34.584574 ], [ -58.388116, -34.58514 ], [ -58.389151, -34.586117 ], [ -58.38934, -34.586424 ] ] ] } },
{ "type": "Feature", "properties": { "group_index": 0, "value": 300.0, "id_punto": "1_109", "sector": 1.0 }, "geometry": { "type": "Polygon", "coordinates": [ [ [ -58.386099, -34.591169 ], [ -58.386324, -34.591451 ], [ -58.38697, -34.592648 ], [ -58.386961, -34.593008 ], [ -58.384953, -34.594662 ], [ -58.384558, -34.594899 ], [ -58.382974, -34.595686 ], [ -58.382836, -34.59574 ], [ -58.382826, -34.595739 ], [ -58.381316, -34.595518 ], [ -58.379796, -34.594512 ], [ -58.377996, -34.593032 ], [ -58.377989, -34.592672 ], [ -58.379688, -34.590856 ], [ -58.380993, -34.58988 ], [ -58.381322, -34.589734 ], [ -58.382422, -34.589259 ], [ -58.385148, -34.590062 ], [ -58.386099, -34.591169 ] ] ] } },
{ "type": "Feature", "properties": { "group_index": 0, "value": 300.0, "id_punto": "1_110", "sector": 1.0 }, "geometry": { "type": "Polygon", "coordinates": [ [ [ -58.392336, -34.587741 ], [ -58.392779, -34.588636 ], [ -58.39275, -34.58963 ], [ -58.392673, -34.592224 ], [ -58.39243, -34.59249 ], [ -58.391518, -34.593384 ], [ -58.387614, -34.593661 ], [ -58.387258, -34.593608 ], [ -58.38629, -34.593242 ], [ -58.386036, -34.592999 ], [ -58.386024, -34.591229 ], [ -58.386096, -34.589448 ], [ -58.386233, -34.588515 ], [ -58.386493, -34.588266 ], [ -58.387513, -34.587633 ], [ -58.392026, -34.587561 ], [ -58.392313, -34.587697 ], [ -58.392336, -34.587741 ] ] ] } },
{ "type": "Feature", "properties": { "group_index": 0, "value": 300.0, "id_punto": "1_111", "sector": 1.0 }, "geometry": { "type": "Polygon", "coordinates": [ [ [ -58.386868, -34.589368 ], [ -58.386664, -34.592927 ], [ -58.386566, -34.593009 ], [ -58.384553, -34.594626 ], [ -58.384416, -34.594614 ], [ -58.382826, -34.594455 ], [ -58.382287, -34.594348 ], [ -58.382283, -34.594346 ], [ -58.381433, -34.593783 ], [ -58.379191, -34.592064 ], [ -58.378906, -34.591844 ], [ -58.379641, -34.590774 ], [ -58.381385, -34.588808 ], [ -58.381803, -34.588578 ], [ -58.381804, -34.588577 ], [ -58.382225, -34.588351 ], [ -58.383121, -34.588346 ], [ -58.386669, -34.589068 ], [ -58.386868, -34.589368 ] ] ] } },
{ "type": "Feature", "properties": { "group_index": 0, "value": 300.0, "id_punto": "1_112", "sector": 1.0 }, "geometry": { "type": "Polygon", "coordinates": [ [ [ -58.396806, -34.588049 ], [ -58.396808, -34.588148 ], [ -58.396804, -34.588428 ], [ -58.39666, -34.592208 ], [ -58.396404, -34.592462 ], [ -58.395467, -34.593354 ], [ -58.392826, -34.593464 ], [ -58.390306, -34.593277 ], [ -58.390075, -34.593001 ], [ -58.390085, -34.592109 ], [ -58.390122, -34.590393 ], [ -58.39017, -34.588733 ], [ -58.390409, -34.588464 ], [ -58.391785, -34.587329 ], [ -58.391995, -34.587304 ], [ -58.396578, -34.58777 ], [ -58.396765, -34.587856 ], [ -58.396806, -34.588049 ] ] ] } },
{ "type": "Feature", "properties": { "group_index": 0, "value": 300.0, "id_punto": "1_113", "sector": 1.0 }, "geometry": { "type": "Polygon", "coordinates": [ [ [ -58.392915, -34.589502 ], [ -58.393563, -34.590612 ], [ -58.393638, -34.593911 ], [ -58.393332, -34.594222 ], [ -58.392187, -34.595142 ], [ -58.39016, -34.595275 ], [ -58.389803, -34.595233 ], [ -58.388523, -34.594853 ], [ -58.386543, -34.592997 ], [ -58.386552, -34.592637 ], [ -58.387054, -34.589365 ], [ -58.387306, -34.589109 ], [ -58.390725, -34.589139 ], [ -58.392695, -34.589218 ], [ -58.392915, -34.589502 ] ] ] } },
{ "type": "Feature", "properties": { "group_index": 0, "value": 300.0, "id_punto": "1_114", "sector": 1.0 }, "geometry": { "type": "Polygon", "coordinates": [ [ [ -58.389426, -34.58637 ], [ -58.389199, -34.589197 ], [ -58.388791, -34.590464 ], [ -58.388559, -34.590739 ], [ -58.387275, -34.591263 ], [ -58.38292, -34.59123 ], [ -58.381736, -34.590279 ], [ -58.381675, -34.589925 ], [ -58.382175, -34.588136 ], [ -58.385394, -34.585143 ], [ -58.389238, -34.586064 ], [ -58.389426, -34.58637 ] ] ] } },
{ "type": "Feature", "properties": { "group_index": 0, "value": 300.0, "id_punto": "1_115", "sector": 1.0 }, "geometry": { "type": "Polygon", "coordinates": [ [ [ -58.386409, -34.586501 ], [ -58.38638, -34.586767 ], [ -58.38617, -34.588286 ], [ -58.385944, -34.589542 ], [ -58.385414, -34.590667 ], [ -58.384571, -34.592018 ], [ -58.384212, -34.592049 ], [ -58.38285, -34.591755 ], [ -58.379461, -34.590257 ], [ -58.379395, -34.590226 ], [ -58.379265, -34.589954 ], [ -58.379314, -34.589909 ], [ -58.379603, -34.589695 ], [ -58.380638, -34.589187 ], [ -58.385369, -34.586029 ], [ -58.386248, -34.58618 ], [ -58.386409, -34.586501 ] ] ] } },
{ "type": "Feature", "properties": { "group_index": 0, "value": 300.0, "id_punto": "1_116", "sector": 1.0 }, "geometry": { "type": "Polygon", "coordinates": [ [ [ -58.390828, -34.587892 ], [ -58.390799, -34.590517 ], [ -58.390693, -34.592161 ], [ -58.390456, -34.592432 ], [ -58.389532, -34.593172 ], [ -58.389049, -34.593286 ], [ -58.387633, -34.59353 ], [ -58.383904, -34.593005 ], [ -58.383894, -34.592645 ], [ -58.384005, -34.590803 ], [ -58.384241, -34.589001 ], [ -58.384345, -34.588416 ], [ -58.3846, -34.588162 ], [ -58.385606, -34.587357 ], [ -58.390602, -34.587612 ], [ -58.390828, -34.587892 ] ] ] } },
{ "type": "Feature", "properties": { "group_index": 0, "value": 300.0, "id_punto": "1_117", "sector": 1.0 }, "geometry": { "type": "Polygon", "coordinates": [ [ [ -58.389984, -34.585744 ], [ -58.389957, -34.586386 ], [ -58.389611, -34.589439 ], [ -58.389125, -34.590751 ], [ -58.389041, -34.590952 ], [ -58.388959, -34.591019 ], [ -58.386905, -34.590987 ], [ -58.382749, -34.59061 ], [ -58.382427, -34.59028 ], [ -58.382401, -34.589892 ], [ -58.382651, -34.588122 ], [ -58.382705, -34.587846 ], [ -58.385444, -34.585067 ], [ -58.389979, -34.585738 ], [ -58.389984, -34.585744 ] ] ] } },
{ "type": "Feature", "properties": { "group_index": 0, "value": 300.0, "id_punto": "1_118", "sector": 1.0 }, "geometry": { "type": "Polygon", "coordinates": [ [ [ -58.38481, -34.592214 ], [ -58.385038, -34.592494 ], [ -58.385158, -34.592643 ], [ -58.38516, -34.593003 ], [ -58.383967, -34.59458 ], [ -58.382925, -34.595294 ], [ -58.382633, -34.59545 ], [ -58.381747, -34.595687 ], [ -58.38011, -34.595984 ], [ -58.37975, -34.59597 ], [ -58.378033, -34.594598 ], [ -58.376289, -34.593067 ], [ -58.376281, -34.592708 ], [ -58.377771, -34.590953 ], [ -58.379301, -34.589883 ], [ -58.379613, -34.589763 ], [ -58.381315, -34.589718 ], [ -58.382061, -34.589908 ], [ -58.383726, -34.59097 ], [ -58.38481, -34.592214 ] ] ] } },
{ "type": "Feature", "properties": { "group_index": 0, "value": 300.0, "id_punto": "1_119", "sector": 1.0 }, "geometry": { "type": "Polygon", "coordinates": [ [ [ -58.397785, -34.587214 ], [ -58.39806, -34.587991 ], [ -58.398056, -34.588395 ], [ -58.397529, -34.590707 ], [ -58.397211, -34.591844 ], [ -58.396489, -34.592547 ], [ -58.392459, -34.592516 ], [ -58.391287, -34.592465 ], [ -58.391062, -34.592184 ], [ -58.391059, -34.590515 ], [ -58.39109, -34.589554 ], [ -58.391136, -34.588204 ], [ -58.391372, -34.587789 ], [ -58.391711, -34.587338 ], [ -58.394567, -34.58672 ], [ -58.396106, -34.586823 ], [ -58.397512, -34.586932 ], [ -58.397656, -34.587007 ], [ -58.397785, -34.587214 ] ] ] } },
{ "type": "Feature", "properties": { "group_index": 0, "value": 300.0, "id_punto": "1_120", "sector": 1.0 }, "geometry": { "type": "Polygon", "coordinates": [ [ [ -58.390361, -34.589945 ], [ -58.39036, -34.590123 ], [ -58.390319, -34.593266 ], [ -58.390209, -34.593483 ], [ -58.389534, -34.594072 ], [ -58.3874, -34.595189 ], [ -58.385924, -34.595938 ], [ -58.385826, -34.595969 ], [ -58.385739, -34.595962 ], [ -58.385617, -34.59593 ], [ -58.385565, -34.595914 ], [ -58.382654, -34.593107 ], [ -58.382571, -34.592935 ], [ -58.382571, -34.592925 ], [ -58.382571, -34.592924 ], [ -58.382571, -34.592914 ], [ -58.382655, -34.592658 ], [ -58.383883, -34.590619 ], [ -58.3842, -34.59045 ], [ -58.385964, -34.589563 ], [ -58.390121, -34.589676 ], [ -58.390361, -34.589945 ] ] ] } },
{ "type": "Feature", "properties": { "group_index": 0, "value": 300.0, "id_punto": "1_121", "sector": 1.0 }, "geometry": { "type": "Polygon", "coordinates": [ [ [ -58.392493, -34.587634 ], [ -58.392543, -34.587751 ], [ -58.392554, -34.587778 ], [ -58.392964, -34.588903 ], [ -58.392814, -34.592353 ], [ -58.392571, -34.592618 ], [ -58.391377, -34.593256 ], [ -58.387643, -34.593466 ], [ -58.387287, -34.593413 ], [ -58.386442, -34.593114 ], [ -58.386274, -34.592998 ], [ -58.38621, -34.592839 ], [ -58.386196, -34.591092 ], [ -58.386282, -34.589325 ], [ -58.38638, -34.58867 ], [ -58.387337, -34.5875 ], [ -58.389266, -34.587427 ], [ -58.390802, -34.587392 ], [ -58.392021, -34.587432 ], [ -58.392304, -34.587524 ], [ -58.392401, -34.587563 ], [ -58.392483, -34.587612 ], [ -58.392493, -34.587634 ] ] ] } },
{ "type": "Feature", "properties": { "group_index": 0, "value": 300.0, "id_punto": "1_122", "sector": 1.0 }, "geometry": { "type": "Polygon", "coordinates": [ [ [ -58.387837, -34.587317 ], [ -58.387792, -34.587843 ], [ -58.387275, -34.590792 ], [ -58.387043, -34.591068 ], [ -58.384633, -34.592719 ], [ -58.384274, -34.592751 ], [ -58.382674, -34.592355 ], [ -58.381382, -34.591618 ], [ -58.381273, -34.59154 ], [ -58.380552, -34.589385 ], [ -58.380581, -34.589247 ], [ -58.382651, -34.58808 ], [ -58.38516, -34.586696 ], [ -58.38525, -34.586703 ], [ -58.387654, -34.587006 ], [ -58.387837, -34.587317 ] ] ] } },
{ "type": "Feature", "properties": { "group_index": 0, "value": 300.0, "id_punto": "1_123", "sector": 1.0 }, "geometry": { "type": "Polygon", "coordinates": [ [ [ -58.3886, -34.585299 ], [ -58.388974, -34.586648 ], [ -58.38885, -34.588082 ], [ -58.388781, -34.588676 ], [ -58.388399, -34.590134 ], [ -58.388167, -34.590409 ], [ -58.387653, -34.590402 ], [ -58.385576, -34.590215 ], [ -58.383416, -34.589901 ], [ -58.381778, -34.589002 ], [ -58.381605, -34.588687 ], [ -58.381665, -34.588417 ], [ -58.38587, -34.584545 ], [ -58.386152, -34.584279 ], [ -58.386434, -34.584012 ], [ -58.388438, -34.584978 ], [ -58.3886, -34.585299 ] ] ] } },
{ "type": "Feature", "properties": { "group_index": 0, "value": 300.0, "id_punto": "1_124", "sector": 1.0 }, "geometry": { "type": "Polygon", "coordinates": [ [ [ -58.395835, -34.588824 ], [ -58.395731, -34.593106 ], [ -58.395502, -34.593383 ], [ -58.392837, -34.593511 ], [ -58.390266, -34.593311 ], [ -58.389207, -34.59236 ], [ -58.389176, -34.592111 ], [ -58.389172, -34.591927 ], [ -58.389161, -34.590418 ], [ -58.389208, -34.588734 ], [ -58.389261, -34.587923 ], [ -58.3895, -34.587654 ], [ -58.392068, -34.587417 ], [ -58.394768, -34.587982 ], [ -58.395617, -34.588537 ], [ -58.395835, -34.588824 ] ] ] } },
{ "type": "Feature", "properties": { "group_index": 0, "value": 300.0, "id_punto": "1_125", "sector": 1.0 }, "geometry": { "type": "Polygon", "coordinates": [ [ [ -58.394145, -34.587306 ], [ -58.394243, -34.587564 ], [ -58.394244, -34.587567 ], [ -58.393847, -34.589189 ], [ -58.393733, -34.589626 ], [ -58.393495, -34.589896 ], [ -58.392535, -34.590825 ], [ -58.390608, -34.59083 ], [ -58.389281, -34.590776 ], [ -58.387279, -34.590693 ], [ -58.387058, -34.590409 ], [ -58.386947, -34.588884 ], [ -58.387005, -34.5877 ], [ -58.387222, -34.586087 ], [ -58.387475, -34.585832 ], [ -58.389786, -34.584422 ], [ -58.390259, -34.584343 ], [ -58.391348, -34.584672 ], [ -58.392233, -34.585165 ], [ -58.393693, -34.586629 ], [ -58.394145, -34.587306 ] ] ] } },
{ "type": "Feature", "properties": { "group_index": 0, "value": 300.0, "id_punto": "1_126", "sector": 1.0 }, "geometry": { "type": "Polygon", "coordinates": [ [ [ -58.389514, -34.586316 ], [ -58.38938, -34.587739 ], [ -58.389229, -34.589087 ], [ -58.388868, -34.590528 ], [ -58.388636, -34.590804 ], [ -58.387198, -34.591198 ], [ -58.386647, -34.591193 ], [ -58.384312, -34.591148 ], [ -58.384157, -34.591132 ], [ -58.382857, -34.590898 ], [ -58.381826, -34.590268 ], [ -58.381825, -34.589908 ], [ -58.382266, -34.588086 ], [ -58.385406, -34.585125 ], [ -58.389326, -34.58601 ], [ -58.389514, -34.586316 ] ] ] } },
{ "type": "Feature", "properties": { "group_index": 0, "value": 300.0, "id_punto": "1_127", "sector": 1.0 }, "geometry": { "type": "Polygon", "coordinates": [ [ [ -58.385941, -34.588421 ], [ -58.38577, -34.58936 ], [ -58.384597, -34.592309 ], [ -58.383514, -34.593009 ], [ -58.382764, -34.5931 ], [ -58.382606, -34.593111 ], [ -58.381431, -34.592748 ], [ -58.37976, -34.591613 ], [ -58.37973, -34.5897 ], [ -58.379819, -34.589425 ], [ -58.382565, -34.587922 ], [ -58.38324, -34.587555 ], [ -58.383587, -34.587605 ], [ -58.385758, -34.588111 ], [ -58.385941, -34.588421 ] ] ] } },
{ "type": "Feature", "properties": { "group_index": 0, "value": 300.0, "id_punto": "1_128", "sector": 1.0 }, "geometry": { "type": "Polygon", "coordinates": [ [ [ -58.391655, -34.588847 ], [ -58.391647, -34.5905 ], [ -58.391615, -34.592986 ], [ -58.391374, -34.593253 ], [ -58.390221, -34.59425 ], [ -58.38875, -34.594599 ], [ -58.387434, -34.594908 ], [ -58.387076, -34.594865 ], [ -58.385686, -34.594282 ], [ -58.384504, -34.593007 ], [ -58.384502, -34.592647 ], [ -58.385133, -34.589217 ], [ -58.385393, -34.588967 ], [ -58.386644, -34.588425 ], [ -58.39143, -34.588566 ], [ -58.391655, -34.588847 ] ] ] } },
{ "type": "Feature", "properties": { "group_index": 0, "value": 300.0, "id_punto": "1_129", "sector": 1.0 }, "geometry": { "type": "Polygon", "coordinates": [ [ [ -58.386929, -34.589328 ], [ -58.386719, -34.592881 ], [ -58.386636, -34.593 ], [ -58.38463, -34.594633 ], [ -58.38459, -34.594632 ], [ -58.384416, -34.594614 ], [ -58.382437, -34.594389 ], [ -58.381434, -34.593719 ], [ -58.380539, -34.593027 ], [ -58.379227, -34.591436 ], [ -58.379672, -34.590827 ], [ -58.38145, -34.588772 ], [ -58.381803, -34.588578 ], [ -58.381804, -34.588577 ], [ -58.381982, -34.588482 ], [ -58.38216, -34.588386 ], [ -58.383091, -34.588287 ], [ -58.38673, -34.589028 ], [ -58.386929, -34.589328 ] ] ] } },
{ "type": "Feature", "properties": { "group_index": 0, "value": 300.0, "id_punto": "1_130", "sector": 1.0 }, "geometry": { "type": "Polygon", "coordinates": [ [ [ -58.3873, -34.589084 ], [ -58.386976, -34.592092 ], [ -58.386738, -34.592363 ], [ -58.384833, -34.594029 ], [ -58.38464, -34.594026 ], [ -58.384447, -34.594023 ], [ -58.384266, -34.593952 ], [ -58.382807, -34.593283 ], [ -58.382019, -34.59292 ], [ -58.381412, -34.592272 ], [ -58.380873, -34.591693 ], [ -58.380829, -34.589113 ], [ -58.381337, -34.588597 ], [ -58.382564, -34.587922 ], [ -58.383549, -34.587387 ], [ -58.383746, -34.587279 ], [ -58.383944, -34.587172 ], [ -58.384289, -34.587224 ], [ -58.386443, -34.587712 ], [ -58.3873, -34.589084 ] ] ] } },
{ "type": "Feature", "properties": { "group_index": 0, "value": 300.0, "id_punto": "1_131", "sector": 1.0 }, "geometry": { "type": "Polygon", "coordinates": [ [ [ -58.390348, -34.587245 ], [ -58.389838, -34.591407 ], [ -58.389594, -34.591672 ], [ -58.386137, -34.5916 ], [ -58.384065, -34.591381 ], [ -58.383992, -34.591363 ], [ -58.383909, -34.59128 ], [ -58.383726, -34.59097 ], [ -58.38309, -34.589674 ], [ -58.383361, -34.58773 ], [ -58.383421, -34.587456 ], [ -58.385047, -34.585688 ], [ -58.388931, -34.586253 ], [ -58.390078, -34.586838 ], [ -58.390282, -34.587017 ], [ -58.390348, -34.587245 ] ] ] } },
{ "type": "Feature", "properties": { "group_index": 0, "value": 300.0, "id_punto": "1_132", "sector": 1.0 }, "geometry": { "type": "Polygon", "coordinates": [ [ [ -58.390347, -34.587073 ], [ -58.390401, -34.587211 ], [ -58.3899, -34.591465 ], [ -58.389656, -34.591729 ], [ -58.388218, -34.592074 ], [ -58.384212, -34.592044 ], [ -58.383151, -34.5917 ], [ -58.382976, -34.59153 ], [ -58.382905, -34.591152 ], [ -58.383539, -34.587631 ], [ -58.38508, -34.586484 ], [ -58.385424, -34.586338 ], [ -58.389625, -34.586632 ], [ -58.39015, -34.586789 ], [ -58.390347, -34.587073 ] ] ] } },
{ "type": "Feature", "properties": { "group_index": 0, "value": 300.0, "id_punto": "1_133", "sector": 1.0 }, "geometry": { "type": "Polygon", "coordinates": [ [ [ -58.390852, -34.589508 ], [ -58.390849, -34.590562 ], [ -58.390825, -34.592841 ], [ -58.390219, -34.594079 ], [ -58.387429, -34.59495 ], [ -58.385949, -34.595271 ], [ -58.38559, -34.595248 ], [ -58.384949, -34.594662 ], [ -58.383167, -34.593008 ], [ -58.383168, -34.592648 ], [ -58.384252, -34.590648 ], [ -58.385256, -34.589345 ], [ -58.385516, -34.589096 ], [ -58.390613, -34.589239 ], [ -58.390852, -34.589508 ] ] ] } },
{ "type": "Feature", "properties": { "group_index": 0, "value": 300.0, "id_punto": "1_134", "sector": 1.0 }, "geometry": { "type": "Polygon", "coordinates": [ [ [ -58.394365, -34.58996 ], [ -58.394351, -34.593794 ], [ -58.393264, -34.595007 ], [ -58.39213, -34.595738 ], [ -58.389915, -34.595976 ], [ -58.38985, -34.595975 ], [ -58.388329, -34.595072 ], [ -58.388044, -34.594836 ], [ -58.387518, -34.593022 ], [ -58.387527, -34.592662 ], [ -58.387778, -34.590079 ], [ -58.388031, -34.589823 ], [ -58.389765, -34.589581 ], [ -58.390224, -34.589584 ], [ -58.394142, -34.589677 ], [ -58.394365, -34.58996 ] ] ] } },
{ "type": "Feature", "properties": { "group_index": 0, "value": 300.0, "id_punto": "1_135", "sector": 1.0 }, "geometry": { "type": "Polygon", "coordinates": [ [ [ -58.389013, -34.587978 ], [ -58.388628, -34.591957 ], [ -58.388388, -34.592226 ], [ -58.387898, -34.592272 ], [ -58.38423, -34.59225 ], [ -58.382825, -34.591754 ], [ -58.381735, -34.59028 ], [ -58.381674, -34.589925 ], [ -58.382169, -34.58814 ], [ -58.382366, -34.588031 ], [ -58.382564, -34.587922 ], [ -58.38493, -34.58664 ], [ -58.38522, -34.586491 ], [ -58.38793, -34.586845 ], [ -58.388818, -34.587675 ], [ -58.389013, -34.587978 ] ] ] } },
{ "type": "Feature", "properties": { "group_index": 0, "value": 300.0, "id_punto": "1_136", "sector": 1.0 }, "geometry": { "type": "Polygon", "coordinates": [ [ [ -58.390021, -34.590233 ], [ -58.390202, -34.591712 ], [ -58.390292, -34.593288 ], [ -58.390002, -34.593968 ], [ -58.389807, -34.594232 ], [ -58.387353, -34.595575 ], [ -58.385901, -34.596297 ], [ -58.385541, -34.596274 ], [ -58.384918, -34.595697 ], [ -58.382304, -34.593152 ], [ -58.382217, -34.592803 ], [ -58.382272, -34.592561 ], [ -58.384166, -34.590705 ], [ -58.384209, -34.590677 ], [ -58.386261, -34.589853 ], [ -58.388117, -34.589897 ], [ -58.389808, -34.589943 ], [ -58.390021, -34.590233 ] ] ] } },
{ "type": "Feature", "properties": { "group_index": 0, "value": 300.0, "id_punto": "1_137", "sector": 1.0 }, "geometry": { "type": "Polygon", "coordinates": [ [ [ -58.393935, -34.587523 ], [ -58.393956, -34.587573 ], [ -58.39419, -34.588778 ], [ -58.393963, -34.591598 ], [ -58.393725, -34.591868 ], [ -58.392242, -34.592318 ], [ -58.389587, -34.592234 ], [ -58.387929, -34.592161 ], [ -58.387611, -34.592134 ], [ -58.38738, -34.591858 ], [ -58.387381, -34.590157 ], [ -58.387531, -34.588098 ], [ -58.387995, -34.586708 ], [ -58.388249, -34.586453 ], [ -58.390573, -34.586292 ], [ -58.391675, -34.586261 ], [ -58.393144, -34.586627 ], [ -58.393226, -34.586662 ], [ -58.393353, -34.586729 ], [ -58.393684, -34.587065 ], [ -58.393935, -34.587523 ] ] ] } },
{ "type": "Feature", "properties": { "group_index": 0, "value": 300.0, "id_punto": "1_138", "sector": 1.0 }, "geometry": { "type": "Polygon", "coordinates": [ [ [ -58.389402, -34.589247 ], [ -58.389041, -34.590952 ], [ -58.389033, -34.590958 ], [ -58.38698, -34.590927 ], [ -58.382735, -34.590578 ], [ -58.382532, -34.59028 ], [ -58.382436, -34.589955 ], [ -58.382384, -34.588266 ], [ -58.382439, -34.587991 ], [ -58.385799, -34.584628 ], [ -58.3897, -34.585935 ], [ -58.389775, -34.586012 ], [ -58.389402, -34.589247 ] ] ] } },
{ "type": "Feature", "properties": { "group_index": 0, "value": 300.0, "id_punto": "1_139", "sector": 1.0 }, "geometry": { "type": "Polygon", "coordinates": [ [ [ -58.396003, -34.588463 ], [ -58.395992, -34.590121 ], [ -58.395878, -34.593507 ], [ -58.395762, -34.593549 ], [ -58.395733, -34.593557 ], [ -58.395718, -34.59356 ], [ -58.395689, -34.593565 ], [ -58.392879, -34.593688 ], [ -58.389914, -34.593419 ], [ -58.389884, -34.593395 ], [ -58.389846, -34.593314 ], [ -58.389329, -34.592054 ], [ -58.389329, -34.591981 ], [ -58.389326, -34.590297 ], [ -58.389347, -34.588622 ], [ -58.38941, -34.588056 ], [ -58.389649, -34.587787 ], [ -58.392109, -34.587557 ], [ -58.394609, -34.588086 ], [ -58.395985, -34.588441 ], [ -58.396003, -34.588463 ] ] ] } },
{ "type": "Feature", "properties": { "group_index": 0, "value": 300.0, "id_punto": "1_140", "sector": 1.0 }, "geometry": { "type": "Polygon", "coordinates": [ [ [ -58.396971, -34.589445 ], [ -58.39721, -34.593155 ], [ -58.395998, -34.59477 ], [ -58.393476, -34.595375 ], [ -58.393119, -34.595417 ], [ -58.391875, -34.594733 ], [ -58.391232, -34.594288 ], [ -58.390422, -34.592709 ], [ -58.390426, -34.592406 ], [ -58.390496, -34.590729 ], [ -58.390891, -34.589375 ], [ -58.391132, -34.589107 ], [ -58.394953, -34.58911 ], [ -58.396611, -34.589165 ], [ -58.396739, -34.589169 ], [ -58.396971, -34.589445 ] ] ] } },
{ "type": "Feature", "properties": { "group_index": 0, "value": 300.0, "id_punto": "1_141", "sector": 1.0 }, "geometry": { "type": "Polygon", "coordinates": [ [ [ -58.39149, -34.585864 ], [ -58.3927, -34.5874 ], [ -58.392706, -34.587414 ], [ -58.39287, -34.587823 ], [ -58.392866, -34.587897 ], [ -58.392612, -34.590417 ], [ -58.391821, -34.591446 ], [ -58.391579, -34.591712 ], [ -58.390222, -34.591694 ], [ -58.386186, -34.59156 ], [ -58.385962, -34.591279 ], [ -58.385869, -34.589598 ], [ -58.385883, -34.588151 ], [ -58.385894, -34.588031 ], [ -58.385992, -34.586924 ], [ -58.386211, -34.586638 ], [ -58.387712, -34.585919 ], [ -58.390189, -34.585587 ], [ -58.390419, -34.585619 ], [ -58.391482, -34.585855 ], [ -58.39149, -34.585864 ] ] ] } },
{ "type": "Feature", "properties": { "group_index": 0, "value": 300.0, "id_punto": "1_142", "sector": 1.0 }, "geometry": { "type": "Polygon", "coordinates": [ [ [ -58.393799, -34.590417 ], [ -58.393967, -34.593857 ], [ -58.393368, -34.594496 ], [ -58.39216, -34.595417 ], [ -58.390128, -34.59555 ], [ -58.389771, -34.595508 ], [ -58.388435, -34.594852 ], [ -58.386878, -34.593006 ], [ -58.386887, -34.592646 ], [ -58.387269, -34.589577 ], [ -58.387521, -34.58932 ], [ -58.390498, -34.589341 ], [ -58.392451, -34.589406 ], [ -58.393569, -34.590139 ], [ -58.393799, -34.590417 ] ] ] } },
{ "type": "Feature", "properties": { "group_index": 0, "value": 300.0, "id_punto": "1_143", "sector": 1.0 }, "geometry": { "type": "Polygon", "coordinates": [ [ [ -58.393216, -34.587586 ], [ -58.393244, -34.587653 ], [ -58.392866, -34.590635 ], [ -58.392632, -34.590908 ], [ -58.391333, -34.591487 ], [ -58.390477, -34.591477 ], [ -58.38645, -34.59135 ], [ -58.386226, -34.591068 ], [ -58.386155, -34.589409 ], [ -58.386195, -34.587855 ], [ -58.386261, -34.58713 ], [ -58.387318, -34.585649 ], [ -58.387339, -34.585638 ], [ -58.390336, -34.585296 ], [ -58.391169, -34.585598 ], [ -58.392994, -34.587239 ], [ -58.393011, -34.587255 ], [ -58.393216, -34.587586 ] ] ] } },
{ "type": "Feature", "properties": { "group_index": 0, "value": 300.0, "id_punto": "1_144", "sector": 1.0 }, "geometry": { "type": "Polygon", "coordinates": [ [ [ -58.390485, -34.586065 ], [ -58.390383, -34.587222 ], [ -58.390042, -34.589837 ], [ -58.389798, -34.590101 ], [ -58.388441, -34.59064 ], [ -58.387369, -34.590623 ], [ -58.385267, -34.590413 ], [ -58.38366, -34.590202 ], [ -58.383097, -34.590087 ], [ -58.382915, -34.589777 ], [ -58.383184, -34.587829 ], [ -58.383242, -34.587554 ], [ -58.385463, -34.585036 ], [ -58.388258, -34.585068 ], [ -58.38992, -34.585277 ], [ -58.390431, -34.585498 ], [ -58.390485, -34.586065 ] ] ] } },
{ "type": "Feature", "properties": { "group_index": 0, "value": 300.0, "id_punto": "1_145", "sector": 1.0 }, "geometry": { "type": "Polygon", "coordinates": [ [ [ -58.392442, -34.584332 ], [ -58.392553, -34.584674 ], [ -58.392506, -34.584936 ], [ -58.391523, -34.587174 ], [ -58.391316, -34.58737 ], [ -58.39118, -34.587483 ], [ -58.389637, -34.588258 ], [ -58.388673, -34.588197 ], [ -58.386702, -34.587978 ], [ -58.38438, -34.587584 ], [ -58.38419, -34.587371 ], [ -58.383964, -34.587091 ], [ -58.385446, -34.585064 ], [ -58.387618, -34.583697 ], [ -58.388397, -34.583334 ], [ -58.389087, -34.583031 ], [ -58.390808, -34.583203 ], [ -58.390847, -34.583209 ], [ -58.391441, -34.583394 ], [ -58.391829, -34.58352 ], [ -58.392442, -34.584332 ] ] ] } },
{ "type": "Feature", "properties": { "group_index": 0, "value": 300.0, "id_punto": "1_146", "sector": 1.0 }, "geometry": { "type": "Polygon", "coordinates": [ [ [ -58.389071, -34.586167 ], [ -58.389259, -34.586473 ], [ -58.389127, -34.587904 ], [ -58.389016, -34.588892 ], [ -58.388645, -34.590341 ], [ -58.388413, -34.590616 ], [ -58.387398, -34.590601 ], [ -58.385299, -34.590392 ], [ -58.383644, -34.590172 ], [ -58.383129, -34.590068 ], [ -58.38207, -34.588843 ], [ -58.381899, -34.588526 ], [ -58.381957, -34.588256 ], [ -58.385854, -34.584562 ], [ -58.386483, -34.584704 ], [ -58.388188, -34.585104 ], [ -58.389071, -34.586167 ] ] ] } },
{ "type": "Feature", "properties": { "group_index": 0, "value": 300.0, "id_punto": "1_147", "sector": 1.0 }, "geometry": { "type": "Polygon", "coordinates": [ [ [ -58.390147, -34.590134 ], [ -58.390093, -34.593102 ], [ -58.38987, -34.593384 ], [ -58.389451, -34.593683 ], [ -58.387487, -34.594813 ], [ -58.385935, -34.59549 ], [ -58.385576, -34.595467 ], [ -58.384684, -34.594638 ], [ -58.383026, -34.593008 ], [ -58.383027, -34.592648 ], [ -58.383345, -34.591291 ], [ -58.383699, -34.590274 ], [ -58.384017, -34.590105 ], [ -58.385682, -34.589268 ], [ -58.388361, -34.589381 ], [ -58.39011, -34.589899 ], [ -58.390148, -34.589933 ], [ -58.390147, -34.590134 ] ] ] } },
{ "type": "Feature", "properties": { "group_index": 0, "value": 300.0, "id_punto": "1_148", "sector": 1.0 }, "geometry": { "type": "Polygon", "coordinates": [ [ [ -58.390933, -34.589436 ], [ -58.39093, -34.590635 ], [ -58.390909, -34.592771 ], [ -58.39022, -34.594177 ], [ -58.387417, -34.595048 ], [ -58.385955, -34.595172 ], [ -58.385596, -34.595149 ], [ -58.385068, -34.594672 ], [ -58.383231, -34.593008 ], [ -58.383232, -34.592648 ], [ -58.384345, -34.590586 ], [ -58.385182, -34.589268 ], [ -58.385442, -34.589019 ], [ -58.390694, -34.589166 ], [ -58.390933, -34.589436 ] ] ] } },
{ "type": "Feature", "properties": { "group_index": 0, "value": 300.0, "id_punto": "1_149", "sector": 1.0 }, "geometry": { "type": "Polygon", "coordinates": [ [ [ -58.392165, -34.585157 ], [ -58.392758, -34.587852 ], [ -58.392579, -34.588748 ], [ -58.392342, -34.588933 ], [ -58.391225, -34.589676 ], [ -58.390664, -34.589675 ], [ -58.388658, -34.589604 ], [ -58.386834, -34.589391 ], [ -58.385785, -34.588513 ], [ -58.385602, -34.588203 ], [ -58.385652, -34.586252 ], [ -58.388859, -34.584234 ], [ -58.389696, -34.583937 ], [ -58.390541, -34.583982 ], [ -58.391764, -34.584402 ], [ -58.391878, -34.584503 ], [ -58.392165, -34.585157 ] ] ] } },
{ "type": "Feature", "properties": { "group_index": 0, "value": 300.0, "id_punto": "1_150", "sector": 1.0 }, "geometry": { "type": "Polygon", "coordinates": [ [ [ -58.396003, -34.588463 ], [ -58.396102, -34.588616 ], [ -58.396392, -34.589919 ], [ -58.396433, -34.593373 ], [ -58.395988, -34.59402 ], [ -58.395636, -34.594096 ], [ -58.392967, -34.594212 ], [ -58.389848, -34.593433 ], [ -58.389713, -34.59326 ], [ -58.389884, -34.588479 ], [ -58.390124, -34.58821 ], [ -58.392488, -34.588143 ], [ -58.394423, -34.588207 ], [ -58.394487, -34.58821 ], [ -58.395878, -34.588335 ], [ -58.395905, -34.588342 ], [ -58.396003, -34.588463 ] ] ] } },
{ "type": "Feature", "properties": { "group_index": 0, "value": 300.0, "id_punto": "1_151", "sector": 1.0 }, "geometry": { "type": "Polygon", "coordinates": [ [ [ -58.391816, -34.588718 ], [ -58.391807, -34.59037 ], [ -58.391748, -34.593106 ], [ -58.391507, -34.593373 ], [ -58.390218, -34.594057 ], [ -58.38877, -34.594415 ], [ -58.387456, -34.594724 ], [ -58.387099, -34.594681 ], [ -58.385723, -34.5941 ], [ -58.384729, -34.593006 ], [ -58.384727, -34.592646 ], [ -58.385272, -34.589362 ], [ -58.385532, -34.589113 ], [ -58.386505, -34.588279 ], [ -58.391591, -34.588437 ], [ -58.391816, -34.588718 ] ] ] } },
{ "type": "Feature", "properties": { "group_index": 0, "value": 300.0, "id_punto": "1_152", "sector": 1.0 }, "geometry": { "type": "Polygon", "coordinates": [ [ [ -58.387885, -34.587288 ], [ -58.387836, -34.587877 ], [ -58.387316, -34.590827 ], [ -58.387085, -34.591103 ], [ -58.386763, -34.5911 ], [ -58.384287, -34.591054 ], [ -58.382805, -34.590736 ], [ -58.381923, -34.590268 ], [ -58.380707, -34.589587 ], [ -58.380538, -34.58927 ], [ -58.380598, -34.589003 ], [ -58.381581, -34.588463 ], [ -58.385408, -34.585121 ], [ -58.387035, -34.58579 ], [ -58.387885, -34.587288 ] ] ] } },
{ "type": "Feature", "properties": { "group_index": 0, "value": 300.0, "id_punto": "1_153", "sector": 1.0 }, "geometry": { "type": "Polygon", "coordinates": [ [ [ -58.389292, -34.586453 ], [ -58.38916, -34.587883 ], [ -58.389043, -34.588917 ], [ -58.388674, -34.590365 ], [ -58.388442, -34.59064 ], [ -58.387393, -34.591361 ], [ -58.384059, -34.591378 ], [ -58.382932, -34.591294 ], [ -58.381723, -34.590289 ], [ -58.381474, -34.59003 ], [ -58.382035, -34.588213 ], [ -58.385054, -34.585675 ], [ -58.389103, -34.586146 ], [ -58.389292, -34.586453 ] ] ] } },
{ "type": "Feature", "properties": { "group_index": 0, "value": 300.0, "id_punto": "1_154", "sector": 1.0 }, "geometry": { "type": "Polygon", "coordinates": [ [ [ -58.389567, -34.59225 ], [ -58.389699, -34.593558 ], [ -58.389697, -34.593568 ], [ -58.389613, -34.5937 ], [ -58.387502, -34.594813 ], [ -58.385934, -34.595502 ], [ -58.384446, -34.595869 ], [ -58.384276, -34.5959 ], [ -58.384239, -34.5959 ], [ -58.384129, -34.595856 ], [ -58.381463, -34.593458 ], [ -58.381078, -34.59302 ], [ -58.381073, -34.59266 ], [ -58.38141, -34.59222 ], [ -58.383574, -34.590039 ], [ -58.383891, -34.58987 ], [ -58.389049, -34.59068 ], [ -58.389059, -34.59069 ], [ -58.389567, -34.59225 ] ] ] } },
{ "type": "Feature", "properties": { "group_index": 0, "value": 300.0, "id_punto": "1_155", "sector": 1.0 }, "geometry": { "type": "Polygon", "coordinates": [ [ [ -58.386269, -34.588228 ], [ -58.386021, -34.589622 ], [ -58.385495, -34.590744 ], [ -58.384614, -34.592501 ], [ -58.383639, -34.593009 ], [ -58.382797, -34.593291 ], [ -58.381429, -34.592685 ], [ -58.380211, -34.591614 ], [ -58.379182, -34.590437 ], [ -58.378986, -34.590135 ], [ -58.37904, -34.589827 ], [ -58.379106, -34.589715 ], [ -58.379133, -34.589692 ], [ -58.383988, -34.587148 ], [ -58.384301, -34.587218 ], [ -58.38617, -34.58793 ], [ -58.38623, -34.58799 ], [ -58.386232, -34.587993 ], [ -58.386291, -34.588054 ], [ -58.386269, -34.588228 ] ] ] } },
{ "type": "Feature", "properties": { "group_index": 0, "value": 300.0, "id_punto": "1_156", "sector": 1.0 }, "geometry": { "type": "Polygon", "coordinates": [ [ [ -58.392217, -34.584663 ], [ -58.392215, -34.584788 ], [ -58.392118, -34.587958 ], [ -58.391918, -34.588637 ], [ -58.39104, -34.589509 ], [ -58.390851, -34.589509 ], [ -58.388855, -34.589447 ], [ -58.387048, -34.589249 ], [ -58.385016, -34.588966 ], [ -58.384841, -34.588912 ], [ -58.384808, -34.588878 ], [ -58.38474, -34.586579 ], [ -58.384923, -34.586029 ], [ -58.386501, -34.58487 ], [ -58.387024, -34.584498 ], [ -58.389837, -34.583871 ], [ -58.390545, -34.583793 ], [ -58.391968, -34.584332 ], [ -58.392064, -34.584381 ], [ -58.392217, -34.584663 ] ] ] } },
{ "type": "Feature", "properties": { "group_index": 0, "value": 300.0, "id_punto": "1_157", "sector": 1.0 }, "geometry": { "type": "Polygon", "coordinates": [ [ [ -58.388596, -34.586871 ], [ -58.388484, -34.588318 ], [ -58.387928, -34.59134 ], [ -58.387696, -34.591616 ], [ -58.384347, -34.591717 ], [ -58.384245, -34.591716 ], [ -58.382963, -34.591461 ], [ -58.381444, -34.590622 ], [ -58.381307, -34.590461 ], [ -58.381268, -34.588872 ], [ -58.381328, -34.588602 ], [ -58.385344, -34.586011 ], [ -58.385882, -34.586088 ], [ -58.386281, -34.586163 ], [ -58.388413, -34.586561 ], [ -58.388596, -34.586871 ] ] ] } },
{ "type": "Feature", "properties": { "group_index": 0, "value": 300.0, "id_punto": "1_158", "sector": 1.0 }, "geometry": { "type": "Polygon", "coordinates": [ [ [ -58.39565, -34.587616 ], [ -58.395699, -34.588087 ], [ -58.39537, -34.591026 ], [ -58.395136, -34.5913 ], [ -58.393073, -34.591293 ], [ -58.392744, -34.591289 ], [ -58.390732, -34.591258 ], [ -58.389206, -34.590831 ], [ -58.388993, -34.590541 ], [ -58.388912, -34.588945 ], [ -58.388876, -34.587551 ], [ -58.389033, -34.586836 ], [ -58.390064, -34.585735 ], [ -58.390895, -34.585484 ], [ -58.391244, -34.585394 ], [ -58.391353, -34.585386 ], [ -58.391697, -34.585492 ], [ -58.39374, -34.58626 ], [ -58.395434, -34.587329 ], [ -58.39565, -34.587616 ] ] ] } },
{ "type": "Feature", "properties": { "group_index": 0, "value": 300.0, "id_punto": "1_159", "sector": 1.0 }, "geometry": { "type": "Polygon", "coordinates": [ [ [ -58.394223, -34.58751 ], [ -58.394231, -34.587532 ], [ -58.393818, -34.58921 ], [ -58.393703, -34.589599 ], [ -58.393464, -34.589868 ], [ -58.391842, -34.590232 ], [ -58.390027, -34.590229 ], [ -58.388005, -34.590128 ], [ -58.387013, -34.589272 ], [ -58.386814, -34.588972 ], [ -58.386888, -34.587455 ], [ -58.387146, -34.585991 ], [ -58.387318, -34.585649 ], [ -58.388864, -34.584384 ], [ -58.390298, -34.584109 ], [ -58.390432, -34.584104 ], [ -58.391785, -34.584395 ], [ -58.392825, -34.585246 ], [ -58.394223, -34.58751 ] ] ] } },
{ "type": "Feature", "properties": { "group_index": 0, "value": 300.0, "id_punto": "1_160", "sector": 1.0 }, "geometry": { "type": "Polygon", "coordinates": [ [ [ -58.386176, -34.586611 ], [ -58.385667, -34.589253 ], [ -58.384506, -34.591163 ], [ -58.383572, -34.591713 ], [ -58.383067, -34.591853 ], [ -58.382708, -34.591831 ], [ -58.38147, -34.591687 ], [ -58.378652, -34.59079 ], [ -58.37845, -34.590493 ], [ -58.378379, -34.590334 ], [ -58.37921, -34.589393 ], [ -58.379533, -34.589224 ], [ -58.380894, -34.588791 ], [ -58.385012, -34.586512 ], [ -58.385442, -34.586187 ], [ -58.385523, -34.586142 ], [ -58.38601, -34.586299 ], [ -58.386176, -34.586611 ] ] ] } },
{ "type": "Feature", "properties": { "group_index": 0, "value": 300.0, "id_punto": "1_161", "sector": 1.0 }, "geometry": { "type": "Polygon", "coordinates": [ [ [ -58.393762, -34.583905 ], [ -58.39387, -34.584249 ], [ -58.393905, -34.585284 ], [ -58.3937, -34.585687 ], [ -58.392416, -34.588018 ], [ -58.391966, -34.5886 ], [ -58.391898, -34.588653 ], [ -58.389764, -34.588748 ], [ -58.38814, -34.58854 ], [ -58.38646, -34.588118 ], [ -58.38628, -34.587806 ], [ -58.386194, -34.58613 ], [ -58.387256, -34.584063 ], [ -58.38742, -34.583897 ], [ -58.388668, -34.583208 ], [ -58.391729, -34.582875 ], [ -58.393064, -34.58341 ], [ -58.393617, -34.583741 ], [ -58.393762, -34.583905 ] ] ] } },
{ "type": "Feature", "properties": { "group_index": 0, "value": 300.0, "id_punto": "1_162", "sector": 1.0 }, "geometry": { "type": "Polygon", "coordinates": [ [ [ -58.393653, -34.587646 ], [ -58.393249, -34.590968 ], [ -58.393011, -34.591238 ], [ -58.391075, -34.591252 ], [ -58.390744, -34.591248 ], [ -58.388783, -34.591163 ], [ -58.38685, -34.591031 ], [ -58.386625, -34.590749 ], [ -58.386482, -34.589192 ], [ -58.386538, -34.587657 ], [ -58.386568, -34.587365 ], [ -58.386888, -34.585863 ], [ -58.386983, -34.585536 ], [ -58.38702, -34.585474 ], [ -58.387121, -34.585421 ], [ -58.387884, -34.585256 ], [ -58.389938, -34.584919 ], [ -58.390916, -34.584878 ], [ -58.391698, -34.585487 ], [ -58.393593, -34.587421 ], [ -58.393653, -34.587646 ] ] ] } },
{ "type": "Feature", "properties": { "group_index": 0, "value": 300.0, "id_punto": "1_163", "sector": 1.0 }, "geometry": { "type": "Polygon", "coordinates": [ [ [ -58.390064, -34.588507 ], [ -58.390053, -34.59021 ], [ -58.389974, -34.593016 ], [ -58.389769, -34.593313 ], [ -58.387595, -34.593784 ], [ -58.384281, -34.593309 ], [ -58.383758, -34.593008 ], [ -58.383132, -34.591304 ], [ -58.383345, -34.589603 ], [ -58.383636, -34.587819 ], [ -58.383682, -34.587552 ], [ -58.383689, -34.587548 ], [ -58.383764, -34.587508 ], [ -58.383845, -34.587464 ], [ -58.385886, -34.58764 ], [ -58.388484, -34.58789 ], [ -58.389839, -34.588227 ], [ -58.390064, -34.588507 ] ] ] } },
{ "type": "Feature", "properties": { "group_index": 0, "value": 300.0, "id_punto": "1_164", "sector": 1.0 }, "geometry": { "type": "Polygon", "coordinates": [ [ [ -58.388278, -34.587058 ], [ -58.388191, -34.588145 ], [ -58.387654, -34.591111 ], [ -58.387423, -34.591387 ], [ -58.384069, -34.591384 ], [ -58.382935, -34.591311 ], [ -58.381695, -34.590316 ], [ -58.381446, -34.590057 ], [ -58.380939, -34.589052 ], [ -58.380999, -34.588783 ], [ -58.385048, -34.585686 ], [ -58.386621, -34.585994 ], [ -58.388096, -34.586747 ], [ -58.388278, -34.587058 ] ] ] } },
{ "type": "Feature", "properties": { "group_index": 0, "value": 300.0, "id_punto": "1_165", "sector": 1.0 }, "geometry": { "type": "Polygon", "coordinates": [ [ [ -58.383746, -34.587928 ], [ -58.383344, -34.589943 ], [ -58.383127, -34.590575 ], [ -58.38202, -34.591843 ], [ -58.380262, -34.593079 ], [ -58.379902, -34.593068 ], [ -58.376664, -34.592109 ], [ -58.376542, -34.592065 ], [ -58.376464, -34.591893 ], [ -58.376465, -34.591809 ], [ -58.379051, -34.58942 ], [ -58.380401, -34.588494 ], [ -58.383261, -34.587543 ], [ -58.383571, -34.587614 ], [ -58.383746, -34.587928 ] ] ] } },
{ "type": "Feature", "properties": { "group_index": 0, "value": 300.0, "id_punto": "1_166", "sector": 1.0 }, "geometry": { "type": "Polygon", "coordinates": [ [ [ -58.394005, -34.588878 ], [ -58.393812, -34.591465 ], [ -58.393204, -34.593497 ], [ -58.392854, -34.593581 ], [ -58.388882, -34.593482 ], [ -58.388525, -34.593436 ], [ -58.388071, -34.593038 ], [ -58.387407, -34.592305 ], [ -58.387176, -34.592029 ], [ -58.38717, -34.590322 ], [ -58.387318, -34.587936 ], [ -58.387535, -34.587649 ], [ -58.392051, -34.587574 ], [ -58.392082, -34.587589 ], [ -58.392324, -34.587719 ], [ -58.393835, -34.588561 ], [ -58.394005, -34.588878 ] ] ] } },
{ "type": "Feature", "properties": { "group_index": 0, "value": 300.0, "id_punto": "1_167", "sector": 1.0 }, "geometry": { "type": "Polygon", "coordinates": [ [ [ -58.397385, -34.587939 ], [ -58.397102, -34.592336 ], [ -58.397061, -34.592603 ], [ -58.396809, -34.59286 ], [ -58.395082, -34.593036 ], [ -58.391123, -34.593026 ], [ -58.390747, -34.592907 ], [ -58.390516, -34.592631 ], [ -58.390518, -34.592486 ], [ -58.390548, -34.590775 ], [ -58.390598, -34.589113 ], [ -58.390788, -34.587915 ], [ -58.391018, -34.587638 ], [ -58.391682, -34.58689 ], [ -58.391778, -34.586878 ], [ -58.395605, -34.5872 ], [ -58.397175, -34.587384 ], [ -58.397194, -34.587392 ], [ -58.397196, -34.587393 ], [ -58.397268, -34.587425 ], [ -58.397385, -34.587939 ] ] ] } },
{ "type": "Feature", "properties": { "group_index": 0, "value": 300.0, "id_punto": "1_168", "sector": 1.0 }, "geometry": { "type": "Polygon", "coordinates": [ [ [ -58.391101, -34.585188 ], [ -58.391119, -34.586433 ], [ -58.391039, -34.587011 ], [ -58.390735, -34.588753 ], [ -58.390093, -34.589883 ], [ -58.389849, -34.590148 ], [ -58.387989, -34.59014 ], [ -58.387844, -34.590137 ], [ -58.385941, -34.589981 ], [ -58.383792, -34.58968 ], [ -58.383611, -34.589369 ], [ -58.383668, -34.587275 ], [ -58.385482, -34.58501 ], [ -58.385794, -34.584634 ], [ -58.390208, -34.584421 ], [ -58.390923, -34.584875 ], [ -58.391101, -34.585188 ] ] ] } },
{ "type": "Feature", "properties": { "group_index": 0, "value": 300.0, "id_punto": "1_169", "sector": 1.0 }, "geometry": { "type": "Polygon", "coordinates": [ [ [ -58.390874, -34.585317 ], [ -58.390898, -34.585381 ], [ -58.391081, -34.586394 ], [ -58.390645, -34.588673 ], [ -58.390179, -34.589961 ], [ -58.389939, -34.590229 ], [ -58.387894, -34.590215 ], [ -58.385838, -34.590047 ], [ -58.383685, -34.589743 ], [ -58.383504, -34.589432 ], [ -58.383571, -34.587744 ], [ -58.383616, -34.587303 ], [ -58.385482, -34.58501 ], [ -58.385806, -34.584619 ], [ -58.390091, -34.58475 ], [ -58.390346, -34.584848 ], [ -58.390675, -34.585017 ], [ -58.390874, -34.585317 ] ] ] } },
{ "type": "Feature", "properties": { "group_index": 0, "value": 300.0, "id_punto": "1_170", "sector": 1.0 }, "geometry": { "type": "Polygon", "coordinates": [ [ [ -58.38471, -34.589144 ], [ -58.384105, -34.591716 ], [ -58.382904, -34.592921 ], [ -58.382654, -34.593135 ], [ -58.381947, -34.593677 ], [ -58.381793, -34.593772 ], [ -58.381616, -34.593817 ], [ -58.381433, -34.593768 ], [ -58.379113, -34.592166 ], [ -58.378828, -34.591946 ], [ -58.378166, -34.59112 ], [ -58.377964, -34.590822 ], [ -58.378019, -34.59056 ], [ -58.379218, -34.589019 ], [ -58.37931, -34.588901 ], [ -58.379429, -34.588803 ], [ -58.379593, -34.588716 ], [ -58.379758, -34.58863 ], [ -58.383456, -34.587437 ], [ -58.383767, -34.587506 ], [ -58.38471, -34.589144 ] ] ] } },
{ "type": "Feature", "properties": { "group_index": 0, "value": 300.0, "id_punto": "1_171", "sector": 1.0 }, "geometry": { "type": "Polygon", "coordinates": [ [ [ -58.391091, -34.584744 ], [ -58.391177, -34.585094 ], [ -58.389929, -34.588037 ], [ -58.38969, -34.588305 ], [ -58.388302, -34.588726 ], [ -58.386552, -34.58885 ], [ -58.382372, -34.588408 ], [ -58.382197, -34.588093 ], [ -58.38587, -34.584545 ], [ -58.386194, -34.584239 ], [ -58.386518, -34.583933 ], [ -58.387941, -34.583497 ], [ -58.389009, -34.583556 ], [ -58.389473, -34.583609 ], [ -58.390489, -34.583817 ], [ -58.391091, -34.584744 ] ] ] } },
{ "type": "Feature", "properties": { "group_index": 0, "value": 300.0, "id_punto": "1_172", "sector": 1.0 }, "geometry": { "type": "Polygon", "coordinates": [ [ [ -58.389585, -34.588892 ], [ -58.389409, -34.592613 ], [ -58.389191, -34.592899 ], [ -58.387596, -34.593777 ], [ -58.386016, -34.594466 ], [ -58.384572, -34.594628 ], [ -58.384261, -34.594602 ], [ -58.382335, -34.593145 ], [ -58.382248, -34.592796 ], [ -58.382526, -34.591519 ], [ -58.383294, -34.589555 ], [ -58.383312, -34.589538 ], [ -58.384884, -34.588446 ], [ -58.38936, -34.588611 ], [ -58.389585, -34.588892 ] ] ] } },
{ "type": "Feature", "properties": { "group_index": 0, "value": 300.0, "id_punto": "1_173", "sector": 1.0 }, "geometry": { "type": "Polygon", "coordinates": [ [ [ -58.391261, -34.584844 ], [ -58.391344, -34.58505 ], [ -58.391378, -34.585185 ], [ -58.39152, -34.586482 ], [ -58.391531, -34.587173 ], [ -58.391077, -34.589309 ], [ -58.391059, -34.589323 ], [ -58.389508, -34.589834 ], [ -58.387502, -34.589807 ], [ -58.386343, -34.589716 ], [ -58.38421, -34.589437 ], [ -58.384028, -34.589126 ], [ -58.383998, -34.587063 ], [ -58.385418, -34.585106 ], [ -58.387397, -34.584556 ], [ -58.389008, -34.58426 ], [ -58.389904, -34.58429 ], [ -58.390276, -34.584318 ], [ -58.391167, -34.584736 ], [ -58.391261, -34.584844 ] ] ] } },
{ "type": "Feature", "properties": { "group_index": 0, "value": 300.0, "id_punto": "1_174", "sector": 1.0 }, "geometry": { "type": "Polygon", "coordinates": [ [ [ -58.389829, -34.586067 ], [ -58.389646, -34.587784 ], [ -58.389479, -34.589318 ], [ -58.389253, -34.590869 ], [ -58.389009, -34.591134 ], [ -58.386767, -34.591097 ], [ -58.384616, -34.590839 ], [ -58.382751, -34.590613 ], [ -58.382417, -34.59028 ], [ -58.382398, -34.589885 ], [ -58.382642, -34.588127 ], [ -58.382696, -34.587851 ], [ -58.385445, -34.585065 ], [ -58.389598, -34.585817 ], [ -58.389829, -34.586067 ] ] ] } },
{ "type": "Feature", "properties": { "group_index": 0, "value": 300.0, "id_punto": "1_175", "sector": 1.0 }, "geometry": { "type": "Polygon", "coordinates": [ [ [ -58.39547, -34.589102 ], [ -58.395428, -34.592854 ], [ -58.395198, -34.593131 ], [ -58.393352, -34.594998 ], [ -58.393251, -34.595009 ], [ -58.389959, -34.594741 ], [ -58.388922, -34.594046 ], [ -58.388829, -34.593698 ], [ -58.388767, -34.593216 ], [ -58.388711, -34.592565 ], [ -58.388839, -34.590654 ], [ -58.388936, -34.589307 ], [ -58.38918, -34.589043 ], [ -58.390708, -34.58873 ], [ -58.392839, -34.588715 ], [ -58.394642, -34.588778 ], [ -58.395252, -34.588816 ], [ -58.39547, -34.589102 ] ] ] } },
{ "type": "Feature", "properties": { "group_index": 0, "value": 300.0, "id_punto": "1_176", "sector": 1.0 }, "geometry": { "type": "Polygon", "coordinates": [ [ [ -58.391962, -34.587308 ], [ -58.39203, -34.587563 ], [ -58.392135, -34.587979 ], [ -58.391772, -34.591401 ], [ -58.39153, -34.591667 ], [ -58.390273, -34.591651 ], [ -58.386239, -34.591518 ], [ -58.385208, -34.59045 ], [ -58.385014, -34.590147 ], [ -58.385009, -34.588552 ], [ -58.385052, -34.586495 ], [ -58.385254, -34.586295 ], [ -58.38549, -34.586118 ], [ -58.387732, -34.58594 ], [ -58.389485, -34.585901 ], [ -58.390548, -34.586024 ], [ -58.39103, -34.586195 ], [ -58.391636, -34.586614 ], [ -58.391962, -34.587308 ] ] ] } },
{ "type": "Feature", "properties": { "group_index": 0, "value": 300.0, "id_punto": "1_177", "sector": 1.0 }, "geometry": { "type": "Polygon", "coordinates": [ [ [ -58.384724, -34.592285 ], [ -58.385036, -34.592644 ], [ -58.385038, -34.593004 ], [ -58.383846, -34.59457 ], [ -58.382928, -34.595238 ], [ -58.382648, -34.59535 ], [ -58.381664, -34.59568 ], [ -58.380106, -34.596084 ], [ -58.379746, -34.59607 ], [ -58.377939, -34.594661 ], [ -58.376168, -34.59307 ], [ -58.37616, -34.59271 ], [ -58.377675, -34.591015 ], [ -58.379302, -34.589663 ], [ -58.379328, -34.589642 ], [ -58.37933, -34.58964 ], [ -58.379357, -34.589619 ], [ -58.37946, -34.589619 ], [ -58.379539, -34.589624 ], [ -58.381357, -34.589812 ], [ -58.381975, -34.589907 ], [ -58.383627, -34.591028 ], [ -58.384724, -34.592285 ] ] ] } },
{ "type": "Feature", "properties": { "group_index": 0, "value": 300.0, "id_punto": "1_178", "sector": 1.0 }, "geometry": { "type": "Polygon", "coordinates": [ [ [ -58.388338, -34.587023 ], [ -58.388259, -34.588198 ], [ -58.388235, -34.588479 ], [ -58.387706, -34.591154 ], [ -58.387475, -34.59143 ], [ -58.384588, -34.592213 ], [ -58.38423, -34.592245 ], [ -58.382704, -34.591893 ], [ -58.381373, -34.591096 ], [ -58.381033, -34.589279 ], [ -58.381601, -34.588452 ], [ -58.385096, -34.586477 ], [ -58.385372, -34.586362 ], [ -58.388156, -34.586712 ], [ -58.388338, -34.587023 ] ] ] } },
{ "type": "Feature", "properties": { "group_index": 0, "value": 300.0, "id_punto": "1_179", "sector": 1.0 }, "geometry": { "type": "Polygon", "coordinates": [ [ [ -58.386135, -34.588306 ], [ -58.385918, -34.589514 ], [ -58.384601, -34.592364 ], [ -58.38355, -34.593009 ], [ -58.382764, -34.5931 ], [ -58.382558, -34.593114 ], [ -58.382145, -34.592921 ], [ -58.381423, -34.592548 ], [ -58.37905, -34.590522 ], [ -58.378855, -34.59022 ], [ -58.378777, -34.590063 ], [ -58.379001, -34.589635 ], [ -58.379054, -34.589535 ], [ -58.379083, -34.589497 ], [ -58.384128, -34.587072 ], [ -58.38444, -34.587143 ], [ -58.385952, -34.587996 ], [ -58.386135, -34.588306 ] ] ] } },
{ "type": "Feature", "properties": { "group_index": 0, "value": 300.0, "id_punto": "1_180", "sector": 1.0 }, "geometry": { "type": "Polygon", "coordinates": [ [ [ -58.396025, -34.587334 ], [ -58.396065, -34.588534 ], [ -58.395886, -34.591467 ], [ -58.395653, -34.59174 ], [ -58.392225, -34.591786 ], [ -58.390297, -34.59163 ], [ -58.390063, -34.591356 ], [ -58.390079, -34.590355 ], [ -58.390138, -34.587368 ], [ -58.390431, -34.587019 ], [ -58.391116, -34.586434 ], [ -58.391675, -34.586261 ], [ -58.395808, -34.587047 ], [ -58.396025, -34.587334 ] ] ] } },
{ "type": "Feature", "properties": { "group_index": 0, "value": 300.0, "id_punto": "1_181", "sector": 1.0 }, "geometry": { "type": "Polygon", "coordinates": [ [ [ -58.394477, -34.589872 ], [ -58.394432, -34.592005 ], [ -58.394198, -34.593819 ], [ -58.393394, -34.594689 ], [ -58.392142, -34.595611 ], [ -58.389937, -34.59589 ], [ -58.389906, -34.595889 ], [ -58.388345, -34.594945 ], [ -58.388199, -34.594842 ], [ -58.387673, -34.593026 ], [ -58.387684, -34.592667 ], [ -58.387896, -34.590181 ], [ -58.388128, -34.589906 ], [ -58.389661, -34.589486 ], [ -58.39033, -34.58949 ], [ -58.394255, -34.589589 ], [ -58.394477, -34.589872 ] ] ] } },
{ "type": "Feature", "properties": { "group_index": 0, "value": 300.0, "id_punto": "1_182", "sector": 1.0 }, "geometry": { "type": "Polygon", "coordinates": [ [ [ -58.393199, -34.58939 ], [ -58.393061, -34.594004 ], [ -58.392248, -34.594677 ], [ -58.388696, -34.595038 ], [ -58.388339, -34.594992 ], [ -58.386179, -34.592998 ], [ -58.386149, -34.59289 ], [ -58.386177, -34.592638 ], [ -58.386663, -34.589072 ], [ -58.386682, -34.588986 ], [ -58.386942, -34.588738 ], [ -58.391083, -34.588843 ], [ -58.392959, -34.588896 ], [ -58.393195, -34.589149 ], [ -58.393199, -34.58939 ] ] ] } },
{ "type": "Feature", "properties": { "group_index": 0, "value": 300.0, "id_punto": "1_183", "sector": 1.0 }, "geometry": { "type": "Polygon", "coordinates": [ [ [ -58.39186, -34.58732 ], [ -58.391903, -34.587678 ], [ -58.391648, -34.591288 ], [ -58.391406, -34.591554 ], [ -58.390418, -34.592399 ], [ -58.38785, -34.592448 ], [ -58.385283, -34.592294 ], [ -58.385055, -34.592015 ], [ -58.38503, -34.590137 ], [ -58.38525, -34.58841 ], [ -58.385385, -34.587645 ], [ -58.385641, -34.587392 ], [ -58.3864, -34.586783 ], [ -58.390678, -34.586583 ], [ -58.391249, -34.586631 ], [ -58.391735, -34.58689 ], [ -58.39186, -34.58732 ] ] ] } },
{ "type": "Feature", "properties": { "group_index": 0, "value": 300.0, "id_punto": "1_184", "sector": 1.0 }, "geometry": { "type": "Polygon", "coordinates": [ [ [ -58.38884, -34.588089 ], [ -58.388479, -34.591824 ], [ -58.388239, -34.592093 ], [ -58.3868, -34.593004 ], [ -58.386412, -34.593139 ], [ -58.384634, -34.593622 ], [ -58.384274, -34.593614 ], [ -58.38285, -34.593097 ], [ -58.382432, -34.592921 ], [ -58.381398, -34.591932 ], [ -58.381282, -34.591742 ], [ -58.381325, -34.591384 ], [ -58.381373, -34.591231 ], [ -58.381939, -34.589908 ], [ -58.382775, -34.588234 ], [ -58.383787, -34.587445 ], [ -58.384015, -34.587372 ], [ -58.385757, -34.58751 ], [ -58.388645, -34.587786 ], [ -58.38884, -34.588089 ] ] ] } },
{ "type": "Feature", "properties": { "group_index": 0, "value": 300.0, "id_punto": "1_185", "sector": 1.0 }, "geometry": { "type": "Polygon", "coordinates": [ [ [ -58.385942, -34.58842 ], [ -58.385771, -34.589361 ], [ -58.384584, -34.59217 ], [ -58.383424, -34.593009 ], [ -58.382961, -34.593093 ], [ -58.382818, -34.593098 ], [ -58.382382, -34.592921 ], [ -58.381415, -34.592353 ], [ -58.378871, -34.590642 ], [ -58.378668, -34.590344 ], [ -58.378744, -34.589876 ], [ -58.378815, -34.589764 ], [ -58.379138, -34.589447 ], [ -58.379321, -34.589341 ], [ -58.384324, -34.586965 ], [ -58.384637, -34.587036 ], [ -58.385759, -34.58811 ], [ -58.385942, -34.58842 ] ] ] } },
{ "type": "Feature", "properties": { "group_index": 0, "value": 300.0, "id_punto": "1_186", "sector": 1.0 }, "geometry": { "type": "Polygon", "coordinates": [ [ [ -58.394733, -34.588435 ], [ -58.394377, -34.591958 ], [ -58.39326, -34.593732 ], [ -58.39291, -34.593815 ], [ -58.388851, -34.59372 ], [ -58.388494, -34.593674 ], [ -58.387781, -34.59303 ], [ -58.387759, -34.59154 ], [ -58.387775, -34.589851 ], [ -58.387934, -34.588245 ], [ -58.388037, -34.588178 ], [ -58.388147, -34.588112 ], [ -58.389718, -34.587848 ], [ -58.392136, -34.587649 ], [ -58.394536, -34.588133 ], [ -58.394733, -34.588435 ] ] ] } },
{ "type": "Feature", "properties": { "group_index": 0, "value": 300.0, "id_punto": "1_187", "sector": 1.0 }, "geometry": { "type": "Polygon", "coordinates": [ [ [ -58.385955, -34.591284 ], [ -58.38618, -34.591565 ], [ -58.38677, -34.592643 ], [ -58.386806, -34.592808 ], [ -58.386761, -34.593003 ], [ -58.384754, -34.594644 ], [ -58.384578, -34.594735 ], [ -58.382881, -34.595547 ], [ -58.381707, -34.595684 ], [ -58.381468, -34.595664 ], [ -58.381298, -34.595641 ], [ -58.37979, -34.594655 ], [ -58.377815, -34.593036 ], [ -58.377808, -34.592676 ], [ -58.37961, -34.590718 ], [ -58.380925, -34.589725 ], [ -58.381254, -34.589579 ], [ -58.382597, -34.5895 ], [ -58.38316, -34.589633 ], [ -58.384989, -34.590163 ], [ -58.385955, -34.591284 ] ] ] } },
{ "type": "Feature", "properties": { "group_index": 0, "value": 300.0, "id_punto": "1_188", "sector": 1.0 }, "geometry": { "type": "Polygon", "coordinates": [ [ [ -58.391059, -34.587327 ], [ -58.391267, -34.58762 ], [ -58.391234, -34.59264 ], [ -58.390992, -34.592907 ], [ -58.387704, -34.593061 ], [ -58.384698, -34.59277 ], [ -58.38447, -34.592491 ], [ -58.38445, -34.590517 ], [ -58.384709, -34.588728 ], [ -58.384992, -34.587251 ], [ -58.385036, -34.587043 ], [ -58.385101, -34.586974 ], [ -58.390417, -34.587161 ], [ -58.390775, -34.587197 ], [ -58.39093, -34.587222 ], [ -58.391015, -34.58727 ], [ -58.391059, -34.587327 ] ] ] } },
{ "type": "Feature", "properties": { "group_index": 0, "value": 300.0, "id_punto": "1_189", "sector": 1.0 }, "geometry": { "type": "Polygon", "coordinates": [ [ [ -58.384523, -34.587507 ], [ -58.384424, -34.587986 ], [ -58.383938, -34.589956 ], [ -58.383317, -34.591397 ], [ -58.381788, -34.59265 ], [ -58.381428, -34.592665 ], [ -58.379921, -34.592554 ], [ -58.377109, -34.591817 ], [ -58.376911, -34.591516 ], [ -58.376978, -34.591228 ], [ -58.379428, -34.589036 ], [ -58.379513, -34.588962 ], [ -58.380401, -34.588494 ], [ -58.38404, -34.58712 ], [ -58.384352, -34.58719 ], [ -58.384523, -34.587507 ] ] ] } },
{ "type": "Feature", "properties": { "group_index": 0, "value": 300.0, "id_punto": "1_190", "sector": 1.0 }, "geometry": { "type": "Polygon", "coordinates": [ [ [ -58.390317, -34.587047 ], [ -58.390376, -34.587226 ], [ -58.389872, -34.591438 ], [ -58.389628, -34.591703 ], [ -58.385895, -34.591624 ], [ -58.384017, -34.591374 ], [ -58.383868, -34.591304 ], [ -58.383685, -34.590994 ], [ -58.383131, -34.58965 ], [ -58.383403, -34.587707 ], [ -58.383463, -34.587433 ], [ -58.385046, -34.585691 ], [ -58.38889, -34.586278 ], [ -58.390117, -34.586812 ], [ -58.390317, -34.587047 ] ] ] } },
{ "type": "Feature", "properties": { "group_index": 0, "value": 300.0, "id_punto": "1_191", "sector": 1.0 }, "geometry": { "type": "Polygon", "coordinates": [ [ [ -58.394971, -34.588279 ], [ -58.394969, -34.588324 ], [ -58.394604, -34.592155 ], [ -58.394369, -34.592427 ], [ -58.392397, -34.592459 ], [ -58.389244, -34.592391 ], [ -58.388266, -34.591587 ], [ -58.388038, -34.591309 ], [ -58.388025, -34.588471 ], [ -58.388035, -34.588179 ], [ -58.388196, -34.586908 ], [ -58.38845, -34.586653 ], [ -58.39156, -34.586412 ], [ -58.392783, -34.586848 ], [ -58.393011, -34.586939 ], [ -58.393256, -34.587078 ], [ -58.394774, -34.587978 ], [ -58.394971, -34.588279 ] ] ] } },
{ "type": "Feature", "properties": { "group_index": 0, "value": 300.0, "id_punto": "1_192", "sector": 1.0 }, "geometry": { "type": "Polygon", "coordinates": [ [ [ -58.391232, -34.586852 ], [ -58.391276, -34.586998 ], [ -58.391277, -34.587089 ], [ -58.39126, -34.58721 ], [ -58.390745, -34.590468 ], [ -58.390504, -34.590736 ], [ -58.387338, -34.590647 ], [ -58.385317, -34.59038 ], [ -58.383947, -34.58959 ], [ -58.383765, -34.589279 ], [ -58.383858, -34.587457 ], [ -58.383876, -34.587161 ], [ -58.385452, -34.585054 ], [ -58.388177, -34.585109 ], [ -58.390006, -34.585361 ], [ -58.39011, -34.585401 ], [ -58.390298, -34.585571 ], [ -58.390945, -34.586198 ], [ -58.391232, -34.586852 ] ] ] } },
{ "type": "Feature", "properties": { "group_index": 0, "value": 300.0, "id_punto": "1_193", "sector": 1.0 }, "geometry": { "type": "Polygon", "coordinates": [ [ [ -58.38633, -34.589725 ], [ -58.386123, -34.591345 ], [ -58.385471, -34.593002 ], [ -58.384634, -34.593653 ], [ -58.383119, -34.594514 ], [ -58.382931, -34.594566 ], [ -58.38172, -34.594549 ], [ -58.381523, -34.594432 ], [ -58.379894, -34.593356 ], [ -58.378571, -34.592476 ], [ -58.378592, -34.592117 ], [ -58.379268, -34.589952 ], [ -58.379307, -34.58991 ], [ -58.380551, -34.589029 ], [ -58.380771, -34.588908 ], [ -58.382013, -34.588465 ], [ -58.3833, -34.588705 ], [ -58.384346, -34.58894 ], [ -58.386131, -34.589425 ], [ -58.38633, -34.589725 ] ] ] } },
{ "type": "Feature", "properties": { "group_index": 0, "value": 300.0, "id_punto": "1_194", "sector": 1.0 }, "geometry": { "type": "Polygon", "coordinates": [ [ [ -58.392652, -34.584264 ], [ -58.392763, -34.584606 ], [ -58.392791, -34.585154 ], [ -58.392782, -34.585222 ], [ -58.392002, -34.587666 ], [ -58.391214, -34.588268 ], [ -58.38982, -34.588422 ], [ -58.38846, -34.588334 ], [ -58.386584, -34.588046 ], [ -58.385078, -34.587166 ], [ -58.384808, -34.586933 ], [ -58.384722, -34.586583 ], [ -58.384938, -34.585907 ], [ -58.385046, -34.58569 ], [ -58.387119, -34.584045 ], [ -58.388177, -34.583385 ], [ -58.388314, -34.58332 ], [ -58.389173, -34.582979 ], [ -58.3908, -34.583041 ], [ -58.391644, -34.583292 ], [ -58.391869, -34.58338 ], [ -58.392018, -34.583485 ], [ -58.392652, -34.584264 ] ] ] } },
{ "type": "Feature", "properties": { "group_index": 0, "value": 300.0, "id_punto": "1_195", "sector": 1.0 }, "geometry": { "type": "Polygon", "coordinates": [ [ [ -58.393515, -34.587442 ], [ -58.393522, -34.587459 ], [ -58.393584, -34.587658 ], [ -58.393845, -34.588964 ], [ -58.393853, -34.589185 ], [ -58.393681, -34.591349 ], [ -58.393443, -34.591619 ], [ -58.391499, -34.591639 ], [ -58.390304, -34.591624 ], [ -58.388334, -34.591531 ], [ -58.387305, -34.590673 ], [ -58.387083, -34.590389 ], [ -58.386975, -34.588866 ], [ -58.387031, -34.587719 ], [ -58.387332, -34.586023 ], [ -58.387359, -34.585875 ], [ -58.387475, -34.585832 ], [ -58.390247, -34.585432 ], [ -58.391368, -34.585728 ], [ -58.393011, -34.586939 ], [ -58.393358, -34.587201 ], [ -58.393515, -34.587442 ] ] ] } },
{ "type": "Feature", "properties": { "group_index": 0, "value": 300.0, "id_punto": "1_196", "sector": 1.0 }, "geometry": { "type": "Polygon", "coordinates": [ [ [ -58.392752, -34.589629 ], [ -58.392723, -34.59227 ], [ -58.392475, -34.594084 ], [ -58.392326, -34.594192 ], [ -58.390149, -34.595369 ], [ -58.388464, -34.595836 ], [ -58.388436, -34.595836 ], [ -58.388428, -34.595836 ], [ -58.388401, -34.595835 ], [ -58.385828, -34.593581 ], [ -58.385368, -34.593002 ], [ -58.385367, -34.592642 ], [ -58.386193, -34.590286 ], [ -58.386441, -34.590025 ], [ -58.38745, -34.58925 ], [ -58.390573, -34.589274 ], [ -58.392531, -34.589344 ], [ -58.392752, -34.589629 ] ] ] } },
{ "type": "Feature", "properties": { "group_index": 0, "value": 300.0, "id_punto": "1_197", "sector": 1.0 }, "geometry": { "type": "Polygon", "coordinates": [ [ [ -58.384893, -34.587307 ], [ -58.385563, -34.588643 ], [ -58.385482, -34.58906 ], [ -58.38455, -34.591787 ], [ -58.383011, -34.592738 ], [ -58.381431, -34.592741 ], [ -58.379763, -34.591613 ], [ -58.378792, -34.590695 ], [ -58.37859, -34.590397 ], [ -58.378725, -34.590112 ], [ -58.379361, -34.589318 ], [ -58.379381, -34.589307 ], [ -58.384409, -34.586919 ], [ -58.384722, -34.58699 ], [ -58.384893, -34.587307 ] ] ] } },
{ "type": "Feature", "properties": { "group_index": 0, "value": 300.0, "id_punto": "1_198", "sector": 1.0 }, "geometry": { "type": "Polygon", "coordinates": [ [ [ -58.394053, -34.58749 ], [ -58.394056, -34.587497 ], [ -58.394249, -34.588747 ], [ -58.39401, -34.591639 ], [ -58.393774, -34.591911 ], [ -58.3922, -34.59228 ], [ -58.389635, -34.592192 ], [ -58.38766, -34.592093 ], [ -58.387429, -34.591817 ], [ -58.387432, -34.590118 ], [ -58.387583, -34.588137 ], [ -58.38795, -34.586664 ], [ -58.388204, -34.586408 ], [ -58.390552, -34.586238 ], [ -58.391651, -34.586204 ], [ -58.39321, -34.586608 ], [ -58.393331, -34.586675 ], [ -58.39346, -34.586781 ], [ -58.393724, -34.587037 ], [ -58.394053, -34.58749 ] ] ] } },
{ "type": "Feature", "properties": { "group_index": 0, "value": 300.0, "id_punto": "1_199", "sector": 1.0 }, "geometry": { "type": "Polygon", "coordinates": [ [ [ -58.392995, -34.585341 ], [ -58.394223, -34.58751 ], [ -58.394225, -34.587517 ], [ -58.393806, -34.589219 ], [ -58.39369, -34.589587 ], [ -58.393451, -34.589857 ], [ -58.391829, -34.59022 ], [ -58.390041, -34.590219 ], [ -58.388019, -34.590117 ], [ -58.387798, -34.589833 ], [ -58.387257, -34.588684 ], [ -58.387295, -34.587919 ], [ -58.387536, -34.586252 ], [ -58.387774, -34.585546 ], [ -58.388543, -34.584592 ], [ -58.38893, -34.58431 ], [ -58.389034, -34.584245 ], [ -58.389325, -34.584109 ], [ -58.390168, -34.58396 ], [ -58.390585, -34.583962 ], [ -58.391926, -34.584213 ], [ -58.392085, -34.584292 ], [ -58.392209, -34.584404 ], [ -58.392995, -34.585341 ] ] ] } },
{ "type": "Feature", "properties": { "group_index": 0, "value": 300.0, "id_punto": "1_200", "sector": 1.0 }, "geometry": { "type": "Polygon", "coordinates": [ [ [ -58.385009, -34.590578 ], [ -58.384592, -34.592256 ], [ -58.384234, -34.592996 ], [ -58.382744, -34.594444 ], [ -58.382438, -34.594538 ], [ -58.381932, -34.594682 ], [ -58.379796, -34.594503 ], [ -58.378377, -34.593618 ], [ -58.377615, -34.593039 ], [ -58.377609, -34.59268 ], [ -58.377768, -34.590955 ], [ -58.378061, -34.590534 ], [ -58.379218, -34.589019 ], [ -58.37931, -34.588901 ], [ -58.379429, -34.588803 ], [ -58.379714, -34.588653 ], [ -58.381707, -34.588631 ], [ -58.383697, -34.589502 ], [ -58.385031, -34.5903 ], [ -58.385036, -34.590305 ], [ -58.385009, -34.590578 ] ] ] } },
{ "type": "Feature", "properties": { "group_index": 0, "value": 300.0, "id_punto": "2_201", "sector": 2.0 }, "geometry": { "type": "Polygon", "coordinates": [ [ [ -58.391137, -34.594304 ], [ -58.391083, -34.595904 ], [ -58.390977, -34.595998 ], [ -58.38923, -34.597361 ], [ -58.387637, -34.598503 ], [ -58.387096, -34.598855 ], [ -58.386738, -34.59882 ], [ -58.38541, -34.597681 ], [ -58.384047, -34.596351 ], [ -58.383264, -34.595579 ], [ -58.383317, -34.594529 ], [ -58.383345, -34.59417 ], [ -58.384276, -34.593521 ], [ -58.387927, -34.59134 ], [ -58.388, -34.59134 ], [ -58.391076, -34.593949 ], [ -58.391137, -34.594304 ] ] ] } },
{ "type": "Feature", "properties": { "group_index": 0, "value": 300.0, "id_punto": "2_202", "sector": 2.0 }, "geometry": { "type": "Polygon", "coordinates": [ [ [ -58.392861, -34.591193 ], [ -58.393938, -34.593497 ], [ -58.393997, -34.593852 ], [ -58.393059, -34.595022 ], [ -58.392248, -34.5959 ], [ -58.392119, -34.596024 ], [ -58.389944, -34.597662 ], [ -58.389584, -34.597645 ], [ -58.388166, -34.596627 ], [ -58.387449, -34.596008 ], [ -58.387347, -34.595912 ], [ -58.38723, -34.595799 ], [ -58.386158, -34.594753 ], [ -58.386174, -34.594394 ], [ -58.387184, -34.591186 ], [ -58.387415, -34.59091 ], [ -58.38922, -34.590838 ], [ -58.390645, -34.590859 ], [ -58.392633, -34.590915 ], [ -58.392861, -34.591193 ] ] ] } },
{ "type": "Feature", "properties": { "group_index": 0, "value": 300.0, "id_punto": "2_203", "sector": 2.0 }, "geometry": { "type": "Polygon", "coordinates": [ [ [ -58.392281, -34.595744 ], [ -58.392275, -34.596104 ], [ -58.390645, -34.597398 ], [ -58.38993, -34.597961 ], [ -58.388353, -34.599052 ], [ -58.387073, -34.599096 ], [ -58.386714, -34.599061 ], [ -58.385392, -34.597891 ], [ -58.384534, -34.597094 ], [ -58.38325, -34.595775 ], [ -58.383154, -34.595651 ], [ -58.383158, -34.595538 ], [ -58.38328, -34.595416 ], [ -58.383479, -34.595236 ], [ -58.384819, -34.594085 ], [ -58.387223, -34.592654 ], [ -58.387455, -34.592525 ], [ -58.388757, -34.592507 ], [ -58.389789, -34.593149 ], [ -58.390086, -34.593353 ], [ -58.390825, -34.593992 ], [ -58.392281, -34.595744 ] ] ] } },
{ "type": "Feature", "properties": { "group_index": 0, "value": 300.0, "id_punto": "2_204", "sector": 2.0 }, "geometry": { "type": "Polygon", "coordinates": [ [ [ -58.391076, -34.594315 ], [ -58.390753, -34.595202 ], [ -58.390109, -34.595713 ], [ -58.388012, -34.597278 ], [ -58.387184, -34.597846 ], [ -58.386825, -34.597819 ], [ -58.385413, -34.597638 ], [ -58.382578, -34.595031 ], [ -58.382014, -34.594346 ], [ -58.382008, -34.59412 ], [ -58.382178, -34.593947 ], [ -58.383889, -34.592645 ], [ -58.387955, -34.591376 ], [ -58.387971, -34.591376 ], [ -58.388077, -34.591466 ], [ -58.391015, -34.59396 ], [ -58.391076, -34.594315 ] ] ] } },
{ "type": "Feature", "properties": { "group_index": 0, "value": 300.0, "id_punto": "2_205", "sector": 2.0 }, "geometry": { "type": "Polygon", "coordinates": [ [ [ -58.3895, -34.598275 ], [ -58.389473, -34.598634 ], [ -58.388187, -34.599566 ], [ -58.38547, -34.601428 ], [ -58.38511, -34.601403 ], [ -58.384465, -34.601141 ], [ -58.383773, -34.600758 ], [ -58.383536, -34.600569 ], [ -58.381723, -34.598268 ], [ -58.381602, -34.598034 ], [ -58.381631, -34.597675 ], [ -58.381888, -34.596675 ], [ -58.382008, -34.596554 ], [ -58.38508, -34.594312 ], [ -58.385761, -34.59391 ], [ -58.386114, -34.593981 ], [ -58.387781, -34.595455 ], [ -58.387999, -34.595663 ], [ -58.38935, -34.597009 ], [ -58.3895, -34.598275 ] ] ] } },
{ "type": "Feature", "properties": { "group_index": 0, "value": 300.0, "id_punto": "2_206", "sector": 2.0 }, "geometry": { "type": "Polygon", "coordinates": [ [ [ -58.398045, -34.592908 ], [ -58.398385, -34.594574 ], [ -58.397493, -34.595608 ], [ -58.39558, -34.597454 ], [ -58.394839, -34.597961 ], [ -58.394483, -34.597909 ], [ -58.393043, -34.596994 ], [ -58.391703, -34.596094 ], [ -58.390596, -34.595215 ], [ -58.390565, -34.594856 ], [ -58.390554, -34.594039 ], [ -58.391076, -34.592984 ], [ -58.391318, -34.592717 ], [ -58.392203, -34.591794 ], [ -58.394169, -34.591777 ], [ -58.395729, -34.591799 ], [ -58.397442, -34.592388 ], [ -58.39794, -34.592564 ], [ -58.398045, -34.592908 ] ] ] } },
{ "type": "Feature", "properties": { "group_index": 0, "value": 300.0, "id_punto": "2_207", "sector": 2.0 }, "geometry": { "type": "Polygon", "coordinates": [ [ [ -58.393562, -34.590613 ], [ -58.395401, -34.593249 ], [ -58.395462, -34.593604 ], [ -58.394388, -34.594883 ], [ -58.393555, -34.595724 ], [ -58.393517, -34.595756 ], [ -58.392056, -34.59667 ], [ -58.391698, -34.596634 ], [ -58.388874, -34.59474 ], [ -58.38858, -34.594532 ], [ -58.388412, -34.594377 ], [ -58.388244, -34.593043 ], [ -58.38818, -34.592039 ], [ -58.388296, -34.590517 ], [ -58.388528, -34.590242 ], [ -58.390515, -34.590263 ], [ -58.39135, -34.590278 ], [ -58.393333, -34.590336 ], [ -58.393562, -34.590613 ] ] ] } },
{ "type": "Feature", "properties": { "group_index": 0, "value": 300.0, "id_punto": "2_208", "sector": 2.0 }, "geometry": { "type": "Polygon", "coordinates": [ [ [ -58.3905, -34.590983 ], [ -58.390734, -34.591257 ], [ -58.390829, -34.592838 ], [ -58.390516, -34.59441 ], [ -58.390191, -34.594823 ], [ -58.388636, -34.596034 ], [ -58.387248, -34.596967 ], [ -58.386889, -34.596943 ], [ -58.385745, -34.595962 ], [ -58.384441, -34.594616 ], [ -58.38323, -34.593008 ], [ -58.383231, -34.592648 ], [ -58.386379, -34.589965 ], [ -58.388243, -34.590003 ], [ -58.389674, -34.590042 ], [ -58.3905, -34.590983 ] ] ] } },
{ "type": "Feature", "properties": { "group_index": 0, "value": 300.0, "id_punto": "2_209", "sector": 2.0 }, "geometry": { "type": "Polygon", "coordinates": [ [ [ -58.387256, -34.590711 ], [ -58.388267, -34.592684 ], [ -58.388257, -34.593044 ], [ -58.386253, -34.594758 ], [ -58.384619, -34.595878 ], [ -58.384201, -34.595862 ], [ -58.383956, -34.59584 ], [ -58.382558, -34.595439 ], [ -58.380805, -34.594311 ], [ -58.37934, -34.593048 ], [ -58.379333, -34.592688 ], [ -58.380665, -34.591305 ], [ -58.382444, -34.58997 ], [ -58.38276, -34.589797 ], [ -58.383788, -34.589675 ], [ -58.3853, -34.589964 ], [ -58.387035, -34.590427 ], [ -58.387256, -34.590711 ] ] ] } },
{ "type": "Feature", "properties": { "group_index": 0, "value": 300.0, "id_punto": "2_210", "sector": 2.0 }, "geometry": { "type": "Polygon", "coordinates": [ [ [ -58.387994, -34.594473 ], [ -58.387979, -34.594833 ], [ -58.387846, -34.595817 ], [ -58.387717, -34.595924 ], [ -58.387603, -34.596012 ], [ -58.385796, -34.597381 ], [ -58.384269, -34.598282 ], [ -58.383909, -34.598265 ], [ -58.383109, -34.597888 ], [ -58.380913, -34.595484 ], [ -58.380966, -34.593955 ], [ -58.381464, -34.593459 ], [ -58.384309, -34.591357 ], [ -58.384349, -34.591357 ], [ -58.385407, -34.591729 ], [ -58.387994, -34.594473 ] ] ] } },
{ "type": "Feature", "properties": { "group_index": 0, "value": 300.0, "id_punto": "2_211", "sector": 2.0 }, "geometry": { "type": "Polygon", "coordinates": [ [ [ -58.394055, -34.595747 ], [ -58.394071, -34.596107 ], [ -58.392201, -34.597648 ], [ -58.390742, -34.598737 ], [ -58.389865, -34.599334 ], [ -58.389505, -34.599317 ], [ -58.388012, -34.598674 ], [ -58.38553, -34.596441 ], [ -58.384978, -34.595897 ], [ -58.384996, -34.595537 ], [ -58.385101, -34.595454 ], [ -58.385229, -34.595355 ], [ -58.387199, -34.593996 ], [ -58.388884, -34.592865 ], [ -58.389414, -34.592617 ], [ -58.390579, -34.592578 ], [ -58.392179, -34.593761 ], [ -58.393127, -34.594657 ], [ -58.394055, -34.595747 ] ] ] } },
{ "type": "Feature", "properties": { "group_index": 0, "value": 300.0, "id_punto": "2_212", "sector": 2.0 }, "geometry": { "type": "Polygon", "coordinates": [ [ [ -58.392284, -34.595744 ], [ -58.392278, -34.596104 ], [ -58.392043, -34.597285 ], [ -58.391989, -34.597395 ], [ -58.390378, -34.598707 ], [ -58.388307, -34.600159 ], [ -58.387947, -34.600143 ], [ -58.38722, -34.599513 ], [ -58.385397, -34.597833 ], [ -58.384611, -34.597098 ], [ -58.384538, -34.595874 ], [ -58.384556, -34.595514 ], [ -58.384662, -34.595428 ], [ -58.384793, -34.59533 ], [ -58.388757, -34.592507 ], [ -58.389788, -34.59315 ], [ -58.390085, -34.593353 ], [ -58.390823, -34.593993 ], [ -58.392284, -34.595744 ] ] ] } },
{ "type": "Feature", "properties": { "group_index": 0, "value": 300.0, "id_punto": "2_213", "sector": 2.0 }, "geometry": { "type": "Polygon", "coordinates": [ [ [ -58.392143, -34.5901 ], [ -58.392512, -34.59148 ], [ -58.39254, -34.592103 ], [ -58.392362, -34.59392 ], [ -58.391166, -34.595166 ], [ -58.390321, -34.595898 ], [ -58.390215, -34.595981 ], [ -58.390098, -34.596071 ], [ -58.388577, -34.596055 ], [ -58.388183, -34.596028 ], [ -58.385755, -34.593938 ], [ -58.384928, -34.593005 ], [ -58.384926, -34.592645 ], [ -58.385905, -34.590012 ], [ -58.386153, -34.589751 ], [ -58.390005, -34.589779 ], [ -58.391923, -34.589815 ], [ -58.392143, -34.5901 ] ] ] } },
{ "type": "Feature", "properties": { "group_index": 0, "value": 300.0, "id_punto": "2_214", "sector": 2.0 }, "geometry": { "type": "Polygon", "coordinates": [ [ [ -58.396432, -34.59552 ], [ -58.396475, -34.595878 ], [ -58.39494, -34.597243 ], [ -58.393241, -34.598614 ], [ -58.39177, -34.599396 ], [ -58.391412, -34.599361 ], [ -58.389578, -34.597768 ], [ -58.387692, -34.596014 ], [ -58.387592, -34.59592 ], [ -58.387498, -34.595807 ], [ -58.387509, -34.595447 ], [ -58.390794, -34.592249 ], [ -58.390978, -34.592251 ], [ -58.392789, -34.592458 ], [ -58.39458, -34.59339 ], [ -58.395655, -34.594433 ], [ -58.396432, -34.59552 ] ] ] } },
{ "type": "Feature", "properties": { "group_index": 0, "value": 300.0, "id_punto": "2_215", "sector": 2.0 }, "geometry": { "type": "Polygon", "coordinates": [ [ [ -58.389004, -34.595956 ], [ -58.388957, -34.59604 ], [ -58.387354, -34.597239 ], [ -58.385773, -34.598367 ], [ -58.384068, -34.599359 ], [ -58.384044, -34.599358 ], [ -58.384034, -34.599357 ], [ -58.384009, -34.599356 ], [ -58.382391, -34.598381 ], [ -58.382144, -34.598181 ], [ -58.381917, -34.597959 ], [ -58.380231, -34.595425 ], [ -58.380262, -34.595066 ], [ -58.381234, -34.594052 ], [ -58.381349, -34.593966 ], [ -58.383209, -34.592648 ], [ -58.384207, -34.591991 ], [ -58.384566, -34.591959 ], [ -58.385, -34.59206 ], [ -58.386146, -34.592893 ], [ -58.389012, -34.595596 ], [ -58.389004, -34.595956 ] ] ] } },
{ "type": "Feature", "properties": { "group_index": 0, "value": 300.0, "id_punto": "2_216", "sector": 2.0 }, "geometry": { "type": "Polygon", "coordinates": [ [ [ -58.388672, -34.598574 ], [ -58.386299, -34.600718 ], [ -58.385481, -34.601264 ], [ -58.384437, -34.601729 ], [ -58.384186, -34.601781 ], [ -58.38407, -34.601778 ], [ -58.383711, -34.601759 ], [ -58.383518, -34.601619 ], [ -58.381616, -34.599957 ], [ -58.379617, -34.597876 ], [ -58.379634, -34.597516 ], [ -58.380434, -34.596383 ], [ -58.382341, -34.594972 ], [ -58.382586, -34.594872 ], [ -58.384247, -34.594463 ], [ -58.384605, -34.594505 ], [ -58.385869, -34.595498 ], [ -58.385996, -34.595614 ], [ -58.387351, -34.596879 ], [ -58.388699, -34.598215 ], [ -58.388672, -34.598574 ] ] ] } },
{ "type": "Feature", "properties": { "group_index": 0, "value": 300.0, "id_punto": "2_217", "sector": 2.0 }, "geometry": { "type": "Polygon", "coordinates": [ [ [ -58.39349, -34.590673 ], [ -58.395502, -34.593232 ], [ -58.395563, -34.593586 ], [ -58.39449, -34.594871 ], [ -58.393462, -34.595952 ], [ -58.392047, -34.596755 ], [ -58.391689, -34.596719 ], [ -58.388632, -34.594459 ], [ -58.388421, -34.594293 ], [ -58.38825, -34.592102 ], [ -58.388368, -34.590578 ], [ -58.3886, -34.590303 ], [ -58.390585, -34.590325 ], [ -58.391277, -34.590338 ], [ -58.39326, -34.590396 ], [ -58.39349, -34.590673 ] ] ] } },
{ "type": "Feature", "properties": { "group_index": 0, "value": 300.0, "id_punto": "2_218", "sector": 2.0 }, "geometry": { "type": "Polygon", "coordinates": [ [ [ -58.391073, -34.594315 ], [ -58.391151, -34.595544 ], [ -58.391148, -34.595904 ], [ -58.391042, -34.595999 ], [ -58.389294, -34.597366 ], [ -58.387702, -34.598507 ], [ -58.387091, -34.598908 ], [ -58.386733, -34.598874 ], [ -58.385405, -34.59773 ], [ -58.384041, -34.596404 ], [ -58.3832, -34.595574 ], [ -58.383229, -34.595215 ], [ -58.38341, -34.594175 ], [ -58.384275, -34.593575 ], [ -58.387954, -34.591377 ], [ -58.387973, -34.591378 ], [ -58.388077, -34.591466 ], [ -58.391013, -34.59396 ], [ -58.391073, -34.594315 ] ] ] } },
{ "type": "Feature", "properties": { "group_index": 0, "value": 300.0, "id_punto": "2_219", "sector": 2.0 }, "geometry": { "type": "Polygon", "coordinates": [ [ [ -58.393842, -34.595757 ], [ -58.393859, -34.596116 ], [ -58.39053, -34.59872 ], [ -58.389873, -34.599159 ], [ -58.389514, -34.599142 ], [ -58.388003, -34.598849 ], [ -58.38552, -34.596604 ], [ -58.384765, -34.595886 ], [ -58.384784, -34.595526 ], [ -58.384888, -34.595442 ], [ -58.385017, -34.595342 ], [ -58.388629, -34.592739 ], [ -58.388762, -34.592698 ], [ -58.39043, -34.592703 ], [ -58.391964, -34.593797 ], [ -58.392915, -34.594671 ], [ -58.393842, -34.595757 ] ] ] } },
{ "type": "Feature", "properties": { "group_index": 0, "value": 300.0, "id_punto": "2_220", "sector": 2.0 }, "geometry": { "type": "Polygon", "coordinates": [ [ [ -58.392415, -34.5974 ], [ -58.392247, -34.597649 ], [ -58.390802, -34.598742 ], [ -58.388292, -34.600509 ], [ -58.387932, -34.600494 ], [ -58.386591, -34.600151 ], [ -58.383689, -34.59747 ], [ -58.383477, -34.597274 ], [ -58.383318, -34.597025 ], [ -58.383341, -34.596665 ], [ -58.38498, -34.595447 ], [ -58.385114, -34.595348 ], [ -58.387206, -34.593948 ], [ -58.388488, -34.593715 ], [ -58.388822, -34.5937 ], [ -58.389124, -34.593891 ], [ -58.389643, -34.594334 ], [ -58.392419, -34.59704 ], [ -58.392415, -34.5974 ] ] ] } },
{ "type": "Feature", "properties": { "group_index": 0, "value": 300.0, "id_punto": "2_221", "sector": 2.0 }, "geometry": { "type": "Polygon", "coordinates": [ [ [ -58.397069, -34.595785 ], [ -58.395242, -34.597449 ], [ -58.393213, -34.598866 ], [ -58.39304, -34.59889 ], [ -58.391807, -34.599016 ], [ -58.391449, -34.598982 ], [ -58.391192, -34.598771 ], [ -58.389595, -34.597412 ], [ -58.388079, -34.595934 ], [ -58.387984, -34.595821 ], [ -58.387995, -34.595462 ], [ -58.391233, -34.59264 ], [ -58.392996, -34.592627 ], [ -58.39446, -34.59341 ], [ -58.395863, -34.594419 ], [ -58.397011, -34.59543 ], [ -58.397069, -34.595785 ] ] ] } },
{ "type": "Feature", "properties": { "group_index": 0, "value": 300.0, "id_punto": "2_222", "sector": 2.0 }, "geometry": { "type": "Polygon", "coordinates": [ [ [ -58.390431, -34.591042 ], [ -58.390665, -34.591316 ], [ -58.390759, -34.592896 ], [ -58.390419, -34.594427 ], [ -58.390202, -34.594613 ], [ -58.387307, -34.596113 ], [ -58.385914, -34.596089 ], [ -58.385555, -34.596065 ], [ -58.38519, -34.595713 ], [ -58.382512, -34.593117 ], [ -58.382487, -34.592758 ], [ -58.382545, -34.592561 ], [ -58.384687, -34.59036 ], [ -58.384807, -34.59028 ], [ -58.386444, -34.590027 ], [ -58.388313, -34.590061 ], [ -58.3896, -34.590096 ], [ -58.390431, -34.591042 ] ] ] } },
{ "type": "Feature", "properties": { "group_index": 0, "value": 300.0, "id_punto": "2_223", "sector": 2.0 }, "geometry": { "type": "Polygon", "coordinates": [ [ [ -58.392013, -34.597091 ], [ -58.392043, -34.597285 ], [ -58.392102, -34.59847 ], [ -58.3921, -34.598561 ], [ -58.392077, -34.598829 ], [ -58.388235, -34.601574 ], [ -58.387875, -34.601554 ], [ -58.386569, -34.600449 ], [ -58.385454, -34.599429 ], [ -58.384314, -34.598265 ], [ -58.384338, -34.597906 ], [ -58.384627, -34.596738 ], [ -58.386299, -34.595514 ], [ -58.386446, -34.595409 ], [ -58.388446, -34.594068 ], [ -58.388804, -34.594107 ], [ -58.389182, -34.594316 ], [ -58.391993, -34.597035 ], [ -58.392013, -34.597091 ] ] ] } },
{ "type": "Feature", "properties": { "group_index": 0, "value": 300.0, "id_punto": "2_224", "sector": 2.0 }, "geometry": { "type": "Polygon", "coordinates": [ [ [ -58.396904, -34.589501 ], [ -58.397121, -34.593183 ], [ -58.396097, -34.594528 ], [ -58.393486, -34.595455 ], [ -58.393128, -34.595496 ], [ -58.391862, -34.594812 ], [ -58.391137, -34.594304 ], [ -58.390354, -34.592766 ], [ -58.390359, -34.592348 ], [ -58.39043, -34.59067 ], [ -58.390955, -34.589433 ], [ -58.391196, -34.589165 ], [ -58.395011, -34.589173 ], [ -58.396672, -34.589225 ], [ -58.396904, -34.589501 ] ] ] } },
{ "type": "Feature", "properties": { "group_index": 0, "value": 300.0, "id_punto": "2_225", "sector": 2.0 }, "geometry": { "type": "Polygon", "coordinates": [ [ [ -58.392306, -34.597399 ], [ -58.392151, -34.597646 ], [ -58.390693, -34.598733 ], [ -58.388296, -34.600419 ], [ -58.387936, -34.600404 ], [ -58.386585, -34.600228 ], [ -58.383427, -34.597492 ], [ -58.383422, -34.597487 ], [ -58.383394, -34.597432 ], [ -58.383209, -34.597018 ], [ -58.383232, -34.596658 ], [ -58.384871, -34.595441 ], [ -58.385005, -34.595342 ], [ -58.38722, -34.593859 ], [ -58.388719, -34.593728 ], [ -58.389059, -34.593964 ], [ -58.38963, -34.594376 ], [ -58.389684, -34.594425 ], [ -58.39231, -34.597039 ], [ -58.392306, -34.597399 ] ] ] } },
{ "type": "Feature", "properties": { "group_index": 0, "value": 300.0, "id_punto": "2_226", "sector": 2.0 }, "geometry": { "type": "Polygon", "coordinates": [ [ [ -58.394191, -34.594904 ], [ -58.393978, -34.596027 ], [ -58.393886, -34.596115 ], [ -58.39049, -34.598716 ], [ -58.389875, -34.599125 ], [ -58.389515, -34.599108 ], [ -58.388068, -34.597845 ], [ -58.385978, -34.595973 ], [ -58.385873, -34.595858 ], [ -58.385779, -34.595745 ], [ -58.385793, -34.595385 ], [ -58.38627, -34.594398 ], [ -58.387934, -34.592674 ], [ -58.388694, -34.592017 ], [ -58.390462, -34.59196 ], [ -58.391324, -34.591974 ], [ -58.3932, -34.593618 ], [ -58.394152, -34.594547 ], [ -58.394191, -34.594904 ] ] ] } },
{ "type": "Feature", "properties": { "group_index": 0, "value": 300.0, "id_punto": "2_227", "sector": 2.0 }, "geometry": { "type": "Polygon", "coordinates": [ [ [ -58.392876, -34.595567 ], [ -58.392872, -34.595927 ], [ -58.392767, -34.596036 ], [ -58.389918, -34.598205 ], [ -58.388339, -34.599313 ], [ -58.38798, -34.599294 ], [ -58.386795, -34.598221 ], [ -58.385468, -34.59701 ], [ -58.384107, -34.595735 ], [ -58.384012, -34.595641 ], [ -58.384042, -34.595282 ], [ -58.385117, -34.594315 ], [ -58.388575, -34.59191 ], [ -58.389403, -34.591917 ], [ -58.390503, -34.592642 ], [ -58.391831, -34.59382 ], [ -58.392876, -34.595567 ] ] ] } },
{ "type": "Feature", "properties": { "group_index": 0, "value": 300.0, "id_punto": "2_228", "sector": 2.0 }, "geometry": { "type": "Polygon", "coordinates": [ [ [ -58.398235, -34.590297 ], [ -58.399032, -34.592584 ], [ -58.397921, -34.594534 ], [ -58.396902, -34.595812 ], [ -58.396315, -34.596349 ], [ -58.395955, -34.596339 ], [ -58.392295, -34.594109 ], [ -58.391728, -34.591651 ], [ -58.39174, -34.590142 ], [ -58.391745, -34.589955 ], [ -58.391796, -34.589913 ], [ -58.3918, -34.58991 ], [ -58.391853, -34.589869 ], [ -58.395681, -34.58982 ], [ -58.397127, -34.589832 ], [ -58.398055, -34.589985 ], [ -58.398235, -34.590297 ] ] ] } },
{ "type": "Feature", "properties": { "group_index": 0, "value": 300.0, "id_punto": "2_229", "sector": 2.0 }, "geometry": { "type": "Polygon", "coordinates": [ [ [ -58.394312, -34.594891 ], [ -58.393856, -34.596032 ], [ -58.393764, -34.596121 ], [ -58.390369, -34.598706 ], [ -58.389879, -34.599025 ], [ -58.38952, -34.599008 ], [ -58.388075, -34.597745 ], [ -58.3861, -34.595975 ], [ -58.385996, -34.595863 ], [ -58.385901, -34.595749 ], [ -58.385915, -34.595389 ], [ -58.386148, -34.594393 ], [ -58.387812, -34.59267 ], [ -58.388612, -34.591943 ], [ -58.390378, -34.591887 ], [ -58.391412, -34.591904 ], [ -58.39332, -34.593599 ], [ -58.394272, -34.594533 ], [ -58.394312, -34.594891 ] ] ] } },
{ "type": "Feature", "properties": { "group_index": 0, "value": 300.0, "id_punto": "2_230", "sector": 2.0 }, "geometry": { "type": "Polygon", "coordinates": [ [ [ -58.387996, -34.591811 ], [ -58.3899, -34.594155 ], [ -58.390194, -34.594735 ], [ -58.390193, -34.59477 ], [ -58.389367, -34.595868 ], [ -58.389178, -34.596044 ], [ -58.387568, -34.597252 ], [ -58.385986, -34.598383 ], [ -58.385701, -34.598555 ], [ -58.385342, -34.598528 ], [ -58.385085, -34.598318 ], [ -58.383944, -34.597287 ], [ -58.383688, -34.597048 ], [ -58.382613, -34.595951 ], [ -58.382159, -34.595463 ], [ -58.381622, -34.594456 ], [ -58.3816, -34.594279 ], [ -58.381607, -34.593919 ], [ -58.383279, -34.592648 ], [ -58.384217, -34.592098 ], [ -58.386327, -34.591524 ], [ -58.387761, -34.591538 ], [ -58.387996, -34.591811 ] ] ] } },
{ "type": "Feature", "properties": { "group_index": 0, "value": 300.0, "id_punto": "2_231", "sector": 2.0 }, "geometry": { "type": "Polygon", "coordinates": [ [ [ -58.389929, -34.591471 ], [ -58.390163, -34.591745 ], [ -58.390775, -34.594001 ], [ -58.390836, -34.594356 ], [ -58.39051, -34.595222 ], [ -58.390133, -34.595513 ], [ -58.387768, -34.597264 ], [ -58.387198, -34.597645 ], [ -58.386839, -34.597618 ], [ -58.385528, -34.596473 ], [ -58.384708, -34.595685 ], [ -58.383623, -34.594553 ], [ -58.383651, -34.594194 ], [ -58.383983, -34.592642 ], [ -58.386917, -34.590477 ], [ -58.388818, -34.590486 ], [ -58.38906, -34.590492 ], [ -58.389929, -34.591471 ] ] ] } },
{ "type": "Feature", "properties": { "group_index": 0, "value": 300.0, "id_punto": "2_232", "sector": 2.0 }, "geometry": { "type": "Polygon", "coordinates": [ [ [ -58.394906, -34.589535 ], [ -58.395436, -34.59072 ], [ -58.395438, -34.591084 ], [ -58.395212, -34.593647 ], [ -58.394135, -34.594911 ], [ -58.393496, -34.59554 ], [ -58.393138, -34.595582 ], [ -58.389875, -34.594529 ], [ -58.389037, -34.594022 ], [ -58.388847, -34.59327 ], [ -58.388754, -34.592511 ], [ -58.389023, -34.589387 ], [ -58.389266, -34.589122 ], [ -58.390732, -34.589133 ], [ -58.394683, -34.589252 ], [ -58.394906, -34.589535 ] ] ] } },
{ "type": "Feature", "properties": { "group_index": 0, "value": 300.0, "id_punto": "2_233", "sector": 2.0 }, "geometry": { "type": "Polygon", "coordinates": [ [ [ -58.390895, -34.597397 ], [ -58.38992, -34.598154 ], [ -58.388342, -34.599267 ], [ -58.386945, -34.600248 ], [ -58.385566, -34.600148 ], [ -58.385207, -34.600118 ], [ -58.384754, -34.600003 ], [ -58.384686, -34.599953 ], [ -58.382575, -34.598207 ], [ -58.382334, -34.597997 ], [ -58.381809, -34.596981 ], [ -58.381846, -34.596623 ], [ -58.381914, -34.596383 ], [ -58.384812, -34.594163 ], [ -58.38579, -34.593768 ], [ -58.387219, -34.593867 ], [ -58.387575, -34.59392 ], [ -58.389532, -34.59569 ], [ -58.390894, -34.597037 ], [ -58.390895, -34.597397 ] ] ] } },
{ "type": "Feature", "properties": { "group_index": 0, "value": 300.0, "id_punto": "2_234", "sector": 2.0 }, "geometry": { "type": "Polygon", "coordinates": [ [ [ -58.396018, -34.5971 ], [ -58.396013, -34.59746 ], [ -58.394467, -34.598887 ], [ -58.393194, -34.599847 ], [ -58.391628, -34.600675 ], [ -58.391271, -34.600634 ], [ -58.387619, -34.597255 ], [ -58.387641, -34.596896 ], [ -58.388621, -34.595673 ], [ -58.38883, -34.595487 ], [ -58.391743, -34.593101 ], [ -58.393062, -34.593641 ], [ -58.394099, -34.594552 ], [ -58.395275, -34.595688 ], [ -58.396018, -34.5971 ] ] ] } },
{ "type": "Feature", "properties": { "group_index": 0, "value": 300.0, "id_punto": "2_235", "sector": 2.0 }, "geometry": { "type": "Polygon", "coordinates": [ [ [ -58.388045, -34.591769 ], [ -58.38997, -34.59414 ], [ -58.390194, -34.594735 ], [ -58.39019, -34.594829 ], [ -58.388687, -34.596035 ], [ -58.387043, -34.597221 ], [ -58.385733, -34.598128 ], [ -58.385375, -34.598097 ], [ -58.384067, -34.597196 ], [ -58.383909, -34.597061 ], [ -58.382642, -34.595937 ], [ -58.381361, -34.594589 ], [ -58.381136, -34.59432 ], [ -58.381146, -34.59396 ], [ -58.381523, -34.593599 ], [ -58.382632, -34.592748 ], [ -58.384179, -34.591669 ], [ -58.386278, -34.591481 ], [ -58.387811, -34.591496 ], [ -58.388045, -34.591769 ] ] ] } },
{ "type": "Feature", "properties": { "group_index": 0, "value": 300.0, "id_punto": "2_236", "sector": 2.0 }, "geometry": { "type": "Polygon", "coordinates": [ [ [ -58.389918, -34.595727 ], [ -58.38996, -34.596084 ], [ -58.388402, -34.597303 ], [ -58.38682, -34.598449 ], [ -58.385643, -34.599255 ], [ -58.385287, -34.599203 ], [ -58.382754, -34.598017 ], [ -58.38259, -34.597835 ], [ -58.381299, -34.595593 ], [ -58.381289, -34.595516 ], [ -58.381335, -34.594941 ], [ -58.382324, -34.594171 ], [ -58.384291, -34.592843 ], [ -58.386716, -34.592414 ], [ -58.38697, -34.592648 ], [ -58.38986, -34.595615 ], [ -58.389918, -34.595727 ] ] ] } },
{ "type": "Feature", "properties": { "group_index": 0, "value": 300.0, "id_punto": "2_237", "sector": 2.0 }, "geometry": { "type": "Polygon", "coordinates": [ [ [ -58.395537, -34.590632 ], [ -58.396898, -34.592875 ], [ -58.397005, -34.593219 ], [ -58.396108, -34.594584 ], [ -58.39597, -34.594772 ], [ -58.394908, -34.596084 ], [ -58.393394, -34.597093 ], [ -58.393036, -34.597054 ], [ -58.391719, -34.596421 ], [ -58.389241, -34.594837 ], [ -58.389101, -34.594686 ], [ -58.389064, -34.594328 ], [ -58.390261, -34.590518 ], [ -58.390501, -34.59025 ], [ -58.391364, -34.590266 ], [ -58.395301, -34.59036 ], [ -58.395537, -34.590632 ] ] ] } },
{ "type": "Feature", "properties": { "group_index": 0, "value": 300.0, "id_punto": "2_238", "sector": 2.0 }, "geometry": { "type": "Polygon", "coordinates": [ [ [ -58.395101, -34.594829 ], [ -58.394081, -34.595913 ], [ -58.393971, -34.596027 ], [ -58.393871, -34.596116 ], [ -58.392091, -34.597396 ], [ -58.391797, -34.59756 ], [ -58.38991, -34.598375 ], [ -58.38955, -34.598358 ], [ -58.388126, -34.597086 ], [ -58.386899, -34.595988 ], [ -58.386794, -34.595893 ], [ -58.3867, -34.595779 ], [ -58.386461, -34.594767 ], [ -58.386477, -34.594407 ], [ -58.388141, -34.59268 ], [ -58.388835, -34.592142 ], [ -58.390604, -34.592084 ], [ -58.391176, -34.592093 ], [ -58.393084, -34.592996 ], [ -58.394014, -34.593485 ], [ -58.395078, -34.59447 ], [ -58.395101, -34.594829 ] ] ] } },
{ "type": "Feature", "properties": { "group_index": 0, "value": 300.0, "id_punto": "2_239", "sector": 2.0 }, "geometry": { "type": "Polygon", "coordinates": [ [ [ -58.389685, -34.598289 ], [ -58.389658, -34.598648 ], [ -58.388373, -34.599576 ], [ -58.38527, -34.601747 ], [ -58.385269, -34.601747 ], [ -58.385268, -34.601747 ], [ -58.385267, -34.601746 ], [ -58.383763, -34.600911 ], [ -58.383351, -34.600557 ], [ -58.381419, -34.598103 ], [ -58.381417, -34.598019 ], [ -58.381439, -34.597744 ], [ -58.381447, -34.59766 ], [ -58.382193, -34.596572 ], [ -58.382337, -34.596466 ], [ -58.385265, -34.594328 ], [ -58.385731, -34.59406 ], [ -58.386083, -34.594132 ], [ -58.387595, -34.59545 ], [ -58.387813, -34.595658 ], [ -58.389165, -34.596996 ], [ -58.389685, -34.598289 ] ] ] } },
{ "type": "Feature", "properties": { "group_index": 0, "value": 300.0, "id_punto": "2_240", "sector": 2.0 }, "geometry": { "type": "Polygon", "coordinates": [ [ [ -58.390083, -34.59134 ], [ -58.390317, -34.591614 ], [ -58.39062, -34.594393 ], [ -58.39029, -34.595241 ], [ -58.389196, -34.596044 ], [ -58.387547, -34.597251 ], [ -58.387212, -34.597463 ], [ -58.386853, -34.597436 ], [ -58.385539, -34.596304 ], [ -58.384928, -34.595698 ], [ -58.383843, -34.59457 ], [ -58.383879, -34.592645 ], [ -58.386772, -34.59034 ], [ -58.388664, -34.590356 ], [ -58.389225, -34.590371 ], [ -58.390083, -34.59134 ] ] ] } },
{ "type": "Feature", "properties": { "group_index": 0, "value": 300.0, "id_punto": "2_241", "sector": 2.0 }, "geometry": { "type": "Polygon", "coordinates": [ [ [ -58.398506, -34.592769 ], [ -58.397529, -34.594596 ], [ -58.396499, -34.595875 ], [ -58.39494, -34.59725 ], [ -58.39458, -34.597234 ], [ -58.393076, -34.596692 ], [ -58.391739, -34.596094 ], [ -58.389901, -34.594752 ], [ -58.389641, -34.594524 ], [ -58.389577, -34.594275 ], [ -58.389564, -34.594173 ], [ -58.390463, -34.592438 ], [ -58.390699, -34.592167 ], [ -58.391577, -34.591223 ], [ -58.394189, -34.591296 ], [ -58.396062, -34.591513 ], [ -58.398401, -34.592424 ], [ -58.398506, -34.592769 ] ] ] } },
{ "type": "Feature", "properties": { "group_index": 0, "value": 300.0, "id_punto": "2_242", "sector": 2.0 }, "geometry": { "type": "Polygon", "coordinates": [ [ [ -58.386218, -34.595761 ], [ -58.384179, -34.597921 ], [ -58.382069, -34.598886 ], [ -58.38171, -34.598912 ], [ -58.381108, -34.598778 ], [ -58.380177, -34.597916 ], [ -58.377584, -34.595462 ], [ -58.377325, -34.595163 ], [ -58.377411, -34.594847 ], [ -58.377675, -34.594603 ], [ -58.378437, -34.593996 ], [ -58.379903, -34.593035 ], [ -58.381408, -34.592176 ], [ -58.381767, -34.592162 ], [ -58.383133, -34.592844 ], [ -58.384628, -34.593882 ], [ -58.385123, -34.594316 ], [ -58.386231, -34.595401 ], [ -58.386218, -34.595761 ] ] ] } },
{ "type": "Feature", "properties": { "group_index": 0, "value": 300.0, "id_punto": "2_243", "sector": 2.0 }, "geometry": { "type": "Polygon", "coordinates": [ [ [ -58.392219, -34.594119 ], [ -58.391921, -34.595102 ], [ -58.39108, -34.595904 ], [ -58.390974, -34.595998 ], [ -58.389122, -34.597354 ], [ -58.388431, -34.597814 ], [ -58.387177, -34.597939 ], [ -58.386818, -34.597912 ], [ -58.385511, -34.596747 ], [ -58.384288, -34.595619 ], [ -58.383267, -34.594525 ], [ -58.383295, -34.594166 ], [ -58.384277, -34.59348 ], [ -58.387892, -34.59131 ], [ -58.388035, -34.59131 ], [ -58.389641, -34.591716 ], [ -58.390741, -34.592442 ], [ -58.392171, -34.593762 ], [ -58.392219, -34.594119 ] ] ] } },
{ "type": "Feature", "properties": { "group_index": 0, "value": 300.0, "id_punto": "2_244", "sector": 2.0 }, "geometry": { "type": "Polygon", "coordinates": [ [ [ -58.387935, -34.599192 ], [ -58.387915, -34.599551 ], [ -58.386991, -34.600767 ], [ -58.385436, -34.601867 ], [ -58.384457, -34.602231 ], [ -58.384038, -34.602381 ], [ -58.383679, -34.602362 ], [ -58.381527, -34.600533 ], [ -58.381293, -34.600288 ], [ -58.38026, -34.599185 ], [ -58.380231, -34.597921 ], [ -58.380263, -34.597562 ], [ -58.381052, -34.596453 ], [ -58.382392, -34.595541 ], [ -58.382558, -34.595454 ], [ -58.384187, -34.594976 ], [ -58.384545, -34.595015 ], [ -58.385057, -34.595345 ], [ -58.385278, -34.595552 ], [ -58.386625, -34.596838 ], [ -58.38797, -34.598163 ], [ -58.387935, -34.599192 ] ] ] } },
{ "type": "Feature", "properties": { "group_index": 0, "value": 300.0, "id_punto": "2_245", "sector": 2.0 }, "geometry": { "type": "Polygon", "coordinates": [ [ [ -58.391107, -34.597396 ], [ -58.390488, -34.598716 ], [ -58.388303, -34.600262 ], [ -58.386915, -34.601194 ], [ -58.386556, -34.601179 ], [ -58.384808, -34.599865 ], [ -58.383423, -34.59818 ], [ -58.383008, -34.597005 ], [ -58.383031, -34.596646 ], [ -58.384669, -34.595429 ], [ -58.384803, -34.59533 ], [ -58.385619, -34.594777 ], [ -58.387245, -34.593694 ], [ -58.387601, -34.593748 ], [ -58.389728, -34.595694 ], [ -58.391105, -34.597036 ], [ -58.391107, -34.597396 ] ] ] } },
{ "type": "Feature", "properties": { "group_index": 0, "value": 300.0, "id_punto": "2_246", "sector": 2.0 }, "geometry": { "type": "Polygon", "coordinates": [ [ [ -58.396502, -34.594719 ], [ -58.395453, -34.595954 ], [ -58.394926, -34.596515 ], [ -58.392367, -34.59854 ], [ -58.391752, -34.598807 ], [ -58.391551, -34.598794 ], [ -58.388342, -34.595942 ], [ -58.388246, -34.595829 ], [ -58.388005, -34.594834 ], [ -58.38802, -34.594474 ], [ -58.389992, -34.592029 ], [ -58.390229, -34.591757 ], [ -58.391567, -34.59178 ], [ -58.393367, -34.591977 ], [ -58.395385, -34.593252 ], [ -58.396466, -34.594361 ], [ -58.396502, -34.594719 ] ] ] } },
{ "type": "Feature", "properties": { "group_index": 0, "value": 300.0, "id_punto": "2_247", "sector": 2.0 }, "geometry": { "type": "Polygon", "coordinates": [ [ [ -58.393943, -34.593861 ], [ -58.393875, -34.59494 ], [ -58.393092, -34.59593 ], [ -58.389914, -34.598288 ], [ -58.389554, -34.598271 ], [ -58.388107, -34.597327 ], [ -58.386602, -34.595983 ], [ -58.386497, -34.595882 ], [ -58.386379, -34.595767 ], [ -58.385304, -34.594693 ], [ -58.385336, -34.594334 ], [ -58.388222, -34.591594 ], [ -58.389846, -34.591542 ], [ -58.391813, -34.59156 ], [ -58.39188, -34.591561 ], [ -58.393885, -34.593506 ], [ -58.393943, -34.593861 ] ] ] } },
{ "type": "Feature", "properties": { "group_index": 0, "value": 300.0, "id_punto": "2_248", "sector": 2.0 }, "geometry": { "type": "Polygon", "coordinates": [ [ [ -58.397268, -34.593138 ], [ -58.396833, -34.594686 ], [ -58.395704, -34.59594 ], [ -58.395609, -34.596033 ], [ -58.394933, -34.596683 ], [ -58.393324, -34.597805 ], [ -58.392966, -34.59777 ], [ -58.392687, -34.597662 ], [ -58.389013, -34.59489 ], [ -58.388828, -34.594685 ], [ -58.38887, -34.594328 ], [ -58.389177, -34.593627 ], [ -58.389962, -34.592003 ], [ -58.390199, -34.591731 ], [ -58.391089, -34.590778 ], [ -58.394703, -34.590873 ], [ -58.397284, -34.592822 ], [ -58.397309, -34.592846 ], [ -58.397268, -34.593138 ] ] ] } },
{ "type": "Feature", "properties": { "group_index": 0, "value": 300.0, "id_punto": "2_249", "sector": 2.0 }, "geometry": { "type": "Polygon", "coordinates": [ [ [ -58.394154, -34.593827 ], [ -58.393797, -34.594948 ], [ -58.393063, -34.595929 ], [ -58.389917, -34.598228 ], [ -58.389557, -34.598211 ], [ -58.388121, -34.59715 ], [ -58.386816, -34.595987 ], [ -58.386712, -34.59589 ], [ -58.386594, -34.595775 ], [ -58.385517, -34.594712 ], [ -58.385549, -34.594353 ], [ -58.387838, -34.591472 ], [ -58.387845, -34.591467 ], [ -58.388071, -34.59146 ], [ -58.389844, -34.591413 ], [ -58.391959, -34.591417 ], [ -58.392029, -34.591481 ], [ -58.394096, -34.593471 ], [ -58.394154, -34.593827 ] ] ] } },
{ "type": "Feature", "properties": { "group_index": 0, "value": 300.0, "id_punto": "2_256", "sector": 2.0 }, "geometry": { "type": "Polygon", "coordinates": [ [ [ -58.389478, -34.597379 ], [ -58.3879, -34.598519 ], [ -58.385567, -34.600132 ], [ -58.383819, -34.599989 ], [ -58.382472, -34.599346 ], [ -58.382067, -34.599091 ], [ -58.381056, -34.597991 ], [ -58.380448, -34.596747 ], [ -58.380489, -34.59639 ], [ -58.381294, -34.595766 ], [ -58.382343, -34.594956 ], [ -58.384268, -34.593899 ], [ -58.385786, -34.593785 ], [ -58.386139, -34.593856 ], [ -58.387934, -34.59546 ], [ -58.388153, -34.595667 ], [ -58.389504, -34.59702 ], [ -58.389478, -34.597379 ] ] ] } },
{ "type": "Feature", "properties": { "group_index": 0, "value": 300.0, "id_punto": "2_257", "sector": 2.0 }, "geometry": { "type": "Polygon", "coordinates": [ [ [ -58.390898, -34.598389 ], [ -58.390868, -34.598748 ], [ -58.388289, -34.600576 ], [ -58.386902, -34.601509 ], [ -58.386542, -34.601494 ], [ -58.384521, -34.600107 ], [ -58.384273, -34.599847 ], [ -58.383043, -34.598138 ], [ -58.383082, -34.597781 ], [ -58.383412, -34.59667 ], [ -58.385051, -34.595452 ], [ -58.385185, -34.595352 ], [ -58.387198, -34.594007 ], [ -58.387554, -34.59406 ], [ -58.389372, -34.595687 ], [ -58.390723, -34.597038 ], [ -58.390898, -34.598389 ] ] ] } },
{ "type": "Feature", "properties": { "group_index": 0, "value": 300.0, "id_punto": "2_258", "sector": 2.0 }, "geometry": { "type": "Polygon", "coordinates": [ [ [ -58.393603, -34.590579 ], [ -58.395345, -34.593259 ], [ -58.395406, -34.593613 ], [ -58.394331, -34.594889 ], [ -58.393554, -34.595705 ], [ -58.39334, -34.595849 ], [ -58.392061, -34.596623 ], [ -58.391702, -34.596586 ], [ -58.388845, -34.594781 ], [ -58.388551, -34.594574 ], [ -58.388407, -34.594425 ], [ -58.388186, -34.593042 ], [ -58.388141, -34.592004 ], [ -58.388255, -34.590483 ], [ -58.388487, -34.590208 ], [ -58.390476, -34.590228 ], [ -58.391391, -34.590244 ], [ -58.393373, -34.590302 ], [ -58.393603, -34.590579 ] ] ] } },
{ "type": "Feature", "properties": { "group_index": 0, "value": 300.0, "id_punto": "2_259", "sector": 2.0 }, "geometry": { "type": "Polygon", "coordinates": [ [ [ -58.397563, -34.594591 ], [ -58.396522, -34.595872 ], [ -58.394939, -34.597263 ], [ -58.393263, -34.598403 ], [ -58.392905, -34.598366 ], [ -58.392335, -34.598157 ], [ -58.391573, -34.597813 ], [ -58.389338, -34.596047 ], [ -58.389163, -34.59586 ], [ -58.388923, -34.594888 ], [ -58.388931, -34.594528 ], [ -58.389031, -34.594331 ], [ -58.390861, -34.592307 ], [ -58.391868, -34.591488 ], [ -58.39194, -34.591433 ], [ -58.39391, -34.59155 ], [ -58.396073, -34.593096 ], [ -58.397506, -34.594236 ], [ -58.397563, -34.594591 ] ] ] } },
{ "type": "Feature", "properties": { "group_index": 0, "value": 300.0, "id_punto": "2_260", "sector": 2.0 }, "geometry": { "type": "Polygon", "coordinates": [ [ [ -58.388201, -34.592682 ], [ -58.388191, -34.593042 ], [ -58.387838, -34.594827 ], [ -58.385901, -34.596288 ], [ -58.384334, -34.59715 ], [ -58.384045, -34.597212 ], [ -58.383869, -34.597059 ], [ -58.382612, -34.595952 ], [ -58.381358, -34.594621 ], [ -58.381097, -34.594319 ], [ -58.380971, -34.593022 ], [ -58.380966, -34.592662 ], [ -58.381406, -34.592132 ], [ -58.383531, -34.589958 ], [ -58.383848, -34.589789 ], [ -58.38518, -34.590041 ], [ -58.386925, -34.590513 ], [ -58.387045, -34.590599 ], [ -58.387147, -34.590685 ], [ -58.388201, -34.592682 ] ] ] } },
{ "type": "Feature", "properties": { "group_index": 0, "value": 300.0, "id_punto": "2_261", "sector": 2.0 }, "geometry": { "type": "Polygon", "coordinates": [ [ [ -58.38942, -34.593851 ], [ -58.389774, -34.594351 ], [ -58.389911, -34.594647 ], [ -58.389919, -34.5947 ], [ -58.389873, -34.594888 ], [ -58.389618, -34.595878 ], [ -58.389412, -34.596048 ], [ -58.387819, -34.597267 ], [ -58.386237, -34.598403 ], [ -58.385685, -34.598761 ], [ -58.385326, -34.598734 ], [ -58.383675, -34.597402 ], [ -58.383568, -34.597293 ], [ -58.381798, -34.595414 ], [ -58.38182, -34.595055 ], [ -58.381898, -34.593939 ], [ -58.381915, -34.593918 ], [ -58.384235, -34.592304 ], [ -58.386499, -34.591675 ], [ -58.387587, -34.591684 ], [ -58.38942, -34.593851 ] ] ] } },
{ "type": "Feature", "properties": { "group_index": 0, "value": 300.0, "id_punto": "2_262", "sector": 2.0 }, "geometry": { "type": "Polygon", "coordinates": [ [ [ -58.386443, -34.591355 ], [ -58.388739, -34.594524 ], [ -58.388755, -34.59455 ], [ -58.388855, -34.594767 ], [ -58.388827, -34.594807 ], [ -58.388732, -34.594884 ], [ -58.385838, -34.597006 ], [ -58.384163, -34.597174 ], [ -58.384065, -34.597174 ], [ -58.382777, -34.595945 ], [ -58.382319, -34.595477 ], [ -58.381368, -34.594488 ], [ -58.381259, -34.594323 ], [ -58.381269, -34.593963 ], [ -58.381833, -34.592561 ], [ -58.383171, -34.591284 ], [ -58.383923, -34.590696 ], [ -58.384241, -34.590527 ], [ -58.384411, -34.590543 ], [ -58.386219, -34.591074 ], [ -58.386443, -34.591355 ] ] ] } },
{ "type": "Feature", "properties": { "group_index": 0, "value": 300.0, "id_punto": "2_263", "sector": 2.0 }, "geometry": { "type": "Polygon", "coordinates": [ [ [ -58.387884, -34.595818 ], [ -58.387754, -34.595925 ], [ -58.38764, -34.596013 ], [ -58.386103, -34.59717 ], [ -58.384559, -34.598282 ], [ -58.38426, -34.598469 ], [ -58.382735, -34.598595 ], [ -58.382376, -34.598565 ], [ -58.381739, -34.598154 ], [ -58.378969, -34.595315 ], [ -58.379, -34.594956 ], [ -58.380081, -34.59393 ], [ -58.381499, -34.592726 ], [ -58.382803, -34.592562 ], [ -58.384539, -34.592435 ], [ -58.384862, -34.592645 ], [ -58.386147, -34.593818 ], [ -58.387895, -34.595459 ], [ -58.387884, -34.595818 ] ] ] } },
{ "type": "Feature", "properties": { "group_index": 0, "value": 300.0, "id_punto": "2_264", "sector": 2.0 }, "geometry": { "type": "Polygon", "coordinates": [ [ [ -58.391966, -34.595746 ], [ -58.392056, -34.595875 ], [ -58.39233, -34.597039 ], [ -58.392326, -34.597399 ], [ -58.392169, -34.597647 ], [ -58.390713, -34.598735 ], [ -58.388295, -34.600436 ], [ -58.387935, -34.60042 ], [ -58.386655, -34.599359 ], [ -58.384275, -34.597082 ], [ -58.384291, -34.596723 ], [ -58.384892, -34.595532 ], [ -58.384998, -34.595448 ], [ -58.385129, -34.595349 ], [ -58.388594, -34.592925 ], [ -58.389055, -34.592975 ], [ -58.389669, -34.593318 ], [ -58.390494, -34.594049 ], [ -58.391966, -34.595746 ] ] ] } },
{ "type": "Feature", "properties": { "group_index": 0, "value": 300.0, "id_punto": "2_265", "sector": 2.0 }, "geometry": { "type": "Polygon", "coordinates": [ [ [ -58.391422, -34.595546 ], [ -58.391419, -34.595906 ], [ -58.391313, -34.596005 ], [ -58.389565, -34.597385 ], [ -58.387972, -34.598524 ], [ -58.387069, -34.599131 ], [ -58.386711, -34.599096 ], [ -58.385388, -34.597937 ], [ -58.38402, -34.596627 ], [ -58.382929, -34.595552 ], [ -58.382959, -34.595193 ], [ -58.38368, -34.594196 ], [ -58.38427, -34.593798 ], [ -58.38776, -34.591539 ], [ -58.390067, -34.593379 ], [ -58.390747, -34.594006 ], [ -58.391422, -34.595546 ] ] ] } },
{ "type": "Feature", "properties": { "group_index": 0, "value": 300.0, "id_punto": "2_266", "sector": 2.0 }, "geometry": { "type": "Polygon", "coordinates": [ [ [ -58.38601, -34.591702 ], [ -58.386531, -34.592637 ], [ -58.386638, -34.592948 ], [ -58.385065, -34.594672 ], [ -58.384395, -34.595124 ], [ -58.383156, -34.595767 ], [ -58.382893, -34.5959 ], [ -58.382533, -34.595889 ], [ -58.381297, -34.595677 ], [ -58.379792, -34.594619 ], [ -58.377942, -34.593033 ], [ -58.377935, -34.592673 ], [ -58.379757, -34.590979 ], [ -58.381055, -34.590018 ], [ -58.381384, -34.589872 ], [ -58.381929, -34.589908 ], [ -58.382902, -34.590064 ], [ -58.384438, -34.590525 ], [ -58.385783, -34.591423 ], [ -58.38601, -34.591702 ] ] ] } },
{ "type": "Feature", "properties": { "group_index": 0, "value": 300.0, "id_punto": "2_267", "sector": 2.0 }, "geometry": { "type": "Polygon", "coordinates": [ [ [ -58.386686, -34.595778 ], [ -58.384274, -34.598018 ], [ -58.381881, -34.599085 ], [ -58.381826, -34.599082 ], [ -58.380578, -34.597952 ], [ -58.378301, -34.595656 ], [ -58.377872, -34.595225 ], [ -58.377771, -34.594879 ], [ -58.378967, -34.593927 ], [ -58.379898, -34.593205 ], [ -58.381413, -34.592314 ], [ -58.381773, -34.592299 ], [ -58.383522, -34.592649 ], [ -58.384637, -34.593494 ], [ -58.385589, -34.594357 ], [ -58.3867, -34.595418 ], [ -58.386686, -34.595778 ] ] ] } },
{ "type": "Feature", "properties": { "group_index": 0, "value": 300.0, "id_punto": "2_268", "sector": 2.0 }, "geometry": { "type": "Polygon", "coordinates": [ [ [ -58.390787, -34.598741 ], [ -58.388292, -34.600509 ], [ -58.386905, -34.601442 ], [ -58.386545, -34.601427 ], [ -58.385118, -34.6013 ], [ -58.383977, -34.600764 ], [ -58.38378, -34.600655 ], [ -58.383661, -34.600577 ], [ -58.381723, -34.598153 ], [ -58.381727, -34.598044 ], [ -58.381728, -34.598028 ], [ -58.381757, -34.597686 ], [ -58.382421, -34.596753 ], [ -58.382471, -34.596703 ], [ -58.382582, -34.596611 ], [ -58.385604, -34.595015 ], [ -58.387048, -34.595099 ], [ -58.387405, -34.595143 ], [ -58.387777, -34.595455 ], [ -58.388012, -34.595663 ], [ -58.389408, -34.597013 ], [ -58.390817, -34.598382 ], [ -58.390787, -34.598741 ] ] ] } },
{ "type": "Feature", "properties": { "group_index": 0, "value": 300.0, "id_punto": "2_269", "sector": 2.0 }, "geometry": { "type": "Polygon", "coordinates": [ [ [ -58.398148, -34.590347 ], [ -58.398988, -34.592212 ], [ -58.399127, -34.592545 ], [ -58.398025, -34.594517 ], [ -58.396974, -34.595801 ], [ -58.396312, -34.596426 ], [ -58.395952, -34.596416 ], [ -58.392196, -34.594123 ], [ -58.392005, -34.59396 ], [ -58.391761, -34.591624 ], [ -58.391816, -34.590209 ], [ -58.39205, -34.589935 ], [ -58.39575, -34.589886 ], [ -58.397181, -34.589907 ], [ -58.397968, -34.590035 ], [ -58.398148, -34.590347 ] ] ] } },
{ "type": "Feature", "properties": { "group_index": 0, "value": 300.0, "id_punto": "2_270", "sector": 2.0 }, "geometry": { "type": "Polygon", "coordinates": [ [ [ -58.393472, -34.597412 ], [ -58.39186, -34.598814 ], [ -58.390612, -34.599704 ], [ -58.389814, -34.600256 ], [ -58.388299, -34.600351 ], [ -58.387939, -34.600336 ], [ -58.385382, -34.598011 ], [ -58.384377, -34.597087 ], [ -58.384394, -34.596727 ], [ -58.386066, -34.595505 ], [ -58.386213, -34.5954 ], [ -58.388595, -34.593761 ], [ -58.38864, -34.593749 ], [ -58.390126, -34.594072 ], [ -58.391056, -34.594814 ], [ -58.39348, -34.597052 ], [ -58.393472, -34.597412 ] ] ] } },
{ "type": "Feature", "properties": { "group_index": 0, "value": 300.0, "id_punto": "2_271", "sector": 2.0 }, "geometry": { "type": "Polygon", "coordinates": [ [ [ -58.393188, -34.590915 ], [ -58.393542, -34.593927 ], [ -58.392597, -34.595054 ], [ -58.391762, -34.595909 ], [ -58.391655, -34.596013 ], [ -58.389977, -34.597232 ], [ -58.389618, -34.597201 ], [ -58.388199, -34.596246 ], [ -58.387913, -34.59602 ], [ -58.387811, -34.595926 ], [ -58.387693, -34.595813 ], [ -58.386621, -34.594774 ], [ -58.386255, -34.592801 ], [ -58.386859, -34.590914 ], [ -58.387091, -34.590638 ], [ -58.388898, -34.590554 ], [ -58.390974, -34.590585 ], [ -58.392959, -34.590645 ], [ -58.393188, -34.590915 ] ] ] } },
{ "type": "Feature", "properties": { "group_index": 0, "value": 300.0, "id_punto": "2_272", "sector": 2.0 }, "geometry": { "type": "Polygon", "coordinates": [ [ [ -58.396163, -34.593444 ], [ -58.39509, -34.59483 ], [ -58.39407, -34.595914 ], [ -58.393959, -34.596028 ], [ -58.39386, -34.596116 ], [ -58.393472, -34.596374 ], [ -58.391846, -34.597394 ], [ -58.391818, -34.597393 ], [ -58.391688, -34.597367 ], [ -58.389664, -34.596668 ], [ -58.388339, -34.595832 ], [ -58.387268, -34.594804 ], [ -58.387107, -34.594611 ], [ -58.387108, -34.594602 ], [ -58.388293, -34.592685 ], [ -58.38974, -34.591317 ], [ -58.392127, -34.591337 ], [ -58.39391, -34.591551 ], [ -58.396072, -34.593096 ], [ -58.396163, -34.593444 ] ] ] } },
{ "type": "Feature", "properties": { "group_index": 0, "value": 300.0, "id_punto": "2_273", "sector": 2.0 }, "geometry": { "type": "Polygon", "coordinates": [ [ [ -58.396472, -34.593363 ], [ -58.395412, -34.594809 ], [ -58.394282, -34.596013 ], [ -58.394183, -34.596101 ], [ -58.393443, -34.59664 ], [ -58.393085, -34.596601 ], [ -58.39185, -34.596096 ], [ -58.389983, -34.594737 ], [ -58.389684, -34.594513 ], [ -58.389673, -34.594228 ], [ -58.389717, -34.593254 ], [ -58.389888, -34.590183 ], [ -58.390128, -34.589915 ], [ -58.391756, -34.589946 ], [ -58.395686, -34.590027 ], [ -58.395906, -34.590037 ], [ -58.395915, -34.590045 ], [ -58.395916, -34.590046 ], [ -58.395996, -34.590125 ], [ -58.396472, -34.593363 ] ] ] } },
{ "type": "Feature", "properties": { "group_index": 0, "value": 300.0, "id_punto": "2_274", "sector": 2.0 }, "geometry": { "type": "Polygon", "coordinates": [ [ [ -58.394411, -34.594518 ], [ -58.394451, -34.594876 ], [ -58.393526, -34.596048 ], [ -58.393427, -34.596134 ], [ -58.39004, -34.598679 ], [ -58.389892, -34.598753 ], [ -58.389533, -34.598736 ], [ -58.388096, -34.597473 ], [ -58.38643, -34.595981 ], [ -58.386326, -34.595875 ], [ -58.386231, -34.595761 ], [ -58.385634, -34.594549 ], [ -58.385634, -34.594546 ], [ -58.385637, -34.594522 ], [ -58.385638, -34.594519 ], [ -58.387398, -34.592733 ], [ -58.388388, -34.591743 ], [ -58.390151, -34.59169 ], [ -58.391648, -34.591715 ], [ -58.393644, -34.593545 ], [ -58.394411, -34.594518 ] ] ] } },
{ "type": "Feature", "properties": { "group_index": 0, "value": 300.0, "id_punto": "2_275", "sector": 2.0 }, "geometry": { "type": "Polygon", "coordinates": [ [ [ -58.396496, -34.595513 ], [ -58.396538, -34.59587 ], [ -58.394936, -34.597296 ], [ -58.394767, -34.597442 ], [ -58.393241, -34.598612 ], [ -58.39177, -34.599395 ], [ -58.391412, -34.59936 ], [ -58.389578, -34.597767 ], [ -58.387694, -34.596014 ], [ -58.387594, -34.59592 ], [ -58.3875, -34.595807 ], [ -58.38751, -34.595447 ], [ -58.390766, -34.592421 ], [ -58.39083, -34.59237 ], [ -58.390936, -34.592373 ], [ -58.393012, -34.592695 ], [ -58.394377, -34.593424 ], [ -58.395449, -34.594446 ], [ -58.396388, -34.595394 ], [ -58.396496, -34.595513 ] ] ] } },
{ "type": "Feature", "properties": { "group_index": 0, "value": 300.0, "id_punto": "2_276", "sector": 2.0 }, "geometry": { "type": "Polygon", "coordinates": [ [ [ -58.391093, -34.594312 ], [ -58.391131, -34.595544 ], [ -58.391128, -34.595904 ], [ -58.391022, -34.595999 ], [ -58.389274, -34.597365 ], [ -58.387682, -34.598506 ], [ -58.387092, -34.598892 ], [ -58.386734, -34.598857 ], [ -58.385407, -34.597715 ], [ -58.384043, -34.596387 ], [ -58.38322, -34.595576 ], [ -58.383249, -34.595217 ], [ -58.38339, -34.594174 ], [ -58.384276, -34.593558 ], [ -58.387959, -34.591366 ], [ -58.387968, -34.591366 ], [ -58.391032, -34.593957 ], [ -58.391093, -34.594312 ] ] ] } },
{ "type": "Feature", "properties": { "group_index": 0, "value": 300.0, "id_punto": "2_277", "sector": 2.0 }, "geometry": { "type": "Polygon", "coordinates": [ [ [ -58.395816, -34.59039 ], [ -58.396521, -34.592979 ], [ -58.396612, -34.593327 ], [ -58.395558, -34.5948 ], [ -58.394429, -34.596006 ], [ -58.394329, -34.596095 ], [ -58.39343, -34.59676 ], [ -58.393072, -34.596721 ], [ -58.391704, -34.596094 ], [ -58.389874, -34.594756 ], [ -58.389705, -34.594614 ], [ -58.389626, -34.594528 ], [ -58.389547, -34.59429 ], [ -58.389548, -34.594176 ], [ -58.389986, -34.590272 ], [ -58.390227, -34.590004 ], [ -58.391653, -34.590031 ], [ -58.395581, -34.590118 ], [ -58.395816, -34.59039 ] ] ] } },
{ "type": "Feature", "properties": { "group_index": 0, "value": 300.0, "id_punto": "2_278", "sector": 2.0 }, "geometry": { "type": "Polygon", "coordinates": [ [ [ -58.39763, -34.592825 ], [ -58.39763, -34.592826 ], [ -58.397651, -34.592875 ], [ -58.397575, -34.593051 ], [ -58.396538, -34.594716 ], [ -58.394924, -34.596462 ], [ -58.39335, -34.597542 ], [ -58.393181, -34.597559 ], [ -58.393003, -34.597554 ], [ -58.391673, -34.596872 ], [ -58.38875, -34.594884 ], [ -58.388758, -34.594524 ], [ -58.388922, -34.593678 ], [ -58.389783, -34.591596 ], [ -58.39091, -34.590617 ], [ -58.390935, -34.590616 ], [ -58.392931, -34.590669 ], [ -58.394884, -34.590721 ], [ -58.397609, -34.592777 ], [ -58.39763, -34.592825 ] ] ] } },
{ "type": "Feature", "properties": { "group_index": 0, "value": 300.0, "id_punto": "2_279", "sector": 2.0 }, "geometry": { "type": "Polygon", "coordinates": [ [ [ -58.387774, -34.591998 ], [ -58.389637, -34.594301 ], [ -58.389919, -34.594699 ], [ -58.389919, -34.5947 ], [ -58.389682, -34.59588 ], [ -58.389471, -34.596049 ], [ -58.387883, -34.597271 ], [ -58.3863, -34.598408 ], [ -58.385681, -34.598814 ], [ -58.385322, -34.598787 ], [ -58.383682, -34.597418 ], [ -58.383525, -34.597281 ], [ -58.381752, -34.595411 ], [ -58.381774, -34.595052 ], [ -58.381961, -34.593941 ], [ -58.381978, -34.593918 ], [ -58.383787, -34.592648 ], [ -58.384239, -34.592357 ], [ -58.386543, -34.591713 ], [ -58.387542, -34.591722 ], [ -58.387774, -34.591998 ] ] ] } },
{ "type": "Feature", "properties": { "group_index": 0, "value": 300.0, "id_punto": "2_280", "sector": 2.0 }, "geometry": { "type": "Polygon", "coordinates": [ [ [ -58.399507, -34.594322 ], [ -58.398756, -34.595555 ], [ -58.397664, -34.596529 ], [ -58.396232, -34.597673 ], [ -58.394839, -34.597965 ], [ -58.394482, -34.597913 ], [ -58.393043, -34.596998 ], [ -58.391698, -34.596094 ], [ -58.390592, -34.595215 ], [ -58.390561, -34.594857 ], [ -58.391984, -34.59332 ], [ -58.39263, -34.592668 ], [ -58.39431, -34.5919 ], [ -58.395583, -34.591917 ], [ -58.397748, -34.592622 ], [ -58.399428, -34.593971 ], [ -58.399507, -34.594322 ] ] ] } },
{ "type": "Feature", "properties": { "group_index": 0, "value": 300.0, "id_punto": "2_281", "sector": 2.0 }, "geometry": { "type": "Polygon", "coordinates": [ [ [ -58.392081, -34.597338 ], [ -58.392067, -34.598581 ], [ -58.392037, -34.598826 ], [ -58.388236, -34.601541 ], [ -58.387877, -34.601521 ], [ -58.386571, -34.60042 ], [ -58.385495, -34.599431 ], [ -58.384354, -34.598268 ], [ -58.384378, -34.597909 ], [ -58.384587, -34.596736 ], [ -58.386259, -34.595512 ], [ -58.386405, -34.595408 ], [ -58.388449, -34.594035 ], [ -58.388807, -34.594074 ], [ -58.389028, -34.594206 ], [ -58.3892, -34.594314 ], [ -58.392034, -34.597036 ], [ -58.392081, -34.597338 ] ] ] } },
{ "type": "Feature", "properties": { "group_index": 0, "value": 300.0, "id_punto": "2_282", "sector": 2.0 }, "geometry": { "type": "Polygon", "coordinates": [ [ [ -58.39123, -34.59084 ], [ -58.391333, -34.592428 ], [ -58.391215, -34.594291 ], [ -58.390241, -34.595245 ], [ -58.390158, -34.595291 ], [ -58.387289, -34.596381 ], [ -58.386929, -34.596356 ], [ -58.385584, -34.595336 ], [ -58.384843, -34.594652 ], [ -58.38311, -34.593008 ], [ -58.383111, -34.592648 ], [ -58.386231, -34.589825 ], [ -58.388085, -34.58987 ], [ -58.389843, -34.589918 ], [ -58.391002, -34.590562 ], [ -58.39123, -34.59084 ] ] ] } },
{ "type": "Feature", "properties": { "group_index": 0, "value": 300.0, "id_punto": "2_283", "sector": 2.0 }, "geometry": { "type": "Polygon", "coordinates": [ [ [ -58.392355, -34.597399 ], [ -58.391838, -34.598688 ], [ -58.391808, -34.598742 ], [ -58.388251, -34.601274 ], [ -58.387892, -34.601254 ], [ -58.386588, -34.600191 ], [ -58.385819, -34.599446 ], [ -58.384677, -34.59829 ], [ -58.384246, -34.597081 ], [ -58.384263, -34.596721 ], [ -58.385935, -34.5955 ], [ -58.386081, -34.595395 ], [ -58.388482, -34.593765 ], [ -58.388765, -34.593715 ], [ -58.389088, -34.593932 ], [ -58.389654, -34.594383 ], [ -58.392358, -34.597039 ], [ -58.392355, -34.597399 ] ] ] } },
{ "type": "Feature", "properties": { "group_index": 0, "value": 300.0, "id_punto": "2_284", "sector": 2.0 }, "geometry": { "type": "Polygon", "coordinates": [ [ [ -58.386799, -34.591072 ], [ -58.387718, -34.592668 ], [ -58.388328, -34.594487 ], [ -58.388313, -34.594847 ], [ -58.3869, -34.595897 ], [ -58.385878, -34.596652 ], [ -58.384309, -34.597545 ], [ -58.38395, -34.597516 ], [ -58.38368, -34.597413 ], [ -58.383531, -34.597283 ], [ -58.381979, -34.595756 ], [ -58.381636, -34.595404 ], [ -58.380621, -34.594306 ], [ -58.380631, -34.593946 ], [ -58.381422, -34.592531 ], [ -58.382885, -34.591046 ], [ -58.383725, -34.590323 ], [ -58.384043, -34.590154 ], [ -58.384796, -34.590287 ], [ -58.386574, -34.59079 ], [ -58.386799, -34.591072 ] ] ] } },
{ "type": "Feature", "properties": { "group_index": 0, "value": 300.0, "id_punto": "2_285", "sector": 2.0 }, "geometry": { "type": "Polygon", "coordinates": [ [ [ -58.389905, -34.598481 ], [ -58.389905, -34.598491 ], [ -58.38903, -34.599611 ], [ -58.38541, -34.602207 ], [ -58.385051, -34.602179 ], [ -58.384903, -34.602166 ], [ -58.383786, -34.601629 ], [ -58.382592, -34.600507 ], [ -58.381931, -34.599344 ], [ -58.381351, -34.598013 ], [ -58.381381, -34.597655 ], [ -58.382096, -34.596673 ], [ -58.382207, -34.596573 ], [ -58.382345, -34.596467 ], [ -58.385624, -34.594705 ], [ -58.385983, -34.594728 ], [ -58.387052, -34.595631 ], [ -58.388407, -34.596942 ], [ -58.389752, -34.598294 ], [ -58.389905, -34.598481 ] ] ] } },
{ "type": "Feature", "properties": { "group_index": 0, "value": 300.0, "id_punto": "2_286", "sector": 2.0 }, "geometry": { "type": "Polygon", "coordinates": [ [ [ -58.390396, -34.591072 ], [ -58.39063, -34.591346 ], [ -58.390724, -34.592926 ], [ -58.39037, -34.594436 ], [ -58.390186, -34.594946 ], [ -58.388775, -34.596036 ], [ -58.387096, -34.597224 ], [ -58.387052, -34.597222 ], [ -58.385562, -34.595959 ], [ -58.384294, -34.594605 ], [ -58.38331, -34.593008 ], [ -58.383311, -34.592648 ], [ -58.386477, -34.590058 ], [ -58.388348, -34.59009 ], [ -58.389562, -34.590124 ], [ -58.390396, -34.591072 ] ] ] } },
{ "type": "Feature", "properties": { "group_index": 0, "value": 300.0, "id_punto": "2_287", "sector": 2.0 }, "geometry": { "type": "Polygon", "coordinates": [ [ [ -58.389726, -34.597397 ], [ -58.389072, -34.598604 ], [ -58.386956, -34.600099 ], [ -58.385492, -34.601097 ], [ -58.385133, -34.601072 ], [ -58.384899, -34.601012 ], [ -58.383921, -34.60062 ], [ -58.383846, -34.600543 ], [ -58.382005, -34.598066 ], [ -58.381571, -34.596946 ], [ -58.381634, -34.596591 ], [ -58.381689, -34.596488 ], [ -58.381728, -34.596433 ], [ -58.38193, -34.596228 ], [ -58.384821, -34.594055 ], [ -58.385827, -34.593582 ], [ -58.38618, -34.593654 ], [ -58.388183, -34.595467 ], [ -58.388409, -34.595677 ], [ -58.389752, -34.597037 ], [ -58.389726, -34.597397 ] ] ] } },
{ "type": "Feature", "properties": { "group_index": 0, "value": 300.0, "id_punto": "2_288", "sector": 2.0 }, "geometry": { "type": "Polygon", "coordinates": [ [ [ -58.387738, -34.594823 ], [ -58.387605, -34.59581 ], [ -58.387475, -34.595916 ], [ -58.387361, -34.596005 ], [ -58.385812, -34.597197 ], [ -58.38408, -34.598249 ], [ -58.384074, -34.598249 ], [ -58.383521, -34.597941 ], [ -58.383292, -34.597758 ], [ -58.381153, -34.595504 ], [ -58.381207, -34.593962 ], [ -58.381543, -34.593647 ], [ -58.384183, -34.591719 ], [ -58.384542, -34.591687 ], [ -58.385236, -34.591869 ], [ -58.387753, -34.594463 ], [ -58.387738, -34.594823 ] ] ] } },
{ "type": "Feature", "properties": { "group_index": 0, "value": 300.0, "id_punto": "2_289", "sector": 2.0 }, "geometry": { "type": "Polygon", "coordinates": [ [ [ -58.395854, -34.593313 ], [ -58.395735, -34.593556 ], [ -58.394642, -34.594859 ], [ -58.393622, -34.595942 ], [ -58.393511, -34.596048 ], [ -58.392034, -34.596887 ], [ -58.391676, -34.59685 ], [ -58.388777, -34.594885 ], [ -58.388436, -34.594161 ], [ -58.388358, -34.592199 ], [ -58.38848, -34.590673 ], [ -58.388712, -34.590397 ], [ -58.390694, -34.590423 ], [ -58.391163, -34.590431 ], [ -58.393147, -34.59049 ], [ -58.39581, -34.593208 ], [ -58.395854, -34.593313 ] ] ] } },
{ "type": "Feature", "properties": { "group_index": 0, "value": 300.0, "id_punto": "2_290", "sector": 2.0 }, "geometry": { "type": "Polygon", "coordinates": [ [ [ -58.391869, -34.595736 ], [ -58.392409, -34.59704 ], [ -58.392405, -34.5974 ], [ -58.392239, -34.597649 ], [ -58.390792, -34.598742 ], [ -58.388292, -34.600501 ], [ -58.387933, -34.600486 ], [ -58.38675, -34.599489 ], [ -58.384196, -34.597079 ], [ -58.384212, -34.596719 ], [ -58.384971, -34.595536 ], [ -58.385076, -34.595453 ], [ -58.385208, -34.595353 ], [ -58.388582, -34.592998 ], [ -58.388939, -34.593044 ], [ -58.389637, -34.59334 ], [ -58.390416, -34.594062 ], [ -58.391869, -34.595736 ] ] ] } },
{ "type": "Feature", "properties": { "group_index": 0, "value": 300.0, "id_punto": "2_291", "sector": 2.0 }, "geometry": { "type": "Polygon", "coordinates": [ [ [ -58.395655, -34.59053 ], [ -58.395659, -34.591272 ], [ -58.395524, -34.593593 ], [ -58.394451, -34.594876 ], [ -58.39345, -34.595951 ], [ -58.393394, -34.595951 ], [ -58.393148, -34.59586 ], [ -58.389434, -34.594034 ], [ -58.389353, -34.593968 ], [ -58.389346, -34.59396 ], [ -58.389005, -34.593361 ], [ -58.389174, -34.590408 ], [ -58.389235, -34.589583 ], [ -58.389479, -34.589318 ], [ -58.390516, -34.589325 ], [ -58.394453, -34.589433 ], [ -58.395419, -34.590257 ], [ -58.395655, -34.59053 ] ] ] } },
{ "type": "Feature", "properties": { "group_index": 0, "value": 300.0, "id_punto": "2_292", "sector": 2.0 }, "geometry": { "type": "Polygon", "coordinates": [ [ [ -58.393041, -34.589405 ], [ -58.39344, -34.590714 ], [ -58.393467, -34.593939 ], [ -58.393312, -34.59408 ], [ -58.392201, -34.594999 ], [ -58.390177, -34.595132 ], [ -58.389819, -34.595091 ], [ -58.38836, -34.594831 ], [ -58.386376, -34.592997 ], [ -58.386275, -34.592784 ], [ -58.386943, -34.589256 ], [ -58.387196, -34.589 ], [ -58.390851, -34.589029 ], [ -58.391051, -34.589035 ], [ -58.39282, -34.58912 ], [ -58.393041, -34.589405 ] ] ] } },
{ "type": "Feature", "properties": { "group_index": 0, "value": 300.0, "id_punto": "2_293", "sector": 2.0 }, "geometry": { "type": "Polygon", "coordinates": [ [ [ -58.397148, -34.595407 ], [ -58.397206, -34.595763 ], [ -58.395443, -34.597452 ], [ -58.393194, -34.599031 ], [ -58.392836, -34.59899 ], [ -58.391464, -34.598817 ], [ -58.391393, -34.598784 ], [ -58.389844, -34.597401 ], [ -58.388372, -34.596036 ], [ -58.38828, -34.59594 ], [ -58.388186, -34.595828 ], [ -58.388197, -34.595468 ], [ -58.391352, -34.592748 ], [ -58.392754, -34.592298 ], [ -58.394657, -34.593377 ], [ -58.396057, -34.594402 ], [ -58.397064, -34.595303 ], [ -58.397148, -34.595407 ] ] ] } },
{ "type": "Feature", "properties": { "group_index": 0, "value": 300.0, "id_punto": "2_294", "sector": 2.0 }, "geometry": { "type": "Polygon", "coordinates": [ [ [ -58.391305, -34.594275 ], [ -58.390986, -34.595182 ], [ -58.39014, -34.595896 ], [ -58.388245, -34.597292 ], [ -58.387169, -34.598038 ], [ -58.38681, -34.598011 ], [ -58.385428, -34.59746 ], [ -58.382344, -34.594647 ], [ -58.382188, -34.59431 ], [ -58.382366, -34.593997 ], [ -58.383999, -34.592642 ], [ -58.387807, -34.591239 ], [ -58.388121, -34.59124 ], [ -58.391244, -34.593921 ], [ -58.391305, -34.594275 ] ] ] } },
{ "type": "Feature", "properties": { "group_index": 0, "value": 300.0, "id_punto": "2_295", "sector": 2.0 }, "geometry": { "type": "Polygon", "coordinates": [ [ [ -58.390221, -34.594197 ], [ -58.391371, -34.595546 ], [ -58.391368, -34.595906 ], [ -58.391261, -34.596004 ], [ -58.389527, -34.597382 ], [ -58.387935, -34.598522 ], [ -58.387072, -34.5991 ], [ -58.386714, -34.599065 ], [ -58.385351, -34.598407 ], [ -58.385231, -34.598328 ], [ -58.383835, -34.597057 ], [ -58.382434, -34.595609 ], [ -58.382306, -34.595476 ], [ -58.382274, -34.595415 ], [ -58.382275, -34.595412 ], [ -58.382339, -34.594985 ], [ -58.384272, -34.593718 ], [ -58.386367, -34.592706 ], [ -58.387561, -34.592142 ], [ -58.387908, -34.592238 ], [ -58.389667, -34.593698 ], [ -58.390139, -34.59411 ], [ -58.390221, -34.594197 ] ] ] } },
{ "type": "Feature", "properties": { "group_index": 0, "value": 300.0, "id_punto": "2_296", "sector": 2.0 }, "geometry": { "type": "Polygon", "coordinates": [ [ [ -58.395671, -34.597455 ], [ -58.394125, -34.598888 ], [ -58.393127, -34.599611 ], [ -58.39166, -34.600394 ], [ -58.391302, -34.600354 ], [ -58.389475, -34.599864 ], [ -58.389171, -34.599618 ], [ -58.38657, -34.597195 ], [ -58.38659, -34.596836 ], [ -58.388222, -34.595669 ], [ -58.389826, -34.594546 ], [ -58.391988, -34.594027 ], [ -58.392343, -34.594084 ], [ -58.393062, -34.594661 ], [ -58.394252, -34.595738 ], [ -58.395676, -34.597095 ], [ -58.395671, -34.597455 ] ] ] } },
{ "type": "Feature", "properties": { "group_index": 0, "value": 300.0, "id_punto": "2_297", "sector": 2.0 }, "geometry": { "type": "Polygon", "coordinates": [ [ [ -58.386972, -34.59479 ], [ -58.386281, -34.595763 ], [ -58.385914, -34.596092 ], [ -58.383756, -34.59796 ], [ -58.382759, -34.598297 ], [ -58.3824, -34.598268 ], [ -58.382281, -34.59819 ], [ -58.381729, -34.597764 ], [ -58.37928, -34.595342 ], [ -58.378398, -34.594286 ], [ -58.378356, -34.594162 ], [ -58.378354, -34.594113 ], [ -58.378396, -34.593926 ], [ -58.379876, -34.592677 ], [ -58.381557, -34.591329 ], [ -58.381574, -34.591329 ], [ -58.383066, -34.591338 ], [ -58.384691, -34.592312 ], [ -58.385075, -34.592644 ], [ -58.386182, -34.593645 ], [ -58.386988, -34.594431 ], [ -58.386972, -34.59479 ] ] ] } },
{ "type": "Feature", "properties": { "group_index": 0, "value": 300.0, "id_punto": "2_298", "sector": 2.0 }, "geometry": { "type": "Polygon", "coordinates": [ [ [ -58.391525, -34.595731 ], [ -58.39152, -34.596091 ], [ -58.39029, -34.597399 ], [ -58.389942, -34.597688 ], [ -58.386977, -34.599821 ], [ -58.386618, -34.599794 ], [ -58.383822, -34.597056 ], [ -58.382671, -34.595492 ], [ -58.38269, -34.595463 ], [ -58.384313, -34.594245 ], [ -58.386818, -34.592644 ], [ -58.387545, -34.5922 ], [ -58.387892, -34.592296 ], [ -58.389656, -34.593743 ], [ -58.390084, -34.594119 ], [ -58.390221, -34.59425 ], [ -58.391525, -34.595731 ] ] ] } },
{ "type": "Feature", "properties": { "group_index": 0, "value": 300.0, "id_punto": "2_299", "sector": 2.0 }, "geometry": { "type": "Polygon", "coordinates": [ [ [ -58.389545, -34.598639 ], [ -58.388259, -34.59957 ], [ -58.385308, -34.601634 ], [ -58.385285, -34.601636 ], [ -58.385225, -34.601624 ], [ -58.385144, -34.601594 ], [ -58.383755, -34.601039 ], [ -58.381723, -34.599339 ], [ -58.38048, -34.597943 ], [ -58.380511, -34.597584 ], [ -58.3813, -34.596481 ], [ -58.382523, -34.595603 ], [ -58.384165, -34.595181 ], [ -58.385615, -34.594853 ], [ -58.385974, -34.594875 ], [ -58.386873, -34.595628 ], [ -58.388225, -34.59693 ], [ -58.389572, -34.59828 ], [ -58.389545, -34.598639 ] ] ] } },
{ "type": "Feature", "properties": { "group_index": 0, "value": 300.0, "id_punto": "2_300", "sector": 2.0 }, "geometry": { "type": "Polygon", "coordinates": [ [ [ -58.385727, -34.591933 ], [ -58.386127, -34.592638 ], [ -58.386668, -34.594416 ], [ -58.386651, -34.594776 ], [ -58.385949, -34.595265 ], [ -58.385139, -34.595817 ], [ -58.385017, -34.595899 ], [ -58.383072, -34.597154 ], [ -58.382836, -34.597209 ], [ -58.382477, -34.597186 ], [ -58.381231, -34.596364 ], [ -58.379417, -34.594852 ], [ -58.378763, -34.594286 ], [ -58.378763, -34.593926 ], [ -58.379377, -34.592687 ], [ -58.380947, -34.591339 ], [ -58.381372, -34.591055 ], [ -58.382634, -34.590348 ], [ -58.382964, -34.590204 ], [ -58.384135, -34.590726 ], [ -58.3855, -34.591654 ], [ -58.385727, -34.591933 ] ] ] } },
{ "type": "Feature", "properties": { "group_index": 0, "value": 300.0, "id_punto": "3_301", "sector": 3.0 }, "geometry": { "type": "Polygon", "coordinates": [ [ [ -58.382196, -34.598735 ], [ -58.382276, -34.598985 ], [ -58.382274, -34.599345 ], [ -58.381939, -34.600289 ], [ -58.381811, -34.600436 ], [ -58.381718, -34.600543 ], [ -58.378927, -34.602596 ], [ -58.378277, -34.603054 ], [ -58.377917, -34.603044 ], [ -58.377286, -34.602506 ], [ -58.375943, -34.601263 ], [ -58.374592, -34.599989 ], [ -58.374484, -34.599785 ], [ -58.374224, -34.598767 ], [ -58.374251, -34.598408 ], [ -58.376762, -34.596617 ], [ -58.378307, -34.595552 ], [ -58.378666, -34.595572 ], [ -58.382068, -34.598542 ], [ -58.382196, -34.598735 ] ] ] } },
{ "type": "Feature", "properties": { "group_index": 0, "value": 300.0, "id_punto": "3_302", "sector": 3.0 }, "geometry": { "type": "Polygon", "coordinates": [ [ [ -58.377984, -34.601025 ], [ -58.377961, -34.601384 ], [ -58.376494, -34.602461 ], [ -58.37541, -34.603233 ], [ -58.373985, -34.604239 ], [ -58.373625, -34.604222 ], [ -58.372632, -34.603345 ], [ -58.371342, -34.602135 ], [ -58.370099, -34.600884 ], [ -58.370021, -34.600779 ], [ -58.370063, -34.600422 ], [ -58.370452, -34.599307 ], [ -58.373187, -34.597152 ], [ -58.374126, -34.596741 ], [ -58.374485, -34.596756 ], [ -58.375101, -34.59729 ], [ -58.376451, -34.598573 ], [ -58.377782, -34.59985 ], [ -58.377984, -34.601025 ] ] ] } },
{ "type": "Feature", "properties": { "group_index": 0, "value": 300.0, "id_punto": "3_303", "sector": 3.0 }, "geometry": { "type": "Polygon", "coordinates": [ [ [ -58.385621, -34.597144 ], [ -58.384873, -34.598303 ], [ -58.384248, -34.598728 ], [ -58.381377, -34.600236 ], [ -58.381018, -34.600208 ], [ -58.379556, -34.599205 ], [ -58.377954, -34.597812 ], [ -58.376619, -34.596444 ], [ -58.37663, -34.596085 ], [ -58.378244, -34.594893 ], [ -58.378385, -34.594789 ], [ -58.379883, -34.593732 ], [ -58.381437, -34.593422 ], [ -58.381797, -34.593426 ], [ -58.383122, -34.594382 ], [ -58.384363, -34.595551 ], [ -58.385637, -34.596784 ], [ -58.385621, -34.597144 ] ] ] } },
{ "type": "Feature", "properties": { "group_index": 0, "value": 300.0, "id_punto": "3_304", "sector": 3.0 }, "geometry": { "type": "Polygon", "coordinates": [ [ [ -58.382553, -34.601381 ], [ -58.382546, -34.601424 ], [ -58.382415, -34.601579 ], [ -58.382311, -34.601674 ], [ -58.379642, -34.603782 ], [ -58.378195, -34.604726 ], [ -58.377835, -34.604706 ], [ -58.376452, -34.603939 ], [ -58.375073, -34.602692 ], [ -58.373324, -34.601086 ], [ -58.373351, -34.600727 ], [ -58.376279, -34.59856 ], [ -58.37669, -34.598293 ], [ -58.37818, -34.597707 ], [ -58.378539, -34.597732 ], [ -58.379786, -34.598806 ], [ -58.381251, -34.60013 ], [ -58.382428, -34.60122 ], [ -58.382553, -34.601381 ] ] ] } },
{ "type": "Feature", "properties": { "group_index": 0, "value": 300.0, "id_punto": "3_305", "sector": 3.0 }, "geometry": { "type": "Polygon", "coordinates": [ [ [ -58.380319, -34.602658 ], [ -58.378908, -34.603716 ], [ -58.376741, -34.605264 ], [ -58.3753, -34.605566 ], [ -58.37494, -34.605548 ], [ -58.372489, -34.603337 ], [ -58.371206, -34.602126 ], [ -58.371229, -34.601767 ], [ -58.374855, -34.599073 ], [ -58.375187, -34.598861 ], [ -58.375547, -34.598864 ], [ -58.37701, -34.599336 ], [ -58.378962, -34.601073 ], [ -58.380333, -34.602298 ], [ -58.380319, -34.602658 ] ] ] } },
{ "type": "Feature", "properties": { "group_index": 0, "value": 300.0, "id_punto": "3_306", "sector": 3.0 }, "geometry": { "type": "Polygon", "coordinates": [ [ [ -58.382933, -34.591407 ], [ -58.3831, -34.591722 ], [ -58.383097, -34.591727 ], [ -58.38176, -34.593119 ], [ -58.37964, -34.594862 ], [ -58.379057, -34.595322 ], [ -58.378667, -34.595567 ], [ -58.378307, -34.595546 ], [ -58.377115, -34.595001 ], [ -58.375484, -34.593327 ], [ -58.375432, -34.593264 ], [ -58.375236, -34.59297 ], [ -58.375943, -34.591735 ], [ -58.376211, -34.591392 ], [ -58.379361, -34.589318 ], [ -58.379411, -34.589291 ], [ -58.380823, -34.588829 ], [ -58.382933, -34.591407 ] ] ] } },
{ "type": "Feature", "properties": { "group_index": 0, "value": 300.0, "id_punto": "3_307", "sector": 3.0 }, "geometry": { "type": "Polygon", "coordinates": [ [ [ -58.381247, -34.598926 ], [ -58.381296, -34.598989 ], [ -58.381205, -34.59921 ], [ -58.378307, -34.601404 ], [ -58.37688, -34.602375 ], [ -58.376521, -34.602364 ], [ -58.37514, -34.601344 ], [ -58.373875, -34.600293 ], [ -58.372693, -34.599269 ], [ -58.372111, -34.598651 ], [ -58.372138, -34.598292 ], [ -58.373573, -34.597175 ], [ -58.375332, -34.595925 ], [ -58.375393, -34.595881 ], [ -58.376837, -34.595248 ], [ -58.377105, -34.595203 ], [ -58.377281, -34.595201 ], [ -58.379802, -34.597524 ], [ -58.381175, -34.598851 ], [ -58.381247, -34.598926 ] ] ] } },
{ "type": "Feature", "properties": { "group_index": 0, "value": 300.0, "id_punto": "3_308", "sector": 3.0 }, "geometry": { "type": "Polygon", "coordinates": [ [ [ -58.383507, -34.600206 ], [ -58.383483, -34.600566 ], [ -58.383424, -34.60066 ], [ -58.381382, -34.602113 ], [ -58.379674, -34.603284 ], [ -58.377913, -34.603184 ], [ -58.377116, -34.602497 ], [ -58.375773, -34.601254 ], [ -58.374421, -34.599977 ], [ -58.374446, -34.599618 ], [ -58.375133, -34.599095 ], [ -58.376704, -34.597978 ], [ -58.378226, -34.596941 ], [ -58.379705, -34.596956 ], [ -58.380064, -34.596975 ], [ -58.382131, -34.598733 ], [ -58.382455, -34.599058 ], [ -58.383507, -34.600206 ] ] ] } },
{ "type": "Feature", "properties": { "group_index": 0, "value": 300.0, "id_punto": "3_309", "sector": 3.0 }, "geometry": { "type": "Polygon", "coordinates": [ [ [ -58.379829, -34.595029 ], [ -58.380553, -34.596397 ], [ -58.380513, -34.596755 ], [ -58.377381, -34.599005 ], [ -58.377013, -34.59924 ], [ -58.37555, -34.599856 ], [ -58.37519, -34.599861 ], [ -58.373869, -34.598769 ], [ -58.373109, -34.598114 ], [ -58.37251, -34.597422 ], [ -58.372097, -34.596413 ], [ -58.371936, -34.595965 ], [ -58.37382, -34.593697 ], [ -58.373933, -34.593637 ], [ -58.374625, -34.593421 ], [ -58.377554, -34.593512 ], [ -58.378727, -34.59382 ], [ -58.378891, -34.593927 ], [ -58.37953, -34.594496 ], [ -58.379829, -34.595029 ] ] ] } },
{ "type": "Feature", "properties": { "group_index": 0, "value": 300.0, "id_punto": "3_310", "sector": 3.0 }, "geometry": { "type": "Polygon", "coordinates": [ [ [ -58.383888, -34.601633 ], [ -58.381371, -34.603644 ], [ -58.381109, -34.603831 ], [ -58.379586, -34.604852 ], [ -58.379227, -34.604864 ], [ -58.377876, -34.603985 ], [ -58.376139, -34.602441 ], [ -58.374793, -34.601193 ], [ -58.374819, -34.600834 ], [ -58.376249, -34.599733 ], [ -58.37813, -34.598428 ], [ -58.379662, -34.597737 ], [ -58.380021, -34.597764 ], [ -58.381425, -34.598969 ], [ -58.383901, -34.601273 ], [ -58.383888, -34.601633 ] ] ] } },
{ "type": "Feature", "properties": { "group_index": 0, "value": 300.0, "id_punto": "3_311", "sector": 3.0 }, "geometry": { "type": "Polygon", "coordinates": [ [ [ -58.3827, -34.595003 ], [ -58.382725, -34.595146 ], [ -58.382738, -34.595452 ], [ -58.38247, -34.595951 ], [ -58.382302, -34.596134 ], [ -58.378473, -34.598683 ], [ -58.378114, -34.598658 ], [ -58.3767, -34.598069 ], [ -58.375225, -34.597356 ], [ -58.374423, -34.596412 ], [ -58.374427, -34.596052 ], [ -58.374521, -34.594775 ], [ -58.374627, -34.593914 ], [ -58.374797, -34.59334 ], [ -58.375476, -34.592604 ], [ -58.376507, -34.591986 ], [ -58.376836, -34.59184 ], [ -58.378318, -34.591504 ], [ -58.379131, -34.591553 ], [ -58.379416, -34.591773 ], [ -58.381699, -34.593921 ], [ -58.3827, -34.595003 ] ] ] } },
{ "type": "Feature", "properties": { "group_index": 0, "value": 300.0, "id_punto": "3_312", "sector": 3.0 }, "geometry": { "type": "Polygon", "coordinates": [ [ [ -58.383564, -34.597379 ], [ -58.383708, -34.597848 ], [ -58.38367, -34.598206 ], [ -58.38332, -34.599301 ], [ -58.382643, -34.599899 ], [ -58.381848, -34.600549 ], [ -58.37975, -34.602021 ], [ -58.37939, -34.602004 ], [ -58.379084, -34.601769 ], [ -58.378707, -34.601421 ], [ -58.377362, -34.600173 ], [ -58.376075, -34.598906 ], [ -58.375653, -34.597687 ], [ -58.375677, -34.597327 ], [ -58.379797, -34.594473 ], [ -58.380157, -34.594487 ], [ -58.383498, -34.597304 ], [ -58.383555, -34.59736 ], [ -58.383564, -34.597379 ] ] ] } },
{ "type": "Feature", "properties": { "group_index": 0, "value": 300.0, "id_punto": "3_313", "sector": 3.0 }, "geometry": { "type": "Polygon", "coordinates": [ [ [ -58.379959, -34.601479 ], [ -58.378499, -34.602573 ], [ -58.376824, -34.603781 ], [ -58.375342, -34.604728 ], [ -58.374982, -34.60471 ], [ -58.373493, -34.603393 ], [ -58.372202, -34.602192 ], [ -58.37088, -34.600876 ], [ -58.370914, -34.600518 ], [ -58.375281, -34.597301 ], [ -58.375413, -34.59731 ], [ -58.375584, -34.597386 ], [ -58.377043, -34.59849 ], [ -58.377229, -34.598632 ], [ -58.379977, -34.60112 ], [ -58.379959, -34.601479 ] ] ] } },
{ "type": "Feature", "properties": { "group_index": 0, "value": 300.0, "id_punto": "3_314", "sector": 3.0 }, "geometry": { "type": "Polygon", "coordinates": [ [ [ -58.382213, -34.592561 ], [ -58.382489, -34.594067 ], [ -58.382289, -34.594529 ], [ -58.381143, -34.595503 ], [ -58.379539, -34.596648 ], [ -58.378566, -34.597291 ], [ -58.378207, -34.59727 ], [ -58.376052, -34.596409 ], [ -58.375265, -34.595502 ], [ -58.375159, -34.594821 ], [ -58.374953, -34.593092 ], [ -58.375193, -34.592348 ], [ -58.375208, -34.592305 ], [ -58.376211, -34.591392 ], [ -58.378485, -34.590267 ], [ -58.378859, -34.590131 ], [ -58.379954, -34.590595 ], [ -58.381112, -34.591359 ], [ -58.382213, -34.592561 ] ] ] } },
{ "type": "Feature", "properties": { "group_index": 0, "value": 300.0, "id_punto": "3_315", "sector": 3.0 }, "geometry": { "type": "Polygon", "coordinates": [ [ [ -58.383567, -34.60021 ], [ -58.383544, -34.60057 ], [ -58.383476, -34.600662 ], [ -58.379671, -34.603334 ], [ -58.379312, -34.60331 ], [ -58.377115, -34.601329 ], [ -58.375781, -34.600069 ], [ -58.3758, -34.599709 ], [ -58.375956, -34.598536 ], [ -58.379121, -34.596244 ], [ -58.379755, -34.59583 ], [ -58.380115, -34.595844 ], [ -58.382196, -34.597612 ], [ -58.383494, -34.598954 ], [ -58.383567, -34.60021 ] ] ] } },
{ "type": "Feature", "properties": { "group_index": 0, "value": 300.0, "id_punto": "3_316", "sector": 3.0 }, "geometry": { "type": "Polygon", "coordinates": [ [ [ -58.381982, -34.594067 ], [ -58.382693, -34.595048 ], [ -58.382743, -34.595272 ], [ -58.382715, -34.595631 ], [ -58.38231, -34.596058 ], [ -58.37848, -34.59859 ], [ -58.378121, -34.598565 ], [ -58.376704, -34.597965 ], [ -58.375228, -34.597252 ], [ -58.37455, -34.596413 ], [ -58.374497, -34.594702 ], [ -58.374646, -34.593263 ], [ -58.376469, -34.591807 ], [ -58.376564, -34.591744 ], [ -58.37666, -34.591681 ], [ -58.378245, -34.59138 ], [ -58.379172, -34.5915 ], [ -58.379457, -34.59172 ], [ -58.381871, -34.593934 ], [ -58.381982, -34.594067 ] ] ] } },
{ "type": "Feature", "properties": { "group_index": 0, "value": 300.0, "id_punto": "3_317", "sector": 3.0 }, "geometry": { "type": "Polygon", "coordinates": [ [ [ -58.378034, -34.602188 ], [ -58.378014, -34.602547 ], [ -58.375353, -34.604486 ], [ -58.373913, -34.605521 ], [ -58.373554, -34.605501 ], [ -58.371059, -34.603239 ], [ -58.369791, -34.602033 ], [ -58.36981, -34.601673 ], [ -58.369883, -34.601492 ], [ -58.370479, -34.600471 ], [ -58.37198, -34.599433 ], [ -58.374064, -34.598017 ], [ -58.374423, -34.598041 ], [ -58.374901, -34.598457 ], [ -58.377566, -34.600998 ], [ -58.378034, -34.602188 ] ] ] } },
{ "type": "Feature", "properties": { "group_index": 0, "value": 300.0, "id_punto": "3_318", "sector": 3.0 }, "geometry": { "type": "Polygon", "coordinates": [ [ [ -58.3803, -34.600326 ], [ -58.378753, -34.601424 ], [ -58.376869, -34.602743 ], [ -58.375403, -34.603386 ], [ -58.375043, -34.603369 ], [ -58.373766, -34.602291 ], [ -58.371107, -34.599731 ], [ -58.371132, -34.599372 ], [ -58.373831, -34.597198 ], [ -58.375432, -34.596243 ], [ -58.375515, -34.596239 ], [ -58.375757, -34.596376 ], [ -58.377587, -34.597438 ], [ -58.380322, -34.599967 ], [ -58.3803, -34.600326 ] ] ] } },
{ "type": "Feature", "properties": { "group_index": 0, "value": 300.0, "id_punto": "3_319", "sector": 3.0 }, "geometry": { "type": "Polygon", "coordinates": [ [ [ -58.382431, -34.591511 ], [ -58.382637, -34.593111 ], [ -58.379863, -34.595393 ], [ -58.378628, -34.596233 ], [ -58.378268, -34.596212 ], [ -58.377426, -34.59591 ], [ -58.376823, -34.595687 ], [ -58.374861, -34.593556 ], [ -58.374688, -34.59324 ], [ -58.374902, -34.592459 ], [ -58.374975, -34.592255 ], [ -58.375255, -34.592029 ], [ -58.376211, -34.591392 ], [ -58.379138, -34.589447 ], [ -58.379343, -34.589328 ], [ -58.380621, -34.588935 ], [ -58.382431, -34.591511 ] ] ] } },
{ "type": "Feature", "properties": { "group_index": 0, "value": 300.0, "id_punto": "3_320", "sector": 3.0 }, "geometry": { "type": "Polygon", "coordinates": [ [ [ -58.382274, -34.597615 ], [ -58.382356, -34.597729 ], [ -58.382331, -34.598088 ], [ -58.382077, -34.598378 ], [ -58.378363, -34.600923 ], [ -58.378003, -34.600911 ], [ -58.376602, -34.600572 ], [ -58.376025, -34.600081 ], [ -58.373086, -34.597507 ], [ -58.373107, -34.597147 ], [ -58.375236, -34.595663 ], [ -58.376761, -34.594736 ], [ -58.378352, -34.594348 ], [ -58.378712, -34.594355 ], [ -58.378875, -34.594467 ], [ -58.382071, -34.59739 ], [ -58.382274, -34.597615 ] ] ] } },
{ "type": "Feature", "properties": { "group_index": 0, "value": 300.0, "id_punto": "3_321", "sector": 3.0 }, "geometry": { "type": "Polygon", "coordinates": [ [ [ -58.38502, -34.596756 ], [ -58.385003, -34.597116 ], [ -58.384274, -34.598163 ], [ -58.384189, -34.598257 ], [ -58.381417, -34.59967 ], [ -58.381058, -34.599646 ], [ -58.380499, -34.599194 ], [ -58.379132, -34.597852 ], [ -58.377815, -34.596502 ], [ -58.377834, -34.596142 ], [ -58.378301, -34.594897 ], [ -58.378442, -34.594793 ], [ -58.379881, -34.593775 ], [ -58.381437, -34.592962 ], [ -58.381797, -34.592962 ], [ -58.383373, -34.594172 ], [ -58.384515, -34.595294 ], [ -58.384534, -34.595315 ], [ -58.38502, -34.596756 ] ] ] } },
{ "type": "Feature", "properties": { "group_index": 0, "value": 300.0, "id_punto": "3_322", "sector": 3.0 }, "geometry": { "type": "Polygon", "coordinates": [ [ [ -58.380432, -34.596383 ], [ -58.38097, -34.597687 ], [ -58.380955, -34.59781 ], [ -58.380912, -34.597979 ], [ -58.379433, -34.599154 ], [ -58.377955, -34.600227 ], [ -58.37695, -34.600914 ], [ -58.37659, -34.6009 ], [ -58.375628, -34.60006 ], [ -58.373453, -34.598109 ], [ -58.372847, -34.597481 ], [ -58.372908, -34.597126 ], [ -58.373519, -34.596014 ], [ -58.374383, -34.594867 ], [ -58.374507, -34.594734 ], [ -58.375336, -34.594197 ], [ -58.375391, -34.594165 ], [ -58.376702, -34.593857 ], [ -58.377681, -34.593822 ], [ -58.378715, -34.594131 ], [ -58.379133, -34.594479 ], [ -58.380432, -34.596383 ] ] ] } },
{ "type": "Feature", "properties": { "group_index": 0, "value": 300.0, "id_punto": "3_323", "sector": 3.0 }, "geometry": { "type": "Polygon", "coordinates": [ [ [ -58.376893, -34.598606 ], [ -58.376866, -34.598965 ], [ -58.375428, -34.60005 ], [ -58.372721, -34.601895 ], [ -58.372361, -34.601875 ], [ -58.371036, -34.60143 ], [ -58.3704, -34.601203 ], [ -58.370031, -34.600875 ], [ -58.368901, -34.599747 ], [ -58.367939, -34.598729 ], [ -58.367815, -34.598584 ], [ -58.367836, -34.598225 ], [ -58.368174, -34.597573 ], [ -58.368579, -34.596893 ], [ -58.373113, -34.595145 ], [ -58.373468, -34.595205 ], [ -58.375904, -34.597343 ], [ -58.376893, -34.598606 ] ] ] } },
{ "type": "Feature", "properties": { "group_index": 0, "value": 300.0, "id_punto": "3_324", "sector": 3.0 }, "geometry": { "type": "Polygon", "coordinates": [ [ [ -58.38088, -34.597616 ], [ -58.380964, -34.597737 ], [ -58.380955, -34.59781 ], [ -58.380852, -34.597975 ], [ -58.379377, -34.599152 ], [ -58.377895, -34.600222 ], [ -58.376951, -34.600864 ], [ -58.376592, -34.60085 ], [ -58.375173, -34.600465 ], [ -58.373947, -34.599452 ], [ -58.372644, -34.598332 ], [ -58.371787, -34.597376 ], [ -58.371786, -34.597302 ], [ -58.371788, -34.597248 ], [ -58.37184, -34.596946 ], [ -58.371919, -34.596871 ], [ -58.374396, -34.594746 ], [ -58.37473, -34.594612 ], [ -58.37569, -34.594482 ], [ -58.375723, -34.594478 ], [ -58.377278, -34.594487 ], [ -58.377518, -34.59449 ], [ -58.378259, -34.59478 ], [ -58.38088, -34.597616 ] ] ] } },
{ "type": "Feature", "properties": { "group_index": 0, "value": 300.0, "id_punto": "3_325", "sector": 3.0 }, "geometry": { "type": "Polygon", "coordinates": [ [ [ -58.384182, -34.592997 ], [ -58.383427, -34.594538 ], [ -58.382933, -34.595128 ], [ -58.380463, -34.596749 ], [ -58.380063, -34.596991 ], [ -58.379704, -34.596972 ], [ -58.377259, -34.595298 ], [ -58.37703, -34.595081 ], [ -58.376573, -34.594643 ], [ -58.376025, -34.593073 ], [ -58.376016, -34.592714 ], [ -58.376562, -34.592111 ], [ -58.377561, -34.591089 ], [ -58.379152, -34.589612 ], [ -58.379184, -34.589586 ], [ -58.380494, -34.589002 ], [ -58.384172, -34.592638 ], [ -58.384182, -34.592997 ] ] ] } },
{ "type": "Feature", "properties": { "group_index": 0, "value": 300.0, "id_punto": "3_326", "sector": 3.0 }, "geometry": { "type": "Polygon", "coordinates": [ [ [ -58.377235, -34.595261 ], [ -58.377752, -34.596138 ], [ -58.37849, -34.597461 ], [ -58.378545, -34.597647 ], [ -58.378539, -34.597742 ], [ -58.378473, -34.59782 ], [ -58.376999, -34.598976 ], [ -58.375562, -34.600057 ], [ -58.374187, -34.600897 ], [ -58.373828, -34.600867 ], [ -58.371001, -34.59861 ], [ -58.370763, -34.598178 ], [ -58.370607, -34.597854 ], [ -58.370367, -34.597196 ], [ -58.370386, -34.597072 ], [ -58.370658, -34.596567 ], [ -58.371857, -34.595132 ], [ -58.373718, -34.593588 ], [ -58.374246, -34.593476 ], [ -58.376836, -34.5948 ], [ -58.377235, -34.595261 ] ] ] } },
{ "type": "Feature", "properties": { "group_index": 0, "value": 300.0, "id_punto": "3_327", "sector": 3.0 }, "geometry": { "type": "Polygon", "coordinates": [ [ [ -58.383702, -34.591402 ], [ -58.383596, -34.593009 ], [ -58.382313, -34.594381 ], [ -58.382118, -34.594519 ], [ -58.380116, -34.595833 ], [ -58.379756, -34.595818 ], [ -58.37794, -34.594456 ], [ -58.376473, -34.593063 ], [ -58.376465, -34.592703 ], [ -58.378056, -34.590537 ], [ -58.379218, -34.589019 ], [ -58.37931, -34.588901 ], [ -58.379429, -34.588803 ], [ -58.379718, -34.588651 ], [ -58.381166, -34.588648 ], [ -58.383519, -34.591092 ], [ -58.383702, -34.591402 ] ] ] } },
{ "type": "Feature", "properties": { "group_index": 0, "value": 300.0, "id_punto": "3_328", "sector": 3.0 }, "geometry": { "type": "Polygon", "coordinates": [ [ [ -58.375656, -34.59307 ], [ -58.376961, -34.596095 ], [ -58.376967, -34.596152 ], [ -58.37695, -34.596455 ], [ -58.375798, -34.597696 ], [ -58.372889, -34.599355 ], [ -58.372532, -34.599314 ], [ -58.371137, -34.598578 ], [ -58.370723, -34.598198 ], [ -58.370003, -34.597483 ], [ -58.369911, -34.597339 ], [ -58.36996, -34.597013 ], [ -58.370618, -34.594998 ], [ -58.370824, -34.594498 ], [ -58.370824, -34.594497 ], [ -58.370899, -34.594313 ], [ -58.370975, -34.59413 ], [ -58.372441, -34.592345 ], [ -58.372717, -34.592113 ], [ -58.373918, -34.592257 ], [ -58.374044, -34.592275 ], [ -58.375467, -34.592764 ], [ -58.375656, -34.59307 ] ] ] } },
{ "type": "Feature", "properties": { "group_index": 0, "value": 300.0, "id_punto": "3_329", "sector": 3.0 }, "geometry": { "type": "Polygon", "coordinates": [ [ [ -58.381277, -34.601359 ], [ -58.381275, -34.601377 ], [ -58.381105, -34.601536 ], [ -58.379697, -34.602635 ], [ -58.378262, -34.603674 ], [ -58.376763, -34.604719 ], [ -58.376404, -34.604704 ], [ -58.373726, -34.602289 ], [ -58.3724, -34.601015 ], [ -58.372432, -34.600657 ], [ -58.373525, -34.599548 ], [ -58.374209, -34.599025 ], [ -58.374967, -34.598462 ], [ -58.376736, -34.597215 ], [ -58.377095, -34.59723 ], [ -58.377525, -34.597435 ], [ -58.380244, -34.599962 ], [ -58.381277, -34.601359 ] ] ] } },
{ "type": "Feature", "properties": { "group_index": 0, "value": 300.0, "id_punto": "3_330", "sector": 3.0 }, "geometry": { "type": "Polygon", "coordinates": [ [ [ -58.383358, -34.595226 ], [ -58.383328, -34.595584 ], [ -58.382886, -34.596124 ], [ -58.381793, -34.59702 ], [ -58.380348, -34.597931 ], [ -58.379993, -34.598148 ], [ -58.378487, -34.598483 ], [ -58.378128, -34.598458 ], [ -58.37524, -34.596824 ], [ -58.375071, -34.596418 ], [ -58.374944, -34.595435 ], [ -58.37499, -34.594909 ], [ -58.375264, -34.593508 ], [ -58.375295, -34.593464 ], [ -58.376715, -34.592456 ], [ -58.378425, -34.591684 ], [ -58.380293, -34.592261 ], [ -58.382258, -34.593954 ], [ -58.383358, -34.595226 ] ] ] } },
{ "type": "Feature", "properties": { "group_index": 0, "value": 300.0, "id_punto": "3_331", "sector": 3.0 }, "geometry": { "type": "Polygon", "coordinates": [ [ [ -58.382793, -34.592922 ], [ -58.382757, -34.5931 ], [ -58.382707, -34.593209 ], [ -58.382005, -34.593813 ], [ -58.380093, -34.595413 ], [ -58.378491, -34.596541 ], [ -58.378361, -34.596531 ], [ -58.376583, -34.59571 ], [ -58.374276, -34.593866 ], [ -58.374111, -34.593546 ], [ -58.374535, -34.591983 ], [ -58.374592, -34.591782 ], [ -58.374872, -34.591556 ], [ -58.379164, -34.589781 ], [ -58.381584, -34.591329 ], [ -58.382794, -34.592562 ], [ -58.382793, -34.592922 ] ] ] } },
{ "type": "Feature", "properties": { "group_index": 0, "value": 300.0, "id_punto": "3_332", "sector": 3.0 }, "geometry": { "type": "Polygon", "coordinates": [ [ [ -58.387523, -34.597249 ], [ -58.386411, -34.598417 ], [ -58.38461, -34.599837 ], [ -58.384179, -34.600002 ], [ -58.382439, -34.600498 ], [ -58.382425, -34.600497 ], [ -58.382415, -34.600496 ], [ -58.382401, -34.600494 ], [ -58.381622, -34.599857 ], [ -58.379623, -34.597876 ], [ -58.378512, -34.596544 ], [ -58.378548, -34.596185 ], [ -58.380065, -34.595049 ], [ -58.381652, -34.59392 ], [ -58.381741, -34.59387 ], [ -58.382563, -34.593655 ], [ -58.382923, -34.593663 ], [ -58.384618, -34.594246 ], [ -58.384682, -34.594277 ], [ -58.385971, -34.595391 ], [ -58.386093, -34.595506 ], [ -58.387544, -34.59689 ], [ -58.387523, -34.597249 ] ] ] } },
{ "type": "Feature", "properties": { "group_index": 0, "value": 300.0, "id_punto": "3_333", "sector": 3.0 }, "geometry": { "type": "Polygon", "coordinates": [ [ [ -58.382792, -34.597882 ], [ -58.382788, -34.597939 ], [ -58.382684, -34.598105 ], [ -58.381541, -34.599333 ], [ -58.380178, -34.600319 ], [ -58.378583, -34.601416 ], [ -58.378336, -34.60157 ], [ -58.377977, -34.601553 ], [ -58.377744, -34.60137 ], [ -58.375041, -34.598829 ], [ -58.373814, -34.597558 ], [ -58.373846, -34.5972 ], [ -58.378417, -34.593926 ], [ -58.378533, -34.593926 ], [ -58.378534, -34.593926 ], [ -58.378571, -34.593926 ], [ -58.37921, -34.594482 ], [ -58.381482, -34.596595 ], [ -58.382672, -34.597745 ], [ -58.382792, -34.597882 ] ] ] } },
{ "type": "Feature", "properties": { "group_index": 0, "value": 300.0, "id_punto": "3_334", "sector": 3.0 }, "geometry": { "type": "Polygon", "coordinates": [ [ [ -58.383469, -34.591307 ], [ -58.383506, -34.59136 ], [ -58.383426, -34.591557 ], [ -58.382034, -34.593201 ], [ -58.378676, -34.595289 ], [ -58.378322, -34.59526 ], [ -58.377987, -34.595122 ], [ -58.377451, -34.59489 ], [ -58.375744, -34.593104 ], [ -58.375636, -34.592817 ], [ -58.375638, -34.592749 ], [ -58.376089, -34.591802 ], [ -58.376214, -34.591577 ], [ -58.376311, -34.591442 ], [ -58.379168, -34.589076 ], [ -58.381008, -34.588731 ], [ -58.38325, -34.591039 ], [ -58.383469, -34.591307 ] ] ] } },
{ "type": "Feature", "properties": { "group_index": 0, "value": 300.0, "id_punto": "3_335", "sector": 3.0 }, "geometry": { "type": "Polygon", "coordinates": [ [ [ -58.377491, -34.601354 ], [ -58.376024, -34.602434 ], [ -58.374003, -34.603851 ], [ -58.372585, -34.604304 ], [ -58.372225, -34.604284 ], [ -58.36909, -34.601707 ], [ -58.368374, -34.600697 ], [ -58.368393, -34.600437 ], [ -58.368411, -34.600393 ], [ -58.368492, -34.600203 ], [ -58.372356, -34.597557 ], [ -58.37278, -34.597391 ], [ -58.373136, -34.59745 ], [ -58.37442, -34.598084 ], [ -58.374849, -34.598453 ], [ -58.377514, -34.600994 ], [ -58.377491, -34.601354 ] ] ] } },
{ "type": "Feature", "properties": { "group_index": 0, "value": 300.0, "id_punto": "3_336", "sector": 3.0 }, "geometry": { "type": "Polygon", "coordinates": [ [ [ -58.384664, -34.599972 ], [ -58.384859, -34.600291 ], [ -58.384841, -34.60065 ], [ -58.381956, -34.602822 ], [ -58.381243, -34.603217 ], [ -58.380884, -34.603246 ], [ -58.379671, -34.603332 ], [ -58.379312, -34.603308 ], [ -58.377117, -34.601329 ], [ -58.375783, -34.600069 ], [ -58.375803, -34.599709 ], [ -58.379707, -34.596908 ], [ -58.380067, -34.596927 ], [ -58.381392, -34.59716 ], [ -58.381571, -34.597214 ], [ -58.382149, -34.597609 ], [ -58.383622, -34.598964 ], [ -58.384415, -34.599711 ], [ -58.384664, -34.599972 ] ] ] } },
{ "type": "Feature", "properties": { "group_index": 0, "value": 300.0, "id_punto": "3_337", "sector": 3.0 }, "geometry": { "type": "Polygon", "coordinates": [ [ [ -58.378216, -34.602198 ], [ -58.378197, -34.602557 ], [ -58.376819, -34.603589 ], [ -58.375243, -34.604743 ], [ -58.373778, -34.605792 ], [ -58.373712, -34.605787 ], [ -58.373545, -34.605649 ], [ -58.370876, -34.603227 ], [ -58.369609, -34.602023 ], [ -58.369616, -34.601791 ], [ -58.369628, -34.601664 ], [ -58.370656, -34.600493 ], [ -58.372163, -34.599446 ], [ -58.374054, -34.598168 ], [ -58.374413, -34.598192 ], [ -58.376042, -34.599722 ], [ -58.377383, -34.600986 ], [ -58.378216, -34.602198 ] ] ] } },
{ "type": "Feature", "properties": { "group_index": 0, "value": 300.0, "id_punto": "3_338", "sector": 3.0 }, "geometry": { "type": "Polygon", "coordinates": [ [ [ -58.382851, -34.601595 ], [ -58.382447, -34.602698 ], [ -58.382398, -34.602753 ], [ -58.381557, -34.603492 ], [ -58.381133, -34.603827 ], [ -58.379645, -34.604973 ], [ -58.379554, -34.605042 ], [ -58.379427, -34.605042 ], [ -58.379342, -34.605031 ], [ -58.379314, -34.60502 ], [ -58.379201, -34.60497 ], [ -58.376579, -34.602466 ], [ -58.376342, -34.601284 ], [ -58.37636, -34.600925 ], [ -58.377797, -34.599851 ], [ -58.3796, -34.59859 ], [ -58.379959, -34.598616 ], [ -58.380223, -34.598823 ], [ -58.381454, -34.599937 ], [ -58.382864, -34.601235 ], [ -58.382851, -34.601595 ] ] ] } },
{ "type": "Feature", "properties": { "group_index": 0, "value": 300.0, "id_punto": "3_339", "sector": 3.0 }, "geometry": { "type": "Polygon", "coordinates": [ [ [ -58.382898, -34.591396 ], [ -58.382885, -34.591756 ], [ -58.382047, -34.592943 ], [ -58.381797, -34.593163 ], [ -58.379768, -34.594867 ], [ -58.379185, -34.595334 ], [ -58.37866, -34.595673 ], [ -58.378301, -34.595652 ], [ -58.37757, -34.595403 ], [ -58.377074, -34.595016 ], [ -58.375308, -34.593286 ], [ -58.375279, -34.592927 ], [ -58.375411, -34.592541 ], [ -58.375852, -34.591788 ], [ -58.376211, -34.591392 ], [ -58.379138, -34.589447 ], [ -58.379325, -34.589339 ], [ -58.380761, -34.588861 ], [ -58.382898, -34.591396 ] ] ] } },
{ "type": "Feature", "properties": { "group_index": 0, "value": 300.0, "id_punto": "3_340", "sector": 3.0 }, "geometry": { "type": "Polygon", "coordinates": [ [ [ -58.380027, -34.592674 ], [ -58.380035, -34.593034 ], [ -58.379511, -34.594288 ], [ -58.379043, -34.595321 ], [ -58.378667, -34.595555 ], [ -58.377141, -34.596196 ], [ -58.37675, -34.596255 ], [ -58.37551, -34.596337 ], [ -58.372863, -34.595217 ], [ -58.37214, -34.594282 ], [ -58.372565, -34.592492 ], [ -58.373018, -34.591227 ], [ -58.373243, -34.590611 ], [ -58.373531, -34.59013 ], [ -58.373619, -34.590084 ], [ -58.378377, -34.590335 ], [ -58.378508, -34.590453 ], [ -58.380027, -34.592674 ] ] ] } },
{ "type": "Feature", "properties": { "group_index": 0, "value": 300.0, "id_punto": "3_341", "sector": 3.0 }, "geometry": { "type": "Polygon", "coordinates": [ [ [ -58.378544, -34.594916 ], [ -58.37927, -34.596259 ], [ -58.379579, -34.597513 ], [ -58.379561, -34.597873 ], [ -58.378083, -34.599061 ], [ -58.37665, -34.600115 ], [ -58.375519, -34.600935 ], [ -58.375159, -34.600924 ], [ -58.373898, -34.599939 ], [ -58.372741, -34.598956 ], [ -58.372436, -34.598675 ], [ -58.371287, -34.597346 ], [ -58.371261, -34.597199 ], [ -58.371491, -34.596718 ], [ -58.372057, -34.595929 ], [ -58.372863, -34.594898 ], [ -58.373875, -34.593668 ], [ -58.373933, -34.593637 ], [ -58.373935, -34.593636 ], [ -58.373994, -34.593606 ], [ -58.375596, -34.593661 ], [ -58.377768, -34.594342 ], [ -58.377783, -34.594351 ], [ -58.378111, -34.594559 ], [ -58.37845, -34.594794 ], [ -58.378544, -34.594916 ] ] ] } },
{ "type": "Feature", "properties": { "group_index": 0, "value": 300.0, "id_punto": "3_342", "sector": 3.0 }, "geometry": { "type": "Polygon", "coordinates": [ [ [ -58.382292, -34.602384 ], [ -58.382285, -34.602495 ], [ -58.382226, -34.602673 ], [ -58.380868, -34.603826 ], [ -58.380754, -34.603917 ], [ -58.379329, -34.604974 ], [ -58.378137, -34.605797 ], [ -58.377896, -34.605873 ], [ -58.376384, -34.605196 ], [ -58.375903, -34.604786 ], [ -58.374447, -34.603446 ], [ -58.373163, -34.602253 ], [ -58.373185, -34.601894 ], [ -58.374654, -34.600822 ], [ -58.376648, -34.599375 ], [ -58.378095, -34.598951 ], [ -58.378454, -34.598971 ], [ -58.382231, -34.602261 ], [ -58.382292, -34.602384 ] ] ] } },
{ "type": "Feature", "properties": { "group_index": 0, "value": 300.0, "id_punto": "3_343", "sector": 3.0 }, "geometry": { "type": "Polygon", "coordinates": [ [ [ -58.377986, -34.598691 ], [ -58.379103, -34.599921 ], [ -58.379225, -34.600103 ], [ -58.379224, -34.600146 ], [ -58.379092, -34.60028 ], [ -58.376151, -34.602441 ], [ -58.375422, -34.60295 ], [ -58.374046, -34.602975 ], [ -58.373686, -34.602956 ], [ -58.372875, -34.602235 ], [ -58.370607, -34.600055 ], [ -58.370214, -34.599644 ], [ -58.370251, -34.599286 ], [ -58.37302, -34.597143 ], [ -58.374139, -34.596406 ], [ -58.37553, -34.596446 ], [ -58.375586, -34.596461 ], [ -58.37677, -34.597399 ], [ -58.377986, -34.598691 ] ] ] } },
{ "type": "Feature", "properties": { "group_index": 0, "value": 300.0, "id_punto": "3_344", "sector": 3.0 }, "geometry": { "type": "Polygon", "coordinates": [ [ [ -58.382162, -34.599412 ], [ -58.37831, -34.602101 ], [ -58.377951, -34.602083 ], [ -58.377101, -34.601328 ], [ -58.375753, -34.600067 ], [ -58.374398, -34.59878 ], [ -58.374425, -34.598421 ], [ -58.374706, -34.597265 ], [ -58.376287, -34.596088 ], [ -58.378492, -34.594453 ], [ -58.378524, -34.594452 ], [ -58.378534, -34.594452 ], [ -58.378566, -34.594454 ], [ -58.382106, -34.597607 ], [ -58.382162, -34.599412 ] ] ] } },
{ "type": "Feature", "properties": { "group_index": 0, "value": 300.0, "id_punto": "3_345", "sector": 3.0 }, "geometry": { "type": "Polygon", "coordinates": [ [ [ -58.381861, -34.602372 ], [ -58.382159, -34.603544 ], [ -58.381992, -34.604099 ], [ -58.38141, -34.604569 ], [ -58.378059, -34.606825 ], [ -58.3777, -34.606797 ], [ -58.376844, -34.606429 ], [ -58.374034, -34.603423 ], [ -58.374054, -34.603064 ], [ -58.374432, -34.601974 ], [ -58.377326, -34.599809 ], [ -58.378074, -34.599314 ], [ -58.378433, -34.599334 ], [ -58.381804, -34.602288 ], [ -58.381861, -34.602372 ] ] ] } },
{ "type": "Feature", "properties": { "group_index": 0, "value": 300.0, "id_punto": "3_346", "sector": 3.0 }, "geometry": { "type": "Polygon", "coordinates": [ [ [ -58.385251, -34.597127 ], [ -58.384504, -34.598278 ], [ -58.384262, -34.598423 ], [ -58.381995, -34.599628 ], [ -58.381399, -34.59993 ], [ -58.38104, -34.599906 ], [ -58.379535, -34.599514 ], [ -58.377403, -34.597789 ], [ -58.376253, -34.596484 ], [ -58.376091, -34.596281 ], [ -58.376095, -34.596261 ], [ -58.37622, -34.5961 ], [ -58.376867, -34.595554 ], [ -58.376868, -34.595553 ], [ -58.37687, -34.595551 ], [ -58.376872, -34.59555 ], [ -58.378425, -34.594453 ], [ -58.379891, -34.593444 ], [ -58.380251, -34.593454 ], [ -58.381864, -34.593715 ], [ -58.382331, -34.593977 ], [ -58.382465, -34.594053 ], [ -58.382913, -34.594422 ], [ -58.385267, -34.596767 ], [ -58.385251, -34.597127 ] ] ] } },
{ "type": "Feature", "properties": { "group_index": 0, "value": 300.0, "id_punto": "3_347", "sector": 3.0 }, "geometry": { "type": "Polygon", "coordinates": [ [ [ -58.380734, -34.602314 ], [ -58.380721, -34.602673 ], [ -58.379325, -34.603743 ], [ -58.376727, -34.605608 ], [ -58.376367, -34.605593 ], [ -58.375422, -34.604755 ], [ -58.373966, -34.603419 ], [ -58.372682, -34.602223 ], [ -58.372704, -34.601863 ], [ -58.373122, -34.60071 ], [ -58.375277, -34.599107 ], [ -58.37605, -34.598543 ], [ -58.376698, -34.598104 ], [ -58.377058, -34.598119 ], [ -58.377678, -34.598667 ], [ -58.380427, -34.601142 ], [ -58.380734, -34.602314 ] ] ] } },
{ "type": "Feature", "properties": { "group_index": 0, "value": 300.0, "id_punto": "3_348", "sector": 3.0 }, "geometry": { "type": "Polygon", "coordinates": [ [ [ -58.380826, -34.589234 ], [ -58.3806, -34.593026 ], [ -58.379092, -34.594837 ], [ -58.378527, -34.595276 ], [ -58.377585, -34.595469 ], [ -58.377293, -34.595512 ], [ -58.374523, -34.594781 ], [ -58.373396, -34.593992 ], [ -58.373049, -34.593092 ], [ -58.373018, -34.592596 ], [ -58.373481, -34.591154 ], [ -58.373655, -34.590716 ], [ -58.373675, -34.590689 ], [ -58.373961, -34.59047 ], [ -58.3794, -34.589296 ], [ -58.380658, -34.588916 ], [ -58.380826, -34.589234 ] ] ] } },
{ "type": "Feature", "properties": { "group_index": 0, "value": 300.0, "id_punto": "3_349", "sector": 3.0 }, "geometry": { "type": "Polygon", "coordinates": [ [ [ -58.377906, -34.597454 ], [ -58.378271, -34.598717 ], [ -58.378238, -34.599075 ], [ -58.375335, -34.601231 ], [ -58.374106, -34.601938 ], [ -58.373747, -34.60191 ], [ -58.3708, -34.599309 ], [ -58.370145, -34.598492 ], [ -58.370173, -34.598134 ], [ -58.370698, -34.597148 ], [ -58.371292, -34.596385 ], [ -58.371396, -34.596262 ], [ -58.373685, -34.594841 ], [ -58.374599, -34.594348 ], [ -58.376728, -34.595867 ], [ -58.377906, -34.597454 ] ] ] } },
{ "type": "Feature", "properties": { "group_index": 0, "value": 300.0, "id_punto": "3_350", "sector": 3.0 }, "geometry": { "type": "Polygon", "coordinates": [ [ [ -58.377803, -34.597449 ], [ -58.377784, -34.597809 ], [ -58.377446, -34.59901 ], [ -58.37601, -34.600081 ], [ -58.375535, -34.600407 ], [ -58.374156, -34.601282 ], [ -58.373798, -34.601254 ], [ -58.372416, -34.600921 ], [ -58.370895, -34.599715 ], [ -58.369867, -34.598471 ], [ -58.369894, -34.598112 ], [ -58.370156, -34.597191 ], [ -58.370642, -34.596576 ], [ -58.371909, -34.595705 ], [ -58.373222, -34.594821 ], [ -58.374279, -34.59455 ], [ -58.374637, -34.594583 ], [ -58.376628, -34.595914 ], [ -58.377803, -34.597449 ] ] ] } },
{ "type": "Feature", "properties": { "group_index": 0, "value": 300.0, "id_punto": "3_351", "sector": 3.0 }, "geometry": { "type": "Polygon", "coordinates": [ [ [ -58.382124, -34.601214 ], [ -58.382115, -34.601574 ], [ -58.381576, -34.602099 ], [ -58.379268, -34.60374 ], [ -58.378208, -34.604478 ], [ -58.377849, -34.604458 ], [ -58.375565, -34.602407 ], [ -58.37422, -34.601152 ], [ -58.374245, -34.600793 ], [ -58.374482, -34.59962 ], [ -58.375169, -34.599098 ], [ -58.376702, -34.598007 ], [ -58.378224, -34.59697 ], [ -58.378584, -34.596991 ], [ -58.381975, -34.599986 ], [ -58.382124, -34.601214 ] ] ] } },
{ "type": "Feature", "properties": { "group_index": 0, "value": 300.0, "id_punto": "3_352", "sector": 3.0 }, "geometry": { "type": "Polygon", "coordinates": [ [ [ -58.382369, -34.594149 ], [ -58.382369, -34.594152 ], [ -58.382327, -34.595399 ], [ -58.382276, -34.595595 ], [ -58.382116, -34.595767 ], [ -58.380662, -34.596771 ], [ -58.378505, -34.598226 ], [ -58.378146, -34.598201 ], [ -58.376711, -34.5978 ], [ -58.375232, -34.597087 ], [ -58.37475, -34.596415 ], [ -58.374529, -34.594802 ], [ -58.374563, -34.594128 ], [ -58.374796, -34.593371 ], [ -58.376311, -34.591442 ], [ -58.376344, -34.591423 ], [ -58.37807, -34.591085 ], [ -58.379575, -34.591261 ], [ -58.382261, -34.593954 ], [ -58.382369, -34.594149 ] ] ] } },
{ "type": "Feature", "properties": { "group_index": 0, "value": 300.0, "id_punto": "3_353", "sector": 3.0 }, "geometry": { "type": "Polygon", "coordinates": [ [ [ -58.379219, -34.594975 ], [ -58.37987, -34.59632 ], [ -58.379833, -34.596678 ], [ -58.378647, -34.597829 ], [ -58.377174, -34.598989 ], [ -58.375736, -34.600066 ], [ -58.375541, -34.600182 ], [ -58.375181, -34.600171 ], [ -58.374982, -34.600018 ], [ -58.374504, -34.599622 ], [ -58.373483, -34.598759 ], [ -58.372673, -34.598055 ], [ -58.3712, -34.596564 ], [ -58.372403, -34.594665 ], [ -58.373329, -34.593413 ], [ -58.373617, -34.593198 ], [ -58.37526, -34.592934 ], [ -58.375414, -34.592936 ], [ -58.375562, -34.592951 ], [ -58.378457, -34.593995 ], [ -58.378918, -34.594469 ], [ -58.379219, -34.594975 ] ] ] } },
{ "type": "Feature", "properties": { "group_index": 0, "value": 300.0, "id_punto": "3_354", "sector": 3.0 }, "geometry": { "type": "Polygon", "coordinates": [ [ [ -58.38363, -34.600214 ], [ -58.383606, -34.600574 ], [ -58.38353, -34.600664 ], [ -58.381576, -34.602111 ], [ -58.379667, -34.603386 ], [ -58.379308, -34.603362 ], [ -58.377916, -34.603086 ], [ -58.377235, -34.602503 ], [ -58.375892, -34.601261 ], [ -58.37454, -34.599985 ], [ -58.374565, -34.599626 ], [ -58.375252, -34.599105 ], [ -58.376016, -34.598541 ], [ -58.37822, -34.59704 ], [ -58.37971, -34.596854 ], [ -58.38007, -34.596873 ], [ -58.382068, -34.598538 ], [ -58.38363, -34.600214 ] ] ] } },
{ "type": "Feature", "properties": { "group_index": 0, "value": 300.0, "id_punto": "3_355", "sector": 3.0 }, "geometry": { "type": "Polygon", "coordinates": [ [ [ -58.382261, -34.600115 ], [ -58.382337, -34.600224 ], [ -58.382331, -34.600298 ], [ -58.381827, -34.601564 ], [ -58.381719, -34.601659 ], [ -58.378984, -34.603721 ], [ -58.378222, -34.604244 ], [ -58.377862, -34.604224 ], [ -58.375849, -34.602424 ], [ -58.374504, -34.601172 ], [ -58.374173, -34.59996 ], [ -58.374198, -34.599601 ], [ -58.374885, -34.599075 ], [ -58.376712, -34.597772 ], [ -58.378238, -34.596736 ], [ -58.378597, -34.596757 ], [ -58.380954, -34.598851 ], [ -58.381986, -34.599792 ], [ -58.382261, -34.600115 ] ] ] } },
{ "type": "Feature", "properties": { "group_index": 0, "value": 300.0, "id_punto": "3_356", "sector": 3.0 }, "geometry": { "type": "Polygon", "coordinates": [ [ [ -58.376992, -34.598614 ], [ -58.376965, -34.598973 ], [ -58.376465, -34.600105 ], [ -58.375523, -34.600782 ], [ -58.374121, -34.601746 ], [ -58.372696, -34.602335 ], [ -58.372336, -34.602315 ], [ -58.372167, -34.602189 ], [ -58.370542, -34.600842 ], [ -58.369434, -34.599563 ], [ -58.369288, -34.599373 ], [ -58.369351, -34.598277 ], [ -58.369417, -34.598062 ], [ -58.371554, -34.596581 ], [ -58.373012, -34.595749 ], [ -58.373367, -34.595808 ], [ -58.374504, -34.596303 ], [ -58.375891, -34.597342 ], [ -58.376992, -34.598614 ] ] ] } },
{ "type": "Feature", "properties": { "group_index": 0, "value": 300.0, "id_punto": "3_357", "sector": 3.0 }, "geometry": { "type": "Polygon", "coordinates": [ [ [ -58.378683, -34.596199 ], [ -58.378647, -34.596557 ], [ -58.37766, -34.597802 ], [ -58.376078, -34.598906 ], [ -58.374507, -34.599983 ], [ -58.374249, -34.600136 ], [ -58.37389, -34.600107 ], [ -58.370578, -34.597455 ], [ -58.370502, -34.597361 ], [ -58.370255, -34.596799 ], [ -58.371154, -34.595096 ], [ -58.37318, -34.593046 ], [ -58.3734, -34.59295 ], [ -58.375039, -34.593041 ], [ -58.377663, -34.59459 ], [ -58.378047, -34.594878 ], [ -58.378683, -34.596199 ] ] ] } },
{ "type": "Feature", "properties": { "group_index": 0, "value": 300.0, "id_punto": "3_358", "sector": 3.0 }, "geometry": { "type": "Polygon", "coordinates": [ [ [ -58.387293, -34.595643 ], [ -58.387283, -34.596003 ], [ -58.384736, -34.598294 ], [ -58.384253, -34.598615 ], [ -58.382508, -34.599346 ], [ -58.382485, -34.599346 ], [ -58.382074, -34.599092 ], [ -58.380998, -34.597986 ], [ -58.379734, -34.596668 ], [ -58.378658, -34.595287 ], [ -58.378689, -34.594929 ], [ -58.379764, -34.593928 ], [ -58.381251, -34.592658 ], [ -58.381424, -34.592563 ], [ -58.382668, -34.59245 ], [ -58.383028, -34.592473 ], [ -58.383614, -34.592649 ], [ -58.384645, -34.593116 ], [ -58.38604, -34.594388 ], [ -58.387161, -34.595436 ], [ -58.387293, -34.595643 ] ] ] } },
{ "type": "Feature", "properties": { "group_index": 0, "value": 300.0, "id_punto": "3_359", "sector": 3.0 }, "geometry": { "type": "Polygon", "coordinates": [ [ [ -58.379117, -34.599921 ], [ -58.379225, -34.600103 ], [ -58.379224, -34.600158 ], [ -58.379106, -34.600281 ], [ -58.376165, -34.602442 ], [ -58.375421, -34.602962 ], [ -58.374038, -34.603131 ], [ -58.373678, -34.603112 ], [ -58.372686, -34.602223 ], [ -58.370569, -34.600208 ], [ -58.370026, -34.599625 ], [ -58.370063, -34.599267 ], [ -58.373027, -34.597143 ], [ -58.374139, -34.596419 ], [ -58.374499, -34.596433 ], [ -58.375363, -34.596522 ], [ -58.375428, -34.59654 ], [ -58.376691, -34.597396 ], [ -58.379117, -34.599921 ] ] ] } },
{ "type": "Feature", "properties": { "group_index": 0, "value": 300.0, "id_punto": "3_360", "sector": 3.0 }, "geometry": { "type": "Polygon", "coordinates": [ [ [ -58.383295, -34.591276 ], [ -58.38333, -34.591463 ], [ -58.383313, -34.591616 ], [ -58.382062, -34.59292 ], [ -58.381797, -34.593117 ], [ -58.378805, -34.5953 ], [ -58.378679, -34.595359 ], [ -58.378319, -34.595338 ], [ -58.37735, -34.594938 ], [ -58.377274, -34.59486 ], [ -58.375526, -34.593031 ], [ -58.375437, -34.592907 ], [ -58.375447, -34.592776 ], [ -58.376122, -34.591631 ], [ -58.376311, -34.591442 ], [ -58.379184, -34.589104 ], [ -58.379224, -34.589073 ], [ -58.380945, -34.588764 ], [ -58.38326, -34.591089 ], [ -58.383295, -34.591276 ] ] ] } },
{ "type": "Feature", "properties": { "group_index": 0, "value": 300.0, "id_punto": "3_361", "sector": 3.0 }, "geometry": { "type": "Polygon", "coordinates": [ [ [ -58.380826, -34.589234 ], [ -58.380599, -34.593026 ], [ -58.379091, -34.594837 ], [ -58.378526, -34.595276 ], [ -58.377585, -34.595469 ], [ -58.377293, -34.595512 ], [ -58.374523, -34.594782 ], [ -58.373396, -34.593992 ], [ -58.373048, -34.593091 ], [ -58.373018, -34.592595 ], [ -58.37348, -34.591154 ], [ -58.373654, -34.590716 ], [ -58.373675, -34.590688 ], [ -58.373961, -34.590469 ], [ -58.379401, -34.589296 ], [ -58.380658, -34.588916 ], [ -58.380826, -34.589234 ] ] ] } },
{ "type": "Feature", "properties": { "group_index": 0, "value": 300.0, "id_punto": "3_362", "sector": 3.0 }, "geometry": { "type": "Polygon", "coordinates": [ [ [ -58.378822, -34.601427 ], [ -58.375378, -34.60394 ], [ -58.373974, -34.604467 ], [ -58.373614, -34.60445 ], [ -58.370985, -34.602128 ], [ -58.369855, -34.600987 ], [ -58.369747, -34.600747 ], [ -58.369788, -34.60039 ], [ -58.374096, -34.597446 ], [ -58.374456, -34.597466 ], [ -58.375562, -34.598173 ], [ -58.37613, -34.598635 ], [ -58.378838, -34.601067 ], [ -58.378822, -34.601427 ] ] ] } },
{ "type": "Feature", "properties": { "group_index": 0, "value": 300.0, "id_punto": "3_363", "sector": 3.0 }, "geometry": { "type": "Polygon", "coordinates": [ [ [ -58.384292, -34.594244 ], [ -58.384264, -34.594603 ], [ -58.382972, -34.595689 ], [ -58.38267, -34.595938 ], [ -58.382296, -34.596193 ], [ -58.380027, -34.597683 ], [ -58.379667, -34.597664 ], [ -58.376573, -34.59571 ], [ -58.376087, -34.595307 ], [ -58.37608, -34.5953 ], [ -58.375986, -34.59492 ], [ -58.376091, -34.594069 ], [ -58.376169, -34.593774 ], [ -58.376812, -34.592695 ], [ -58.377967, -34.591618 ], [ -58.379421, -34.590385 ], [ -58.379734, -34.590207 ], [ -58.381651, -34.591329 ], [ -58.381904, -34.591482 ], [ -58.383388, -34.592649 ], [ -58.384292, -34.594244 ] ] ] } },
{ "type": "Feature", "properties": { "group_index": 0, "value": 300.0, "id_punto": "3_364", "sector": 3.0 }, "geometry": { "type": "Polygon", "coordinates": [ [ [ -58.381798, -34.592562 ], [ -58.38291, -34.594218 ], [ -58.38291, -34.59422 ], [ -58.382707, -34.594671 ], [ -58.381553, -34.595538 ], [ -58.379945, -34.596691 ], [ -58.378546, -34.597629 ], [ -58.378187, -34.597608 ], [ -58.375868, -34.596585 ], [ -58.375785, -34.596544 ], [ -58.37568, -34.59649 ], [ -58.375314, -34.596205 ], [ -58.375306, -34.596197 ], [ -58.374672, -34.595146 ], [ -58.374858, -34.593885 ], [ -58.374901, -34.593644 ], [ -58.375266, -34.592902 ], [ -58.375426, -34.59258 ], [ -58.376197, -34.591587 ], [ -58.376311, -34.591442 ], [ -58.376359, -34.591414 ], [ -58.37825, -34.590415 ], [ -58.378555, -34.590421 ], [ -58.380114, -34.590878 ], [ -58.380705, -34.59131 ], [ -58.381798, -34.592562 ] ] ] } },
{ "type": "Feature", "properties": { "group_index": 0, "value": 300.0, "id_punto": "3_365", "sector": 3.0 }, "geometry": { "type": "Polygon", "coordinates": [ [ [ -58.385853, -34.595566 ], [ -58.385853, -34.595575 ], [ -58.384034, -34.597395 ], [ -58.383587, -34.597796 ], [ -58.381459, -34.59896 ], [ -58.381099, -34.598948 ], [ -58.379673, -34.597878 ], [ -58.377007, -34.595697 ], [ -58.376971, -34.59565 ], [ -58.376912, -34.595433 ], [ -58.376986, -34.594664 ], [ -58.37715, -34.594468 ], [ -58.377362, -34.594241 ], [ -58.379922, -34.592516 ], [ -58.381401, -34.592012 ], [ -58.381761, -34.591998 ], [ -58.382511, -34.592561 ], [ -58.384585, -34.594268 ], [ -58.385692, -34.595381 ], [ -58.385853, -34.595566 ] ] ] } },
{ "type": "Feature", "properties": { "group_index": 0, "value": 300.0, "id_punto": "3_366", "sector": 3.0 }, "geometry": { "type": "Polygon", "coordinates": [ [ [ -58.379924, -34.600304 ], [ -58.375398, -34.603494 ], [ -58.375039, -34.603478 ], [ -58.373707, -34.60258 ], [ -58.373331, -34.602264 ], [ -58.370672, -34.599692 ], [ -58.3707, -34.599333 ], [ -58.370834, -34.599183 ], [ -58.37365, -34.597182 ], [ -58.37527, -34.596235 ], [ -58.375489, -34.596135 ], [ -58.375617, -34.596166 ], [ -58.375868, -34.596321 ], [ -58.377284, -34.597423 ], [ -58.379945, -34.599944 ], [ -58.379924, -34.600304 ] ] ] } },
{ "type": "Feature", "properties": { "group_index": 0, "value": 300.0, "id_punto": "3_367", "sector": 3.0 }, "geometry": { "type": "Polygon", "coordinates": [ [ [ -58.38085, -34.602678 ], [ -58.380252, -34.603796 ], [ -58.37961, -34.604285 ], [ -58.377183, -34.606047 ], [ -58.376697, -34.60637 ], [ -58.376337, -34.606356 ], [ -58.373065, -34.603369 ], [ -58.372547, -34.602214 ], [ -58.37257, -34.601855 ], [ -58.374039, -34.600778 ], [ -58.376667, -34.598867 ], [ -58.377027, -34.598881 ], [ -58.379514, -34.601097 ], [ -58.380864, -34.602318 ], [ -58.38085, -34.602678 ] ] ] } },
{ "type": "Feature", "properties": { "group_index": 0, "value": 300.0, "id_punto": "3_368", "sector": 3.0 }, "geometry": { "type": "Polygon", "coordinates": [ [ [ -58.38305, -34.591347 ], [ -58.383214, -34.591667 ], [ -58.381947, -34.59292 ], [ -58.381717, -34.593113 ], [ -58.379502, -34.594856 ], [ -58.37892, -34.59531 ], [ -58.378673, -34.595454 ], [ -58.378314, -34.595433 ], [ -58.377172, -34.594962 ], [ -58.375394, -34.592961 ], [ -58.37539, -34.592811 ], [ -58.3761, -34.591537 ], [ -58.376363, -34.591291 ], [ -58.379213, -34.5894 ], [ -58.379361, -34.589318 ], [ -58.379525, -34.589228 ], [ -58.38089, -34.588794 ], [ -58.38305, -34.591347 ] ] ] } },
{ "type": "Feature", "properties": { "group_index": 0, "value": 300.0, "id_punto": "3_369", "sector": 3.0 }, "geometry": { "type": "Polygon", "coordinates": [ [ [ -58.383153, -34.599288 ], [ -58.382652, -34.599761 ], [ -58.381988, -34.600329 ], [ -58.381713, -34.600542 ], [ -58.379756, -34.601883 ], [ -58.378301, -34.602283 ], [ -58.377942, -34.602266 ], [ -58.37688, -34.601314 ], [ -58.375532, -34.600055 ], [ -58.374211, -34.598766 ], [ -58.374026, -34.598582 ], [ -58.374028, -34.59856 ], [ -58.374171, -34.598408 ], [ -58.376764, -34.596579 ], [ -58.378309, -34.595513 ], [ -58.378668, -34.595534 ], [ -58.380105, -34.596103 ], [ -58.381795, -34.597589 ], [ -58.382743, -34.5985 ], [ -58.383181, -34.598929 ], [ -58.383153, -34.599288 ] ] ] } },
{ "type": "Feature", "properties": { "group_index": 0, "value": 300.0, "id_punto": "3_370", "sector": 3.0 }, "geometry": { "type": "Polygon", "coordinates": [ [ [ -58.382474, -34.59114 ], [ -58.382642, -34.591387 ], [ -58.382631, -34.591747 ], [ -58.382119, -34.593195 ], [ -58.379438, -34.595356 ], [ -58.378648, -34.595882 ], [ -58.378289, -34.595861 ], [ -58.376775, -34.595165 ], [ -58.375187, -34.593372 ], [ -58.375005, -34.593061 ], [ -58.375259, -34.592314 ], [ -58.375276, -34.592274 ], [ -58.376211, -34.591392 ], [ -58.379138, -34.589447 ], [ -58.379353, -34.589322 ], [ -58.380639, -34.588926 ], [ -58.382474, -34.59114 ] ] ] } },
{ "type": "Feature", "properties": { "group_index": 0, "value": 300.0, "id_punto": "3_371", "sector": 3.0 }, "geometry": { "type": "Polygon", "coordinates": [ [ [ -58.382141, -34.598734 ], [ -58.382176, -34.598985 ], [ -58.382187, -34.599407 ], [ -58.381998, -34.599573 ], [ -58.378307, -34.602163 ], [ -58.377947, -34.602146 ], [ -58.377026, -34.601324 ], [ -58.375678, -34.600063 ], [ -58.374323, -34.598774 ], [ -58.37435, -34.598415 ], [ -58.374781, -34.59727 ], [ -58.378012, -34.594875 ], [ -58.378153, -34.594772 ], [ -58.378345, -34.594663 ], [ -58.378705, -34.594673 ], [ -58.380588, -34.596401 ], [ -58.381867, -34.597595 ], [ -58.381972, -34.597703 ], [ -58.382141, -34.598734 ] ] ] } },
{ "type": "Feature", "properties": { "group_index": 0, "value": 300.0, "id_punto": "3_372", "sector": 3.0 }, "geometry": { "type": "Polygon", "coordinates": [ [ [ -58.388318, -34.596032 ], [ -58.387748, -34.597263 ], [ -58.384582, -34.599813 ], [ -58.384187, -34.599861 ], [ -58.383828, -34.599839 ], [ -58.382297, -34.599103 ], [ -58.381238, -34.598005 ], [ -58.381167, -34.597903 ], [ -58.38063, -34.596768 ], [ -58.380634, -34.595459 ], [ -58.380664, -34.595101 ], [ -58.381374, -34.5944 ], [ -58.381706, -34.594106 ], [ -58.381935, -34.593918 ], [ -58.383865, -34.592646 ], [ -58.384251, -34.592492 ], [ -58.384566, -34.592414 ], [ -58.384899, -34.592645 ], [ -58.386177, -34.593669 ], [ -58.388117, -34.595465 ], [ -58.388236, -34.595579 ], [ -58.388328, -34.595672 ], [ -58.388318, -34.596032 ] ] ] } },
{ "type": "Feature", "properties": { "group_index": 0, "value": 300.0, "id_punto": "3_373", "sector": 3.0 }, "geometry": { "type": "Polygon", "coordinates": [ [ [ -58.383792, -34.598977 ], [ -58.383764, -34.599336 ], [ -58.382436, -34.600497 ], [ -58.379733, -34.602388 ], [ -58.379373, -34.602372 ], [ -58.377966, -34.601761 ], [ -58.377492, -34.601354 ], [ -58.376145, -34.600088 ], [ -58.374789, -34.59881 ], [ -58.374815, -34.598451 ], [ -58.376742, -34.597084 ], [ -58.37828, -34.596018 ], [ -58.379765, -34.595583 ], [ -58.380125, -34.595597 ], [ -58.382533, -34.597646 ], [ -58.383792, -34.598977 ] ] ] } },
{ "type": "Feature", "properties": { "group_index": 0, "value": 300.0, "id_punto": "3_374", "sector": 3.0 }, "geometry": { "type": "Polygon", "coordinates": [ [ [ -58.383156, -34.602428 ], [ -58.383139, -34.602788 ], [ -58.381815, -34.603998 ], [ -58.38166, -34.604126 ], [ -58.379526, -34.605578 ], [ -58.378149, -34.605638 ], [ -58.37779, -34.605621 ], [ -58.374155, -34.602317 ], [ -58.374179, -34.601957 ], [ -58.377074, -34.599786 ], [ -58.378086, -34.599106 ], [ -58.378445, -34.599126 ], [ -58.379903, -34.599411 ], [ -58.380629, -34.599986 ], [ -58.381857, -34.601091 ], [ -58.381988, -34.601211 ], [ -58.382095, -34.60131 ], [ -58.382518, -34.601724 ], [ -58.383156, -34.602428 ] ] ] } },
{ "type": "Feature", "properties": { "group_index": 0, "value": 300.0, "id_punto": "3_375", "sector": 3.0 }, "geometry": { "type": "Polygon", "coordinates": [ [ [ -58.379592, -34.601461 ], [ -58.378131, -34.602554 ], [ -58.375168, -34.604738 ], [ -58.375158, -34.604738 ], [ -58.373644, -34.603815 ], [ -58.373125, -34.603373 ], [ -58.371834, -34.602167 ], [ -58.370508, -34.600837 ], [ -58.370449, -34.600742 ], [ -58.370459, -34.600653 ], [ -58.370463, -34.600628 ], [ -58.370485, -34.600541 ], [ -58.370554, -34.60048 ], [ -58.372054, -34.599438 ], [ -58.37406, -34.598078 ], [ -58.37522, -34.597529 ], [ -58.37558, -34.597539 ], [ -58.37703, -34.598792 ], [ -58.379608, -34.601102 ], [ -58.379592, -34.601461 ] ] ] } },
{ "type": "Feature", "properties": { "group_index": 0, "value": 300.0, "id_punto": "3_376", "sector": 3.0 }, "geometry": { "type": "Polygon", "coordinates": [ [ [ -58.377649, -34.595173 ], [ -58.377734, -34.595286 ], [ -58.379368, -34.597503 ], [ -58.379351, -34.597863 ], [ -58.377875, -34.599043 ], [ -58.376439, -34.600103 ], [ -58.375524, -34.600761 ], [ -58.374201, -34.600725 ], [ -58.373842, -34.600696 ], [ -58.371269, -34.598591 ], [ -58.370866, -34.598129 ], [ -58.370462, -34.597313 ], [ -58.370811, -34.59648 ], [ -58.373244, -34.594823 ], [ -58.374413, -34.594068 ], [ -58.375665, -34.594306 ], [ -58.375984, -34.594396 ], [ -58.377498, -34.595013 ], [ -58.377649, -34.595173 ] ] ] } },
{ "type": "Feature", "properties": { "group_index": 0, "value": 300.0, "id_punto": "3_377", "sector": 3.0 }, "geometry": { "type": "Polygon", "coordinates": [ [ [ -58.381947, -34.600249 ], [ -58.382438, -34.601409 ], [ -58.382437, -34.601415 ], [ -58.382265, -34.601577 ], [ -58.381575, -34.602174 ], [ -58.379414, -34.603749 ], [ -58.378202, -34.604598 ], [ -58.377842, -34.604578 ], [ -58.375419, -34.602399 ], [ -58.374074, -34.601141 ], [ -58.3741, -34.600782 ], [ -58.37449, -34.599746 ], [ -58.374627, -34.59963 ], [ -58.375314, -34.59911 ], [ -58.376078, -34.598545 ], [ -58.378217, -34.597091 ], [ -58.378577, -34.597112 ], [ -58.380523, -34.598835 ], [ -58.381823, -34.600076 ], [ -58.381947, -34.600249 ] ] ] } },
{ "type": "Feature", "properties": { "group_index": 0, "value": 300.0, "id_punto": "3_378", "sector": 3.0 }, "geometry": { "type": "Polygon", "coordinates": [ [ [ -58.383121, -34.58799 ], [ -58.381732, -34.59184 ], [ -58.378724, -34.593894 ], [ -58.378364, -34.593877 ], [ -58.375752, -34.593257 ], [ -58.375532, -34.593175 ], [ -58.375233, -34.592975 ], [ -58.374916, -34.592695 ], [ -58.374887, -34.592659 ], [ -58.374929, -34.592445 ], [ -58.374993, -34.592276 ], [ -58.375273, -34.59205 ], [ -58.376211, -34.591392 ], [ -58.379051, -34.58942 ], [ -58.380401, -34.588494 ], [ -58.382946, -34.587676 ], [ -58.383121, -34.58799 ] ] ] } },
{ "type": "Feature", "properties": { "group_index": 0, "value": 300.0, "id_punto": "3_379", "sector": 3.0 }, "geometry": { "type": "Polygon", "coordinates": [ [ [ -58.385853, -34.595566 ], [ -58.385852, -34.595607 ], [ -58.384054, -34.597747 ], [ -58.383802, -34.598005 ], [ -58.381411, -34.599381 ], [ -58.381252, -34.599366 ], [ -58.381051, -34.599215 ], [ -58.377529, -34.595854 ], [ -58.377161, -34.595305 ], [ -58.377255, -34.594764 ], [ -58.377398, -34.594434 ], [ -58.377977, -34.594048 ], [ -58.379908, -34.592852 ], [ -58.3814, -34.591981 ], [ -58.381759, -34.591966 ], [ -58.382838, -34.592737 ], [ -58.384624, -34.594271 ], [ -58.38573, -34.595382 ], [ -58.385853, -34.595566 ] ] ] } },
{ "type": "Feature", "properties": { "group_index": 0, "value": 300.0, "id_punto": "3_380", "sector": 3.0 }, "geometry": { "type": "Polygon", "coordinates": [ [ [ -58.376871, -34.599768 ], [ -58.376839, -34.600126 ], [ -58.375374, -34.601233 ], [ -58.374097, -34.602059 ], [ -58.372678, -34.602649 ], [ -58.372318, -34.602628 ], [ -58.370419, -34.601027 ], [ -58.370163, -34.600796 ], [ -58.36905, -34.599519 ], [ -58.368951, -34.599328 ], [ -58.368971, -34.59928 ], [ -58.368973, -34.599274 ], [ -58.368995, -34.599227 ], [ -58.369856, -34.598109 ], [ -58.371406, -34.596902 ], [ -58.373029, -34.59599 ], [ -58.373134, -34.595996 ], [ -58.374491, -34.596617 ], [ -58.37527, -34.597301 ], [ -58.376612, -34.598585 ], [ -58.376871, -34.599768 ] ] ] } },
{ "type": "Feature", "properties": { "group_index": 0, "value": 300.0, "id_punto": "3_381", "sector": 3.0 }, "geometry": { "type": "Polygon", "coordinates": [ [ [ -58.382996, -34.5914 ], [ -58.382983, -34.591759 ], [ -58.381789, -34.593123 ], [ -58.37967, -34.594863 ], [ -58.379087, -34.595325 ], [ -58.378665, -34.595591 ], [ -58.378306, -34.59557 ], [ -58.377106, -34.595004 ], [ -58.375411, -34.593375 ], [ -58.375355, -34.593308 ], [ -58.37523, -34.592979 ], [ -58.375444, -34.592588 ], [ -58.375922, -34.591747 ], [ -58.376211, -34.591392 ], [ -58.379361, -34.589318 ], [ -58.379386, -34.589304 ], [ -58.380809, -34.588836 ], [ -58.382996, -34.5914 ] ] ] } },
{ "type": "Feature", "properties": { "group_index": 0, "value": 300.0, "id_punto": "3_382", "sector": 3.0 }, "geometry": { "type": "Polygon", "coordinates": [ [ [ -58.382866, -34.601596 ], [ -58.382445, -34.60271 ], [ -58.382412, -34.602753 ], [ -58.381557, -34.603505 ], [ -58.381147, -34.603824 ], [ -58.379648, -34.604972 ], [ -58.379554, -34.605043 ], [ -58.379427, -34.605042 ], [ -58.379342, -34.605031 ], [ -58.3793, -34.605015 ], [ -58.379201, -34.604972 ], [ -58.376564, -34.602465 ], [ -58.376327, -34.601283 ], [ -58.376346, -34.600924 ], [ -58.377783, -34.59985 ], [ -58.3796, -34.598577 ], [ -58.379959, -34.598604 ], [ -58.380237, -34.598824 ], [ -58.381469, -34.599938 ], [ -58.382879, -34.601236 ], [ -58.382866, -34.601596 ] ] ] } },
{ "type": "Feature", "properties": { "group_index": 0, "value": 300.0, "id_punto": "3_383", "sector": 3.0 }, "geometry": { "type": "Polygon", "coordinates": [ [ [ -58.383371, -34.595227 ], [ -58.383833, -34.596696 ], [ -58.383811, -34.597055 ], [ -58.383733, -34.597301 ], [ -58.383667, -34.597498 ], [ -58.383658, -34.597519 ], [ -58.379878, -34.599794 ], [ -58.379519, -34.59977 ], [ -58.377187, -34.597779 ], [ -58.375847, -34.596541 ], [ -58.375786, -34.596361 ], [ -58.375786, -34.596356 ], [ -58.375786, -34.596318 ], [ -58.375787, -34.596303 ], [ -58.375829, -34.596181 ], [ -58.376686, -34.594466 ], [ -58.379934, -34.592236 ], [ -58.380294, -34.592251 ], [ -58.382259, -34.593954 ], [ -58.383371, -34.595227 ] ] ] } },
{ "type": "Feature", "properties": { "group_index": 0, "value": 300.0, "id_punto": "3_384", "sector": 3.0 }, "geometry": { "type": "Polygon", "coordinates": [ [ [ -58.381936, -34.602863 ], [ -58.382499, -34.603561 ], [ -58.382484, -34.603921 ], [ -58.381788, -34.604586 ], [ -58.381485, -34.604856 ], [ -58.379346, -34.606313 ], [ -58.378037, -34.60715 ], [ -58.377677, -34.607135 ], [ -58.376505, -34.606608 ], [ -58.376332, -34.606483 ], [ -58.373434, -34.60339 ], [ -58.373454, -34.60303 ], [ -58.374833, -34.602001 ], [ -58.376596, -34.600734 ], [ -58.378046, -34.599808 ], [ -58.378405, -34.599828 ], [ -58.378523, -34.5999 ], [ -58.381907, -34.602829 ], [ -58.381936, -34.602863 ] ] ] } },
{ "type": "Feature", "properties": { "group_index": 0, "value": 300.0, "id_punto": "3_385", "sector": 3.0 }, "geometry": { "type": "Polygon", "coordinates": [ [ [ -58.381072, -34.598856 ], [ -58.381058, -34.599216 ], [ -58.378182, -34.601398 ], [ -58.376884, -34.602275 ], [ -58.376524, -34.602257 ], [ -58.372747, -34.598917 ], [ -58.372622, -34.598689 ], [ -58.372607, -34.598639 ], [ -58.372623, -34.598501 ], [ -58.372623, -34.5985 ], [ -58.37264, -34.598362 ], [ -58.372648, -34.59833 ], [ -58.3732, -34.597153 ], [ -58.376876, -34.594874 ], [ -58.377727, -34.594892 ], [ -58.380319, -34.597567 ], [ -58.381072, -34.598856 ] ] ] } },
{ "type": "Feature", "properties": { "group_index": 0, "value": 300.0, "id_punto": "3_386", "sector": 3.0 }, "geometry": { "type": "Polygon", "coordinates": [ [ [ -58.383209, -34.595213 ], [ -58.383179, -34.595572 ], [ -58.38289, -34.596001 ], [ -58.38178, -34.596935 ], [ -58.380199, -34.597918 ], [ -58.380002, -34.598025 ], [ -58.378479, -34.598606 ], [ -58.37812, -34.598581 ], [ -58.375236, -34.596947 ], [ -58.374921, -34.596417 ], [ -58.374824, -34.595491 ], [ -58.374861, -34.594971 ], [ -58.37495, -34.594442 ], [ -58.375165, -34.593522 ], [ -58.375684, -34.592886 ], [ -58.375735, -34.592848 ], [ -58.376664, -34.59234 ], [ -58.378359, -34.591574 ], [ -58.380289, -34.592374 ], [ -58.382023, -34.593917 ], [ -58.382694, -34.59452 ], [ -58.383209, -34.595213 ] ] ] } },
{ "type": "Feature", "properties": { "group_index": 0, "value": 300.0, "id_punto": "3_387", "sector": 3.0 }, "geometry": { "type": "Polygon", "coordinates": [ [ [ -58.382274, -34.597615 ], [ -58.382356, -34.597729 ], [ -58.382331, -34.598088 ], [ -58.382077, -34.598378 ], [ -58.378363, -34.600923 ], [ -58.378003, -34.600911 ], [ -58.376602, -34.600572 ], [ -58.376025, -34.600081 ], [ -58.373086, -34.597507 ], [ -58.373107, -34.597147 ], [ -58.375236, -34.595663 ], [ -58.376761, -34.594736 ], [ -58.378352, -34.594348 ], [ -58.378712, -34.594355 ], [ -58.378875, -34.594467 ], [ -58.382071, -34.59739 ], [ -58.382274, -34.597615 ] ] ] } },
{ "type": "Feature", "properties": { "group_index": 0, "value": 300.0, "id_punto": "3_388", "sector": 3.0 }, "geometry": { "type": "Polygon", "coordinates": [ [ [ -58.383136, -34.587982 ], [ -58.383607, -34.591458 ], [ -58.383454, -34.591708 ], [ -58.382262, -34.593163 ], [ -58.380159, -34.594444 ], [ -58.379799, -34.59443 ], [ -58.378381, -34.593534 ], [ -58.377708, -34.593038 ], [ -58.376574, -34.591989 ], [ -58.376593, -34.591725 ], [ -58.379051, -34.58942 ], [ -58.380401, -34.588494 ], [ -58.382961, -34.587667 ], [ -58.383136, -34.587982 ] ] ] } },
{ "type": "Feature", "properties": { "group_index": 0, "value": 300.0, "id_punto": "3_389", "sector": 3.0 }, "geometry": { "type": "Polygon", "coordinates": [ [ [ -58.383754, -34.594202 ], [ -58.383726, -34.594561 ], [ -58.382926, -34.595267 ], [ -58.382338, -34.595744 ], [ -58.380761, -34.596783 ], [ -58.38005, -34.597239 ], [ -58.378569, -34.597246 ], [ -58.378209, -34.597225 ], [ -58.376061, -34.596337 ], [ -58.375277, -34.595458 ], [ -58.375206, -34.594797 ], [ -58.37525, -34.593663 ], [ -58.375251, -34.593652 ], [ -58.37531, -34.593502 ], [ -58.375676, -34.592888 ], [ -58.376506, -34.591984 ], [ -58.377721, -34.591202 ], [ -58.378031, -34.591019 ], [ -58.380109, -34.590869 ], [ -58.380718, -34.591312 ], [ -58.382249, -34.592561 ], [ -58.383754, -34.594202 ] ] ] } },
{ "type": "Feature", "properties": { "group_index": 0, "value": 300.0, "id_punto": "3_390", "sector": 3.0 }, "geometry": { "type": "Polygon", "coordinates": [ [ [ -58.379785, -34.601252 ], [ -58.379781, -34.601329 ], [ -58.378621, -34.60258 ], [ -58.377243, -34.603614 ], [ -58.375667, -34.60477 ], [ -58.375329, -34.604986 ], [ -58.374969, -34.604968 ], [ -58.373192, -34.603376 ], [ -58.371908, -34.602172 ], [ -58.371011, -34.600889 ], [ -58.371046, -34.600531 ], [ -58.373942, -34.598411 ], [ -58.375222, -34.597485 ], [ -58.375581, -34.597495 ], [ -58.376915, -34.598608 ], [ -58.379662, -34.601104 ], [ -58.379785, -34.601252 ] ] ] } },
{ "type": "Feature", "properties": { "group_index": 0, "value": 300.0, "id_punto": "3_391", "sector": 3.0 }, "geometry": { "type": "Polygon", "coordinates": [ [ [ -58.385117, -34.597121 ], [ -58.384371, -34.598269 ], [ -58.381407, -34.59982 ], [ -58.381048, -34.599796 ], [ -58.379528, -34.599624 ], [ -58.37731, -34.597785 ], [ -58.376166, -34.596502 ], [ -58.376154, -34.596477 ], [ -58.376069, -34.59622 ], [ -58.376074, -34.596197 ], [ -58.376089, -34.596123 ], [ -58.377869, -34.594759 ], [ -58.37829, -34.594455 ], [ -58.379894, -34.593341 ], [ -58.380254, -34.593351 ], [ -58.381791, -34.593807 ], [ -58.382094, -34.593917 ], [ -58.382918, -34.59447 ], [ -58.385134, -34.596761 ], [ -58.385117, -34.597121 ] ] ] } },
{ "type": "Feature", "properties": { "group_index": 0, "value": 300.0, "id_punto": "3_392", "sector": 3.0 }, "geometry": { "type": "Polygon", "coordinates": [ [ [ -58.383771, -34.597855 ], [ -58.383733, -34.598213 ], [ -58.382, -34.599545 ], [ -58.379804, -34.600947 ], [ -58.379445, -34.600924 ], [ -58.378011, -34.600666 ], [ -58.376075, -34.598906 ], [ -58.374673, -34.597624 ], [ -58.374695, -34.597264 ], [ -58.376276, -34.596089 ], [ -58.378482, -34.594453 ], [ -58.379799, -34.594428 ], [ -58.380159, -34.594442 ], [ -58.383475, -34.597294 ], [ -58.383564, -34.597379 ], [ -58.383771, -34.597855 ] ] ] } },
{ "type": "Feature", "properties": { "group_index": 0, "value": 300.0, "id_punto": "3_393", "sector": 3.0 }, "geometry": { "type": "Polygon", "coordinates": [ [ [ -58.383591, -34.601622 ], [ -58.383114, -34.602786 ], [ -58.381791, -34.604001 ], [ -58.381647, -34.604127 ], [ -58.379527, -34.605561 ], [ -58.379168, -34.605543 ], [ -58.378864, -34.605357 ], [ -58.375863, -34.602425 ], [ -58.375603, -34.601245 ], [ -58.375622, -34.600886 ], [ -58.377061, -34.599785 ], [ -58.379644, -34.597981 ], [ -58.380003, -34.598008 ], [ -58.381989, -34.599744 ], [ -58.383604, -34.601262 ], [ -58.383591, -34.601622 ] ] ] } },
{ "type": "Feature", "properties": { "group_index": 0, "value": 300.0, "id_punto": "3_394", "sector": 3.0 }, "geometry": { "type": "Polygon", "coordinates": [ [ [ -58.377658, -34.596133 ], [ -58.378712, -34.597471 ], [ -58.37971, -34.598804 ], [ -58.379697, -34.599163 ], [ -58.378257, -34.600251 ], [ -58.375318, -34.602393 ], [ -58.375263, -34.60239 ], [ -58.373802, -34.601195 ], [ -58.372277, -34.599815 ], [ -58.370997, -34.598616 ], [ -58.371054, -34.598206 ], [ -58.372015, -34.597055 ], [ -58.374476, -34.594945 ], [ -58.374574, -34.594873 ], [ -58.37481, -34.594811 ], [ -58.375163, -34.594819 ], [ -58.375472, -34.594842 ], [ -58.375866, -34.59489 ], [ -58.376286, -34.594945 ], [ -58.37699, -34.595336 ], [ -58.377072, -34.595391 ], [ -58.377658, -34.596133 ] ] ] } },
{ "type": "Feature", "properties": { "group_index": 0, "value": 300.0, "id_punto": "3_395", "sector": 3.0 }, "geometry": { "type": "Polygon", "coordinates": [ [ [ -58.380989, -34.600368 ], [ -58.380215, -34.601492 ], [ -58.378754, -34.602587 ], [ -58.37681, -34.603992 ], [ -58.37645, -34.603968 ], [ -58.375072, -34.602722 ], [ -58.373289, -34.601084 ], [ -58.372495, -34.599642 ], [ -58.372499, -34.599602 ], [ -58.372638, -34.599479 ], [ -58.374073, -34.598415 ], [ -58.375219, -34.597593 ], [ -58.376768, -34.596483 ], [ -58.377127, -34.596498 ], [ -58.378342, -34.597453 ], [ -58.381011, -34.600009 ], [ -58.380989, -34.600368 ] ] ] } },
{ "type": "Feature", "properties": { "group_index": 0, "value": 300.0, "id_punto": "3_396", "sector": 3.0 }, "geometry": { "type": "Polygon", "coordinates": [ [ [ -58.384355, -34.596892 ], [ -58.385444, -34.599068 ], [ -58.38542, -34.599427 ], [ -58.385227, -34.600038 ], [ -58.384932, -34.600244 ], [ -58.381573, -34.602239 ], [ -58.381236, -34.60243 ], [ -58.380876, -34.602416 ], [ -58.378441, -34.600258 ], [ -58.377144, -34.598987 ], [ -58.377172, -34.598628 ], [ -58.377567, -34.597437 ], [ -58.379302, -34.596262 ], [ -58.381336, -34.594926 ], [ -58.381695, -34.594952 ], [ -58.381879, -34.595058 ], [ -58.38421, -34.596719 ], [ -58.384355, -34.596892 ] ] ] } },
{ "type": "Feature", "properties": { "group_index": 0, "value": 300.0, "id_punto": "3_397", "sector": 3.0 }, "geometry": { "type": "Polygon", "coordinates": [ [ [ -58.380336, -34.599188 ], [ -58.378893, -34.600274 ], [ -58.376914, -34.601681 ], [ -58.375462, -34.602059 ], [ -58.375103, -34.602039 ], [ -58.373818, -34.600989 ], [ -58.372528, -34.599832 ], [ -58.371263, -34.598591 ], [ -58.37113, -34.598345 ], [ -58.371136, -34.598333 ], [ -58.372192, -34.597497 ], [ -58.37518, -34.59519 ], [ -58.377206, -34.595619 ], [ -58.38035, -34.598828 ], [ -58.380336, -34.599188 ] ] ] } },
{ "type": "Feature", "properties": { "group_index": 0, "value": 300.0, "id_punto": "3_398", "sector": 3.0 }, "geometry": { "type": "Polygon", "coordinates": [ [ [ -58.381973, -34.593977 ], [ -58.382049, -34.594077 ], [ -58.382325, -34.595333 ], [ -58.382327, -34.595399 ], [ -58.382214, -34.595591 ], [ -58.382079, -34.595764 ], [ -58.380601, -34.596765 ], [ -58.378509, -34.598175 ], [ -58.378149, -34.59815 ], [ -58.376701, -34.598048 ], [ -58.375226, -34.597336 ], [ -58.374449, -34.596412 ], [ -58.374452, -34.596052 ], [ -58.374481, -34.594652 ], [ -58.374562, -34.593309 ], [ -58.376177, -34.591747 ], [ -58.376504, -34.591535 ], [ -58.378197, -34.591299 ], [ -58.379198, -34.591466 ], [ -58.379483, -34.591686 ], [ -58.38192, -34.593918 ], [ -58.381941, -34.59394 ], [ -58.381973, -34.593977 ] ] ] } },
{ "type": "Feature", "properties": { "group_index": 0, "value": 300.0, "id_punto": "3_399", "sector": 3.0 }, "geometry": { "type": "Polygon", "coordinates": [ [ [ -58.38517, -34.595712 ], [ -58.383485, -34.597477 ], [ -58.383451, -34.597504 ], [ -58.382082, -34.598293 ], [ -58.381484, -34.59855 ], [ -58.381125, -34.598526 ], [ -58.379625, -34.598244 ], [ -58.376897, -34.596185 ], [ -58.376591, -34.59576 ], [ -58.376589, -34.595711 ], [ -58.376569, -34.594522 ], [ -58.377326, -34.593905 ], [ -58.379938, -34.592133 ], [ -58.380298, -34.592148 ], [ -58.381778, -34.592413 ], [ -58.382006, -34.59256 ], [ -58.384634, -34.594777 ], [ -58.385191, -34.595352 ], [ -58.38517, -34.595712 ] ] ] } },
{ "type": "Feature", "properties": { "group_index": 0, "value": 300.0, "id_punto": "3_400", "sector": 3.0 }, "geometry": { "type": "Polygon", "coordinates": [ [ [ -58.381158, -34.589059 ], [ -58.381973, -34.591331 ], [ -58.382012, -34.591483 ], [ -58.382008, -34.591843 ], [ -58.381804, -34.593125 ], [ -58.379685, -34.594864 ], [ -58.379102, -34.595326 ], [ -58.378664, -34.595604 ], [ -58.378305, -34.595583 ], [ -58.377565, -34.595384 ], [ -58.377101, -34.595006 ], [ -58.375413, -34.593377 ], [ -58.375355, -34.593308 ], [ -58.374971, -34.592526 ], [ -58.374986, -34.592415 ], [ -58.375031, -34.592323 ], [ -58.37531, -34.592097 ], [ -58.379429, -34.588803 ], [ -58.379697, -34.588662 ], [ -58.38099, -34.588741 ], [ -58.381158, -34.589059 ] ] ] } }
]
}
