{
"type": "FeatureCollection",
"name": "isocronas10_sp",
"crs": { "type": "name", "properties": { "name": "urn:ogc:def:crs:OGC:1.3:CRS84" } },
"features": [
{ "type": "Feature", "properties": { "id": 1, "isomin": 0.0, "isomax": 10.0, "id_punto": "1_1", "sector": 1.0 }, "geometry": { "type": "MultiPolygon", "coordinates": [ [ [ [ -58.386780205022141, -34.583409214350382 ], [ -58.387143895420571, -34.583109787229183 ], [ -58.387911686261695, -34.58335174862291 ], [ -58.388679477102833, -34.58335174862291 ], [ -58.388749276270204, -34.583409214350382 ], [ -58.389447267943957, -34.583741909886463 ], [ -58.390215058785074, -34.583696542391792 ], [ -58.390982849626212, -34.583935981667437 ], [ -58.391110814766385, -34.584041334730188 ], [ -58.391750640467336, -34.584374027735691 ], [ -58.39251843130846, -34.584527577904396 ], [ -58.392695613810261, -34.584673450301878 ], [ -58.392774361588835, -34.585305561065468 ], [ -58.39251843130846, -34.58551626358485 ], [ -58.392234064330268, -34.585937667020893 ], [ -58.392262501028078, -34.586569768168111 ], [ -58.392152816622215, -34.587201864507087 ], [ -58.39251843130846, -34.587728607783248 ], [ -58.392646396448647, -34.587833956037784 ], [ -58.39251843130846, -34.587939304158738 ], [ -58.392184609203625, -34.588466042760139 ], [ -58.392223127138799, -34.589098124674138 ], [ -58.392152816622215, -34.589730201779744 ], [ -58.391878605607523, -34.590362274076888 ], [ -58.391750640467336, -34.59046761899225 ], [ -58.391494710186954, -34.590994341565569 ], [ -58.391750640467336, -34.591269152017325 ], [ -58.392184609203625, -34.591626404245702 ], [ -58.391750640467336, -34.591983654937849 ], [ -58.39131667173104, -34.591626404245702 ], [ -58.390982849626212, -34.591415717219924 ], [ -58.390708638611521, -34.591626404245702 ], [ -58.390982849626212, -34.592258462117279 ], [ -58.390215058785074, -34.592615710091522 ], [ -58.389447267943957, -34.592557856272819 ], [ -58.388679477102833, -34.592518719843206 ], [ -58.387911686261695, -34.592603218929533 ], [ -58.387143895420571, -34.59249548257938 ], [ -58.38637610457944, -34.592574489249827 ], [ -58.385608313738317, -34.592574489249827 ], [ -58.384840522897193, -34.59289051518023 ], [ -58.384840522897193, -34.59289051518023 ], [ -58.384072732056062, -34.592947974311159 ], [ -58.384002932888691, -34.59289051518023 ], [ -58.383624854065403, -34.592258462117279 ], [ -58.383304941214938, -34.592040511670241 ], [ -58.382878390747642, -34.592258462117279 ], [ -58.382537150373814, -34.592539375183343 ], [ -58.382195909999972, -34.592258462117279 ], [ -58.381769359532676, -34.591683864250903 ], [ -58.381699560365313, -34.591626404245702 ], [ -58.381321481542024, -34.590994341565569 ], [ -58.381001568691559, -34.590760243056351 ], [ -58.380518144828628, -34.590362274076888 ], [ -58.380660328317731, -34.589730201779744 ], [ -58.380599392536674, -34.589098124674138 ], [ -58.381001568691559, -34.588767034747455 ], [ -58.381428119158848, -34.588466042760139 ], [ -58.381769359532676, -34.588185115921611 ], [ -58.382017033997563, -34.587833956037784 ], [ -58.382537150373814, -34.587405765526206 ], [ -58.383304941214938, -34.587316790597583 ], [ -58.383452593299772, -34.587201864507087 ], [ -58.384072732056062, -34.586691325529806 ], [ -58.384192699374999, -34.586569768168111 ], [ -58.384190853723922, -34.585937667020893 ], [ -58.384840522897193, -34.585402808448499 ], [ -58.384975223044762, -34.585305561065468 ], [ -58.385011143084107, -34.584673450301878 ], [ -58.385608313738317, -34.584181805272735 ], [ -58.38584824837617, -34.584041334730188 ], [ -58.38637610457944, -34.583606752485572 ], [ -58.386780205022141, -34.583409214350382 ] ], [ [ -58.387040139901501, -34.586569768168111 ], [ -58.387143895420571, -34.586473995576092 ], [ -58.387244920531252, -34.586569768168111 ], [ -58.387143895420571, -34.586634268014819 ], [ -58.387040139901501, -34.586569768168111 ] ], [ [ -58.387820282590134, -34.589098124674138 ], [ -58.387911686261695, -34.589019114697848 ], [ -58.388019825816784, -34.589098124674138 ], [ -58.387911686261695, -34.58918714990952 ], [ -58.387820282590134, -34.589098124674138 ] ], [ [ -58.381342809065387, -34.589730201779744 ], [ -58.381769359532676, -34.589538663770661 ], [ -58.381936270585108, -34.589730201779744 ], [ -58.381769359532676, -34.589888220304807 ], [ -58.381342809065387, -34.589730201779744 ] ], [ [ -58.384840522897193, -34.587753944717413 ], [ -58.384920501109811, -34.587833956037784 ], [ -58.384840522897193, -34.587911040041831 ], [ -58.384727612479388, -34.587833956037784 ], [ -58.384840522897193, -34.587753944717413 ] ], [ [ -58.383304941214938, -34.590258655997047 ], [ -58.383452593299772, -34.590362274076888 ], [ -58.383304941214938, -34.590528608092733 ], [ -58.38313803016252, -34.590362274076888 ], [ -58.383304941214938, -34.590258655997047 ] ], [ [ -58.384840522897193, -34.589851754518008 ], [ -58.384729248862236, -34.589730201779744 ], [ -58.384840522897193, -34.589653119463328 ], [ -58.384950207303056, -34.589730201779744 ], [ -58.384840522897193, -34.589851754518008 ] ], [ [ -58.38503247060747, -34.590994341565569 ], [ -58.385124889875385, -34.591626404245702 ], [ -58.384840522897193, -34.59207787464463 ], [ -58.384600588259339, -34.591626404245702 ], [ -58.384653256838384, -34.590994341565569 ], [ -58.384840522897193, -34.590872790498878 ], [ -58.38503247060747, -34.590994341565569 ] ], [ [ -58.387408650883032, -34.591626404245702 ], [ -58.387143895420571, -34.592021440978932 ], [ -58.386859528442372, -34.591626404245702 ], [ -58.387143895420571, -34.591482754058823 ], [ -58.387408650883032, -34.591626404245702 ] ] ] ] } },
{ "type": "Feature", "properties": { "id": 1, "isomin": 0.0, "isomax": 10.0, "id_punto": "1_2", "sector": 1.0 }, "geometry": { "type": "MultiPolygon", "coordinates": [ [ [ [ -58.385174766915824, -34.585217246932949 ], [ -58.385302732056012, -34.585111895360967 ], [ -58.385430697196199, -34.585217246932949 ], [ -58.386070522897136, -34.585612314138416 ], [ -58.386838313738266, -34.58570348322678 ], [ -58.38760610457939, -34.585668752157297 ], [ -58.387825473391146, -34.585849353560135 ], [ -58.388373895420528, -34.586040900073669 ], [ -58.388885755981271, -34.585849353560135 ], [ -58.389141686261652, -34.585638651885333 ], [ -58.389909477102769, -34.58558907494303 ], [ -58.390677267943907, -34.585217246932949 ], [ -58.391445058785031, -34.58553330084758 ], [ -58.3918289542056, -34.585849353560135 ], [ -58.392212849626155, -34.586423991776094 ], [ -58.392282648793525, -34.586481455379136 ], [ -58.392980640467286, -34.586876516574343 ], [ -58.393268562032702, -34.58711355238988 ], [ -58.39374843130841, -34.587640296225864 ], [ -58.393876396448597, -34.587745644592381 ], [ -58.394064580478286, -34.588377731986526 ], [ -58.393967800120166, -34.589009814572329 ], [ -58.394036352873826, -34.589641892349718 ], [ -58.393967800120166, -34.590273965318673 ], [ -58.39374843130841, -34.590454556712331 ], [ -58.393474220293719, -34.590906033479158 ], [ -58.39374843130841, -34.591327409581417 ], [ -58.394004361588784, -34.591538096831108 ], [ -58.394004361588784, -34.59217015537449 ], [ -58.39374843130841, -34.592380840487053 ], [ -58.393441314971959, -34.592802209109301 ], [ -58.39374843130841, -34.593153347995262 ], [ -58.394089671682238, -34.593434258035451 ], [ -58.39374843130841, -34.593715167125779 ], [ -58.393382816622157, -34.594066302152932 ], [ -58.392980640467286, -34.594698341461694 ], [ -58.392980640467286, -34.594698341461694 ], [ -58.392500771191578, -34.595330375961659 ], [ -58.392212849626155, -34.595567387659401 ], [ -58.391924928060739, -34.595330375961659 ], [ -58.391445058785031, -34.59490902016266 ], [ -58.391189128504649, -34.594698341461694 ], [ -58.390677267943907, -34.594365689793349 ], [ -58.390311653257655, -34.594698341461694 ], [ -58.390086659604577, -34.595330375961659 ], [ -58.389909477102769, -34.59547622939413 ], [ -58.389732294600982, -34.595330375961659 ], [ -58.389141686261652, -34.59505557894385 ], [ -58.38869004459039, -34.595330375961659 ], [ -58.388373895420528, -34.595590624063938 ], [ -58.387783287081199, -34.595962405652855 ], [ -58.38760610457939, -34.596108257975594 ], [ -58.386838313738266, -34.596173081147953 ], [ -58.386582383457892, -34.595962405652855 ], [ -58.386070522897136, -34.595330375961659 ], [ -58.386070522897136, -34.595330375961659 ], [ -58.385302732056012, -34.595043088148721 ], [ -58.384534941214888, -34.594844196003876 ], [ -58.384357758713087, -34.594698341461694 ], [ -58.384100972478599, -34.594066302152932 ], [ -58.384007085011611, -34.593434258035451 ], [ -58.383767150373757, -34.593248361791638 ], [ -58.38312732467282, -34.593434258035451 ], [ -58.382999359532633, -34.593539599055653 ], [ -58.382231568691509, -34.593491716790282 ], [ -58.382161769524139, -34.593434258035451 ], [ -58.382054386189701, -34.592802209109301 ], [ -58.382231568691509, -34.592656350981926 ], [ -58.382871394392446, -34.59217015537449 ], [ -58.382231568691509, -34.591643440255602 ], [ -58.382103603551322, -34.591538096831108 ], [ -58.382231568691509, -34.590906033479158 ], [ -58.382231568691509, -34.590906033479158 ], [ -58.382999359532633, -34.590273965318673 ], [ -58.382999359532633, -34.590273965318673 ], [ -58.382999359532633, -34.590273965318673 ], [ -58.382615464112064, -34.589641892349718 ], [ -58.382743429252251, -34.589009814572329 ], [ -58.382999359532633, -34.588799120911325 ], [ -58.383255289813007, -34.589009814572329 ], [ -58.383767150373757, -34.589195720300097 ], [ -58.383954416432573, -34.589009814572329 ], [ -58.383959098084034, -34.588377731986526 ], [ -58.383767150373757, -34.588114362823312 ], [ -58.383319272383098, -34.587745644592381 ], [ -58.383589967871963, -34.58711355238988 ], [ -58.383767150373757, -34.586967684275706 ], [ -58.384074266710208, -34.586481455379136 ], [ -58.384534941214888, -34.586102194864743 ], [ -58.38485485406536, -34.585849353560135 ], [ -58.385174766915824, -34.585217246932949 ] ], [ [ -58.384534941214888, -34.589770887223708 ], [ -58.384309120379257, -34.589641892349718 ], [ -58.384534941214888, -34.589487727481526 ], [ -58.384662906355068, -34.589641892349718 ], [ -58.384534941214888, -34.589770887223708 ] ], [ [ -58.386671402685842, -34.593434258035451 ], [ -58.386838313738266, -34.593317212300803 ], [ -58.38698049722737, -34.593434258035451 ], [ -58.387008933925188, -34.594066302152932 ], [ -58.386838313738266, -34.594270186326334 ], [ -58.386625038504619, -34.594066302152932 ], [ -58.386671402685842, -34.593434258035451 ] ], [ [ -58.390833959952296, -34.593434258035451 ], [ -58.390677267943907, -34.593766913433541 ], [ -58.390506647756993, -34.593434258035451 ], [ -58.390677267943907, -34.59332713143727 ], [ -58.390833959952296, -34.593434258035451 ] ], [ [ -58.386070522897136, -34.588919517354455 ], [ -58.386163027817751, -34.589009814572329 ], [ -58.386070522897136, -34.589100111692062 ], [ -58.385925656700699, -34.589009814572329 ], [ -58.386070522897136, -34.588919517354455 ] ], [ [ -58.385516007289667, -34.594066302152932 ], [ -58.385302732056012, -34.594353593343946 ], [ -58.384968909951169, -34.594066302152932 ], [ -58.385062797418158, -34.593434258035451 ], [ -58.385302732056012, -34.593283770632056 ], [ -58.385469643108429, -34.593434258035451 ], [ -58.385516007289667, -34.594066302152932 ] ], [ [ -58.386838313738266, -34.591640042082716 ], [ -58.386725403320462, -34.591538096831108 ], [ -58.386838313738266, -34.591461944874794 ], [ -58.386935502452339, -34.591538096831108 ], [ -58.386838313738266, -34.591640042082716 ] ], [ [ -58.389141686261652, -34.588253793660755 ], [ -58.389254596679457, -34.588377731986526 ], [ -58.389141686261652, -34.588454815486131 ], [ -58.389033546706564, -34.588377731986526 ], [ -58.389141686261652, -34.588253793660755 ] ], [ [ -58.389909477102769, -34.590982185944995 ], [ -58.389829498890158, -34.590906033479158 ], [ -58.389909477102769, -34.590831672768672 ], [ -58.390025809048396, -34.590906033479158 ], [ -58.389909477102769, -34.590982185944995 ] ], [ [ -58.392075744118813, -34.592802209109301 ], [ -58.392212849626155, -34.592640144507499 ], [ -58.392519965962606, -34.592802209109301 ], [ -58.392212849626155, -34.592949197660779 ], [ -58.392075744118813, -34.592802209109301 ] ], [ [ -58.383992971209388, -34.59217015537449 ], [ -58.383767150373757, -34.592356054030972 ], [ -58.38312732467282, -34.59217015537449 ], [ -58.383767150373757, -34.591882856632708 ], [ -58.383992971209388, -34.59217015537449 ] ] ] ] } },
{ "type": "Feature", "properties": { "id": 1, "isomin": 0.0, "isomax": 10.0, "id_punto": "1_3", "sector": 1.0 }, "geometry": { "type": "MultiPolygon", "coordinates": [ [ [ [ -58.394821686261693, -34.586812386028683 ], [ -58.395589477102817, -34.586789147168908 ], [ -58.395905626272686, -34.587049422027185 ], [ -58.396357267943934, -34.587292535169411 ], [ -58.396997093644885, -34.587049422027185 ], [ -58.397125058785072, -34.586944072778003 ], [ -58.397892849626196, -34.587049422027185 ], [ -58.397892849626196, -34.587049422027185 ], [ -58.39866064046732, -34.587444480522102 ], [ -58.399428431308451, -34.587535647600333 ], [ -58.399605613810245, -34.587681514717488 ], [ -58.399792121706874, -34.588313602599477 ], [ -58.399684361588832, -34.588945685673124 ], [ -58.399716352873867, -34.589577763938365 ], [ -58.399428431308451, -34.589814792048152 ], [ -58.399079435471577, -34.590209837395186 ], [ -58.399428431308451, -34.590604880863886 ], [ -58.399716352873867, -34.590841906043522 ], [ -58.399428431308451, -34.591078930546942 ], [ -58.39916367584599, -34.591473969883317 ], [ -58.399428431308451, -34.592048569201346 ], [ -58.399498230475821, -34.592106028914593 ], [ -58.399428431308451, -34.592163488588071 ], [ -58.399001880841162, -34.592738083137256 ], [ -58.39866064046732, -34.593018994581598 ], [ -58.398395885004859, -34.593370132551271 ], [ -58.39866064046732, -34.593702788206151 ], [ -58.39902433086575, -34.594002177156625 ], [ -58.399062816622198, -34.59463421695326 ], [ -58.39866064046732, -34.594965283499022 ], [ -58.398256540024626, -34.595266251941119 ], [ -58.398208998796072, -34.595898282120189 ], [ -58.397892849626196, -34.596158528443269 ], [ -58.397125058785072, -34.596530307490433 ], [ -58.397125058785072, -34.596530307490433 ], [ -58.396485233084128, -34.59716232805178 ], [ -58.396357267943934, -34.597267664344486 ], [ -58.396229302803761, -34.59716232805178 ], [ -58.395873844081002, -34.596530307490433 ], [ -58.395589477102817, -34.596326428864174 ], [ -58.394949651401866, -34.596530307490433 ], [ -58.394821686261693, -34.596635644584609 ], [ -58.394693721121506, -34.596530307490433 ], [ -58.394053895420555, -34.596359490297026 ], [ -58.393828074584924, -34.596530307490433 ], [ -58.394053895420555, -34.597016477579842 ], [ -58.394231077922363, -34.59716232805178 ], [ -58.394053895420555, -34.597308178267646 ], [ -58.393574026144847, -34.59779434380421 ], [ -58.393286104579431, -34.598031348471579 ], [ -58.3925183137383, -34.59779434380421 ], [ -58.392852135843142, -34.59716232805178 ], [ -58.392744134573931, -34.596530307490433 ], [ -58.3925183137383, -34.59634441817483 ], [ -58.392211197401849, -34.596530307490433 ], [ -58.391927705398984, -34.59716232805178 ], [ -58.391750522897176, -34.597308178267646 ], [ -58.391573340395368, -34.59716232805178 ], [ -58.391289848392503, -34.596530307490433 ], [ -58.390982732056052, -34.596255514442085 ], [ -58.390214941214921, -34.596044134555548 ], [ -58.389447150373798, -34.595898282120189 ], [ -58.38978097247864, -34.595266251941119 ], [ -58.389447150373798, -34.594950235048302 ], [ -58.388679359532674, -34.594915121985984 ], [ -58.388338119158831, -34.59463421695326 ], [ -58.388315669134236, -34.594002177156625 ], [ -58.388391437967243, -34.593370132551271 ], [ -58.387911568691536, -34.592918669174786 ], [ -58.387692199879787, -34.592738083137256 ], [ -58.387911568691536, -34.592557496707165 ], [ -58.388338119158831, -34.592106028914593 ], [ -58.388679359532674, -34.591473969883317 ], [ -58.388679359532674, -34.591473969883317 ], [ -58.388679359532674, -34.591473969883317 ], [ -58.388391437967243, -34.590841906043522 ], [ -58.388679359532674, -34.590209837395186 ], [ -58.388679359532674, -34.590209837395186 ], [ -58.388679359532674, -34.590209837395186 ], [ -58.388551394392486, -34.589577763938365 ], [ -58.388423429252299, -34.588945685673124 ], [ -58.388609560365303, -34.588313602599477 ], [ -58.388363210362797, -34.587681514717488 ], [ -58.388609560365303, -34.587049422027185 ], [ -58.388679359532674, -34.586991958816903 ], [ -58.388749158700044, -34.587049422027185 ], [ -58.389447150373798, -34.587302259680307 ], [ -58.390214941214921, -34.587421241839088 ], [ -58.390982732056052, -34.587382102989864 ], [ -58.39153115408542, -34.587049422027185 ], [ -58.391750522897176, -34.5868688232325 ], [ -58.3925183137383, -34.5868688232325 ], [ -58.393286104579431, -34.586991958816903 ], [ -58.393355903746802, -34.587049422027185 ], [ -58.394053895420555, -34.587470817688299 ], [ -58.394309825700937, -34.587681514717488 ], [ -58.394821686261693, -34.587857095167038 ], [ -58.395141599112158, -34.587681514717488 ], [ -58.394821686261693, -34.587286457349506 ], [ -58.394533764696263, -34.587049422027185 ], [ -58.394821686261693, -34.586812386028683 ] ], [ [ -58.397892849626196, -34.58938622557789 ], [ -58.398199965962647, -34.589577763938365 ], [ -58.397892849626196, -34.58974859507655 ], [ -58.397750666137092, -34.589577763938365 ], [ -58.397892849626196, -34.58938622557789 ] ], [ [ -58.3925183137383, -34.595144707124625 ], [ -58.392663179934743, -34.595266251941119 ], [ -58.3925183137383, -34.595452143669462 ], [ -58.392339757728735, -34.595266251941119 ], [ -58.3925183137383, -34.595144707124625 ] ], [ [ -58.394053895420555, -34.592676718860375 ], [ -58.394140164054384, -34.592738083137256 ], [ -58.394053895420555, -34.592838408762127 ], [ -58.3939747417256, -34.592738083137256 ], [ -58.394053895420555, -34.592676718860375 ] ], [ [ -58.394821686261693, -34.593903420504006 ], [ -58.39493801820732, -34.594002177156625 ], [ -58.394821686261693, -34.594149163584966 ], [ -58.39467682006525, -34.594002177156625 ], [ -58.394821686261693, -34.593903420504006 ] ], [ [ -58.396240935998314, -34.594002177156625 ], [ -58.396357267943934, -34.593907842446207 ], [ -58.396524178996366, -34.594002177156625 ], [ -58.396357267943934, -34.594126106907517 ], [ -58.396240935998314, -34.594002177156625 ] ], [ [ -58.391127598252496, -34.593370132551271 ], [ -58.390982732056052, -34.593499121636782 ], [ -58.390795465997243, -34.593370132551271 ], [ -58.390982732056052, -34.593255214833675 ], [ -58.391127598252496, -34.593370132551271 ] ], [ [ -58.390982732056052, -34.594805037694464 ], [ -58.390742797418199, -34.59463421695326 ], [ -58.390982732056052, -34.594505229630208 ], [ -58.391127598252496, -34.59463421695326 ], [ -58.390982732056052, -34.594805037694464 ] ], [ [ -58.394053895420555, -34.590903271675622 ], [ -58.393964617415783, -34.590841906043522 ], [ -58.394053895420555, -34.590756491642303 ], [ -58.394142147241382, -34.590841906043522 ], [ -58.394053895420555, -34.590903271675622 ] ], [ [ -58.394053895420555, -34.595139845328255 ], [ -58.394293830058409, -34.595266251941119 ], [ -58.394053895420555, -34.595437071382648 ], [ -58.393909029224112, -34.595266251941119 ], [ -58.394053895420555, -34.595139845328255 ] ], [ [ -58.395589477102817, -34.595144707124625 ], [ -58.395752836856239, -34.595266251941119 ], [ -58.395589477102817, -34.595470133169478 ], [ -58.395349542464963, -34.595266251941119 ], [ -58.395589477102817, -34.595144707124625 ] ], [ [ -58.392373447541864, -34.593370132551271 ], [ -58.3925183137383, -34.593302170479426 ], [ -58.392609717409876, -34.593370132551271 ], [ -58.3925183137383, -34.593463080588933 ], [ -58.392373447541864, -34.593370132551271 ] ], [ [ -58.391750522897176, -34.59093092941049 ], [ -58.391610924562421, -34.590841906043522 ], [ -58.391750522897176, -34.590750302189512 ], [ -58.391839800901963, -34.590841906043522 ], [ -58.391750522897176, -34.59093092941049 ] ] ] ] } },
{ "type": "Feature", "properties": { "id": 1, "isomin": 0.0, "isomax": 10.0, "id_punto": "1_4", "sector": 1.0 }, "geometry": { "type": "MultiPolygon", "coordinates": [ [ [ [ -58.386089477102779, -34.584193912390994 ], [ -58.386217442242959, -34.584299265126752 ], [ -58.386857267943903, -34.584694336696337 ], [ -58.387145189509319, -34.584931378736549 ], [ -58.387625058785027, -34.585184222834194 ], [ -58.388392849626165, -34.585303208025721 ], [ -58.389160640467281, -34.585458136405151 ], [ -58.389928431308405, -34.585247433738395 ], [ -58.390312326728974, -34.585563487538195 ], [ -58.390362400044701, -34.586195591531677 ], [ -58.390244580478281, -34.586827690716945 ], [ -58.390376309299064, -34.587459785093934 ], [ -58.390330607463284, -34.588091874662631 ], [ -58.390105613810213, -34.588723959423 ], [ -58.390216352873836, -34.589356039374969 ], [ -58.389928431308405, -34.589593068117281 ], [ -58.389160640467281, -34.58970080823115 ], [ -58.388968692757004, -34.589988114518505 ], [ -58.389160640467281, -34.590275419812386 ], [ -58.389928431308405, -34.590409495276177 ], [ -58.390184361588787, -34.590620184853606 ], [ -58.389928431308405, -34.590830873896749 ], [ -58.38954453588785, -34.591252250380187 ], [ -58.389160640467281, -34.591568281340294 ], [ -58.38895312942914, -34.591884311098255 ], [ -58.389160640467281, -34.59215911860624 ], [ -58.389928431308405, -34.592516367007704 ], [ -58.389928431308405, -34.593148418108534 ], [ -58.389160640467281, -34.593253759491162 ], [ -58.388392849626165, -34.593329003254134 ], [ -58.387625058785027, -34.593780464400723 ], [ -58.387261368386604, -34.593148418108534 ], [ -58.386857267943903, -34.592905322100364 ], [ -58.386377398668195, -34.593148418108534 ], [ -58.386089477102779, -34.593385436031618 ], [ -58.385801555537356, -34.593148418108534 ], [ -58.385321686261648, -34.592982089337681 ], [ -58.385147188343204, -34.593148418108534 ], [ -58.385095865426017, -34.593780464400723 ], [ -58.385321686261648, -34.594266650584046 ], [ -58.385498868763449, -34.594412505884193 ], [ -58.385321686261648, -34.594558360928247 ], [ -58.38477326423228, -34.595044542558924 ], [ -58.384553895420524, -34.595225123582729 ], [ -58.384334526608768, -34.595044542558924 ], [ -58.383786104579386, -34.594649520200733 ], [ -58.383018313738269, -34.594593088281947 ], [ -58.382798944926513, -34.594412505884193 ], [ -58.382557639233596, -34.593780464400723 ], [ -58.382250522897145, -34.593569782837633 ], [ -58.381770653621437, -34.593780464400723 ], [ -58.381482732056007, -34.594017480520534 ], [ -58.381194810490591, -34.593780464400723 ], [ -58.380714941214883, -34.593447809056883 ], [ -58.380351250816453, -34.593148418108534 ], [ -58.380714941214883, -34.59284902608124 ], [ -58.380934310026639, -34.592516367007704 ], [ -58.380889439133334, -34.591884311098255 ], [ -58.380714941214883, -34.591722244705871 ], [ -58.380407824878432, -34.591884311098255 ], [ -58.380235071939182, -34.592516367007704 ], [ -58.379947150373766, -34.592753386734032 ], [ -58.379659228808336, -34.592516367007704 ], [ -58.379179359532628, -34.592121332627805 ], [ -58.378891437967212, -34.591884311098255 ], [ -58.378760564528385, -34.591252250380187 ], [ -58.378411568691504, -34.590677645554734 ], [ -58.378341769524134, -34.590620184853606 ], [ -58.378411568691504, -34.590562724112729 ], [ -58.378718685027955, -34.589988114518505 ], [ -58.379002177030834, -34.589356039374969 ], [ -58.379051394392455, -34.588723959423 ], [ -58.379179359532628, -34.588618612296841 ], [ -58.379307324672816, -34.588723959423 ], [ -58.379947150373766, -34.589011269088154 ], [ -58.380714941214883, -34.588850375798053 ], [ -58.380854539549638, -34.588723959423 ], [ -58.381482732056007, -34.588206799522155 ], [ -58.382250522897145, -34.588187645389958 ], [ -58.382355699724698, -34.588091874662631 ], [ -58.382677073364434, -34.587459785093934 ], [ -58.383018313738269, -34.587178854853327 ], [ -58.383786104579386, -34.586915481890166 ], [ -58.383982974025841, -34.586827690716945 ], [ -58.384553895420524, -34.586357668704224 ], [ -58.384728393338968, -34.586195591531677 ], [ -58.384767170654165, -34.585563487538195 ], [ -58.384861011756975, -34.584931378736549 ], [ -58.385321686261648, -34.584552111147659 ], [ -58.385961511962591, -34.584299265126752 ], [ -58.386089477102779, -34.584193912390994 ] ], [ [ -58.383907976141479, -34.591884311098255 ], [ -58.383786104579386, -34.592038471519551 ], [ -58.383651404431831, -34.591884311098255 ], [ -58.383786104579386, -34.591792708393569 ], [ -58.383907976141479, -34.591884311098255 ] ], [ [ -58.383560283743769, -34.593148418108534 ], [ -58.383786104579386, -34.59299425974686 ], [ -58.383960602497837, -34.593148418108534 ], [ -58.384011925415017, -34.593780464400723 ], [ -58.383786104579386, -34.594175490891423 ], [ -58.383478988242949, -34.593780464400723 ], [ -58.383560283743769, -34.593148418108534 ] ], [ [ -58.386089477102779, -34.590749178208739 ], [ -58.385974881454842, -34.590620184853606 ], [ -58.386089477102779, -34.590538098068791 ], [ -58.386199161508642, -34.590620184853606 ], [ -58.386089477102779, -34.590749178208739 ] ], [ [ -58.388392849626165, -34.59234554156042 ], [ -58.388726671730993, -34.592516367007704 ], [ -58.388392849626165, -34.592967832570402 ], [ -58.388128094163704, -34.592516367007704 ], [ -58.388392849626165, -34.59234554156042 ] ], [ [ -58.383697852758573, -34.588723959423 ], [ -58.383786104579386, -34.58864780488733 ], [ -58.383866082792004, -34.588723959423 ], [ -58.383786104579386, -34.588785326619373 ], [ -58.383697852758573, -34.588723959423 ] ], [ [ -58.385321686261648, -34.588157717049512 ], [ -58.385235417627818, -34.588091874662631 ], [ -58.385321686261648, -34.588000267776692 ], [ -58.385415319291056, -34.588091874662631 ], [ -58.385321686261648, -34.588157717049512 ] ], [ [ -58.384553895420524, -34.589930126173563 ], [ -58.384659072248077, -34.589988114518505 ], [ -58.384553895420524, -34.590074699780146 ], [ -58.384470439894308, -34.589988114518505 ], [ -58.384553895420524, -34.589930126173563 ] ], [ [ -58.388392849626165, -34.585823766235478 ], [ -58.388612218437913, -34.586195591531677 ], [ -58.388392849626165, -34.58632727925847 ], [ -58.388210042283035, -34.586195591531677 ], [ -58.388392849626165, -34.585823766235478 ] ], [ [ -58.387017224369146, -34.589988114518505 ], [ -58.386857267943903, -34.590078410575067 ], [ -58.386757554847655, -34.589988114518505 ], [ -58.386857267943903, -34.589895162593088 ], [ -58.387017224369146, -34.589988114518505 ] ], [ [ -58.380834908533814, -34.590620184853606 ], [ -58.380714941214883, -34.590782253395759 ], [ -58.380331045794321, -34.590620184853606 ], [ -58.380714941214883, -34.590422663390427 ], [ -58.380834908533814, -34.590620184853606 ] ] ] ] } },
{ "type": "Feature", "properties": { "id": 1, "isomin": 0.0, "isomax": 10.0, "id_punto": "1_5", "sector": 1.0 }, "geometry": { "type": "MultiPolygon", "coordinates": [ [ [ [ -58.391042218437931, -34.584005516565533 ], [ -58.391590640467314, -34.584268898751596 ], [ -58.392358431308438, -34.584532280102891 ], [ -58.392486396448625, -34.584637632409688 ], [ -58.392614361588812, -34.585269743445707 ], [ -58.392358431308438, -34.585480446055897 ], [ -58.392038518457966, -34.58590184967359 ], [ -58.392084220293746, -34.586533951093244 ], [ -58.391974535887869, -34.587166047704685 ], [ -58.392358431308438, -34.587692791207878 ], [ -58.392486396448625, -34.587798139507811 ], [ -58.392358431308438, -34.587903487674211 ], [ -58.392009435471557, -34.588430226502652 ], [ -58.392038518457966, -34.589062308689108 ], [ -58.391974535887869, -34.589694386067173 ], [ -58.391590640467314, -34.590010422953036 ], [ -58.391377365233659, -34.590326458636802 ], [ -58.391590640467314, -34.590613762760668 ], [ -58.392009435471557, -34.590958526397912 ], [ -58.39187856203273, -34.591590589350538 ], [ -58.391590640467314, -34.591827611718053 ], [ -58.391302718901883, -34.591590589350538 ], [ -58.390822849626176, -34.591356492521342 ], [ -58.390438954205607, -34.591590589350538 ], [ -58.390055058785052, -34.591906619023611 ], [ -58.38967116336449, -34.591590589350538 ], [ -58.389287267943921, -34.59133776474652 ], [ -58.388860717476625, -34.591590589350538 ], [ -58.388519477102797, -34.591871504674877 ], [ -58.387751686261673, -34.591695932708468 ], [ -58.387623721121486, -34.591590589350538 ], [ -58.386983895420542, -34.59133776474652 ], [ -58.386216104579418, -34.591257925238033 ], [ -58.385448313738294, -34.59128960759184 ], [ -58.384857705398964, -34.591590589350538 ], [ -58.384680522897163, -34.591736449349028 ], [ -58.384503340395369, -34.591590589350538 ], [ -58.383912732056039, -34.591274558475284 ], [ -58.383144941214901, -34.591239443859379 ], [ -58.382803700841073, -34.590958526397912 ], [ -58.382377150373777, -34.590695165415141 ], [ -58.381609359532661, -34.59050704991634 ], [ -58.381389990720905, -34.590326458636802 ], [ -58.381609359532661, -34.590145866964704 ], [ -58.382013459975354, -34.589694386067173 ], [ -58.381609359532661, -34.589483694142096 ], [ -58.380911367858893, -34.589694386067173 ], [ -58.380841568691523, -34.589751847408564 ], [ -58.380073777850399, -34.589694386067173 ], [ -58.38036908202006, -34.589062308689108 ], [ -58.380841568691523, -34.588673335604938 ], [ -58.381038438137971, -34.588430226502652 ], [ -58.381609359532661, -34.587960213554638 ], [ -58.381757011617495, -34.587798139507811 ], [ -58.382377150373777, -34.587287604194088 ], [ -58.383144941214901, -34.587263292910436 ], [ -58.383250118042469, -34.587166047704685 ], [ -58.383912732056039, -34.586620539954374 ], [ -58.384003060390292, -34.586533951093244 ], [ -58.384680522897163, -34.585976214796041 ], [ -58.384770851231416, -34.58590184967359 ], [ -58.384778957620377, -34.585269743445707 ], [ -58.385448313738294, -34.584718672554793 ], [ -58.385564645683921, -34.584637632409688 ], [ -58.385590497227383, -34.584005516565533 ], [ -58.386216104579418, -34.583490455656083 ], [ -58.386403370638227, -34.583373395913299 ], [ -58.386983895420542, -34.582895447837885 ], [ -58.387751686261673, -34.582932824130545 ], [ -58.388117300947918, -34.582741270453035 ], [ -58.388519477102797, -34.582410155197863 ], [ -58.388921653257675, -34.582741270453035 ], [ -58.389287267943921, -34.583016108200439 ], [ -58.389721236680209, -34.583373395913299 ], [ -58.390055058785052, -34.583648231570265 ], [ -58.390753050458805, -34.583373395913299 ], [ -58.390822849626176, -34.583315930161042 ], [ -58.390892648793546, -34.583373395913299 ], [ -58.391042218437931, -34.584005516565533 ] ], [ [ -58.388414300275244, -34.58590184967359 ], [ -58.388519477102797, -34.585806076311755 ], [ -58.388651854834031, -34.58590184967359 ], [ -58.388519477102797, -34.585986130140682 ], [ -58.388414300275244, -34.58590184967359 ] ], [ [ -58.386903917207924, -34.586533951093244 ], [ -58.386983895420542, -34.586462121628628 ], [ -58.387090533037366, -34.586533951093244 ], [ -58.386983895420542, -34.58659531990704 ], [ -58.386903917207924, -34.586533951093244 ] ], [ [ -58.384552557756983, -34.587798139507811 ], [ -58.384680522897163, -34.587722890735776 ], [ -58.384780235993418, -34.587798139507811 ], [ -58.384680522897163, -34.587903487674211 ], [ -58.384552557756983, -34.587798139507811 ] ], [ [ -58.383738234137596, -34.588430226502652 ], [ -58.383912732056039, -34.588324879004098 ], [ -58.384040697196227, -34.588430226502652 ], [ -58.383912732056039, -34.588545150894198 ], [ -58.383738234137596, -34.588430226502652 ] ], [ [ -58.390659489872753, -34.588430226502652 ], [ -58.390822849626176, -34.588249630709065 ], [ -58.391171845463056, -34.588430226502652 ], [ -58.390822849626176, -34.588588247500056 ], [ -58.390659489872753, -34.588430226502652 ] ], [ [ -58.390055058785052, -34.58892782352023 ], [ -58.390247006495329, -34.589062308689108 ], [ -58.390055058785052, -34.589212803739066 ], [ -58.389931221552615, -34.589062308689108 ], [ -58.390055058785052, -34.58892782352023 ] ], [ [ -58.384680522897163, -34.589590767154391 ], [ -58.384828174981998, -34.589694386067173 ], [ -58.384680522897163, -34.589905077457971 ], [ -58.384520566471934, -34.589694386067173 ], [ -58.384680522897163, -34.589590767154391 ] ], [ [ -58.386983895420542, -34.589595624293814 ], [ -58.387116273151776, -34.589694386067173 ], [ -58.386983895420542, -34.589874978720587 ], [ -58.386833348196802, -34.589694386067173 ], [ -58.386983895420542, -34.589595624293814 ] ], [ [ -58.389747942448601, -34.590958526397912 ], [ -58.390055058785052, -34.590808034509983 ], [ -58.390339425763244, -34.590958526397912 ], [ -58.390055058785052, -34.591274558475284 ], [ -58.389747942448601, -34.590958526397912 ] ] ], [ [ [ -58.389287267943921, -34.582003784672601 ], [ -58.389415233084108, -34.582109140184762 ], [ -58.389287267943921, -34.582214495563356 ], [ -58.389159302803741, -34.582109140184762 ], [ -58.389287267943921, -34.582003784672601 ] ] ] ] } },
{ "type": "Feature", "properties": { "id": 1, "isomin": 0.0, "isomax": 10.0, "id_punto": "1_6", "sector": 1.0 }, "geometry": { "type": "MultiPolygon", "coordinates": [ [ [ [ -58.388301686261698, -34.586198685256321 ], [ -58.389069477102836, -34.586409385511153 ], [ -58.389069477102836, -34.586409385511153 ], [ -58.389069477102836, -34.586409385511153 ], [ -58.38983726794396, -34.586263516160862 ], [ -58.390605058785077, -34.586198685256321 ], [ -58.390860989065459, -34.586409385511153 ], [ -58.391372849626215, -34.586710384948418 ], [ -58.391775025781079, -34.587041483070116 ], [ -58.392140640467339, -34.587462878771511 ], [ -58.392396570747714, -34.587673575820823 ], [ -58.392613127138802, -34.588305663763215 ], [ -58.392481880841167, -34.588937746897223 ], [ -58.392542816622218, -34.58956982522286 ], [ -58.392588518457991, -34.590201898740062 ], [ -58.392908431308463, -34.590776506855789 ], [ -58.39297823047584, -34.590833967448802 ], [ -58.392908431308463, -34.590891428002053 ], [ -58.392588518457991, -34.591466031349 ], [ -58.392908431308463, -34.5918610688448 ], [ -58.393196352873886, -34.592098090440665 ], [ -58.392908431308463, -34.592730144723731 ], [ -58.392140640467339, -34.592455339104554 ], [ -58.39195337440853, -34.592730144723731 ], [ -58.392140640467339, -34.592955877230892 ], [ -58.392634220293772, -34.59336219419815 ], [ -58.392396570747714, -34.593994238863885 ], [ -58.392140640467339, -34.594204919350545 ], [ -58.391372849626215, -34.594383187037288 ], [ -58.390605058785077, -34.594450712576332 ], [ -58.39040300856373, -34.594626278720924 ], [ -58.390605058785077, -34.594879093317289 ], [ -58.391372849626215, -34.595047635954067 ], [ -58.39162877990659, -34.595258313769186 ], [ -58.391372849626215, -34.595468991049977 ], [ -58.390733023925272, -34.595890344008659 ], [ -58.390605058785077, -34.595995681914388 ], [ -58.389907067111331, -34.596522369439285 ], [ -58.38983726794396, -34.596579826058161 ], [ -58.38976746877659, -34.596522369439285 ], [ -58.389069477102836, -34.596206357325087 ], [ -58.38855761654208, -34.596522369439285 ], [ -58.388301686261698, -34.596733043514206 ], [ -58.388045755981324, -34.596522369439285 ], [ -58.387533895420574, -34.596304430178826 ], [ -58.387200073315732, -34.596522369439285 ], [ -58.386894069719631, -34.597154390061043 ], [ -58.386766104579458, -34.597259726363816 ], [ -58.386638139439263, -34.597154390061043 ], [ -58.38599831373832, -34.596733043514206 ], [ -58.385742383457938, -34.596522369439285 ], [ -58.385230522897196, -34.596206357325087 ], [ -58.384462732056065, -34.596036196457938 ], [ -58.384285549554271, -34.595890344008659 ], [ -58.383694941214941, -34.595363652476387 ], [ -58.383566976074754, -34.595258313769186 ], [ -58.383222454543478, -34.594626278720924 ], [ -58.382927150373817, -34.594338988472927 ], [ -58.382159359532679, -34.594051697231428 ], [ -58.382089560365309, -34.593994238863885 ], [ -58.381391568691562, -34.593599211511304 ], [ -58.381103647126146, -34.59336219419815 ], [ -58.380623777850438, -34.592730144723731 ], [ -58.381172199879806, -34.592098090440665 ], [ -58.381027878293125, -34.591466031349 ], [ -58.381391568691562, -34.591166633258837 ], [ -58.382159359532679, -34.591059705108009 ], [ -58.382407033997566, -34.590833967448802 ], [ -58.382159359532679, -34.590570606071211 ], [ -58.381711481542027, -34.590201898740062 ], [ -58.381843210362817, -34.58956982522286 ], [ -58.381982177030892, -34.588937746897223 ], [ -58.382159359532679, -34.588791881985387 ], [ -58.382493181637528, -34.588305663763215 ], [ -58.382927150373817, -34.587948397256156 ], [ -58.383109957716947, -34.587673575820823 ], [ -58.383694941214941, -34.587191981780208 ], [ -58.38397930819314, -34.587041483070116 ], [ -58.384462732056065, -34.586643496278782 ], [ -58.385053340395395, -34.586409385511153 ], [ -58.385230522897196, -34.586263516160862 ], [ -58.38540770539899, -34.586409385511153 ], [ -58.38599831373832, -34.58676055141531 ], [ -58.386766104579458, -34.586662225111716 ], [ -58.387533895420574, -34.586672760078379 ], [ -58.388045755981324, -34.586409385511153 ], [ -58.388301686261698, -34.586198685256321 ] ], [ [ -58.388301686261698, -34.587301757138015 ], [ -58.388480242271271, -34.587673575820823 ], [ -58.388301686261698, -34.587799993793965 ], [ -58.388109738551421, -34.587673575820823 ], [ -58.388301686261698, -34.587301757138015 ] ], [ [ -58.383694941214941, -34.588155167070205 ], [ -58.38383204672229, -34.588305663763215 ], [ -58.383825075255807, -34.588937746897223 ], [ -58.383694941214941, -34.589075155637914 ], [ -58.383475572403185, -34.588937746897223 ], [ -58.383361119110099, -34.588305663763215 ], [ -58.383694941214941, -34.588155167070205 ] ], [ [ -58.389069477102836, -34.588158666996392 ], [ -58.389226169111225, -34.588305663763215 ], [ -58.389069477102836, -34.588402907635249 ], [ -58.3889159189346, -34.588305663763215 ], [ -58.389069477102836, -34.588158666996392 ] ], [ [ -58.38599831373832, -34.588813809406794 ], [ -58.386116435406187, -34.588937746897223 ], [ -58.38599831373832, -34.589014829877307 ], [ -58.385887039703377, -34.588937746897223 ], [ -58.38599831373832, -34.588813809406794 ] ], [ [ -58.383345945378061, -34.593994238863885 ], [ -58.383447266750053, -34.59336219419815 ], [ -58.383694941214941, -34.593235784687955 ], [ -58.383845488438695, -34.59336219419815 ], [ -58.383877748558064, -34.593994238863885 ], [ -58.383694941214941, -34.594237331685669 ], [ -58.383345945378061, -34.593994238863885 ] ], [ [ -58.385318774718016, -34.591466031349 ], [ -58.385230522897196, -34.591551445020777 ], [ -58.385073830888807, -34.591466031349 ], [ -58.385230522897196, -34.591387023624449 ], [ -58.385318774718016, -34.591466031349 ] ], [ [ -58.385230522897196, -34.593251308673253 ], [ -58.385354360129632, -34.59336219419815 ], [ -58.385375389093639, -34.593994238863885 ], [ -58.385230522897196, -34.594165060921071 ], [ -58.385047715554073, -34.593994238863885 ], [ -58.385079975673442, -34.59336219419815 ], [ -58.385230522897196, -34.593251308673253 ] ], [ [ -58.388301686261698, -34.593270593123009 ], [ -58.388419807929566, -34.59336219419815 ], [ -58.388301686261698, -34.593475059669714 ], [ -58.38819354670661, -34.59336219419815 ], [ -58.388301686261698, -34.593270593123009 ] ], [ [ -58.38983726794396, -34.590739629140849 ], [ -58.389993959952349, -34.590833967448802 ], [ -58.38983726794396, -34.590929735015493 ], [ -58.389741294088822, -34.590833967448802 ], [ -58.38983726794396, -34.590739629140849 ] ], [ [ -58.386766104579458, -34.595117861951806 ], [ -58.386948911922566, -34.595258313769186 ], [ -58.386766104579458, -34.595455823735598 ], [ -58.386540283743827, -34.595258313769186 ], [ -58.386766104579458, -34.595117861951806 ] ], [ [ -58.389069477102836, -34.595096253958829 ], [ -58.389334232565297, -34.595258313769186 ], [ -58.389069477102836, -34.595574329490034 ], [ -58.388836813211569, -34.595258313769186 ], [ -58.389069477102836, -34.595096253958829 ] ], [ [ -58.38599831373832, -34.590763737829732 ], [ -58.386074332633484, -34.590833967448802 ], [ -58.38599831373832, -34.59090661871641 ], [ -58.385902339883181, -34.590833967448802 ], [ -58.38599831373832, -34.590763737829732 ] ], [ [ -58.386766104579458, -34.594134692581022 ], [ -58.386621238383007, -34.593994238863885 ], [ -58.386642267347021, -34.59336219419815 ], [ -58.386766104579458, -34.593279030068352 ], [ -58.386874244134532, -34.59336219419815 ], [ -58.386889941811894, -34.593994238863885 ], [ -58.386766104579458, -34.594134692581022 ] ], [ [ -58.383694941214941, -34.591936024465319 ], [ -58.383845488438695, -34.592098090440665 ], [ -58.383694941214941, -34.592224501681969 ], [ -58.383430185752481, -34.592098090440665 ], [ -58.383694941214941, -34.591936024465319 ] ], [ [ -58.384462732056065, -34.59029766703533 ], [ -58.384299372302635, -34.590201898740062 ], [ -58.384295821003647, -34.58956982522286 ], [ -58.384462732056065, -34.589462693641693 ], [ -58.384562445152319, -34.58956982522286 ], [ -58.384566487575135, -34.590201898740062 ], [ -58.384462732056065, -34.59029766703533 ] ] ] ] } },
{ "type": "Feature", "properties": { "id": 1, "isomin": 0.0, "isomax": 10.0, "id_punto": "1_7", "sector": 1.0 }, "geometry": { "type": "MultiPolygon", "coordinates": [ [ [ [ -58.385050522897131, -34.586143509103579 ], [ -58.385818313738255, -34.586184028451754 ], [ -58.385946278878443, -34.586289378664517 ], [ -58.386586104579393, -34.586542218630264 ], [ -58.387353895420517, -34.586515128670712 ], [ -58.387865755981259, -34.586289378664517 ], [ -58.388121686261634, -34.586078678105402 ], [ -58.388889477102772, -34.586143509103579 ], [ -58.389657267943896, -34.586143509103579 ], [ -58.39042505878502, -34.58602910142563 ], [ -58.391192849626243, -34.586078678105402 ], [ -58.391448779906618, -34.586289378664517 ], [ -58.391653524130909, -34.586921477136357 ], [ -58.39196064046736, -34.58723752456919 ], [ -58.392344535887929, -34.587553570799933 ], [ -58.392362816622246, -34.588185659655196 ], [ -58.392728431308498, -34.588817743702123 ], [ -58.392728431308498, -34.588817743702123 ], [ -58.392856396448678, -34.589449822940658 ], [ -58.392728431308498, -34.589555169012925 ], [ -58.392408518458019, -34.590081897370759 ], [ -58.392728431308498, -34.5906565063164 ], [ -58.392798230475869, -34.590713966992418 ], [ -58.39298436158888, -34.591346031805536 ], [ -58.393044580478374, -34.591978091810113 ], [ -58.392728431308498, -34.592610147006106 ], [ -58.39196064046736, -34.592335340989997 ], [ -58.391773374408558, -34.592610147006106 ], [ -58.39196064046736, -34.592835879839306 ], [ -58.392454220293807, -34.593242197393472 ], [ -58.39224856203279, -34.593874242972177 ], [ -58.39196064046736, -34.594111258824441 ], [ -58.391192849626243, -34.594272195128767 ], [ -58.39097957439256, -34.594506283742163 ], [ -58.391192849626243, -34.594927641583958 ], [ -58.391448779906618, -34.595138319703402 ], [ -58.391192849626243, -34.595348997288504 ], [ -58.390553023925222, -34.595770350855815 ], [ -58.39042505878502, -34.595875688913729 ], [ -58.389657267943896, -34.596402377199439 ], [ -58.388889477102772, -34.596051252046664 ], [ -58.38834105507339, -34.596402377199439 ], [ -58.388121686261634, -34.596582955271515 ], [ -58.387353895420517, -34.596747116814548 ], [ -58.386935100416252, -34.596402377199439 ], [ -58.386586104579393, -34.596168293929175 ], [ -58.386037682550011, -34.596402377199439 ], [ -58.385818313738255, -34.596582955271515 ], [ -58.385598944926507, -34.596402377199439 ], [ -58.385050522897131, -34.595981026838025 ], [ -58.384282732056, -34.596051252046664 ], [ -58.383941491682172, -34.595770350855815 ], [ -58.383514941214877, -34.59524365856273 ], [ -58.383386976074689, -34.595138319703402 ], [ -58.382747150373753, -34.594686865936055 ], [ -58.382527781562004, -34.594506283742163 ], [ -58.382263726510821, -34.593874242972177 ], [ -58.381979359532622, -34.593670357827023 ], [ -58.381459243156385, -34.593242197393472 ], [ -58.381211568691498, -34.592926172800865 ], [ -58.380443777850374, -34.592667606330942 ], [ -58.380373978682989, -34.592610147006106 ], [ -58.380443777850374, -34.592552687641543 ], [ -58.380955638411116, -34.591978091810113 ], [ -58.38087032831767, -34.591346031805536 ], [ -58.381211568691498, -34.591065114704463 ], [ -58.381851394392442, -34.590713966992418 ], [ -58.381518685027949, -34.590081897370759 ], [ -58.381663210362746, -34.589449822940658 ], [ -58.381802177030828, -34.588817743702123 ], [ -58.381979359532622, -34.588671878579632 ], [ -58.38227466370229, -34.588185659655196 ], [ -58.382747150373753, -34.587796682467136 ], [ -58.383514941214877, -34.58771564532379 ], [ -58.383702207273686, -34.587553570799933 ], [ -58.384282732056, -34.587075646765946 ], [ -58.384556943070692, -34.586921477136357 ], [ -58.38487334039533, -34.586289378664517 ], [ -58.385050522897131, -34.586143509103579 ] ], [ [ -58.388121686261634, -34.587310458421449 ], [ -58.388334961495289, -34.587553570799933 ], [ -58.388121686261634, -34.587672833216132 ], [ -58.387889022370388, -34.587553570799933 ], [ -58.388121686261634, -34.587310458421449 ] ], [ [ -58.385050522897131, -34.588010079899938 ], [ -58.385178488037312, -34.588185659655196 ], [ -58.385050522897131, -34.588277266336739 ], [ -58.384926685664695, -34.588185659655196 ], [ -58.385050522897131, -34.588010079899938 ] ], [ [ -58.39042505878502, -34.593759325951886 ], [ -58.390709425763248, -34.593874242972177 ], [ -58.39042505878502, -34.594049810335072 ], [ -58.390271500616798, -34.593874242972177 ], [ -58.39042505878502, -34.593759325951886 ] ], [ [ -58.383230574236684, -34.593874242972177 ], [ -58.383301665981222, -34.593242197393472 ], [ -58.383514941214877, -34.593118266323977 ], [ -58.383652046722226, -34.593242197393472 ], [ -58.383678300968306, -34.593874242972177 ], [ -58.383514941214877, -34.594108332706931 ], [ -58.383230574236684, -34.593874242972177 ] ], [ [ -58.385138774717952, -34.591346031805536 ], [ -58.385050522897131, -34.591428117792105 ], [ -58.384908339408035, -34.591346031805536 ], [ -58.385050522897131, -34.5912606179226 ], [ -58.385138774717952, -34.591346031805536 ] ], [ [ -58.386714069719567, -34.593874242972177 ], [ -58.386586104579393, -34.594032253615474 ], [ -58.38644123838295, -34.593874242972177 ], [ -58.386586104579393, -34.593778478799649 ], [ -58.386714069719567, -34.593874242972177 ] ], [ [ -58.386353440688126, -34.595138319703402 ], [ -58.386586104579393, -34.594980311163901 ], [ -58.386773370638203, -34.595138319703402 ], [ -58.386586104579393, -34.595372405876113 ], [ -58.386353440688126, -34.595138319703402 ] ], [ [ -58.388121686261634, -34.593150596186014 ], [ -58.388243557823728, -34.593242197393472 ], [ -58.388261284596389, -34.593874242972177 ], [ -58.388121686261634, -34.594060137815454 ], [ -58.387993721121461, -34.593874242972177 ], [ -58.388010412226691, -34.593242197393472 ], [ -58.388121686261634, -34.593150596186014 ] ], [ [ -58.383662593299711, -34.591978091810113 ], [ -58.383514941214877, -34.592102024580477 ], [ -58.383289120379246, -34.591978091810113 ], [ -58.383514941214877, -34.591849100362985 ], [ -58.383662593299711, -34.591978091810113 ] ], [ [ -58.389009444421696, -34.590081897370759 ], [ -58.388889477102772, -34.590163984606292 ], [ -58.388800199097986, -34.590081897370759 ], [ -58.388889477102772, -34.589997621057904 ], [ -58.389009444421696, -34.590081897370759 ] ], [ [ -58.384887163143709, -34.593874242972177 ], [ -58.384913417389782, -34.593242197393472 ], [ -58.385050522897131, -34.593127279498887 ], [ -58.385176390248134, -34.593242197393472 ], [ -58.385195389093582, -34.593874242972177 ], [ -58.385050522897131, -34.594071756229368 ], [ -58.384887163143709, -34.593874242972177 ] ], [ [ -58.385707039703313, -34.588817743702123 ], [ -58.385818313738255, -34.588712396694895 ], [ -58.385936435406123, -34.588817743702123 ], [ -58.385818313738255, -34.588894826793528 ], [ -58.385707039703313, -34.588817743702123 ] ], [ [ -58.384383757166688, -34.590081897370759 ], [ -58.384282732056, -34.590185515671045 ], [ -58.384132184832261, -34.590081897370759 ], [ -58.384282732056, -34.589969027289477 ], [ -58.384383757166688, -34.590081897370759 ] ], [ [ -58.383514941214877, -34.590842960201932 ], [ -58.383289120379246, -34.590713966992418 ], [ -58.383514941214877, -34.590590032151468 ], [ -58.383640808565879, -34.590713966992418 ], [ -58.383514941214877, -34.590842960201932 ] ] ] ] } },
{ "type": "Feature", "properties": { "id": 1, "isomin": 0.0, "isomax": 10.0, "id_punto": "1_8", "sector": 1.0 }, "geometry": { "type": "MultiPolygon", "coordinates": [ [ [ [ -58.39053284962619, -34.586931955352 ], [ -58.390602648793561, -34.586989418603785 ], [ -58.391300640467314, -34.587384477383978 ], [ -58.39158856203273, -34.587621511750527 ], [ -58.391370439634684, -34.588253600088969 ], [ -58.391719435471558, -34.588885683619061 ], [ -58.391719435471558, -34.589517762340748 ], [ -58.39158856203273, -34.590149836254021 ], [ -58.391734609203588, -34.590781905358803 ], [ -58.391641880841142, -34.591413969655093 ], [ -58.391684535887876, -34.592046029142821 ], [ -58.391748518457966, -34.592678083821959 ], [ -58.392068431308431, -34.593252674812021 ], [ -58.392138230475801, -34.593310133692448 ], [ -58.392068431308431, -34.593367592533156 ], [ -58.391477822969101, -34.593942178754276 ], [ -58.391300640467314, -34.594088034624122 ], [ -58.39053284962619, -34.594310869486328 ], [ -58.390225733289739, -34.594574219007406 ], [ -58.39053284962619, -34.595100915544954 ], [ -58.390660814766363, -34.595206254451739 ], [ -58.39053284962619, -34.59531159322497 ], [ -58.389765058785052, -34.595443266503622 ], [ -58.389477137219636, -34.595206254451739 ], [ -58.388997267943928, -34.59500874389196 ], [ -58.388631653257676, -34.595206254451739 ], [ -58.388545626272673, -34.595838285087332 ], [ -58.388229477102797, -34.596098531598344 ], [ -58.387845581682242, -34.59647031091405 ], [ -58.387461686261673, -34.596786322024087 ], [ -58.387077790841104, -34.59647031091405 ], [ -58.386693895420549, -34.59627878844406 ], [ -58.386446220955662, -34.59647031091405 ], [ -58.386693895420549, -34.5971023319319 ], [ -58.386054069719606, -34.597734348140825 ], [ -58.385926104579418, -34.597839683708131 ], [ -58.385798139439238, -34.597734348140825 ], [ -58.385158313738295, -34.597362574482688 ], [ -58.384390522897171, -34.597207668300676 ], [ -58.384262557756983, -34.5971023319319 ], [ -58.383971727892913, -34.59647031091405 ], [ -58.383622732056033, -34.596137666341527 ], [ -58.382854941214916, -34.595984137628001 ], [ -58.382677758713108, -34.595838285087332 ], [ -58.382599010934534, -34.595206254451739 ], [ -58.382087150373792, -34.59478489802315 ], [ -58.381319359532654, -34.594631676973762 ], [ -58.381249560365283, -34.594574219007406 ], [ -58.380935464112085, -34.593942178754276 ], [ -58.380777389527161, -34.593310133692448 ], [ -58.38055156869153, -34.5930670381575 ], [ -58.380003146662148, -34.593310133692448 ], [ -58.379783777850399, -34.593490718486507 ], [ -58.379564409038657, -34.593310133692448 ], [ -58.379467628680537, -34.592678083821959 ], [ -58.379783777850399, -34.592417826595245 ], [ -58.38055156869153, -34.592289127665381 ], [ -58.380807498971912, -34.592046029142821 ], [ -58.38055156869153, -34.591758729971765 ], [ -58.379783777850399, -34.591559829963678 ], [ -58.379606595348605, -34.591413969655093 ], [ -58.379713978683029, -34.590781905358803 ], [ -58.379783777850399, -34.590724444729808 ], [ -58.379853577017784, -34.590781905358803 ], [ -58.38055156869153, -34.591069207907758 ], [ -58.38090056452841, -34.590781905358803 ], [ -58.381099990720905, -34.590149836254021 ], [ -58.381063429252279, -34.589517762340748 ], [ -58.381319359532654, -34.589307069967795 ], [ -58.381684974218913, -34.588885683619061 ], [ -58.382087150373792, -34.588554592845846 ], [ -58.382334824838665, -34.588253600088969 ], [ -58.382854941214916, -34.587825411739914 ], [ -58.383162057551367, -34.587621511750527 ], [ -58.383622732056033, -34.587242256439467 ], [ -58.384390522897171, -34.587264242301863 ], [ -58.385030348598107, -34.586989418603785 ], [ -58.385158313738295, -34.586884069278518 ], [ -58.385286278878482, -34.586989418603785 ], [ -58.385926104579418, -34.587232531921543 ], [ -58.386693895420549, -34.587264242301863 ], [ -58.387461686261673, -34.587252791332602 ], [ -58.387909564252332, -34.587621511750527 ], [ -58.388229477102797, -34.587802108909287 ], [ -58.388633577545498, -34.587621511750527 ], [ -58.388997267943928, -34.587322099806705 ], [ -58.389765058785052, -34.587384477383978 ], [ -58.390463050458806, -34.586989418603785 ], [ -58.39053284962619, -34.586931955352 ] ], [ [ -58.383622732056033, -34.588000765330577 ], [ -58.38381467976631, -34.588253600088969 ], [ -58.383622732056033, -34.588400596687855 ], [ -58.383375057591159, -34.588253600088969 ], [ -58.383622732056033, -34.588000765330577 ] ], [ [ -58.385926104579418, -34.588735187976603 ], [ -58.386082796587807, -34.588885683619061 ], [ -58.385926104579418, -34.58898145343143 ], [ -58.385781238382982, -34.588885683619061 ], [ -58.385926104579418, -34.588735187976603 ] ], [ [ -58.388097099371571, -34.593942178754276 ], [ -58.388114881454868, -34.593310133692448 ], [ -58.388229477102797, -34.59321436886966 ], [ -58.388377129187631, -34.593310133692448 ], [ -58.38840803311237, -34.593942178754276 ], [ -58.388229477102797, -34.594117745973612 ], [ -58.388097099371571, -34.593942178754276 ] ], [ [ -58.386693895420549, -34.595397779394595 ], [ -58.38654033725232, -34.595206254451739 ], [ -58.386693895420549, -34.595074580797402 ], [ -58.38689076486699, -34.595206254451739 ], [ -58.386693895420549, -34.595397779394595 ] ], [ [ -58.389765058785052, -34.590666984061045 ], [ -58.389997722676306, -34.590781905358803 ], [ -58.389765058785052, -34.590908318602743 ], [ -58.389641221552615, -34.590781905358803 ], [ -58.389765058785052, -34.590666984061045 ] ], [ [ -58.384390522897171, -34.590006183514149 ], [ -58.384487711611236, -34.590149836254021 ], [ -58.384390522897171, -34.590233003516211 ], [ -58.384272401229303, -34.590149836254021 ], [ -58.384390522897171, -34.590006183514149 ] ], [ [ -58.383622732056033, -34.592140365967367 ], [ -58.383452111869119, -34.592046029142821 ], [ -58.383622732056033, -34.591940686228789 ], [ -58.383735642473845, -34.592046029142821 ], [ -58.383622732056033, -34.592140365967367 ] ], [ [ -58.38373400609099, -34.593310133692448 ], [ -58.383750697196227, -34.593942178754276 ], [ -58.383622732056033, -34.59409266496499 ], [ -58.383430784345755, -34.593942178754276 ], [ -58.383466040047644, -34.593310133692448 ], [ -58.383622732056033, -34.593215798196177 ], [ -58.38373400609099, -34.593310133692448 ] ], [ [ -58.386602491748974, -34.593310133692448 ], [ -58.386693895420549, -34.593240677897903 ], [ -58.386808491068479, -34.593310133692448 ], [ -58.386826273151776, -34.593942178754276 ], [ -58.386693895420549, -34.594073854203565 ], [ -58.386582621385593, -34.593942178754276 ], [ -58.386602491748974, -34.593310133692448 ] ], [ [ -58.385405988203182, -34.59647031091405 ], [ -58.385158313738295, -34.596842088565765 ], [ -58.384809317901414, -34.59647031091405 ], [ -58.385158313738295, -34.596284421464205 ], [ -58.385405988203182, -34.59647031091405 ] ], [ [ -58.385040192070427, -34.591413969655093 ], [ -58.385158313738295, -34.591343740526284 ], [ -58.385232856538408, -34.591413969655093 ], [ -58.385158313738295, -34.591483426976815 ], [ -58.385040192070427, -34.591413969655093 ] ], [ [ -58.388997267943928, -34.590018154585294 ], [ -58.389136866278683, -34.590149836254021 ], [ -58.388997267943928, -34.590251783209055 ], [ -58.388882672296006, -34.590149836254021 ], [ -58.388997267943928, -34.590018154585294 ] ], [ [ -58.385158313738295, -34.594066108594681 ], [ -58.385030348598107, -34.593942178754276 ], [ -58.385047039703352, -34.593310133692448 ], [ -58.385158313738295, -34.593221112874886 ], [ -58.385249717409856, -34.593310133692448 ], [ -58.385269587773237, -34.593942178754276 ], [ -58.385158313738295, -34.594066108594681 ] ] ] ] } },
{ "type": "Feature", "properties": { "id": 1, "isomin": 0.0, "isomax": 10.0, "id_punto": "1_9", "sector": 1.0 }, "geometry": { "type": "MultiPolygon", "coordinates": [ [ [ [ -58.389501686261688, -34.584801832351737 ], [ -58.390269477102819, -34.58455987517992 ], [ -58.391037267943943, -34.584678693521965 ], [ -58.391805058785081, -34.584713425005226 ], [ -58.391982241286868, -34.584859297076491 ], [ -58.392223853789325, -34.585491406426463 ], [ -58.392380901915921, -34.586123510968221 ], [ -58.392572849626198, -34.586410829624981 ], [ -58.393212675327149, -34.586123510968221 ], [ -58.393340640467322, -34.586018160545152 ], [ -58.393468605607517, -34.586123510968221 ], [ -58.39410843130846, -34.586755610701772 ], [ -58.39410843130846, -34.586755610701772 ], [ -58.394424580478336, -34.58738770562708 ], [ -58.394396352873876, -34.588019795744088 ], [ -58.39410843130846, -34.588651881052748 ], [ -58.39410843130846, -34.588651881052748 ], [ -58.39410843130846, -34.588651881052748 ], [ -58.394327800120209, -34.589283961553051 ], [ -58.39410843130846, -34.589464555098523 ], [ -58.393704330865759, -34.589916037244919 ], [ -58.393742816622208, -34.590548108128338 ], [ -58.39375943547158, -34.591180174203252 ], [ -58.393340640467322, -34.591524935490092 ], [ -58.393143771020888, -34.591812235469618 ], [ -58.393340640467322, -34.592128264299618 ], [ -58.393724535887891, -34.592444291927421 ], [ -58.393340640467322, -34.592760318353101 ], [ -58.392991644630449, -34.593076343576605 ], [ -58.392860771191614, -34.593708390417149 ], [ -58.392572849626198, -34.593945406742598 ], [ -58.392092980350498, -34.594340432448973 ], [ -58.391805058785081, -34.594577446971151 ], [ -58.391517137219651, -34.594340432448973 ], [ -58.391311478958634, -34.593708390417149 ], [ -58.391037267943943, -34.593554233094551 ], [ -58.390717355093479, -34.593708390417149 ], [ -58.390269477102819, -34.594340432448973 ], [ -58.390269477102819, -34.594340432448973 ], [ -58.389501686261688, -34.594551112057651 ], [ -58.388733895420565, -34.594639819101438 ], [ -58.387966104579441, -34.594445772320078 ], [ -58.387454244018684, -34.594972469672051 ], [ -58.38719831373831, -34.595183147677808 ], [ -58.386942383457928, -34.594972469672051 ], [ -58.386430522897186, -34.594340432448973 ], [ -58.386649891708934, -34.593708390417149 ], [ -58.386430522897186, -34.593542062767426 ], [ -58.386146155918993, -34.593708390417149 ], [ -58.386430522897186, -34.594340432448973 ], [ -58.385662732056062, -34.594577446971151 ], [ -58.384894941214924, -34.594397890577035 ], [ -58.384127150373807, -34.594486287619581 ], [ -58.383949967871999, -34.594340432448973 ], [ -58.383633570547374, -34.593708390417149 ], [ -58.383359359532683, -34.593482659954681 ], [ -58.382591568691545, -34.593313361705334 ], [ -58.382303647126129, -34.593076343576605 ], [ -58.382303647126129, -34.592444291927421 ], [ -58.382521769524175, -34.591812235469618 ], [ -58.382591568691545, -34.591180174203252 ], [ -58.382591568691545, -34.591180174203252 ], [ -58.383359359532683, -34.590773846564232 ], [ -58.383578728344425, -34.590548108128338 ], [ -58.383359359532683, -34.590247122593077 ], [ -58.382591568691545, -34.589916037244919 ], [ -58.382975464112114, -34.589283961553051 ], [ -58.383231394392489, -34.588651881052748 ], [ -58.383018119158841, -34.588019795744088 ], [ -58.383359359532683, -34.587738867396801 ], [ -58.383633570547374, -34.58738770562708 ], [ -58.383743254953238, -34.586755610701772 ], [ -58.384127150373807, -34.586439561436016 ], [ -58.384401361388498, -34.586123510968221 ], [ -58.384553700841096, -34.585491406426463 ], [ -58.384894941214924, -34.585210469531191 ], [ -58.385662732056062, -34.58525436598368 ], [ -58.385950653621478, -34.585491406426463 ], [ -58.386430522897186, -34.585863233209807 ], [ -58.386942383457928, -34.585491406426463 ], [ -58.38719831373831, -34.585280703844056 ], [ -58.387966104579441, -34.585134127819451 ], [ -58.388733895420565, -34.585134127819451 ], [ -58.389431887094318, -34.584859297076491 ], [ -58.389501686261688, -34.584801832351737 ] ], [ [ -58.38719831373831, -34.586529861348886 ], [ -58.387358270163546, -34.586755610701772 ], [ -58.38719831373831, -34.586855943550646 ], [ -58.387050661653468, -34.586755610701772 ], [ -58.38719831373831, -34.586529861348886 ] ], [ [ -58.383359359532683, -34.59216948536271 ], [ -58.38356140975403, -34.592444291927421 ], [ -58.383359359532683, -34.592670025211298 ], [ -58.382879490256975, -34.592444291927421 ], [ -58.383359359532683, -34.59216948536271 ] ], [ [ -58.38719831373831, -34.589849503187999 ], [ -58.387272856538424, -34.589916037244919 ], [ -58.38719831373831, -34.589986267580528 ], [ -58.387091676121493, -34.589916037244919 ], [ -58.38719831373831, -34.589849503187999 ] ], [ [ -58.387966104579441, -34.593557903510323 ], [ -58.388230860041901, -34.593708390417149 ], [ -58.387966104579441, -34.594235092444258 ], [ -58.387746735767692, -34.593708390417149 ], [ -58.387966104579441, -34.593557903510323 ] ], [ [ -58.391805058785081, -34.592300643154715 ], [ -58.392044993422921, -34.592444291927421 ], [ -58.391805058785081, -34.59262487860358 ], [ -58.39163814773265, -34.592444291927421 ], [ -58.391805058785081, -34.592300643154715 ] ], [ [ -58.384620730200233, -34.593708390417149 ], [ -58.384894941214924, -34.593532822332676 ], [ -58.385179308193131, -34.593708390417149 ], [ -58.384894941214924, -34.594282974281143 ], [ -58.384620730200233, -34.593708390417149 ] ], [ [ -58.38501877844736, -34.588019795744088 ], [ -58.384894941214924, -34.58816025956154 ], [ -58.384692890993577, -34.588019795744088 ], [ -58.384894941214924, -34.587865627866215 ], [ -58.38501877844736, -34.588019795744088 ] ], [ [ -58.385662732056062, -34.592648180081603 ], [ -58.385506040047673, -34.592444291927421 ], [ -58.385662732056062, -34.592343965826615 ], [ -58.385833352242976, -34.592444291927421 ], [ -58.385662732056062, -34.592648180081603 ] ], [ [ -58.390937554847696, -34.589916037244919 ], [ -58.391037267943943, -34.589814089877912 ], [ -58.391176866278698, -34.589916037244919 ], [ -58.391037267943943, -34.590023168241544 ], [ -58.390937554847696, -34.589916037244919 ] ], [ [ -58.391805058785081, -34.589398884763746 ], [ -58.391681221552645, -34.589283961553051 ], [ -58.391805058785081, -34.589160024579016 ], [ -58.392037722676328, -34.589283961553051 ], [ -58.391805058785081, -34.589398884763746 ] ], [ [ -58.387966104579441, -34.589345328335824 ], [ -58.387885284490899, -34.589283961553051 ], [ -58.387966104579441, -34.589203951628924 ], [ -58.388040647379555, -34.589283961553051 ], [ -58.387966104579441, -34.589345328335824 ] ], [ [ -58.391211765862387, -34.591812235469618 ], [ -58.391037267943943, -34.591949639456452 ], [ -58.390913430711507, -34.591812235469618 ], [ -58.391037267943943, -34.591705106779855 ], [ -58.391211765862387, -34.591812235469618 ] ], [ [ -58.385016812777017, -34.591180174203252 ], [ -58.384894941214924, -34.591293042639215 ], [ -58.384675572403175, -34.591180174203252 ], [ -58.384894941214924, -34.591065253456364 ], [ -58.385016812777017, -34.591180174203252 ] ], [ [ -58.384894941214924, -34.590030959581362 ], [ -58.384610574236739, -34.589916037244919 ], [ -58.384894941214924, -34.589794484600674 ], [ -58.38501877844736, -34.589916037244919 ], [ -58.384894941214924, -34.590030959581362 ] ], [ [ -58.384297770560721, -34.588651881052748 ], [ -58.384127150373807, -34.588832475972069 ], [ -58.383487324672856, -34.588651881052748 ], [ -58.384127150373807, -34.588485543279809 ], [ -58.384297770560721, -34.588651881052748 ] ] ] ] } },
{ "type": "Feature", "properties": { "id": 1, "isomin": 0.0, "isomax": 10.0, "id_punto": "2_10", "sector": 2.0 }, "geometry": { "type": "MultiPolygon", "coordinates": [ [ [ [ -58.381771686261708, -34.590387581257453 ], [ -58.382539477102831, -34.590962188088994 ], [ -58.382609276270202, -34.591019648553591 ], [ -58.382855626272701, -34.591651711041195 ], [ -58.382987355093483, -34.59228376872025 ], [ -58.383307267943962, -34.592517862936639 ], [ -58.384075058785086, -34.592634909797482 ], [ -58.384416299158914, -34.592915821590694 ], [ -58.38484284962621, -34.59319062568666 ], [ -58.385276818362499, -34.593547869652468 ], [ -58.385610640467341, -34.594034057197042 ], [ -58.385787822969135, -34.594179912905574 ], [ -58.386378431308465, -34.594754493508255 ], [ -58.386448230475835, -34.594811951349939 ], [ -58.387146222149589, -34.595263404437482 ], [ -58.387365590961345, -34.595443984985529 ], [ -58.387274187289776, -34.596076013812322 ], [ -58.387509912548026, -34.596708037830254 ], [ -58.387914012990727, -34.597194206879415 ], [ -58.388091195492514, -34.597340057039304 ], [ -58.387914012990727, -34.597485906943071 ], [ -58.387146222149589, -34.597972071439415 ], [ -58.387146222149589, -34.597972071439415 ], [ -58.386378431308465, -34.598329294842706 ], [ -58.386083127138811, -34.598604081030572 ], [ -58.385830009279097, -34.599236085812706 ], [ -58.385610640467341, -34.599416657724298 ], [ -58.38520654002464, -34.599868085785793 ], [ -58.38484284962621, -34.600167452515564 ], [ -58.38425224128688, -34.600500080949779 ], [ -58.384075058785086, -34.600645925304669 ], [ -58.383307267943962, -34.600710744935746 ], [ -58.38275884591458, -34.601132071304633 ], [ -58.382539477102831, -34.601312639094125 ], [ -58.381899651401881, -34.601764056850314 ], [ -58.381771686261708, -34.601869387307033 ], [ -58.38164372112152, -34.601764056850314 ], [ -58.381003895420569, -34.601277914549719 ], [ -58.380826712918775, -34.601132071304633 ], [ -58.380585100416326, -34.600500080949779 ], [ -58.380236104579446, -34.600078751374788 ], [ -58.379687682550077, -34.600500080949779 ], [ -58.379468313738329, -34.600680650113318 ], [ -58.379248944926573, -34.600500080949779 ], [ -58.37902043574767, -34.599868085785793 ], [ -58.378700522897191, -34.599615286373648 ], [ -58.377932732056067, -34.599416657724298 ], [ -58.377713363244318, -34.599236085812706 ], [ -58.377472057551401, -34.598604081030572 ], [ -58.377932732056067, -34.598224875852964 ], [ -58.378158552891698, -34.597972071439415 ], [ -58.377932732056067, -34.597786185350344 ], [ -58.377420871495325, -34.597972071439415 ], [ -58.377164941214943, -34.598182741837455 ], [ -58.376909010934568, -34.597972071439415 ], [ -58.376397150373812, -34.597520633072897 ], [ -58.376177781562056, -34.597340057039304 ], [ -58.376397150373812, -34.597159480613129 ], [ -58.376637085011666, -34.596708037830254 ], [ -58.376397150373812, -34.596482315518756 ], [ -58.376013254953257, -34.596708037830254 ], [ -58.375629359532688, -34.597024048035891 ], [ -58.375245464112119, -34.596708037830254 ], [ -58.374861568691564, -34.596181351482585 ], [ -58.374733603551377, -34.596076013812322 ], [ -58.374861568691564, -34.595970676008456 ], [ -58.375629359532688, -34.595776632335898 ], [ -58.376033459975389, -34.595443984985529 ], [ -58.376397150373812, -34.594811951349939 ], [ -58.376397150373812, -34.594811951349939 ], [ -58.376730972478654, -34.594179912905574 ], [ -58.376762765060064, -34.593547869652468 ], [ -58.377164941214943, -34.593216797457913 ], [ -58.377567117369814, -34.593547869652468 ], [ -58.377932732056067, -34.593739398418784 ], [ -58.378206943070758, -34.593547869652468 ], [ -58.378384373727314, -34.592915821590694 ], [ -58.378700522897191, -34.592655565108743 ], [ -58.379468313738329, -34.592526866547161 ], [ -58.37977543007478, -34.59228376872025 ], [ -58.379948183014029, -34.591651711041195 ], [ -58.380236104579446, -34.591414688171859 ], [ -58.381003895420569, -34.59130695028044 ], [ -58.381387790841138, -34.591019648553591 ], [ -58.381771686261708, -34.590387581257453 ] ], [ [ -58.381003895420569, -34.591996470371335 ], [ -58.381200764867025, -34.59228376872025 ], [ -58.381003895420569, -34.592441782388661 ], [ -58.380696779084118, -34.59228376872025 ], [ -58.381003895420569, -34.591996470371335 ] ], [ [ -58.381003895420569, -34.593389858087832 ], [ -58.38113627315181, -34.593547869652468 ], [ -58.381003895420569, -34.593645107389008 ], [ -58.38082939750214, -34.593547869652468 ], [ -58.381003895420569, -34.593389858087832 ] ], [ [ -58.383307267943962, -34.593313778338405 ], [ -58.383641090048798, -34.593547869652468 ], [ -58.383307267943962, -34.593674278687764 ], [ -58.383132770025519, -34.593547869652468 ], [ -58.383307267943962, -34.593313778338405 ] ], [ [ -58.379194102723638, -34.593547869652468 ], [ -58.379468313738329, -34.59330477481317 ], [ -58.379642811656758, -34.593547869652468 ], [ -58.379468313738329, -34.593685270768717 ], [ -58.379194102723638, -34.593547869652468 ] ], [ [ -58.38484284962621, -34.598453602992663 ], [ -58.385138153795879, -34.598604081030572 ], [ -58.38484284962621, -34.598867416940884 ], [ -58.384664293616645, -34.598604081030572 ], [ -58.38484284962621, -34.598453602992663 ] ], [ [ -58.386378431308465, -34.59714255155307 ], [ -58.386782531751166, -34.597340057039304 ], [ -58.386378431308465, -34.597614846499809 ], [ -58.386159062496716, -34.597340057039304 ], [ -58.386378431308465, -34.59714255155307 ] ], [ [ -58.37839340656074, -34.598604081030572 ], [ -58.378700522897191, -34.598418196355908 ], [ -58.378875020815634, -34.598604081030572 ], [ -58.378700522897191, -34.598856883520497 ], [ -58.37839340656074, -34.598604081030572 ] ], [ [ -58.379289757728749, -34.597340057039304 ], [ -58.379468313738329, -34.597249768875301 ], [ -58.379590185300401, -34.597340057039304 ], [ -58.379468313738329, -34.597459305407412 ], [ -58.379289757728749, -34.597340057039304 ] ], [ [ -58.379579587773271, -34.596076013812322 ], [ -58.379468313738329, -34.596166303252161 ], [ -58.379323447541879, -34.596076013812322 ], [ -58.379468313738329, -34.595977259625123 ], [ -58.379579587773271, -34.596076013812322 ] ], [ [ -58.380883928101646, -34.594811951349939 ], [ -58.381003895420569, -34.594714714979176 ], [ -58.381097528449978, -34.594811951349939 ], [ -58.381003895420569, -34.594888100235515 ], [ -58.380883928101646, -34.594811951349939 ] ], [ [ -58.380354226247313, -34.598604081030572 ], [ -58.380236104579446, -34.598741473783591 ], [ -58.380061606661002, -34.598604081030572 ], [ -58.380236104579446, -34.598503762368928 ], [ -58.380354226247313, -34.598604081030572 ] ], [ [ -58.384675938573793, -34.596076013812322 ], [ -58.38484284962621, -34.595935563377495 ], [ -58.38510760508867, -34.596076013812322 ], [ -58.38484284962621, -34.596197557266166 ], [ -58.384675938573793, -34.596076013812322 ] ], [ [ -58.385062218437959, -34.597340057039304 ], [ -58.38484284962621, -34.597490537094551 ], [ -58.384695197541376, -34.597340057039304 ], [ -58.38484284962621, -34.59721851525719 ], [ -58.385062218437959, -34.597340057039304 ] ], [ [ -58.383307267943962, -34.598484834305978 ], [ -58.383485823953528, -34.598604081030572 ], [ -58.383307267943962, -34.598784654316191 ], [ -58.383153709775733, -34.598604081030572 ], [ -58.383307267943962, -34.598484834305978 ] ], [ [ -58.383307267943962, -34.594685544045745 ], [ -58.383490075287078, -34.594811951349939 ], [ -58.383307267943962, -34.594910706922484 ], [ -58.383187300625025, -34.594811951349939 ], [ -58.383307267943962, -34.594685544045745 ] ], [ [ -58.377932732056067, -34.596893926332115 ], [ -58.377692797418213, -34.596708037830254 ], [ -58.377932732056067, -34.596584111931243 ], [ -58.378080384140901, -34.596708037830254 ], [ -58.377932732056067, -34.596893926332115 ] ], [ [ -58.383627180794427, -34.599868085785793 ], [ -58.383307267943962, -34.600289416429447 ], [ -58.383059593479075, -34.599868085785793 ], [ -58.383307267943962, -34.599687514855617 ], [ -58.383627180794427, -34.599868085785793 ] ] ] ] } },
{ "type": "Feature", "properties": { "id": 1, "isomin": 0.0, "isomax": 10.0, "id_punto": "2_11", "sector": 2.0 }, "geometry": { "type": "MultiPolygon", "coordinates": [ [ [ [ -58.38279354682242, -34.587505636376413 ], [ -58.383049477102794, -34.587294938901266 ], [ -58.383817267943918, -34.587024041362476 ], [ -58.384585058785042, -34.587077444172991 ], [ -58.385011609252345, -34.586873542348222 ], [ -58.38528305045881, -34.586241443511746 ], [ -58.38535284962618, -34.586183979742728 ], [ -58.385422648793543, -34.586241443511746 ], [ -58.38569409, -34.586873542348222 ], [ -58.386120640467297, -34.587107651808189 ], [ -58.386888431308435, -34.586873542348222 ], [ -58.387656222149559, -34.58735976895052 ], [ -58.387833404651346, -34.587505636376413 ], [ -58.387656222149559, -34.587651503546269 ], [ -58.386888431308435, -34.587894614926945 ], [ -58.386655767417167, -34.588137725596326 ], [ -58.386888431308435, -34.588453768403156 ], [ -58.38727232672899, -34.588769810007896 ], [ -58.387252121706858, -34.589401889611075 ], [ -58.386888431308435, -34.589701294060603 ], [ -58.38661422029373, -34.590033964405819 ], [ -58.386888431308435, -34.59033495071327 ], [ -58.387290607463299, -34.590666034392122 ], [ -58.386958230475805, -34.59129809956989 ], [ -58.386888431308435, -34.591355559802174 ], [ -58.386376570747679, -34.591930159939139 ], [ -58.386408562032727, -34.592562215499797 ], [ -58.386120640467297, -34.592799235095313 ], [ -58.38535284962618, -34.59294144652803 ], [ -58.385096919345798, -34.593194266251807 ], [ -58.384987234939921, -34.593826312195183 ], [ -58.384872980350472, -34.594458353329834 ], [ -58.384585058785042, -34.594695367515563 ], [ -58.383817267943918, -34.594847299330233 ], [ -58.383532900965726, -34.595090389655716 ], [ -58.383817267943918, -34.5956649639609 ], [ -58.383887067111289, -34.59572242117283 ], [ -58.383817267943918, -34.595779878345049 ], [ -58.383049477102794, -34.595959431751986 ], [ -58.382281686261663, -34.595933097276585 ], [ -58.381733264232295, -34.596354447881126 ], [ -58.381513895420539, -34.596535026057396 ], [ -58.381294526608784, -34.596354447881126 ], [ -58.38106601742988, -34.59572242117283 ], [ -58.380746104579416, -34.595406406015378 ], [ -58.379978313738285, -34.595371293145902 ], [ -58.379637073364449, -34.595090389655716 ], [ -58.379210522897161, -34.59463893562792 ], [ -58.378442732056037, -34.594669032639437 ], [ -58.378186801775655, -34.594458353329834 ], [ -58.377994854065378, -34.593826312195183 ], [ -58.37790076205053, -34.593194266251807 ], [ -58.377674941214899, -34.592960173941364 ], [ -58.377195071939198, -34.593194266251807 ], [ -58.376907150373782, -34.59343128404408 ], [ -58.376619228808352, -34.593194266251807 ], [ -58.3766512200934, -34.592562215499797 ], [ -58.376139359532644, -34.592211074115298 ], [ -58.375798119158816, -34.591930159939139 ], [ -58.375823210362782, -34.59129809956989 ], [ -58.376139359532644, -34.59103783802022 ], [ -58.376907150373782, -34.591152238801804 ], [ -58.377081648292226, -34.590666034392122 ], [ -58.377674941214899, -34.590177617097652 ], [ -58.378442732056037, -34.590155516699696 ], [ -58.378559064001664, -34.590033964405819 ], [ -58.378587598252466, -34.589401889611075 ], [ -58.378587598252466, -34.588769810007896 ], [ -58.379210522897161, -34.588256987174084 ], [ -58.379978313738285, -34.588275135660055 ], [ -58.380746104579416, -34.588266722805528 ], [ -58.381513895420539, -34.588220894872563 ], [ -58.381761569885427, -34.588137725596326 ], [ -58.382281686261663, -34.587709536650145 ], [ -58.38279354682242, -34.587505636376413 ] ], [ [ -58.383956866278673, -34.588769810007896 ], [ -58.383817267943918, -34.588862763192282 ], [ -58.383693430711482, -34.588769810007896 ], [ -58.383817267943918, -34.588589214952371 ], [ -58.383956866278673, -34.588769810007896 ] ], [ [ -58.384585058785042, -34.589928618940604 ], [ -58.384810879620673, -34.590033964405819 ], [ -58.384585058785042, -34.590168447784329 ], [ -58.384466937117189, -34.590033964405819 ], [ -58.384585058785042, -34.589928618940604 ] ], [ [ -58.377674941214899, -34.59175458809667 ], [ -58.377857748558029, -34.591930159939139 ], [ -58.377674941214899, -34.5921642551519 ], [ -58.377270840772205, -34.591930159939139 ], [ -58.377674941214899, -34.59175458809667 ] ], [ [ -58.380746104579416, -34.591852128054967 ], [ -58.380836432913661, -34.591930159939139 ], [ -58.380746104579416, -34.59203377593434 ], [ -58.380627982911548, -34.591930159939139 ], [ -58.380746104579416, -34.591852128054967 ] ], [ [ -58.383817267943918, -34.591826543814676 ], [ -58.383977224369161, -34.591930159939139 ], [ -58.383817267943918, -34.592073809352428 ], [ -58.383702672295996, -34.591930159939139 ], [ -58.383817267943918, -34.591826543814676 ] ], [ [ -58.380746104579416, -34.593348424242379 ], [ -58.380579193526991, -34.593194266251807 ], [ -58.380746104579416, -34.593090651703967 ], [ -58.380862436525042, -34.593194266251807 ], [ -58.380746104579416, -34.593348424242379 ] ], [ [ -58.380924660588981, -34.594458353329834 ], [ -58.380746104579416, -34.594774372093866 ], [ -58.380461737601216, -34.594458353329834 ], [ -58.380746104579416, -34.59430419739892 ], [ -58.380924660588981, -34.594458353329834 ] ], [ [ -58.380819930621826, -34.590666034392122 ], [ -58.380746104579416, -34.590744067390283 ], [ -58.380622267346979, -34.590666034392122 ], [ -58.380746104579416, -34.590578247181568 ], [ -58.380819930621826, -34.590666034392122 ] ], [ [ -58.379377433949578, -34.593194266251807 ], [ -58.379210522897161, -34.593481560458549 ], [ -58.37898470206153, -34.593194266251807 ], [ -58.379210522897161, -34.593040107975199 ], [ -58.379377433949578, -34.593194266251807 ] ], [ [ -58.383666720720164, -34.593194266251807 ], [ -58.383817267943918, -34.593050618775884 ], [ -58.3840731982243, -34.593194266251807 ], [ -58.384182882630171, -34.593826312195183 ], [ -58.383817267943918, -34.59406940550835 ], [ -58.383630001885109, -34.593826312195183 ], [ -58.383666720720164, -34.593194266251807 ] ], [ [ -58.386120640467297, -34.590440295663292 ], [ -58.386486255153557, -34.590666034392122 ], [ -58.386120640467297, -34.591017182306736 ], [ -58.385907365233656, -34.590666034392122 ], [ -58.386120640467297, -34.590440295663292 ] ] ] ] } },
{ "type": "Feature", "properties": { "id": 1, "isomin": 0.0, "isomax": 10.0, "id_punto": "2_12", "sector": 2.0 }, "geometry": { "type": "MultiPolygon", "coordinates": [ [ [ [ -58.386083198224341, -34.584409271402549 ], [ -58.386595058785105, -34.584830680452143 ], [ -58.386850989065479, -34.585041384175582 ], [ -58.387362849626221, -34.585342388568051 ], [ -58.387765025781107, -34.585673492140486 ], [ -58.388130640467345, -34.585974494243331 ], [ -58.388898431308483, -34.586006178611804 ], [ -58.389262121706906, -34.586305595297198 ], [ -58.389332400044758, -34.58693769364568 ], [ -58.389186352873899, -34.587569787185899 ], [ -58.389317226312727, -34.588201875917811 ], [ -58.389239671682311, -34.588833959841381 ], [ -58.388968230475854, -34.589466038956537 ], [ -58.388898431308483, -34.589523500455861 ], [ -58.388549435471603, -34.590098113263281 ], [ -58.388386570747727, -34.590730182761561 ], [ -58.388514535887914, -34.591362247451329 ], [ -58.388898431308483, -34.591888964352954 ], [ -58.389026396448656, -34.591994307332556 ], [ -58.388898431308483, -34.592099650178596 ], [ -58.388130640467345, -34.592275221291821 ], [ -58.387432648793592, -34.592626362405163 ], [ -58.387362849626221, -34.592683821718779 ], [ -58.387013853789348, -34.593258412669179 ], [ -58.386595058785105, -34.593603165331828 ], [ -58.385827267943966, -34.593518667262565 ], [ -58.38551111877409, -34.593258412669179 ], [ -58.385059477102843, -34.593114765304158 ], [ -58.384888856915929, -34.593258412669179 ], [ -58.384846201869188, -34.593890458124498 ], [ -58.385059477102843, -34.594223111695833 ], [ -58.385423167501266, -34.594522498771127 ], [ -58.38518744224303, -34.595154534608987 ], [ -58.385059477102843, -34.595259873447759 ], [ -58.384291686261719, -34.595391546808422 ], [ -58.384003764696295, -34.595154534608987 ], [ -58.383523895420588, -34.594759512773834 ], [ -58.382756104579464, -34.594627838411377 ], [ -58.382628139439277, -34.594522498771127 ], [ -58.381988313738326, -34.594036314085137 ], [ -58.381220522897209, -34.593995798566219 ], [ -58.381092557757015, -34.593890458124498 ], [ -58.381220522897209, -34.593785117549217 ], [ -58.381468197362089, -34.593258412669179 ], [ -58.381220522897209, -34.593032680984052 ], [ -58.380452732056085, -34.592925755234894 ], [ -58.380089041657648, -34.592626362405163 ], [ -58.379969308193154, -34.591994307332556 ], [ -58.379684941214947, -34.59177635619254 ], [ -58.379205071939239, -34.591994307332556 ], [ -58.378917150373823, -34.592231328548301 ], [ -58.378629228808407, -34.591994307332556 ], [ -58.378917150373823, -34.591757285440593 ], [ -58.379181905836283, -34.591362247451329 ], [ -58.378917150373823, -34.591151559755701 ], [ -58.378149359532706, -34.591128149978744 ], [ -58.377381568691568, -34.590910773163607 ], [ -58.377162199879812, -34.590730182761561 ], [ -58.377381568691568, -34.590549591967019 ], [ -58.378149359532706, -34.590332213638142 ], [ -58.378368728344441, -34.590098113263281 ], [ -58.378444663702361, -34.589466038956537 ], [ -58.378917150373823, -34.589077067762403 ], [ -58.379191361388514, -34.588833959841381 ], [ -58.379684941214947, -34.588427620728218 ], [ -58.380275549554277, -34.588201875917811 ], [ -58.380452732056085, -34.588056009714137 ], [ -58.380629914557879, -34.588201875917811 ], [ -58.381220522897209, -34.58855303424675 ], [ -58.381988313738326, -34.588280886671221 ], [ -58.382069993615048, -34.588201875917811 ], [ -58.382536735767708, -34.587569787185899 ], [ -58.382756104579464, -34.587389189522199 ], [ -58.383523895420588, -34.587171802924921 ], [ -58.383743264232336, -34.58693769364568 ], [ -58.384291686261719, -34.586486195315992 ], [ -58.384466184180155, -34.586305595297198 ], [ -58.384493736483073, -34.585673492140486 ], [ -58.385059477102843, -34.585207728843052 ], [ -58.385343844081035, -34.585041384175582 ], [ -58.385571337663585, -34.584409271402549 ], [ -58.385827267943966, -34.584198566076388 ], [ -58.386083198224341, -34.584409271402549 ] ], [ [ -58.384210866173163, -34.590098113263281 ], [ -58.384291686261719, -34.590030148514785 ], [ -58.384408018207345, -34.590098113263281 ], [ -58.384291686261719, -34.59017614679486 ], [ -58.384210866173163, -34.590098113263281 ] ], [ [ -58.385730079229901, -34.588833959841381 ], [ -58.385827267943966, -34.588746170695089 ], [ -58.38597781516772, -34.588833959841381 ], [ -58.385827267943966, -34.588929729713364 ], [ -58.385730079229901, -34.588833959841381 ] ], [ [ -58.380452732056085, -34.590896516040864 ], [ -58.380205057591198, -34.590730182761561 ], [ -58.380452732056085, -34.590576019912689 ], [ -58.380572699375008, -34.590730182761561 ], [ -58.380452732056085, -34.590896516040864 ] ], [ [ -58.385059477102843, -34.588281886806847 ], [ -58.384955721583772, -34.588201875917811 ], [ -58.385059477102843, -34.588067389356254 ], [ -58.385166114719674, -34.588201875917811 ], [ -58.385059477102843, -34.588281886806847 ] ], [ [ -58.383523895420588, -34.590821786637733 ], [ -58.383427921565449, -34.590730182761561 ], [ -58.383523895420588, -34.590663649356607 ], [ -58.383618684413321, -34.590730182761561 ], [ -58.383523895420588, -34.590821786637733 ] ], [ [ -58.383694515607502, -34.593258412669179 ], [ -58.383737170654236, -34.593890458124498 ], [ -58.383523895420588, -34.594285484092161 ], [ -58.383228591250926, -34.593890458124498 ], [ -58.383304526608832, -34.593258412669179 ], [ -58.383523895420588, -34.593104254511594 ], [ -58.383694515607502, -34.593258412669179 ] ], [ [ -58.385059477102843, -34.591266480383169 ], [ -58.385204343299286, -34.591362247451329 ], [ -58.385059477102843, -34.591520262872429 ], [ -58.38495430027529, -34.591362247451329 ], [ -58.385059477102843, -34.591266480383169 ] ], [ [ -58.388130640467345, -34.587403447246771 ], [ -58.388610509743053, -34.587569787185899 ], [ -58.388130640467345, -34.587767315431137 ], [ -58.387960020280431, -34.587569787185899 ], [ -58.388130640467345, -34.587403447246771 ] ], [ [ -58.383523895420588, -34.591902704749167 ], [ -58.383643862739511, -34.591994307332556 ], [ -58.383523895420588, -34.592148467549734 ], [ -58.383389195273018, -34.591994307332556 ], [ -58.383523895420588, -34.591902704749167 ] ] ] ] } },
{ "type": "Feature", "properties": { "id": 1, "isomin": 0.0, "isomax": 10.0, "id_punto": "2_13", "sector": 2.0 }, "geometry": { "type": "MultiPolygon", "coordinates": [ [ [ [ -58.382796104579441, -34.588076749960329 ], [ -58.383052034859823, -34.588287445453076 ], [ -58.383563895420579, -34.588513190030973 ], [ -58.384331686261703, -34.588550814067652 ], [ -58.385029677935457, -34.588287445453076 ], [ -58.385099477102827, -34.588229983098948 ], [ -58.385169276270197, -34.588287445453076 ], [ -58.385463167501257, -34.588919528725675 ], [ -58.385867267943958, -34.589162636396352 ], [ -58.386635058785082, -34.589235568558841 ], [ -58.387018954205651, -34.589551607189918 ], [ -58.387402849626206, -34.589826422413701 ], [ -58.388170640467337, -34.589551607189918 ], [ -58.388298605607517, -34.590183680845712 ], [ -58.388458562032753, -34.590815749693022 ], [ -58.388589435471587, -34.591447813731818 ], [ -58.388938431308461, -34.591974530090965 ], [ -58.389066396448648, -34.592079872962074 ], [ -58.389302121706898, -34.592711927383732 ], [ -58.389194361588842, -34.593343976996756 ], [ -58.389279671682289, -34.593976021801105 ], [ -58.389706222149599, -34.594608061796713 ], [ -58.388938431308461, -34.594939128446725 ], [ -58.388554535887891, -34.595240096983602 ], [ -58.388390009279092, -34.595872127361673 ], [ -58.388170640467337, -34.596052706586427 ], [ -58.387690771191636, -34.596504152930898 ], [ -58.387402849626206, -34.596741161279567 ], [ -58.38711492806079, -34.596504152930898 ], [ -58.386635058785082, -34.596328590755149 ], [ -58.386402394893828, -34.596504152930898 ], [ -58.386635058785082, -34.59699032317338 ], [ -58.38681224128689, -34.597136173691268 ], [ -58.386635058785082, -34.597282023953035 ], [ -58.386086636755714, -34.5977681896427 ], [ -58.385867267943958, -34.59794876474556 ], [ -58.385647899132209, -34.5977681896427 ], [ -58.385099477102827, -34.597564314054758 ], [ -58.384834721640367, -34.5977681896427 ], [ -58.385099477102827, -34.598163197170294 ], [ -58.38538739866825, -34.598400200785179 ], [ -58.385099477102827, -34.598637203723804 ], [ -58.384331686261703, -34.598757422347184 ], [ -58.383897717525407, -34.598400200785179 ], [ -58.383563895420579, -34.598208682764991 ], [ -58.383323960782725, -34.598400200785179 ], [ -58.382796104579441, -34.598834705656031 ], [ -58.382344462908193, -34.599032207118661 ], [ -58.382028313738324, -34.599292443622915 ], [ -58.381712164568448, -34.599032207118661 ], [ -58.3812605228972, -34.598681093082661 ], [ -58.380919282523358, -34.598400200785179 ], [ -58.380492732056062, -34.598005194384676 ], [ -58.379724941214938, -34.597825645399823 ], [ -58.379655142047568, -34.5977681896427 ], [ -58.37932276506006, -34.597136173691268 ], [ -58.378957150373807, -34.596803531785248 ], [ -58.378189359532684, -34.596609490058249 ], [ -58.378061394392496, -34.596504152930898 ], [ -58.37742156869156, -34.596017979842934 ], [ -58.376653777850429, -34.595872127361673 ], [ -58.376653777850429, -34.595872127361673 ], [ -58.376290087452006, -34.595240096983602 ], [ -58.376234982846178, -34.594608061796713 ], [ -58.376337628680552, -34.593976021801105 ], [ -58.376653777850429, -34.593715768640493 ], [ -58.376987599955271, -34.593343976996756 ], [ -58.376653777850429, -34.593056682314227 ], [ -58.376234982846178, -34.592711927383732 ], [ -58.376312537476593, -34.592079872962074 ], [ -58.376653777850429, -34.591798958342288 ], [ -58.376995018224271, -34.592079872962074 ], [ -58.37742156869156, -34.592277390485407 ], [ -58.377654232582813, -34.592079872962074 ], [ -58.37742156869156, -34.591447813731818 ], [ -58.37742156869156, -34.591447813731818 ], [ -58.377244386189759, -34.590815749693022 ], [ -58.37742156869156, -34.590669888078125 ], [ -58.378189359532684, -34.59071040521907 ], [ -58.378779967872013, -34.590183680845712 ], [ -58.378957150373807, -34.590037818121161 ], [ -58.379437019649515, -34.589551607189918 ], [ -58.379724941214938, -34.589314578329315 ], [ -58.380492732056062, -34.589220519070246 ], [ -58.381041154085445, -34.588919528725675 ], [ -58.3812605228972, -34.588738933995586 ], [ -58.382028313738324, -34.588491343808315 ], [ -58.382540174299066, -34.588287445453076 ], [ -58.382796104579441, -34.588076749960329 ] ], [ [ -58.380492732056062, -34.589882693990269 ], [ -58.380675539399192, -34.590183680845712 ], [ -58.380649424064451, -34.590815749693022 ], [ -58.380492732056062, -34.590939684197267 ], [ -58.380300784345785, -34.590815749693022 ], [ -58.380197427886408, -34.590183680845712 ], [ -58.380492732056062, -34.589882693990269 ] ], [ [ -58.384331686261703, -34.589965724955839 ], [ -58.384518952320512, -34.590183680845712 ], [ -58.384331686261703, -34.590300730995025 ], [ -58.384168326508274, -34.590183680845712 ], [ -58.384331686261703, -34.589965724955839 ] ], [ [ -58.382028313738324, -34.590665257546476 ], [ -58.382152150970761, -34.590815749693022 ], [ -58.382028313738324, -34.59091769583096 ], [ -58.381871621729935, -34.590815749693022 ], [ -58.382028313738324, -34.590665257546476 ] ], [ [ -58.385099477102827, -34.591267224497116 ], [ -58.385259433528063, -34.591447813731818 ], [ -58.385099477102827, -34.591546573303525 ], [ -58.384964776955265, -34.591447813731818 ], [ -58.385099477102827, -34.591267224497116 ] ], [ [ -58.379724941214938, -34.591925712617616 ], [ -58.379869807411389, -34.592079872962074 ], [ -58.379724941214938, -34.592185215699622 ], [ -58.379477266750058, -34.592079872962074 ], [ -58.379724941214938, -34.591925712617616 ] ], [ [ -58.383563895420579, -34.591984106721142 ], [ -58.383680227366206, -34.592079872962074 ], [ -58.383563895420579, -34.592151697570337 ], [ -58.383471390499956, -34.592079872962074 ], [ -58.383563895420579, -34.591984106721142 ] ], [ [ -58.385099477102827, -34.596380226727717 ], [ -58.385332140994088, -34.596504152930898 ], [ -58.385099477102827, -34.596708031120961 ], [ -58.384939520677598, -34.596504152930898 ], [ -58.385099477102827, -34.596380226727717 ] ], [ [ -58.378957150373807, -34.595705804044201 ], [ -58.379149098084085, -34.595872127361673 ], [ -58.378957150373807, -34.596204772997545 ], [ -58.378608154536941, -34.595872127361673 ], [ -58.378957150373807, -34.595705804044201 ] ], [ [ -58.386635058785082, -34.593841544585878 ], [ -58.386860879620713, -34.593976021801105 ], [ -58.386635058785082, -34.59409756832757 ], [ -58.386490192588639, -34.593976021801105 ], [ -58.386635058785082, -34.593841544585878 ] ], [ [ -58.380492732056062, -34.593253684489312 ], [ -58.380589920770127, -34.593343976996756 ], [ -58.380492732056062, -34.593430558761057 ], [ -58.380358031908493, -34.593343976996756 ], [ -58.380492732056062, -34.593253684489312 ] ], [ [ -58.380364766915875, -34.594608061796713 ], [ -58.380492732056062, -34.594521481259655 ], [ -58.380591166779283, -34.594608061796713 ], [ -58.380492732056062, -34.594725105712648 ], [ -58.380364766915875, -34.594608061796713 ] ], [ [ -58.386487406700248, -34.595240096983602 ], [ -58.386635058785082, -34.595118552128817 ], [ -58.386854427596838, -34.595240096983602 ], [ -58.386635058785082, -34.595415661459882 ], [ -58.386487406700248, -34.595240096983602 ] ], [ [ -58.383723851845808, -34.596504152930898 ], [ -58.383563895420579, -34.596644602404332 ], [ -58.383435930280392, -34.596504152930898 ], [ -58.383563895420579, -34.596406918540957 ], [ -58.383723851845808, -34.596504152930898 ] ], [ [ -58.388682501028086, -34.593343976996756 ], [ -58.388597190934632, -34.593976021801105 ], [ -58.388170640467337, -34.594167549580305 ], [ -58.387944819631706, -34.593976021801105 ], [ -58.387922966002456, -34.593343976996756 ], [ -58.388170640467337, -34.5931400905502 ], [ -58.388682501028086, -34.593343976996756 ] ], [ [ -58.383563895420579, -34.593272153419271 ], [ -58.383675169455522, -34.593343976996756 ], [ -58.383669072248132, -34.593976021801105 ], [ -58.383563895420579, -34.594045476980867 ], [ -58.383490772483313, -34.593976021801105 ], [ -58.383490772483313, -34.593343976996756 ], [ -58.383563895420579, -34.593272153419271 ] ], [ [ -58.381931125024252, -34.593343976996756 ], [ -58.382028313738324, -34.593273749499446 ], [ -58.382101436675569, -34.593343976996756 ], [ -58.382028313738324, -34.593415800512155 ], [ -58.381931125024252, -34.593343976996756 ] ], [ [ -58.385099477102827, -34.594063805421371 ], [ -58.384994300275274, -34.593976021801105 ], [ -58.384988203067877, -34.593343976996756 ], [ -58.385099477102827, -34.593252375901507 ], [ -58.385273975021271, -34.593343976996756 ], [ -58.38524434329927, -34.593976021801105 ], [ -58.385099477102827, -34.594063805421371 ] ], [ [ -58.378957150373807, -34.593461022693695 ], [ -58.378760280927366, -34.593343976996756 ], [ -58.378957150373807, -34.593220046079082 ], [ -58.379091850521377, -34.593343976996756 ], [ -58.378957150373807, -34.593461022693695 ] ] ] ] } },
{ "type": "Feature", "properties": { "id": 1, "isomin": 0.0, "isomax": 10.0, "id_punto": "2_14", "sector": 2.0 }, "geometry": { "type": "MultiPolygon", "coordinates": [ [ [ [ -58.383511686261706, -34.587296305673192 ], [ -58.384279477102837, -34.587472977502401 ], [ -58.38504726794396, -34.587653574984003 ], [ -58.38504726794396, -34.587653574984003 ], [ -58.38504726794396, -34.587653574984003 ], [ -58.385815058785084, -34.587416540708901 ], [ -58.386582849626215, -34.587472977502401 ], [ -58.386802218437971, -34.587653574984003 ], [ -58.387350640467339, -34.588228200723179 ], [ -58.388118431308477, -34.588004735630143 ], [ -58.388886222149601, -34.58828566307853 ], [ -58.38824639644865, -34.588917746364714 ], [ -58.388188230475848, -34.589549824842493 ], [ -58.388295613810271, -34.590181898511851 ], [ -58.388118431308477, -34.590327760983463 ], [ -58.387862501028089, -34.590813967372725 ], [ -58.388118431308477, -34.591300170916739 ], [ -58.388295613810271, -34.591446031425079 ], [ -58.388118431308477, -34.591591891677375 ], [ -58.387798518457998, -34.592078090668899 ], [ -58.388118431308477, -34.592473125254408 ], [ -58.388406352873893, -34.592710145104121 ], [ -58.388118431308477, -34.592947164277597 ], [ -58.387606570747721, -34.593342194730702 ], [ -58.387350640467339, -34.593552876870973 ], [ -58.386582849626215, -34.593770354648875 ], [ -58.386156299158927, -34.593974239548587 ], [ -58.386582849626215, -34.594606279557787 ], [ -58.385815058785084, -34.594905665252163 ], [ -58.385466062948218, -34.595238314758213 ], [ -58.38504726794396, -34.595583059204323 ], [ -58.384535407383218, -34.595870345149841 ], [ -58.384279477102837, -34.596081020878415 ], [ -58.383511686261706, -34.596169726288515 ], [ -58.38296326423233, -34.596502370732651 ], [ -58.382743895420582, -34.596682948587322 ], [ -58.382524526608826, -34.596502370732651 ], [ -58.381976104579458, -34.596130591560453 ], [ -58.38120831373832, -34.596239027324224 ], [ -58.380760435747668, -34.595870345149841 ], [ -58.380440522897203, -34.595343653490751 ], [ -58.379672732056065, -34.595418895360808 ], [ -58.379453363244323, -34.595238314758213 ], [ -58.378904941214941, -34.594752134261618 ], [ -58.378137150373824, -34.594663737501982 ], [ -58.378067351206454, -34.594606279557787 ], [ -58.377821001203948, -34.593974239548587 ], [ -58.378137150373824, -34.593713986382404 ], [ -58.378362971209448, -34.593342194730702 ], [ -58.378137150373824, -34.59316160961378 ], [ -58.377588728344442, -34.593342194730702 ], [ -58.377369359532686, -34.593522779455071 ], [ -58.37714999072093, -34.593342194730702 ], [ -58.376601568691562, -34.592947164277597 ], [ -58.376313647126146, -34.592710145104121 ], [ -58.376473603551375, -34.592078090668899 ], [ -58.376601568691562, -34.591972747795523 ], [ -58.37672953383175, -34.592078090668899 ], [ -58.377369359532686, -34.592321189097667 ], [ -58.37754385745113, -34.592078090668899 ], [ -58.377369359532686, -34.591777110676318 ], [ -58.376967183377815, -34.591446031425079 ], [ -58.376921481542027, -34.590813967372725 ], [ -58.377369359532686, -34.590445261121573 ], [ -58.378137150373824, -34.590379420547428 ], [ -58.378339200595171, -34.590181898511851 ], [ -58.378369814265071, -34.589549824842493 ], [ -58.378904941214941, -34.589109285805151 ], [ -58.379179152229632, -34.588917746364714 ], [ -58.379672732056065, -34.588511407661287 ], [ -58.380124373727327, -34.58828566307853 ], [ -58.380440522897203, -34.588025392092511 ], [ -58.380756672067072, -34.58828566307853 ], [ -58.38120831373832, -34.588426126446564 ], [ -58.38179892207765, -34.58828566307853 ], [ -58.381976104579458, -34.588139797021945 ], [ -58.382743895420582, -34.587819914422411 ], [ -58.383077717525424, -34.587653574984003 ], [ -58.383511686261706, -34.587296305673192 ] ], [ [ -58.379533133721324, -34.592078090668899 ], [ -58.379672732056065, -34.591986488177895 ], [ -58.379790853723932, -34.592078090668899 ], [ -58.379672732056065, -34.592209769072774 ], [ -58.379533133721324, -34.592078090668899 ] ], [ [ -58.382743895420582, -34.588751409123994 ], [ -58.382891547505416, -34.588917746364714 ], [ -58.382743895420582, -34.589012086741306 ], [ -58.382604297085827, -34.588917746364714 ], [ -58.382743895420582, -34.588751409123994 ] ], [ [ -58.381041402685909, -34.593342194730702 ], [ -58.38120831373832, -34.593250593633499 ], [ -58.381324645683947, -34.593342194730702 ], [ -58.38120831373832, -34.593468604078971 ], [ -58.381041402685909, -34.593342194730702 ] ], [ [ -58.380156155918996, -34.594606279557787 ], [ -58.380440522897203, -34.594448270006311 ], [ -58.380619078906761, -34.594606279557787 ], [ -58.380440522897203, -34.595132975892085 ], [ -58.380156155918996, -34.594606279557787 ] ], [ [ -58.383423434440886, -34.590813967372725 ], [ -58.383511686261706, -34.59071962904207 ], [ -58.383610120984926, -34.590813967372725 ], [ -58.383511686261706, -34.590884986045353 ], [ -58.383423434440886, -34.590813967372725 ] ], [ [ -58.383616863089266, -34.592078090668899 ], [ -58.383511686261706, -34.592165876294665 ], [ -58.383428230735504, -34.592078090668899 ], [ -58.383511686261706, -34.592007073016127 ], [ -58.383616863089266, -34.592078090668899 ] ], [ [ -58.384950079229895, -34.591446031425079 ], [ -58.38504726794396, -34.591347271733866 ], [ -58.385197815167714, -34.591446031425079 ], [ -58.38504726794396, -34.591569964989155 ], [ -58.384950079229895, -34.591446031425079 ] ], [ [ -58.386062733249972, -34.588917746364714 ], [ -58.385815058785084, -34.589044162444942 ], [ -58.385636502775519, -34.588917746364714 ], [ -58.385815058785084, -34.588692002885914 ], [ -58.386062733249972, -34.588917746364714 ] ], [ [ -58.383511686261706, -34.594114693299545 ], [ -58.383381552220833, -34.593974239548587 ], [ -58.383400412226763, -34.593342194730702 ], [ -58.383511686261706, -34.593254410347889 ], [ -58.383653869750802, -34.593342194730702 ], [ -58.383686184180149, -34.593974239548587 ], [ -58.383511686261706, -34.594114693299545 ] ], [ [ -58.384872770025517, -34.593974239548587 ], [ -58.384905084454857, -34.593342194730702 ], [ -58.38504726794396, -34.593225148866338 ], [ -58.385342572113622, -34.593342194730702 ], [ -58.385473818411256, -34.593974239548587 ], [ -58.38504726794396, -34.594192184922534 ], [ -58.384872770025517, -34.593974239548587 ] ], [ [ -58.380440522897203, -34.590895001494317 ], [ -58.380327612479391, -34.590813967372725 ], [ -58.380440522897203, -34.590643138425051 ], [ -58.380537711611268, -34.590813967372725 ], [ -58.380440522897203, -34.590895001494317 ] ], [ [ -58.379839643108497, -34.593342194730702 ], [ -58.379672732056065, -34.593552876870973 ], [ -58.379446911220448, -34.593342194730702 ], [ -58.379672732056065, -34.593210518121701 ], [ -58.379839643108497, -34.593342194730702 ] ], [ [ -58.384905084454857, -34.589549824842493 ], [ -58.38504726794396, -34.58940283027674 ], [ -58.38520082611219, -34.589549824842493 ], [ -58.38504726794396, -34.589645593889358 ], [ -58.384905084454857, -34.589549824842493 ] ] ] ] } },
{ "type": "Feature", "properties": { "id": 1, "isomin": 0.0, "isomax": 10.0, "id_punto": "2_15", "sector": 2.0 }, "geometry": { "type": "MultiPolygon", "coordinates": [ [ [ [ -58.379746104579432, -34.589798501910764 ], [ -58.380034026144862, -34.590035529390853 ], [ -58.380239684405879, -34.590667599365226 ], [ -58.38051389542057, -34.590838428262622 ], [ -58.381281686261687, -34.591000265841416 ], [ -58.382049477102825, -34.591062640657412 ], [ -58.382337398668241, -34.591299664531107 ], [ -58.382049477102825, -34.59153668772862 ], [ -58.381793546822443, -34.591931724888447 ], [ -58.382049477102825, -34.592107296356552 ], [ -58.382561337663567, -34.591931724888447 ], [ -58.382817267943949, -34.591721038636969 ], [ -58.383073198224324, -34.591931724888447 ], [ -58.383585058785073, -34.592326760169918 ], [ -58.383872980350496, -34.592563780437196 ], [ -58.383585058785073, -34.592800800028243 ], [ -58.3833373843202, -34.593195831177304 ], [ -58.383397792726264, -34.593827877108772 ], [ -58.383585058785073, -34.59400344456968 ], [ -58.384096919345829, -34.593827877108772 ], [ -58.384352849626204, -34.593617195665907 ], [ -58.384608779906586, -34.593827877108772 ], [ -58.385120640467328, -34.594222903374003 ], [ -58.385408562032744, -34.594459918231514 ], [ -58.385888431308452, -34.594854941491299 ], [ -58.386176352873882, -34.595091954545516 ], [ -58.386656222149583, -34.595666528839885 ], [ -58.386726021316953, -34.595723986050722 ], [ -58.386656222149583, -34.595781443221838 ], [ -58.38629060746333, -34.596356012747108 ], [ -58.386656222149583, -34.596707136611634 ], [ -58.386997462523411, -34.59698803463462 ], [ -58.386656222149583, -34.597268931707688 ], [ -58.386272326729021, -34.597620051713236 ], [ -58.386252121706882, -34.598252063982883 ], [ -58.385888431308452, -34.598551436537399 ], [ -58.385297822969136, -34.59888407144355 ], [ -58.385120640467328, -34.599029918636163 ], [ -58.384716540024627, -34.599516074095199 ], [ -58.384352849626204, -34.599815442093785 ], [ -58.383989159227767, -34.599516074095199 ], [ -58.383585058785073, -34.599228800758802 ], [ -58.38330069180688, -34.599516074095199 ], [ -58.382945233084136, -34.600148071937774 ], [ -58.382817267943949, -34.600253404443983 ], [ -58.382365626272687, -34.600780064971218 ], [ -58.382049477102825, -34.601040295998956 ], [ -58.381281686261687, -34.60111110702185 ], [ -58.380879510106809, -34.600780064971218 ], [ -58.38051389542057, -34.600613751481326 ], [ -58.380311845199216, -34.600780064971218 ], [ -58.38051389542057, -34.601112690951922 ], [ -58.380877585818986, -34.601412053195538 ], [ -58.38051389542057, -34.601711414360075 ], [ -58.380109794977869, -34.602044036610657 ], [ -58.379746104579432, -34.602676015216545 ], [ -58.378978313738308, -34.602224602417358 ], [ -58.37875894492656, -34.602044036610657 ], [ -58.378722383457934, -34.601412053195538 ], [ -58.378978313738308, -34.601201390988464 ], [ -58.379180363959662, -34.600780064971218 ], [ -58.378978313738308, -34.600618015933932 ], [ -58.378574213295607, -34.600780064971218 ], [ -58.378210522897184, -34.601079428413797 ], [ -58.377846832498754, -34.600780064971218 ], [ -58.377442732056053, -34.600464069055633 ], [ -58.377058836635499, -34.600148071937774 ], [ -58.377442732056053, -34.599832073617613 ], [ -58.377644782277414, -34.599516074095199 ], [ -58.377442732056053, -34.599345263041961 ], [ -58.377038631613367, -34.599516074095199 ], [ -58.37667494121493, -34.599815442093785 ], [ -58.376311250816492, -34.599516074095199 ], [ -58.375907150373806, -34.599144308411937 ], [ -58.375139359532675, -34.59906464412046 ], [ -58.374919990720919, -34.59888407144355 ], [ -58.374705390796393, -34.598252063982883 ], [ -58.374371568691551, -34.597880292641968 ], [ -58.373603777850427, -34.597765901125364 ], [ -58.373426595348619, -34.597620051713236 ], [ -58.373603777850427, -34.597474202044985 ], [ -58.373952773687293, -34.59698803463462 ], [ -58.373603777850427, -34.596735226456687 ], [ -58.372835987009289, -34.596593021518458 ], [ -58.372548065443873, -34.596356012747108 ], [ -58.372766187841918, -34.595723986050722 ], [ -58.372835987009289, -34.595666528839885 ], [ -58.372905786176659, -34.595723986050722 ], [ -58.373603777850427, -34.595976797306335 ], [ -58.373899082020088, -34.595723986050722 ], [ -58.373603777850427, -34.595237808396604 ], [ -58.373426595348619, -34.595091954545516 ], [ -58.373603777850427, -34.594946100438328 ], [ -58.374194386189743, -34.594459918231514 ], [ -58.374371568691551, -34.594314063014622 ], [ -58.37475546411212, -34.593827877108772 ], [ -58.374919990720919, -34.593195831177304 ], [ -58.375139359532675, -34.593015245742251 ], [ -58.375687781562057, -34.592563780437196 ], [ -58.375907150373806, -34.592383193628216 ], [ -58.376272765060051, -34.591931724888447 ], [ -58.37667494121493, -34.591600646253369 ], [ -58.377077117369808, -34.591931724888447 ], [ -58.377442732056053, -34.592129242763988 ], [ -58.377698662336428, -34.591931724888447 ], [ -58.377442732056053, -34.591480253695302 ], [ -58.377223363244298, -34.591299664531107 ], [ -58.377314766915873, -34.590667599365226 ], [ -58.377442732056053, -34.590562254703421 ], [ -58.377570697196241, -34.590667599365226 ], [ -58.378210522897184, -34.590954902309463 ], [ -58.378978313738308, -34.590878288288145 ], [ -58.379252524752999, -34.590667599365226 ], [ -58.379458183014016, -34.590035529390853 ], [ -58.379746104579432, -34.589798501910764 ] ], [ [ -58.38051389542057, -34.591760898239023 ], [ -58.380769825700945, -34.591931724888447 ], [ -58.38051389542057, -34.592042612174637 ], [ -58.380353938995327, -34.591931724888447 ], [ -58.38051389542057, -34.591760898239023 ] ], [ [ -58.37667494121493, -34.592991944367199 ], [ -58.376857748558059, -34.593195831177304 ], [ -58.37667494121493, -34.593339478402171 ], [ -58.376427266750042, -34.593195831177304 ], [ -58.37667494121493, -34.592991944367199 ] ], [ [ -58.378978313738308, -34.593064154336332 ], [ -58.379092909386237, -34.593195831177304 ], [ -58.378978313738308, -34.593288779409995 ], [ -58.378827766514554, -34.593195831177304 ], [ -58.378978313738308, -34.593064154336332 ] ], [ [ -58.38051389542057, -34.593084945430377 ], [ -58.380673851845806, -34.593195831177304 ], [ -58.38051389542057, -34.59328010424602 ], [ -58.380399299772641, -34.593195831177304 ], [ -58.38051389542057, -34.593084945430377 ] ], [ [ -58.38051389542057, -34.594375646359659 ], [ -58.38064859556814, -34.594459918231514 ], [ -58.38051389542057, -34.594529373006708 ], [ -58.380424617415777, -34.594459918231514 ], [ -58.38051389542057, -34.594375646359659 ] ], [ [ -58.383585058785073, -34.594916389385091 ], [ -58.383798334018721, -34.595091954545516 ], [ -58.383585058785073, -34.595215882670637 ], [ -58.383450358637496, -34.595091954545516 ], [ -58.383585058785073, -34.594916389385091 ] ], [ [ -58.377442732056053, -34.596900254104483 ], [ -58.377543757166727, -34.59698803463462 ], [ -58.377442732056053, -34.597102947188425 ], [ -58.377305626548711, -34.59698803463462 ], [ -58.377442732056053, -34.596900254104483 ] ], [ [ -58.378978313738308, -34.599403216831533 ], [ -58.379113013885878, -34.599516074095199 ], [ -58.378978313738308, -34.599678125282516 ], [ -58.378776263516961, -34.599516074095199 ], [ -58.378978313738308, -34.599403216831533 ] ], [ [ -58.38051389542057, -34.599403216831533 ], [ -58.380705843130855, -34.599516074095199 ], [ -58.38051389542057, -34.599682389783183 ], [ -58.380379195272994, -34.599516074095199 ], [ -58.38051389542057, -34.599403216831533 ] ], [ [ -58.377240681834699, -34.598252063982883 ], [ -58.377442732056053, -34.598137153018826 ], [ -58.377577432203623, -34.598252063982883 ], [ -58.377442732056053, -34.598422877284314 ], [ -58.377240681834699, -34.598252063982883 ] ], [ [ -58.380623579826434, -34.595723986050722 ], [ -58.38051389542057, -34.595789822389307 ], [ -58.380440772483318, -34.595723986050722 ], [ -58.38051389542057, -34.595654532274352 ], [ -58.380623579826434, -34.595723986050722 ] ], [ [ -58.378978313738308, -34.595793439769025 ], [ -58.378875941626163, -34.595723986050722 ], [ -58.378978313738308, -34.595650494262308 ], [ -58.37905143667556, -34.595723986050722 ], [ -58.378978313738308, -34.595793439769025 ] ], [ [ -58.385120640467328, -34.596526829947692 ], [ -58.384928692757036, -34.596356012747108 ], [ -58.385120640467328, -34.596130289478999 ], [ -58.38548625515358, -34.596356012747108 ], [ -58.385120640467328, -34.596526829947692 ] ], [ [ -58.378978313738308, -34.598166657200444 ], [ -58.379079338848982, -34.598252063982883 ], [ -58.378978313738308, -34.598364922810717 ], [ -58.378843613590739, -34.598252063982883 ], [ -58.378978313738308, -34.598166657200444 ] ], [ [ -58.380641860560758, -34.598252063982883 ], [ -58.38051389542057, -34.598364922810717 ], [ -58.38041287030989, -34.598252063982883 ], [ -58.38051389542057, -34.598168904748462 ], [ -58.380641860560758, -34.598252063982883 ] ], [ [ -58.375907150373806, -34.598076505501467 ], [ -58.37610920059516, -34.598252063982883 ], [ -58.375907150373806, -34.598623833659801 ], [ -58.375573328268963, -34.598252063982883 ], [ -58.375907150373806, -34.598076505501467 ] ], [ [ -58.376044255881148, -34.59698803463462 ], [ -58.375907150373806, -34.597163595416617 ], [ -58.375724343030683, -34.59698803463462 ], [ -58.375907150373806, -34.596868785589947 ], [ -58.376044255881148, -34.59698803463462 ] ], [ [ -58.37905913382685, -34.59698803463462 ], [ -58.378978313738308, -34.597073442628982 ], [ -58.378877288627635, -34.59698803463462 ], [ -58.378978313738308, -34.596918581915133 ], [ -58.37905913382685, -34.59698803463462 ] ], [ [ -58.385504535887897, -34.597620051713236 ], [ -58.385120640467328, -34.597845770933006 ], [ -58.384937833124198, -34.597620051713236 ], [ -58.385120640467328, -34.597449236760795 ], [ -58.385504535887897, -34.597620051713236 ] ] ] ] } },
{ "type": "Feature", "properties": { "id": 1, "isomin": 0.0, "isomax": 10.0, "id_punto": "2_16", "sector": 2.0 }, "geometry": { "type": "MultiPolygon", "coordinates": [ [ [ [ -58.379332732056056, -34.588559253705988 ], [ -58.380100522897195, -34.58871417601479 ], [ -58.380868313738311, -34.588673657900387 ], [ -58.381636104579449, -34.588391337587034 ], [ -58.382403895420573, -34.588488431982924 ], [ -58.383171686261697, -34.588582492070742 ], [ -58.38345960782712, -34.588819523019772 ], [ -58.383939477102828, -34.589094340664928 ], [ -58.38437344583911, -34.589451602244772 ], [ -58.384707267943952, -34.589649126016475 ], [ -58.385475058785076, -34.589451602244772 ], [ -58.385475058785076, -34.589451602244772 ], [ -58.386242849626207, -34.589394140695738 ], [ -58.386312648793577, -34.589451602244772 ], [ -58.386242849626207, -34.589509063754072 ], [ -58.385935733289756, -34.590083676661337 ], [ -58.386242849626207, -34.590347039582419 ], [ -58.38694084129996, -34.590083676661337 ], [ -58.387010640467331, -34.590026215549436 ], [ -58.387080439634701, -34.590083676661337 ], [ -58.387326789637207, -34.590715746269439 ], [ -58.387080439634701, -34.591347811069021 ], [ -58.387778431308469, -34.59197987106009 ], [ -58.387778431308469, -34.59197987106009 ], [ -58.388142121706892, -34.59261192624254 ], [ -58.388119671682297, -34.593243976616371 ], [ -58.388197226312712, -34.593876022181512 ], [ -58.388546222149593, -34.59429738322013 ], [ -58.388802152429967, -34.594508062937962 ], [ -58.388616021316963, -34.595140098885665 ], [ -58.388546222149593, -34.59519755646064 ], [ -58.388476422982222, -34.595140098885665 ], [ -58.387778431308469, -34.594914372313518 ], [ -58.387494064330262, -34.595140098885665 ], [ -58.387778431308469, -34.595714672847016 ], [ -58.387848230475839, -34.595772130024571 ], [ -58.387778431308469, -34.595829587162385 ], [ -58.387010640467331, -34.596071511517209 ], [ -58.386242849626207, -34.596178433217361 ], [ -58.385947545456538, -34.596404156354659 ], [ -58.385816299158918, -34.59703617787585 ], [ -58.385475058785076, -34.597317074786126 ], [ -58.384707267943952, -34.597442474885796 ], [ -58.384442512481492, -34.597668194588145 ], [ -58.384707267943952, -34.598063202591291 ], [ -58.384995189509368, -34.598300206491487 ], [ -58.384707267943952, -34.598537209715424 ], [ -58.383939477102828, -34.598932213585833 ], [ -58.383575786704398, -34.598300206491487 ], [ -58.383171686261697, -34.598108688240721 ], [ -58.382787790841142, -34.598300206491487 ], [ -58.382581077922374, -34.598932213585833 ], [ -58.382403895420573, -34.599078060693891 ], [ -58.381636104579449, -34.599169215006391 ], [ -58.381348183014019, -34.598932213585833 ], [ -58.381094134573942, -34.598300206491487 ], [ -58.380868313738311, -34.598108688240721 ], [ -58.380388444462611, -34.598300206491487 ], [ -58.380100522897195, -34.598537209715424 ], [ -58.379812601331778, -34.598300206491487 ], [ -58.379332732056056, -34.597967569247089 ], [ -58.378969041657633, -34.597668194588145 ], [ -58.379332732056056, -34.5973688188502 ], [ -58.379552100867812, -34.59703617787585 ], [ -58.379332732056056, -34.59686061682455 ], [ -58.378881090384809, -34.59703617787585 ], [ -58.378564941214933, -34.59729642063391 ], [ -58.378248792045063, -34.59703617787585 ], [ -58.377797150373816, -34.596703535569404 ], [ -58.377029359532678, -34.596614830729365 ], [ -58.376261568691554, -34.596461613055283 ], [ -58.376191769524183, -34.596404156354659 ], [ -58.37549377785043, -34.595829587162385 ], [ -58.37542397868306, -34.595772130024571 ], [ -58.375177628680561, -34.595140098885665 ], [ -58.375177628680561, -34.594508062937962 ], [ -58.37542397868306, -34.593876022181512 ], [ -58.374725987009299, -34.593243976616371 ], [ -58.375091601695551, -34.59261192624254 ], [ -58.375365812710243, -34.59197987106009 ], [ -58.37549377785043, -34.591874528062171 ], [ -58.375945419521678, -34.591347811069021 ], [ -58.376261568691554, -34.591087549675073 ], [ -58.377029359532678, -34.591048412552837 ], [ -58.377349272383157, -34.590715746269439 ], [ -58.377797150373816, -34.590347039582419 ], [ -58.378146146210689, -34.590083676661337 ], [ -58.378564941214933, -34.58973890939383 ], [ -58.378860245384608, -34.589451602244772 ], [ -58.379016582886194, -34.588819523019772 ], [ -58.379332732056056, -34.588559253705988 ] ], [ [ -58.379332732056056, -34.590540171860617 ], [ -58.379480384140905, -34.590715746269439 ], [ -58.379332732056056, -34.59083500414684 ], [ -58.37898373621919, -34.590715746269439 ], [ -58.379332732056056, -34.590540171860617 ] ], [ [ -58.380868313738311, -34.590598696704788 ], [ -58.380988281057242, -34.590715746269439 ], [ -58.380868313738311, -34.590804769771594 ], [ -58.380720661653477, -34.590715746269439 ], [ -58.380868313738311, -34.590598696704788 ] ], [ [ -58.378564941214933, -34.591060509483491 ], [ -58.378709807411376, -34.591347811069021 ], [ -58.378564941214933, -34.591479490630384 ], [ -58.378372993504655, -34.591347811069021 ], [ -58.378564941214933, -34.591060509483491 ] ], [ [ -58.380868313738311, -34.591890848817073 ], [ -58.380958642072571, -34.59197987106009 ], [ -58.380868313738311, -34.592050888736111 ], [ -58.380751981792692, -34.59197987106009 ], [ -58.380868313738311, -34.591890848817073 ] ], [ [ -58.383939477102828, -34.591825710530038 ], [ -58.38409303527105, -34.59197987106009 ], [ -58.383939477102828, -34.592072820653193 ], [ -58.383828203067871, -34.59197987106009 ], [ -58.383939477102828, -34.591825710530038 ] ], [ [ -58.380868313738311, -34.595877468080189 ], [ -58.380726130249222, -34.595772130024571 ], [ -58.380868313738311, -34.595683111845261 ], [ -58.380973490565864, -34.595772130024571 ], [ -58.380868313738311, -34.595877468080189 ] ], [ [ -58.377797150373816, -34.591821856513135 ], [ -58.377957106799037, -34.59197987106009 ], [ -58.377797150373816, -34.592103803827776 ], [ -58.37747723752333, -34.59197987106009 ], [ -58.377797150373816, -34.591821856513135 ] ], [ [ -58.384707267943952, -34.59626968307014 ], [ -58.385002572113613, -34.596404156354659 ], [ -58.384707267943952, -34.596629878878545 ], [ -58.384528711934394, -34.596404156354659 ], [ -58.384707267943952, -34.59626968307014 ] ], [ [ -58.386242849626207, -34.595005623554847 ], [ -58.386527216604399, -34.595140098885665 ], [ -58.386242849626207, -34.595365824844443 ], [ -58.386068351707763, -34.595140098885665 ], [ -58.386242849626207, -34.595005623554847 ] ], [ [ -58.379332732056056, -34.593153684000228 ], [ -58.379437908883624, -34.593243976616371 ], [ -58.379332732056056, -34.593332997409433 ], [ -58.379193133721316, -34.593243976616371 ], [ -58.379332732056056, -34.593153684000228 ] ], [ [ -58.379119456822416, -34.595772130024571 ], [ -58.379332732056056, -34.595657215629714 ], [ -58.37947491554516, -34.595772130024571 ], [ -58.379332732056056, -34.595947693376402 ], [ -58.379119456822416, -34.595772130024571 ] ], [ [ -58.380868313738311, -34.593314204138849 ], [ -58.380763136910765, -34.593243976616371 ], [ -58.380868313738311, -34.593172959960214 ], [ -58.380942139780728, -34.593243976616371 ], [ -58.380868313738311, -34.593314204138849 ] ], [ [ -58.380868313738311, -34.594597082376488 ], [ -58.380763136910765, -34.594508062937962 ], [ -58.380868313738311, -34.59443783642471 ], [ -58.380951769264527, -34.594508062937962 ], [ -58.380868313738311, -34.594597082376488 ] ], [ [ -58.386762966002443, -34.593243976616371 ], [ -58.387010640467331, -34.59303329369272 ], [ -58.387437190934627, -34.593243976616371 ], [ -58.387010640467331, -34.593518779626855 ], [ -58.386762966002443, -34.593243976616371 ] ], [ [ -58.385475058785076, -34.593114987134697 ], [ -58.385722733249963, -34.593243976616371 ], [ -58.385653614794649, -34.593876022181512 ], [ -58.385475058785076, -34.593986906872573 ], [ -58.385351221552639, -34.593876022181512 ], [ -58.385335460450335, -34.593243976616371 ], [ -58.385475058785076, -34.593114987134697 ] ], [ [ -58.383082408256918, -34.593243976616371 ], [ -58.383171686261697, -34.593162944785874 ], [ -58.383939477102828, -34.593151028333551 ], [ -58.384079075437583, -34.593243976616371 ], [ -58.384063314335265, -34.593876022181512 ], [ -58.383939477102828, -34.593959185713672 ], [ -58.383171686261697, -34.593950380167151 ], [ -58.383083434440877, -34.593876022181512 ], [ -58.383082408256918, -34.593243976616371 ] ], [ [ -58.377797150373816, -34.593387623757963 ], [ -58.377589639335667, -34.593243976616371 ], [ -58.377797150373816, -34.593120045549519 ], [ -58.377936748708564, -34.593243976616371 ], [ -58.377797150373816, -34.593387623757963 ] ] ], [ [ [ -58.384707267943952, -34.588582492070742 ], [ -58.384995189509368, -34.588819523019772 ], [ -58.384707267943952, -34.589056553292622 ], [ -58.384419346378536, -34.588819523019772 ], [ -58.384707267943952, -34.588582492070742 ] ] ] ] } },
{ "type": "Feature", "properties": { "id": 1, "isomin": 0.0, "isomax": 10.0, "id_punto": "2_17", "sector": 2.0 }, "geometry": { "type": "MultiPolygon", "coordinates": [ [ [ [ -58.380026104579422, -34.587841508872259 ], [ -58.380509528442353, -34.588239489925613 ], [ -58.380793895420553, -34.58841032381531 ], [ -58.381113808271024, -34.588239489925613 ], [ -58.381561686261676, -34.587870772249936 ], [ -58.382329477102815, -34.587958562321127 ], [ -58.382670717476643, -34.588239489925613 ], [ -58.383097267943931, -34.588690978728707 ], [ -58.383316636755687, -34.58887157356304 ], [ -58.383865058785055, -34.589158882717776 ], [ -58.384283853789313, -34.589503652392075 ], [ -58.384632849626193, -34.589701176040037 ], [ -58.385400640467317, -34.589767017151694 ], [ -58.386098632141071, -34.589503652392075 ], [ -58.386168431308434, -34.589446190879038 ], [ -58.386238230475804, -34.589503652392075 ], [ -58.386168431308434, -34.590135726412669 ], [ -58.386168431308434, -34.590135726412669 ], [ -58.386168431308434, -34.590135726412669 ], [ -58.386936222149572, -34.590621933925732 ], [ -58.387113404651366, -34.590767795624828 ], [ -58.386936222149572, -34.590913657067851 ], [ -58.386662011134881, -34.591399860028446 ], [ -58.386936222149572, -34.591751004841583 ], [ -58.3872774625234, -34.592031919623523 ], [ -58.387704012990682, -34.592426954428568 ], [ -58.387991934556112, -34.59266397440998 ], [ -58.387831978130869, -34.593296024387847 ], [ -58.387704012990682, -34.593401365583311 ], [ -58.387576047850509, -34.593296024387847 ], [ -58.386936222149572, -34.593061932364137 ], [ -58.38660240004473, -34.593296024387847 ], [ -58.38648458047831, -34.593928069556995 ], [ -58.386936222149572, -34.594454770191334 ], [ -58.387064187289752, -34.594560109917481 ], [ -58.386936222149572, -34.594665449510018 ], [ -58.386168431308434, -34.594891176758573 ], [ -58.385688562032733, -34.595192145469163 ], [ -58.385528605607504, -34.595824176212076 ], [ -58.385400640467317, -34.595929514201721 ], [ -58.384632849626193, -34.596155238015385 ], [ -58.384120989065437, -34.59645620214615 ], [ -58.383865058785055, -34.596666876388902 ], [ -58.383609128504681, -34.59645620214615 ], [ -58.383097267943931, -34.596270312664728 ], [ -58.382832512481478, -34.59645620214615 ], [ -58.382693167501237, -34.597088223271371 ], [ -58.382329477102815, -34.597387600020632 ], [ -58.381781055073432, -34.597720239587652 ], [ -58.381561686261676, -34.597900814794727 ], [ -58.380793895420553, -34.598036245942453 ], [ -58.38046007331571, -34.59835225109498 ], [ -58.380026104579422, -34.598709472863213 ], [ -58.37959213584314, -34.59835225109498 ], [ -58.379258313738298, -34.598099447069124 ], [ -58.378490522897174, -34.597957244466436 ], [ -58.378202601331743, -34.597720239587652 ], [ -58.378042644906522, -34.597088223271371 ], [ -58.377722732056043, -34.596845138792311 ], [ -58.377082906355106, -34.597088223271371 ], [ -58.376954941214919, -34.597193559658038 ], [ -58.376826976074724, -34.597088223271371 ], [ -58.376187150373795, -34.596716446721295 ], [ -58.375419359532657, -34.59645620214615 ], [ -58.375419359532657, -34.59645620214615 ], [ -58.375131437967241, -34.595824176212076 ], [ -58.375078119158829, -34.595192145469163 ], [ -58.37465156869154, -34.594876128294423 ], [ -58.374267673270971, -34.594560109917481 ], [ -58.373883777850416, -34.594285310351616 ], [ -58.373449809114121, -34.593928069556995 ], [ -58.373520087451979, -34.593296024387847 ], [ -58.373595856284986, -34.59266397440998 ], [ -58.373595856284986, -34.592031919623523 ], [ -58.373706595348608, -34.591399860028446 ], [ -58.373883777850416, -34.590767795624828 ], [ -58.37465156869154, -34.590767795624828 ], [ -58.375070363695784, -34.591399860028446 ], [ -58.375419359532657, -34.591570687420216 ], [ -58.375597915542237, -34.591399860028446 ], [ -58.376187150373795, -34.590914787775695 ], [ -58.376954941214919, -34.590914787775695 ], [ -58.377102593299753, -34.590767795624828 ], [ -58.377722732056043, -34.590257278557694 ], [ -58.377897229974486, -34.590135726412669 ], [ -58.378490522897174, -34.589647306000799 ], [ -58.378644081065396, -34.589503652392075 ], [ -58.378677788955983, -34.58887157356304 ], [ -58.379258313738298, -34.588393657109819 ], [ -58.379542680716504, -34.588239489925613 ], [ -58.380026104579422, -34.587841508872259 ] ], [ [ -58.379258313738298, -34.590658818517518 ], [ -58.379360685850457, -34.590767795624828 ], [ -58.379258313738298, -34.590852071156462 ], [ -58.379104755570076, -34.590767795624828 ], [ -58.379258313738298, -34.590658818517518 ] ], [ [ -58.380913862739483, -34.590767795624828 ], [ -58.380793895420553, -34.590849882182702 ], [ -58.380691523308393, -34.590767795624828 ], [ -58.380793895420553, -34.590633313216443 ], [ -58.380913862739483, -34.590767795624828 ] ], [ [ -58.380793895420553, -34.593235829359024 ], [ -58.380880164054382, -34.593296024387847 ], [ -58.380793895420553, -34.593377056088499 ], [ -58.380716340790123, -34.593296024387847 ], [ -58.380793895420553, -34.593235829359024 ] ], [ [ -58.380668028069557, -34.595824176212076 ], [ -58.380793895420553, -34.595718838088878 ], [ -58.380957255173982, -34.595824176212076 ], [ -58.380793895420553, -34.59598218314644 ], [ -58.380668028069557, -34.595824176212076 ] ], [ [ -58.380910227366179, -34.594560109917481 ], [ -58.380793895420553, -34.594665449510018 ], [ -58.380697921565407, -34.594560109917481 ], [ -58.380793895420553, -34.594479079370757 ], [ -58.380910227366179, -34.594560109917481 ] ], [ [ -58.379258313738298, -34.596941242043471 ], [ -58.379441121081427, -34.597088223271371 ], [ -58.379258313738298, -34.597341030374963 ], [ -58.378938400887833, -34.597088223271371 ], [ -58.379258313738298, -34.596941242043471 ] ], [ [ -58.379258313738298, -34.595720564944429 ], [ -58.3793841810893, -34.595824176212076 ], [ -58.379258313738298, -34.595971159416585 ], [ -58.379075506395168, -34.595824176212076 ], [ -58.379258313738298, -34.595720564944429 ] ], [ [ -58.377585626548701, -34.592031919623523 ], [ -58.377722732056043, -34.591917000054792 ], [ -58.377825104168195, -34.592031919623523 ], [ -58.377722732056043, -34.592114004932405 ], [ -58.377585626548701, -34.592031919623523 ] ], [ [ -58.380793895420553, -34.591949834233496 ], [ -58.380886400341161, -34.592031919623523 ], [ -58.380793895420553, -34.592092115524629 ], [ -58.380712215543838, -34.592031919623523 ], [ -58.380793895420553, -34.591949834233496 ] ], [ [ -58.385400640467317, -34.594131954069674 ], [ -58.385213374408508, -34.593928069556995 ], [ -58.385247082299095, -34.593296024387847 ], [ -58.385400640467317, -34.593158622627783 ], [ -58.385734462572159, -34.593296024387847 ], [ -58.385852282138572, -34.593928069556995 ], [ -58.385400640467317, -34.594131954069674 ] ], [ [ -58.379258313738298, -34.593378108447737 ], [ -58.379163524745564, -34.593296024387847 ], [ -58.379258313738298, -34.593230186072837 ], [ -58.379335868368713, -34.593296024387847 ], [ -58.379258313738298, -34.593378108447737 ] ], [ [ -58.38375214836725, -34.592031919623523 ], [ -58.383865058785055, -34.5918698535191 ], [ -58.384028418538485, -34.592031919623523 ], [ -58.383865058785055, -34.59212915913443 ], [ -58.38375214836725, -34.592031919623523 ] ], [ [ -58.383761303265985, -34.593296024387847 ], [ -58.383865058785055, -34.593198786242695 ], [ -58.384018616953291, -34.593296024387847 ], [ -58.384052324843864, -34.593928069556995 ], [ -58.383865058785055, -34.594051999418447 ], [ -58.383746937117188, -34.593928069556995 ], [ -58.383761303265985, -34.593296024387847 ] ], [ [ -58.377722732056043, -34.593417571909214 ], [ -58.377600860493963, -34.593296024387847 ], [ -58.377722732056043, -34.593213940246812 ], [ -58.377817521048776, -34.593296024387847 ], [ -58.377722732056043, -34.593417571909214 ] ] ], [ [ [ -58.384632849626193, -34.588660879551512 ], [ -58.384888779906568, -34.58887157356304 ], [ -58.384632849626193, -34.589082267040332 ], [ -58.384376919345812, -34.58887157356304 ], [ -58.384632849626193, -34.588660879551512 ] ] ] ] } },
{ "type": "Feature", "properties": { "id": 1, "isomin": 0.0, "isomax": 10.0, "id_punto": "2_18", "sector": 2.0 }, "geometry": { "type": "MultiPolygon", "coordinates": [ [ [ [ -58.379954941214912, -34.58802952990596 ], [ -58.380722732056043, -34.588109204780203 ], [ -58.381490522897167, -34.588184453202409 ], [ -58.382258313738291, -34.587743130402757 ], [ -58.383026104579422, -34.587731211674992 ], [ -58.383137378614371, -34.587657712815947 ], [ -58.383452655046717, -34.58702561994459 ], [ -58.383793895420546, -34.586744688236145 ], [ -58.384561686261684, -34.586517463365396 ], [ -58.384774961495324, -34.586393522264942 ], [ -58.384856990431338, -34.585761419777079 ], [ -58.385110108291052, -34.585129312480987 ], [ -58.385329477102808, -34.584948709513263 ], [ -58.385548845914556, -34.585129312480987 ], [ -58.386097267943924, -34.585480483794633 ], [ -58.386865058785062, -34.585550717879279 ], [ -58.387632849626186, -34.585703955676117 ], [ -58.387702648793557, -34.585761419777079 ], [ -58.38840064046731, -34.585979386695342 ], [ -58.389168431308441, -34.585761419777079 ], [ -58.389587226312692, -34.586393522264942 ], [ -58.389484580478317, -34.58702561994459 ], [ -58.389936222149565, -34.587657712815947 ], [ -58.389168431308441, -34.587894746403059 ], [ -58.388928496670587, -34.588289800879004 ], [ -58.388873127138773, -34.588921884133711 ], [ -58.388802816622189, -34.589553962580013 ], [ -58.388834609203599, -34.590186036217901 ], [ -58.388688562032733, -34.590818105047298 ], [ -58.388834609203599, -34.591450169068182 ], [ -58.38876433086574, -34.592082228280518 ], [ -58.38840064046731, -34.592381623071184 ], [ -58.387920771191602, -34.59271428268427 ], [ -58.387632849626186, -34.593346332279353 ], [ -58.386865058785062, -34.593112240397389 ], [ -58.38649944409881, -34.593346332279353 ], [ -58.386225233084119, -34.593978377065767 ], [ -58.386167067111295, -34.594610417043484 ], [ -58.386097267943924, -34.594667874984836 ], [ -58.385329477102808, -34.594926435229063 ], [ -58.384945581682238, -34.595242452212439 ], [ -58.384561686261684, -34.59587448257259 ], [ -58.383793895420546, -34.595242452212439 ], [ -58.383793895420546, -34.595242452212439 ], [ -58.383026104579422, -34.59495516409541 ], [ -58.382258313738291, -34.59495516409541 ], [ -58.381490522897167, -34.594790999011025 ], [ -58.381271154085411, -34.594610417043484 ], [ -58.380722732056043, -34.594189057592658 ], [ -58.380466801775668, -34.593978377065767 ], [ -58.380722732056043, -34.593767696004591 ], [ -58.380930243094191, -34.593346332279353 ], [ -58.380722732056043, -34.593160435838797 ], [ -58.380296181588754, -34.593346332279353 ], [ -58.379954941214912, -34.593627241666994 ], [ -58.379613700841077, -34.593346332279353 ], [ -58.379187150373788, -34.59292496641693 ], [ -58.378419359532664, -34.59277174193705 ], [ -58.378349560365294, -34.59271428268427 ], [ -58.378103210362788, -34.592082228280518 ], [ -58.378419359532664, -34.591821969187208 ], [ -58.378632634766305, -34.591450169068182 ], [ -58.378419359532664, -34.591197344036843 ], [ -58.377651568691526, -34.591078367285313 ], [ -58.377335419521657, -34.590818105047298 ], [ -58.377651568691526, -34.59055784199402 ], [ -58.377907498971908, -34.590186036217901 ], [ -58.378419359532664, -34.589764654326906 ], [ -58.378616228979105, -34.589553962580013 ], [ -58.378693570547355, -34.588921884133711 ], [ -58.379187150373788, -34.588515545450541 ], [ -58.37963879204505, -34.588289800879004 ], [ -58.379954941214912, -34.58802952990596 ] ], [ [ -58.383874715509087, -34.588921884133711 ], [ -58.383793895420546, -34.588983251183912 ], [ -58.383715549416344, -34.588921884133711 ], [ -58.383704617415773, -34.588289800879004 ], [ -58.383793895420546, -34.588198194211294 ], [ -58.383894920531219, -34.588289800879004 ], [ -58.383874715509087, -34.588921884133711 ] ], [ [ -58.384561686261684, -34.589487428233156 ], [ -58.38466686308923, -34.589553962580013 ], [ -58.384561686261684, -34.589637130438668 ], [ -58.38448714346157, -34.589553962580013 ], [ -58.384561686261684, -34.589487428233156 ] ], [ [ -58.386002478951191, -34.588921884133711 ], [ -58.386097267943924, -34.588826114252676 ], [ -58.386244920028766, -34.588921884133711 ], [ -58.386097267943924, -34.589023832595444 ], [ -58.386002478951191, -34.588921884133711 ] ], [ [ -58.379389200595135, -34.590818105047298 ], [ -58.379187150373788, -34.590993678868777 ], [ -58.378880034037337, -34.590818105047298 ], [ -58.379187150373788, -34.590651771611029 ], [ -58.379389200595135, -34.590818105047298 ] ], [ [ -58.380520681834696, -34.590818105047298 ], [ -58.380722732056043, -34.590683622720356 ], [ -58.380825104168188, -34.590818105047298 ], [ -58.380722732056043, -34.590935154302848 ], [ -58.380520681834696, -34.590818105047298 ] ], [ [ -58.386865058785062, -34.591309710812439 ], [ -58.387097722676316, -34.591450169068182 ], [ -58.386865058785062, -34.591604330295077 ], [ -58.386720192588619, -34.591450169068182 ], [ -58.386865058785062, -34.591309710812439 ] ], [ [ -58.380722732056043, -34.591965180641026 ], [ -58.380859837563385, -34.592082228280518 ], [ -58.380722732056043, -34.592268127133714 ], [ -58.380515221017895, -34.592082228280518 ], [ -58.380722732056043, -34.591965180641026 ] ], [ [ -58.383793895420546, -34.591989278697923 ], [ -58.383906805838357, -34.592082228280518 ], [ -58.383793895420546, -34.592213906677834 ], [ -58.383682621385603, -34.592082228280518 ], [ -58.383793895420546, -34.591989278697923 ] ], [ [ -58.38569509178906, -34.593346332279353 ], [ -58.385969302803751, -34.593978377065767 ], [ -58.385329477102808, -34.594294397655709 ], [ -58.385132607656367, -34.593978377065767 ], [ -58.385169520677564, -34.593346332279353 ], [ -58.385329477102808, -34.593208930602515 ], [ -58.38569509178906, -34.593346332279353 ] ], [ [ -58.383586384382397, -34.593978377065767 ], [ -58.383626984368128, -34.593346332279353 ], [ -58.383793895420546, -34.593214655676917 ], [ -58.383953851845789, -34.593346332279353 ], [ -58.383990764866986, -34.593978377065767 ], [ -58.383793895420546, -34.594241727640878 ], [ -58.383586384382397, -34.593978377065767 ] ] ] ] } },
{ "type": "Feature", "properties": { "id": 1, "isomin": 0.0, "isomax": 10.0, "id_punto": "3_19", "sector": 3.0 }, "geometry": { "type": "MultiPolygon", "coordinates": [ [ [ [ -58.386596104579404, -34.589839662704478 ], [ -58.387363895420528, -34.589839662704478 ], [ -58.388131686261666, -34.589985525776889 ], [ -58.388131686261666, -34.589985525776889 ], [ -58.388899477102782, -34.590260339565454 ], [ -58.389667267943906, -34.590357332450303 ], [ -58.389983417113783, -34.590617596131679 ], [ -58.390435058785044, -34.591192201372458 ], [ -58.390504857952415, -34.591249661677956 ], [ -58.391202849626168, -34.591621462694278 ], [ -58.391518998796037, -34.591881722415714 ], [ -58.391636818362457, -34.592513778344859 ], [ -58.391970640467285, -34.592935146292859 ], [ -58.392226570747667, -34.593145829465385 ], [ -58.392738431308423, -34.593478486018419 ], [ -58.393102121706846, -34.59377787577727 ], [ -58.392738431308423, -34.594077264457141 ], [ -58.392443127138755, -34.59440991728043 ], [ -58.392738431308423, -34.594662732535248 ], [ -58.393329039647739, -34.59440991728043 ], [ -58.393506222149547, -34.594264061975757 ], [ -58.393683404651348, -34.59440991728043 ], [ -58.393869912547984, -34.595041953974857 ], [ -58.394274012990671, -34.595413738019381 ], [ -58.39459016216054, -34.595673985860508 ], [ -58.394274012990671, -34.595934232886286 ], [ -58.39397870882101, -34.596306012937312 ], [ -58.393822371319423, -34.59693803520527 ], [ -58.393506222149547, -34.597198278270803 ], [ -58.392866396448603, -34.59757005266431 ], [ -58.392738431308423, -34.597675388439953 ], [ -58.39209860560748, -34.598202065314396 ], [ -58.392147822969093, -34.598834073155508 ], [ -58.391970640467285, -34.598979920435902 ], [ -58.391202849626168, -34.599165122962575 ], [ -58.390751207954906, -34.599466076187603 ], [ -58.390563023925218, -34.600098074410617 ], [ -58.390435058785044, -34.600203406980242 ], [ -58.390307093644857, -34.600098074410617 ], [ -58.389667267943906, -34.599854998740113 ], [ -58.388899477102782, -34.599917503980478 ], [ -58.388673656267159, -34.600098074410617 ], [ -58.388899477102782, -34.600493070857901 ], [ -58.389187398668199, -34.600730067824536 ], [ -58.388899477102782, -34.600967064114883 ], [ -58.38838761654204, -34.601362056429302 ], [ -58.388131686261666, -34.601572718228859 ], [ -58.387875755981284, -34.601362056429302 ], [ -58.387363895420528, -34.601170545238752 ], [ -58.387099139958067, -34.601362056429302 ], [ -58.387363895420528, -34.6017338121856 ], [ -58.387680044590404, -34.601994040224888 ], [ -58.387363895420528, -34.602254267448764 ], [ -58.386596104579404, -34.602626019211222 ], [ -58.386232414180974, -34.601994040224888 ], [ -58.385828313738273, -34.601542623718785 ], [ -58.385608944926531, -34.601362056429302 ], [ -58.385060522897149, -34.600990299008913 ], [ -58.384744373727273, -34.600730067824536 ], [ -58.384292732056025, -34.600442798687105 ], [ -58.383873937051767, -34.600098074410617 ], [ -58.383858763319736, -34.599466076187603 ], [ -58.383524941214894, -34.599014645941118 ], [ -58.38275715037377, -34.598979920435902 ], [ -58.382579967871962, -34.598834073155508 ], [ -58.381989359532646, -34.598347913704572 ], [ -58.381812177030838, -34.598202065314396 ], [ -58.38167321036277, -34.59757005266431 ], [ -58.381221568691508, -34.596995491536624 ], [ -58.381151769524138, -34.59693803520527 ], [ -58.380857878293085, -34.596306012937312 ], [ -58.380718533312852, -34.595673985860508 ], [ -58.380453777850391, -34.595357970518776 ], [ -58.380069882429822, -34.595041953974857 ], [ -58.380453777850391, -34.594725936228727 ], [ -58.380857878293085, -34.59440991728043 ], [ -58.381221568691508, -34.594110529799423 ], [ -58.38167321036277, -34.59377787577727 ], [ -58.381989359532646, -34.593517621995915 ], [ -58.382469228808354, -34.593145829465385 ], [ -58.38275715037377, -34.59290881085871 ], [ -58.383045071939186, -34.593145829465385 ], [ -58.383229637045233, -34.59377787577727 ], [ -58.383524941214894, -34.593924862602464 ], [ -58.383699439133338, -34.59377787577727 ], [ -58.383744310026643, -34.593145829465385 ], [ -58.383524941214894, -34.592794690547649 ], [ -58.383183700841059, -34.592513778344859 ], [ -58.383524941214894, -34.59223286519223 ], [ -58.384004810490595, -34.591881722415714 ], [ -58.384292732056025, -34.591644700202544 ], [ -58.385060522897149, -34.591701134124165 ], [ -58.385512164568411, -34.591249661677956 ], [ -58.385828313738273, -34.590989399976536 ], [ -58.386212209158842, -34.590617596131679 ], [ -58.386418922077603, -34.589985525776889 ], [ -58.386596104579404, -34.589839662704478 ] ], [ [ -58.388131686261666, -34.592347448303407 ], [ -58.388344961495307, -34.592513778344859 ], [ -58.388131686261666, -34.592628697088067 ], [ -58.387999308530425, -34.592513778344859 ], [ -58.388131686261666, -34.592347448303407 ] ], [ [ -58.388131686261666, -34.593662958623696 ], [ -58.388257553612661, -34.59377787577727 ], [ -58.388131686261666, -34.593857881296657 ], [ -58.388030661150978, -34.59377787577727 ], [ -58.388131686261666, -34.593662958623696 ] ], [ [ -58.390435058785044, -34.593607052923922 ], [ -58.391202849626168, -34.593406084411484 ], [ -58.391551845463042, -34.59377787577727 ], [ -58.391202849626168, -34.593939938159579 ], [ -58.390435058785044, -34.593906864229695 ], [ -58.390292875295941, -34.59377787577727 ], [ -58.390435058785044, -34.593607052923922 ] ], [ [ -58.385060522897149, -34.592941942532555 ], [ -58.385208174981983, -34.593145829465385 ], [ -58.385186390248151, -34.59377787577727 ], [ -58.385060522897149, -34.593878200146456 ], [ -58.384886024978705, -34.59377787577727 ], [ -58.384841154085393, -34.593145829465385 ], [ -58.385060522897149, -34.592941942532555 ] ], [ [ -58.386596104579404, -34.593643398241284 ], [ -58.386697129690084, -34.59377787577727 ], [ -58.386596104579404, -34.593855905852671 ], [ -58.386470237228409, -34.59377787577727 ], [ -58.386596104579404, -34.593643398241284 ] ], [ [ -58.383524941214894, -34.594894969126209 ], [ -58.383646812776981, -34.595041953974857 ], [ -58.383524941214894, -34.595143894926835 ], [ -58.383358030162476, -34.595041953974857 ], [ -58.383524941214894, -34.594894969126209 ] ], [ [ -58.386596104579404, -34.594963925013509 ], [ -58.386676924667945, -34.595041953974857 ], [ -58.386596104579404, -34.595105795797799 ], [ -58.386498915865339, -34.595041953974857 ], [ -58.386596104579404, -34.594963925013509 ] ], [ [ -58.385060522897149, -34.59639761066542 ], [ -58.384938651335069, -34.596306012937312 ], [ -58.385060522897149, -34.596227985163331 ], [ -58.385153027817772, -34.596306012937312 ], [ -58.385060522897149, -34.59639761066542 ] ], [ [ -58.385217214905538, -34.598834073155508 ], [ -58.385060522897149, -34.599014645941118 ], [ -58.384753406560698, -34.598834073155508 ], [ -58.385060522897149, -34.59871482676111 ], [ -58.385217214905538, -34.598834073155508 ] ], [ [ -58.388754610906339, -34.598834073155508 ], [ -58.388899477102782, -34.598712533559556 ], [ -58.389112752336423, -34.598834073155508 ], [ -58.388899477102782, -34.599014645941118 ], [ -58.388754610906339, -34.598834073155508 ] ], [ [ -58.387589716256159, -34.600098074410617 ], [ -58.387363895420528, -34.600289588074212 ], [ -58.387203938995292, -34.600098074410617 ], [ -58.387363895420528, -34.599978829830967 ], [ -58.387589716256159, -34.600098074410617 ] ], [ [ -58.389039075437537, -34.59757005266431 ], [ -58.388899477102782, -34.597691593932041 ], [ -58.388792839485959, -34.59757005266431 ], [ -58.388899477102782, -34.597482272749232 ], [ -58.389039075437537, -34.59757005266431 ] ], [ [ -58.390435058785044, -34.597448511218744 ], [ -58.39102566712436, -34.59757005266431 ], [ -58.39102566712436, -34.598202065314396 ], [ -58.390435058785044, -34.598393583349853 ], [ -58.390264438598116, -34.598202065314396 ], [ -58.39029546045029, -34.59757005266431 ], [ -58.390435058785044, -34.597448511218744 ] ], [ [ -58.391202849626168, -34.596197043094719 ], [ -58.391381405635727, -34.596306012937312 ], [ -58.391202849626168, -34.596452995289219 ], [ -58.390435058785044, -34.596427556054621 ], [ -58.390320463137108, -34.596306012937312 ], [ -58.390435058785044, -34.596211680843091 ], [ -58.391202849626168, -34.596197043094719 ] ], [ [ -58.385173433314954, -34.59757005266431 ], [ -58.385060522897149, -34.597689300702214 ], [ -58.384886024978705, -34.59757005266431 ], [ -58.385060522897149, -34.597478456229084 ], [ -58.385173433314954, -34.59757005266431 ] ], [ [ -58.386503599658788, -34.596306012937312 ], [ -58.386596104579404, -34.596242172036774 ], [ -58.386668537677629, -34.596306012937312 ], [ -58.386596104579404, -34.596377833891758 ], [ -58.386503599658788, -34.596306012937312 ] ], [ [ -58.387250985002723, -34.598834073155508 ], [ -58.387363895420528, -34.598745058257592 ], [ -58.387508761616971, -34.598834073155508 ], [ -58.387363895420528, -34.598953319378701 ], [ -58.387250985002723, -34.598834073155508 ] ], [ [ -58.388899477102782, -34.596393794095448 ], [ -58.388810199097996, -34.596306012937312 ], [ -58.388899477102782, -34.596229865351511 ], [ -58.389014072750712, -34.596306012937312 ], [ -58.388899477102782, -34.596393794095448 ] ], [ [ -58.385828313738273, -34.600316003717296 ], [ -58.385572383457891, -34.600098074410617 ], [ -58.385828313738273, -34.599963607106353 ], [ -58.385988270163509, -34.600098074410617 ], [ -58.385828313738273, -34.600316003717296 ] ], [ [ -58.393033735478085, -34.596306012937312 ], [ -58.392738431308423, -34.596657137013203 ], [ -58.392559875298851, -34.596306012937312 ], [ -58.392738431308423, -34.596143955170923 ], [ -58.393033735478085, -34.596306012937312 ] ], [ [ -58.386483194161599, -34.59757005266431 ], [ -58.386596104579404, -34.597498232740691 ], [ -58.386684356400224, -34.59757005266431 ], [ -58.386596104579404, -34.597659068821493 ], [ -58.386483194161599, -34.59757005266431 ] ] ] ] } },
{ "type": "Feature", "properties": { "id": 1, "isomin": 0.0, "isomax": 10.0, "id_punto": "3_20", "sector": 3.0 }, "geometry": { "type": "MultiPolygon", "coordinates": [ [ [ [ -58.391803895420601, -34.589458976643748 ], [ -58.392023264232357, -34.589639569808845 ], [ -58.392571686261725, -34.589873671475644 ], [ -58.393339477102849, -34.589882675372749 ], [ -58.394107267943987, -34.589990722061707 ], [ -58.394875058785104, -34.589892399580506 ], [ -58.395642849626242, -34.589639569808845 ], [ -58.396410640467366, -34.59021418181355 ], [ -58.396480439634736, -34.590271642795457 ], [ -58.396410640467366, -34.590329103737623 ], [ -58.396115336297704, -34.590903710973606 ], [ -58.396410640467366, -34.591298751143128 ], [ -58.396698562032782, -34.591535774343235 ], [ -58.39717843130849, -34.591957147251556 ], [ -58.397434361588864, -34.592167832904302 ], [ -58.39771355825836, -34.592799886656778 ], [ -58.39772040131399, -34.593431935600584 ], [ -58.39763910581317, -34.594063979735722 ], [ -58.39754212170692, -34.594696019062141 ], [ -58.39717843130849, -34.594995404433092 ], [ -58.396774330865796, -34.595328053579813 ], [ -58.39666657074774, -34.595960083288666 ], [ -58.396410640467366, -34.596170758789647 ], [ -58.395642849626242, -34.596374169111186 ], [ -58.395347545456573, -34.596592108188673 ], [ -58.39509442759686, -34.597224128279812 ], [ -58.394875058785104, -34.597404704565427 ], [ -58.394107267943987, -34.597555184503584 ], [ -58.393758272107107, -34.597856143561998 ], [ -58.393627398668279, -34.598488154035245 ], [ -58.393339477102849, -34.599120159699481 ], [ -58.392571686261725, -34.598845375218993 ], [ -58.392206071575472, -34.599120159699481 ], [ -58.391873694587971, -34.599752160554679 ], [ -58.391803895420601, -34.599809614939424 ], [ -58.391734096253231, -34.599752160554679 ], [ -58.39103610457947, -34.599300731863131 ], [ -58.390816735767714, -34.599120159699481 ], [ -58.390268313738346, -34.59885682459047 ], [ -58.389902699052094, -34.599120159699481 ], [ -58.389677705399016, -34.599752160554679 ], [ -58.389500522897222, -34.599898006222936 ], [ -58.389323340395421, -34.599752160554679 ], [ -58.389098346742344, -34.599120159699481 ], [ -58.388732732056091, -34.598787525738814 ], [ -58.387964941214967, -34.598668727572885 ], [ -58.38774557240319, -34.598488154035245 ], [ -58.387504266710245, -34.597856143561998 ], [ -58.387197150373751, -34.597505024554486 ], [ -58.386429359532634, -34.597369978387128 ], [ -58.386252177030826, -34.597224128279812 ], [ -58.386429359532634, -34.597078277916367 ], [ -58.386703570547326, -34.596592108188673 ], [ -58.386429359532634, -34.596388229714087 ], [ -58.385661568691496, -34.596592108188673 ], [ -58.384893777850372, -34.596065421105948 ], [ -58.384765812710185, -34.595960083288666 ], [ -58.384674409038624, -34.595328053579813 ], [ -58.384125987009256, -34.594933032569799 ], [ -58.383838065443825, -34.594696019062141 ], [ -58.383870056728874, -34.594063979735722 ], [ -58.384125987009256, -34.593853298891666 ], [ -58.38438191728963, -34.594063979735722 ], [ -58.384893777850372, -34.594298068935835 ], [ -58.38514145231526, -34.594063979735722 ], [ -58.385200894186823, -34.593431935600584 ], [ -58.384893777850372, -34.593036905574223 ], [ -58.384605856284956, -34.592799886656778 ], [ -58.384893777850372, -34.592562867063116 ], [ -58.385661568691496, -34.592420654982327 ], [ -58.386065669134197, -34.592167832904302 ], [ -58.38630139439244, -34.591535774343235 ], [ -58.386209990720879, -34.590903710973606 ], [ -58.386359560365264, -34.590271642795457 ], [ -58.386429359532634, -34.59021418181355 ], [ -58.387197150373751, -34.590125780225328 ], [ -58.387709010934564, -34.589639569808845 ], [ -58.387964941214967, -34.589428877744766 ], [ -58.388220871495342, -34.589639569808845 ], [ -58.388732732056091, -34.58985752655429 ], [ -58.389500522897222, -34.589639569808845 ], [ -58.389500522897222, -34.589639569808845 ], [ -58.390268313738346, -34.589534223843572 ], [ -58.390396278878534, -34.589639569808845 ], [ -58.39103610457947, -34.589850261338647 ], [ -58.391584526608852, -34.589639569808845 ], [ -58.391803895420601, -34.589458976643748 ] ], [ [ -58.391803895420601, -34.590628899313081 ], [ -58.392029716256232, -34.590903710973606 ], [ -58.391803895420601, -34.591025261995057 ], [ -58.391601845199254, -34.590903710973606 ], [ -58.391803895420601, -34.590628899313081 ] ], [ [ -58.394107267943987, -34.59055256257939 ], [ -58.394347202581834, -34.590903710973606 ], [ -58.394107267943987, -34.591038192944325 ], [ -58.393874604052733, -34.590903710973606 ], [ -58.394107267943987, -34.59055256257939 ] ], [ [ -58.388272057551418, -34.590903710973606 ], [ -58.387964941214967, -34.591070043905489 ], [ -58.387657824878474, -34.590903710973606 ], [ -58.387964941214967, -34.590616407852352 ], [ -58.388272057551418, -34.590903710973606 ] ], [ [ -58.393339477102849, -34.592694544698617 ], [ -58.394107267943987, -34.592659430682893 ], [ -58.39429007528711, -34.592799886656778 ], [ -58.394107267943987, -34.592885298957199 ], [ -58.393339477102849, -34.592876966053701 ], [ -58.393234300275296, -34.592799886656778 ], [ -58.393339477102849, -34.592694544698617 ] ], [ [ -58.396410640467366, -34.592483860381599 ], [ -58.396643304358612, -34.592799886656778 ], [ -58.396410640467366, -34.592934365558158 ], [ -58.396250684042123, -34.592799886656778 ], [ -58.396410640467366, -34.592483860381599 ] ], [ [ -58.387964941214967, -34.593314889862675 ], [ -58.388083062882835, -34.593431935600584 ], [ -58.388074625620845, -34.594063979735722 ], [ -58.387964941214967, -34.594161216868159 ], [ -58.38780498478971, -34.594063979735722 ], [ -58.387772993504662, -34.593431935600584 ], [ -58.387964941214967, -34.593314889862675 ] ], [ [ -58.39103610457947, -34.593349851593871 ], [ -58.391121414672931, -34.593431935600584 ], [ -58.39103610457947, -34.59349156261122 ], [ -58.390940130724331, -34.593431935600584 ], [ -58.39103610457947, -34.593349851593871 ] ], [ [ -58.392571686261725, -34.593345353837734 ], [ -58.392665319291133, -34.593431935600584 ], [ -58.392571686261725, -34.593498466788638 ], [ -58.392486376168264, -34.593431935600584 ], [ -58.392571686261725, -34.593345353837734 ] ], [ [ -58.392443721121538, -34.596592108188673 ], [ -58.392571686261725, -34.59649487390169 ], [ -58.392750242271291, -34.596592108188673 ], [ -58.392571686261725, -34.596750113662296 ], [ -58.392443721121538, -34.596592108188673 ] ], [ [ -58.392689807929592, -34.595328053579813 ], [ -58.392571686261725, -34.595425289232629 ], [ -58.392473251538505, -34.595328053579813 ], [ -58.392571686261725, -34.595247023782171 ], [ -58.392689807929592, -34.595328053579813 ] ], [ [ -58.39398914627612, -34.595328053579813 ], [ -58.394107267943987, -34.595224441693325 ], [ -58.394274178996397, -34.595328053579813 ], [ -58.394107267943987, -34.595475037662148 ], [ -58.39398914627612, -34.595328053579813 ] ], [ [ -58.393928711934421, -34.596592108188673 ], [ -58.394107267943987, -34.596445126082912 ], [ -58.394402572113641, -34.596592108188673 ], [ -58.394107267943987, -34.596893070736591 ], [ -58.393928711934421, -34.596592108188673 ] ], [ [ -58.395045678972018, -34.594063979735722 ], [ -58.394875058785104, -34.594187909394428 ], [ -58.394758726839484, -34.594063979735722 ], [ -58.394875058785104, -34.593966742489464 ], [ -58.395045678972018, -34.594063979735722 ] ], [ [ -58.39547593857381, -34.595328053579813 ], [ -58.395642849626242, -34.59517756960701 ], [ -58.396046950068929, -34.595328053579813 ], [ -58.395642849626242, -34.59554599540192 ], [ -58.39547593857381, -34.595328053579813 ] ], [ [ -58.388732732056091, -34.598188781252645 ], [ -58.38842561571964, -34.597856143561998 ], [ -58.388732732056091, -34.597680584243768 ], [ -58.388924679766369, -34.597856143561998 ], [ -58.388732732056091, -34.598188781252645 ] ], [ [ -58.390268313738346, -34.597712504147431 ], [ -58.390515988203234, -34.597856143561998 ], [ -58.390268313738346, -34.598119481843604 ], [ -58.390076366028069, -34.597856143561998 ], [ -58.390268313738346, -34.597712504147431 ] ], [ [ -58.39103610457947, -34.596479246952086 ], [ -58.391164069719657, -34.596592108188673 ], [ -58.39103610457947, -34.596750113662296 ], [ -58.390268313738346, -34.596735749540741 ], [ -58.390140348598159, -34.596592108188673 ], [ -58.390268313738346, -34.596496347149298 ], [ -58.39103610457947, -34.596479246952086 ] ], [ [ -58.386429359532634, -34.593246039351577 ], [ -58.386621307242912, -34.593431935600584 ], [ -58.386589315957856, -34.594063979735722 ], [ -58.386429359532634, -34.594201379998353 ], [ -58.386181685067747, -34.594063979735722 ], [ -58.386122243196183, -34.593431935600584 ], [ -58.386429359532634, -34.593246039351577 ] ], [ [ -58.390938915865405, -34.595328053579813 ], [ -58.39103610457947, -34.595241473793159 ], [ -58.391134539302698, -34.595328053579813 ], [ -58.39103610457947, -34.595440916380518 ], [ -58.390938915865405, -34.595328053579813 ] ], [ [ -58.396240020280452, -34.594063979735722 ], [ -58.396410640467366, -34.593929502662874 ], [ -58.396717756803817, -34.594063979735722 ], [ -58.396410640467366, -34.594255507312155 ], [ -58.396240020280452, -34.594063979735722 ] ], [ [ -58.389378651335136, -34.595328053579813 ], [ -58.389500522897222, -34.595244891418012 ], [ -58.389597711611287, -34.595328053579813 ], [ -58.389500522897222, -34.595422386677463 ], [ -58.389378651335136, -34.595328053579813 ] ] ] ] } },
{ "type": "Feature", "properties": { "id": 1, "isomin": 0.0, "isomax": 10.0, "id_punto": "3_21", "sector": 3.0 }, "geometry": { "type": "MultiPolygon", "coordinates": [ [ [ [ -58.387478313738292, -34.591077381269294 ], [ -58.388246104579416, -34.59105672556565 ], [ -58.38901389542054, -34.590980389225052 ], [ -58.389781686261671, -34.591021610857688 ], [ -58.390549477102795, -34.591100618929744 ], [ -58.390837398668211, -34.591337642695095 ], [ -58.391317267943933, -34.591624943322309 ], [ -58.392085058785057, -34.591969702763514 ], [ -58.391810847770365, -34.592601758023342 ], [ -58.392085058785057, -34.592889054279077 ], [ -58.392852849626173, -34.593176349541302 ], [ -58.392922648793544, -34.593233808474501 ], [ -58.393620640467311, -34.593719997857107 ], [ -58.393797822969105, -34.593865854117048 ], [ -58.393984330865734, -34.594497894950841 ], [ -58.394388431308435, -34.595129930975901 ], [ -58.394388431308435, -34.595129930975901 ], [ -58.395156222149559, -34.595581382335361 ], [ -58.395375590961308, -34.595761962192185 ], [ -58.395156222149559, -34.59594254165642 ], [ -58.394565613810236, -34.596393988599594 ], [ -58.395156222149559, -34.596745112303623 ], [ -58.395497462523402, -34.597026010198185 ], [ -58.395156222149559, -34.597306907142837 ], [ -58.394729671682263, -34.59765802698783 ], [ -58.394388431308435, -34.597938921795176 ], [ -58.394047190934607, -34.59765802698783 ], [ -58.393620640467311, -34.597487212113506 ], [ -58.393437833124182, -34.59765802698783 ], [ -58.393380705829458, -34.598290038968557 ], [ -58.393620640467311, -34.598641154657635 ], [ -58.39396188084114, -34.598922046140252 ], [ -58.393620640467311, -34.599202936672931 ], [ -58.393030032127982, -34.599554048502952 ], [ -58.392852849626173, -34.599699894519084 ], [ -58.392085058785057, -34.599885095440321 ], [ -58.391680958342356, -34.60018604605655 ], [ -58.391387067111303, -34.600818038801052 ], [ -58.391317267943933, -34.600875492448445 ], [ -58.390549477102795, -34.60113403336986 ], [ -58.389781686261671, -34.601232100405376 ], [ -58.38901389542054, -34.601292030203417 ], [ -58.388811845199186, -34.601450026736394 ], [ -58.38901389542054, -34.601737292389927 ], [ -58.389781686261671, -34.601936168029525 ], [ -58.389958868763465, -34.602082009862542 ], [ -58.389781686261671, -34.602227851439466 ], [ -58.38901389542054, -34.602426725904316 ], [ -58.388423287081224, -34.60271398817946 ], [ -58.388246104579416, -34.603345961687126 ], [ -58.387478313738292, -34.60271398817946 ], [ -58.387743069200752, -34.602082009862542 ], [ -58.387478313738292, -34.601847942598788 ], [ -58.386838488037348, -34.602082009862542 ], [ -58.386710522897161, -34.602187339916014 ], [ -58.386582557756981, -34.602082009862542 ], [ -58.38630834674229, -34.601450026736394 ], [ -58.385942732056037, -34.601186699014441 ], [ -58.385174941214913, -34.600875492448445 ], [ -58.385105142047529, -34.600818038801052 ], [ -58.384407150373775, -34.600396710839057 ], [ -58.384151220093401, -34.60018604605655 ], [ -58.383639359532658, -34.599659381762521 ], [ -58.383511394392464, -34.599554048502952 ], [ -58.383511394392464, -34.598922046140252 ], [ -58.38287156869152, -34.598589411386179 ], [ -58.382103777850396, -34.598290038968557 ], [ -58.382103777850396, -34.598290038968557 ], [ -58.381740087451973, -34.59765802698783 ], [ -58.38133598700928, -34.597171860653383 ], [ -58.381158804507471, -34.597026010198185 ], [ -58.381158804507471, -34.596393988599594 ], [ -58.38133598700928, -34.59624813677857 ], [ -58.38192659534861, -34.595761962192185 ], [ -58.38181585628498, -34.595129930975901 ], [ -58.382103777850396, -34.594892918030027 ], [ -58.382743603551347, -34.594497894950841 ], [ -58.38287156869152, -34.594392555145816 ], [ -58.383639359532658, -34.594198507786899 ], [ -58.38402325495322, -34.593865854117048 ], [ -58.384337351206412, -34.593233808474501 ], [ -58.384407150373775, -34.593176349541302 ], [ -58.384476949541146, -34.593233808474501 ], [ -58.384791045794344, -34.593865854117048 ], [ -58.385174941214913, -34.594027916327732 ], [ -58.385388216448554, -34.593865854117048 ], [ -58.385459308193106, -34.593233808474501 ], [ -58.385626582886161, -34.592601758023342 ], [ -58.385942732056037, -34.592341500557531 ], [ -58.386710522897161, -34.592285730994504 ], [ -58.387190392172862, -34.591969702763514 ], [ -58.387162164568416, -34.591337642695095 ], [ -58.387478313738292, -34.591077381269294 ] ], [ [ -58.388246104579416, -34.593083320708011 ], [ -58.388385702914171, -34.593233808474501 ], [ -58.388359014997228, -34.593865854117048 ], [ -58.388246104579416, -34.593950126506058 ], [ -58.388103921090313, -34.593865854117048 ], [ -58.388067548569857, -34.593233808474501 ], [ -58.388246104579416, -34.593083320708011 ] ], [ [ -58.386710522897161, -34.593564880601278 ], [ -58.386852706386257, -34.593865854117048 ], [ -58.386710522897161, -34.593976738821667 ], [ -58.38649724766352, -34.593865854117048 ], [ -58.386710522897161, -34.593564880601278 ] ], [ [ -58.390549477102795, -34.593715367495456 ], [ -58.390723975021238, -34.593865854117048 ], [ -58.390549477102795, -34.593985107472612 ], [ -58.390417099371575, -34.593865854117048 ], [ -58.390549477102795, -34.593715367495456 ] ], [ [ -58.391317267943933, -34.594354249729065 ], [ -58.391549931835179, -34.594497894950841 ], [ -58.391317267943933, -34.594621823962221 ], [ -58.39117240174749, -34.594497894950841 ], [ -58.391317267943933, -34.594354249729065 ] ], [ [ -58.386710522897161, -34.595019047810567 ], [ -58.386815699724721, -34.595129930975901 ], [ -58.386710522897161, -34.595212013223737 ], [ -58.386570924562406, -34.595129930975901 ], [ -58.386710522897161, -34.595019047810567 ] ], [ [ -58.38901389542054, -34.595042148482207 ], [ -58.389126805838345, -34.595129930975901 ], [ -58.38901389542054, -34.595200156904077 ], [ -58.38892564359972, -34.595129930975901 ], [ -58.38901389542054, -34.595042148482207 ] ], [ [ -58.390549477102795, -34.596304971086703 ], [ -58.391317267943933, -34.596286865818158 ], [ -58.391480627697355, -34.596393988599594 ], [ -58.391317267943933, -34.596489749756984 ], [ -58.390549477102795, -34.596477149610998 ], [ -58.390442839485971, -34.596393988599594 ], [ -58.390549477102795, -34.596304971086703 ] ], [ [ -58.392852849626173, -34.596239836260722 ], [ -58.393100524091061, -34.596393988599594 ], [ -58.392852849626173, -34.596528461682901 ], [ -58.392689489872751, -34.596393988599594 ], [ -58.392852849626173, -34.596239836260722 ] ], [ [ -58.385174941214913, -34.597559274681458 ], [ -58.385302906355093, -34.59765802698783 ], [ -58.385174941214913, -34.597789696547046 ], [ -58.384987675156097, -34.59765802698783 ], [ -58.385174941214913, -34.597559274681458 ] ], [ [ -58.387478313738292, -34.600082440229791 ], [ -58.387613013885854, -34.60018604605655 ], [ -58.387478313738292, -34.600333021542561 ], [ -58.387286366028, -34.60018604605655 ], [ -58.387478313738292, -34.600082440229791 ] ], [ [ -58.38901389542054, -34.597591499131163 ], [ -58.389112330143774, -34.59765802698783 ], [ -58.38901389542054, -34.597742295529777 ], [ -58.388933075331998, -34.59765802698783 ], [ -58.38901389542054, -34.597591499131163 ] ], [ [ -58.38901389542054, -34.600078928165587 ], [ -58.389233264232288, -34.60018604605655 ], [ -58.38901389542054, -34.600344044693536 ], [ -58.388879195272978, -34.60018604605655 ], [ -58.38901389542054, -34.600078928165587 ] ], [ [ -58.390549477102795, -34.597574867158677 ], [ -58.390723975021238, -34.59765802698783 ], [ -58.390549477102795, -34.597770886622818 ], [ -58.390451042379574, -34.59765802698783 ], [ -58.390549477102795, -34.597574867158677 ] ], [ [ -58.390549477102795, -34.600028047118997 ], [ -58.390953577545496, -34.60018604605655 ], [ -58.390549477102795, -34.600502043029941 ], [ -58.390330108291046, -34.60018604605655 ], [ -58.390549477102795, -34.600028047118997 ] ], [ [ -58.386586685664724, -34.596393988599594 ], [ -58.386710522897161, -34.596311907519706 ], [ -58.386808957620381, -34.596393988599594 ], [ -58.386710522897161, -34.596469229518284 ], [ -58.386586685664724, -34.596393988599594 ] ], [ [ -58.386070697196224, -34.598922046140252 ], [ -58.385942732056037, -34.599072523329468 ], [ -58.385755465997228, -34.598922046140252 ], [ -58.385942732056037, -34.59881116803691 ], [ -58.386070697196224, -34.598922046140252 ] ], [ [ -58.390419343061929, -34.598922046140252 ], [ -58.390549477102795, -34.598809188069438 ], [ -58.390723975021238, -34.598922046140252 ], [ -58.390549477102795, -34.599080047181786 ], [ -58.390419343061929, -34.598922046140252 ] ], [ [ -58.385942732056037, -34.600449376951204 ], [ -58.385394310026669, -34.60018604605655 ], [ -58.385942732056037, -34.600035570884756 ], [ -58.386134679766329, -34.60018604605655 ], [ -58.385942732056037, -34.600449376951204 ] ], [ [ -58.38500044329647, -34.596393988599594 ], [ -58.385174941214913, -34.59628501887245 ], [ -58.38529877844735, -34.596393988599594 ], [ -58.385174941214913, -34.596492742291368 ], [ -58.38500044329647, -34.596393988599594 ] ], [ [ -58.387478313738292, -34.597590068424012 ], [ -58.387559133826834, -34.59765802698783 ], [ -58.387478313738292, -34.597741186733735 ], [ -58.387381125024227, -34.59765802698783 ], [ -58.387478313738292, -34.597590068424012 ] ], [ [ -58.38901389542054, -34.598837778795215 ], [ -58.38914402946142, -34.598922046140252 ], [ -58.38901389542054, -34.599029165523255 ], [ -58.388912870309866, -34.598922046140252 ], [ -58.38901389542054, -34.598837778795215 ] ], [ [ -58.387579338848965, -34.598922046140252 ], [ -58.387478313738292, -34.599025653414529 ], [ -58.387350348598105, -34.598922046140252 ], [ -58.387478313738292, -34.598838887576626 ], [ -58.387579338848965, -34.598922046140252 ] ], [ [ -58.388941462322315, -34.596393988599594 ], [ -58.38901389542054, -34.596323763680694 ], [ -58.389120533037364, -34.596393988599594 ], [ -58.38901389542054, -34.596460517415395 ], [ -58.388941462322315, -34.596393988599594 ] ] ] ] } },
{ "type": "Feature", "properties": { "id": 1, "isomin": 0.0, "isomax": 10.0, "id_punto": "3_22", "sector": 3.0 }, "geometry": { "type": "MultiPolygon", "coordinates": [ [ [ [ -58.387527150373828, -34.589408876552767 ], [ -58.388294941214944, -34.589408876552767 ], [ -58.389062732056068, -34.589619568667558 ], [ -58.389062732056068, -34.589619568667558 ], [ -58.389062732056068, -34.589619568667558 ], [ -58.389830522897206, -34.589359301859851 ], [ -58.39059831373833, -34.589473704952681 ], [ -58.391366104579447, -34.589438975458997 ], [ -58.392133895420585, -34.589359301859851 ], [ -58.392450044590461, -34.589619568667558 ], [ -58.392669022370455, -34.590251641806326 ], [ -58.392901686261709, -34.59040965933972 ], [ -58.393186053239909, -34.590251641806326 ], [ -58.393599677935462, -34.589619568667558 ], [ -58.39366947710284, -34.589562107234677 ], [ -58.39373927627021, -34.589619568667558 ], [ -58.394437267943964, -34.589872398500084 ], [ -58.395205058785088, -34.589619568667558 ], [ -58.395205058785088, -34.589619568667558 ], [ -58.395972849626226, -34.589473704952681 ], [ -58.396150032128013, -34.589619568667558 ], [ -58.396314090000054, -34.590251641806326 ], [ -58.396042648793596, -34.590883710136659 ], [ -58.396740640467343, -34.591458313536968 ], [ -58.397508431308466, -34.591458313536968 ], [ -58.397578230475837, -34.591515773658422 ], [ -58.397824580478343, -34.592147832371673 ], [ -58.397508431308466, -34.592408090444152 ], [ -58.39727576741722, -34.592779886276276 ], [ -58.397508431308466, -34.593231350406967 ], [ -58.397727800120222, -34.593411935372266 ], [ -58.397508431308466, -34.593592519945034 ], [ -58.397252501028092, -34.594043979659588 ], [ -58.397508431308466, -34.594229874123052 ], [ -58.397842253413309, -34.594043979659588 ], [ -58.398276222149605, -34.59368673782717 ], [ -58.399044012990728, -34.593986521286723 ], [ -58.399113812158099, -34.594043979659588 ], [ -58.399044012990728, -34.594101437992705 ], [ -58.398660117570159, -34.594676019138163 ], [ -58.398276222149605, -34.595308053807997 ], [ -58.398276222149605, -34.595308053807997 ], [ -58.397796352873897, -34.595940083669007 ], [ -58.397508431308466, -34.596177093627141 ], [ -58.396740640467343, -34.596354169591294 ], [ -58.396433524130892, -34.596572108721276 ], [ -58.396314090000054, -34.59720412896457 ], [ -58.395972849626226, -34.597485025306874 ], [ -58.395205058785088, -34.597602065169156 ], [ -58.394897942448637, -34.59783614439894 ], [ -58.39465663675572, -34.598468155024364 ], [ -58.394437267943964, -34.598648728605497 ], [ -58.39366947710284, -34.598847359091295 ], [ -58.39338511012464, -34.599100160840791 ], [ -58.393217835431585, -34.599732161848145 ], [ -58.392901686261709, -34.599992396159259 ], [ -58.392133895420585, -34.600100826881572 ], [ -58.39175, -34.600364158046418 ], [ -58.391366104579447, -34.600996149435595 ], [ -58.390982209158892, -34.600364158046418 ], [ -58.39059831373833, -34.600031529067849 ], [ -58.389830522897206, -34.599732161848145 ], [ -58.389830522897206, -34.599732161848145 ], [ -58.389574592616825, -34.599100160840791 ], [ -58.389062732056068, -34.598705157769082 ], [ -58.388774810490652, -34.598468155024364 ], [ -58.389062732056068, -34.598231151603393 ], [ -58.389288552891699, -34.59783614439894 ], [ -58.389062732056068, -34.597650258005686 ], [ -58.3885143100267, -34.59783614439894 ], [ -58.388294941214944, -34.598016719354071 ], [ -58.388075572403196, -34.59783614439894 ], [ -58.387527150373828, -34.597441135316004 ], [ -58.387239228808397, -34.59720412896457 ], [ -58.387527150373828, -34.596967121936871 ], [ -58.387752971209444, -34.596572108721276 ], [ -58.387527150373828, -34.596380586485985 ], [ -58.387100599906532, -34.596572108721276 ], [ -58.386759359532704, -34.596853007200863 ], [ -58.386418119158876, -34.596572108721276 ], [ -58.38599156869158, -34.596120662746081 ], [ -58.385772199879831, -34.595940083669007 ], [ -58.38599156869158, -34.595308053807997 ], [ -58.38599156869158, -34.595308053807997 ], [ -58.38599156869158, -34.595308053807997 ], [ -58.385223777850449, -34.594821873719553 ], [ -58.385046595348655, -34.594676019138163 ], [ -58.385223777850449, -34.5945301643007 ], [ -58.385814386189779, -34.594043979659588 ], [ -58.38599156869158, -34.593898123712385 ], [ -58.386168751193374, -34.594043979659588 ], [ -58.386759359532704, -34.594241492513206 ], [ -58.387007033997577, -34.594043979659588 ], [ -58.387108355369577, -34.593411935372266 ], [ -58.386759359532704, -34.593110960211995 ], [ -58.38599156869158, -34.59296047222297 ], [ -58.385772199879831, -34.592779886276276 ], [ -58.38599156869158, -34.592599299937078 ], [ -58.386759359532704, -34.592448811021185 ], [ -58.387399185233633, -34.592147832371673 ], [ -58.387211001203951, -34.591515773658422 ], [ -58.387527150373828, -34.590883710136659 ], [ -58.387527150373828, -34.590883710136659 ], [ -58.387527150373828, -34.590883710136659 ], [ -58.387239228808397, -34.590251641806326 ], [ -58.387271220093446, -34.589619568667558 ], [ -58.387527150373828, -34.589408876552767 ] ], [ [ -58.389830522897206, -34.59064060750174 ], [ -58.390005020815636, -34.590883710136659 ], [ -58.389830522897206, -34.590996578975357 ], [ -58.389647715554077, -34.590883710136659 ], [ -58.389830522897206, -34.59064060750174 ] ], [ [ -58.392133895420585, -34.592677942423379 ], [ -58.392234920531259, -34.592779886276276 ], [ -58.392133895420585, -34.592845724948141 ], [ -58.392041390499962, -34.592779886276276 ], [ -58.392133895420585, -34.592677942423379 ] ], [ [ -58.39366947710284, -34.59267627121163 ], [ -58.393856743161649, -34.592779886276276 ], [ -58.39366947710284, -34.592856037024561 ], [ -58.393568451992152, -34.592779886276276 ], [ -58.39366947710284, -34.59267627121163 ] ], [ [ -58.395972849626226, -34.592569202175717 ], [ -58.396205513517472, -34.592779886276276 ], [ -58.395972849626226, -34.592894804651408 ], [ -58.395812893200983, -34.592779886276276 ], [ -58.395972849626226, -34.592569202175717 ] ], [ [ -58.388294941214944, -34.593253923549085 ], [ -58.388445488438698, -34.593411935372266 ], [ -58.388294941214944, -34.593531189379441 ], [ -58.387945945378071, -34.593411935372266 ], [ -58.388294941214944, -34.593253923549085 ] ], [ [ -58.395205058785088, -34.593946742389903 ], [ -58.395358616953317, -34.594043979659588 ], [ -58.395205058785088, -34.594145921836208 ], [ -58.395093784750145, -34.594043979659588 ], [ -58.395205058785088, -34.593946742389903 ] ], [ [ -58.393543609751831, -34.596572108721276 ], [ -58.39366947710284, -34.596476347658822 ], [ -58.393848033112405, -34.596572108721276 ], [ -58.39366947710284, -34.596715750107919 ], [ -58.393543609751831, -34.596572108721276 ] ], [ [ -58.395081221552651, -34.595308053807997 ], [ -58.395205058785088, -34.595206113057458 ], [ -58.39538361479466, -34.595308053807997 ], [ -58.395205058785088, -34.59544252864923 ], [ -58.395081221552651, -34.595308053807997 ] ], [ [ -58.395026502775529, -34.596572108721276 ], [ -58.395205058785088, -34.596437635708625 ], [ -58.395512175121539, -34.596572108721276 ], [ -58.395205058785088, -34.596806190853563 ], [ -58.395026502775529, -34.596572108721276 ] ], [ [ -58.393976593439298, -34.59783614439894 ], [ -58.39366947710284, -34.598088949226195 ], [ -58.393486669759717, -34.59783614439894 ], [ -58.39366947710284, -34.597692504949762 ], [ -58.393976593439298, -34.59783614439894 ] ], [ [ -58.39059831373833, -34.59771460334273 ], [ -58.390748860962084, -34.59783614439894 ], [ -58.39059831373833, -34.59802766327811 ], [ -58.390372492902699, -34.59783614439894 ], [ -58.39059831373833, -34.59771460334273 ] ], [ [ -58.391366104579447, -34.596493105852716 ], [ -58.391465817675709, -34.596572108721276 ], [ -58.391366104579447, -34.596674047795453 ], [ -58.39059831373833, -34.596693651449215 ], [ -58.39045344754188, -34.596572108721276 ], [ -58.39059831373833, -34.596483091399243 ], [ -58.391366104579447, -34.596493105852716 ] ], [ [ -58.388836911220451, -34.596572108721276 ], [ -58.389062732056068, -34.596455067407746 ], [ -58.389207598252511, -34.596572108721276 ], [ -58.389062732056068, -34.596757997527327 ], [ -58.388836911220451, -34.596572108721276 ] ], [ [ -58.389166487575146, -34.595308053807997 ], [ -58.389062732056068, -34.59542509673765 ], [ -58.388892111869154, -34.595308053807997 ], [ -58.389062732056068, -34.595206113057458 ], [ -58.389166487575146, -34.595308053807997 ] ], [ [ -58.39059831373833, -34.594600776595257 ], [ -58.390679993615045, -34.594676019138163 ], [ -58.39059831373833, -34.594750376407745 ], [ -58.390487039703387, -34.594676019138163 ], [ -58.39059831373833, -34.594600776595257 ] ], [ [ -58.392821708049091, -34.595308053807997 ], [ -58.392901686261709, -34.595238599683853 ], [ -58.392997660116862, -34.595308053807997 ], [ -58.392901686261709, -34.595392324733979 ], [ -58.392821708049091, -34.595308053807997 ] ], [ [ -58.392418262398778, -34.599100160840791 ], [ -58.392133895420585, -34.599363495178281 ], [ -58.391937025974144, -34.599100160840791 ], [ -58.392133895420585, -34.598962768681062 ], [ -58.392418262398778, -34.599100160840791 ] ], [ [ -58.391446082792065, -34.595308053807997 ], [ -58.391366104579447, -34.595387057803592 ], [ -58.391275776245209, -34.595308053807997 ], [ -58.391366104579447, -34.59524081630574 ], [ -58.391446082792065, -34.595308053807997 ] ] ] ] } },
{ "type": "Feature", "properties": { "id": 1, "isomin": 0.0, "isomax": 10.0, "id_punto": "3_23", "sector": 3.0 }, "geometry": { "type": "MultiPolygon", "coordinates": [ [ [ [ -58.384850871495289, -34.587987426053047 ], [ -58.385362732056031, -34.588274738264992 ], [ -58.386130522897155, -34.588338585288298 ], [ -58.386898313738293, -34.588250795618592 ], [ -58.387666104579409, -34.588303469431544 ], [ -58.388433895420548, -34.588320103260251 ], [ -58.389201686261671, -34.588274738264992 ], [ -58.389969477102795, -34.587987426053047 ], [ -58.390737267943926, -34.588262246450356 ], [ -58.39150505878505, -34.588303469431544 ], [ -58.391888954205619, -34.588619511607938 ], [ -58.392272849626174, -34.588970668171882 ], [ -58.393040640467305, -34.589251592354493 ], [ -58.392720727616826, -34.589883668292586 ], [ -58.393040640467305, -34.5903351481616 ], [ -58.393260009279061, -34.590515739422258 ], [ -58.393296570747687, -34.591147805743418 ], [ -58.393040640467305, -34.591358493448595 ], [ -58.392814819631681, -34.591779867256065 ], [ -58.393040640467305, -34.592231336821051 ], [ -58.393260009279061, -34.592411923960121 ], [ -58.393296570747687, -34.593043975855558 ], [ -58.393808431308429, -34.593676022942326 ], [ -58.393168605607485, -34.594308065220424 ], [ -58.393217822969099, -34.594940102689755 ], [ -58.393040640467305, -34.59508595680748 ], [ -58.392450032127975, -34.595572135350345 ], [ -58.392272849626174, -34.596204163202088 ], [ -58.392272849626174, -34.596204163202088 ], [ -58.39150505878505, -34.596503543137622 ], [ -58.390737267943926, -34.596618247807875 ], [ -58.390430151607475, -34.596836186244978 ], [ -58.39022540738317, -34.597468204478979 ], [ -58.389969477102795, -34.597678876154994 ], [ -58.389201686261671, -34.597866139418414 ], [ -58.388867864156829, -34.598100217904026 ], [ -58.388653264232289, -34.598732226520106 ], [ -58.388433895420548, -34.598912799527135 ], [ -58.388214526608792, -34.598732226520106 ], [ -58.387666104579409, -34.598489146852252 ], [ -58.387391893564718, -34.598732226520106 ], [ -58.387239554112121, -34.599364230327161 ], [ -58.386898313738293, -34.599645119364418 ], [ -58.386130522897155, -34.599364230327161 ], [ -58.38640473391186, -34.598732226520106 ], [ -58.386130522897155, -34.598468890181159 ], [ -58.385432531223401, -34.598732226520106 ], [ -58.385362732056031, -34.598789681610377 ], [ -58.38529293288866, -34.598732226520106 ], [ -58.385046582886162, -34.598100217904026 ], [ -58.384850871495289, -34.597468204478979 ], [ -58.384594941214914, -34.597204864132557 ], [ -58.383896949541146, -34.597468204478979 ], [ -58.383827150373776, -34.597525660443601 ], [ -58.383757351206405, -34.597468204478979 ], [ -58.383571220093394, -34.596836186244978 ], [ -58.383827150373776, -34.596625512431658 ], [ -58.38408308065415, -34.596204163202088 ], [ -58.383827150373776, -34.596012640118481 ], [ -58.38340059990648, -34.596204163202088 ], [ -58.383059359532652, -34.596485062925929 ], [ -58.382718119158824, -34.596204163202088 ], [ -58.382291568691528, -34.595782811835235 ], [ -58.382035638411153, -34.595572135350345 ], [ -58.382291568691528, -34.595361458331126 ], [ -58.382611481542, -34.594940102689755 ], [ -58.382291568691528, -34.59470601529884 ], [ -58.381523777850397, -34.594568316525475 ], [ -58.381207628680521, -34.594308065220424 ], [ -58.381235856284981, -34.593676022942326 ], [ -58.380755987009273, -34.593280994076622 ], [ -58.380468065443857, -34.593043975855558 ], [ -58.380755987009273, -34.592806956958285 ], [ -58.381089809114115, -34.592411923960121 ], [ -58.381304409038641, -34.591779867256065 ], [ -58.381523777850397, -34.591599278743125 ], [ -58.381950328317686, -34.591147805743418 ], [ -58.382291568691528, -34.590866887972119 ], [ -58.382803429252277, -34.590515739422258 ], [ -58.383059359532652, -34.590305049579982 ], [ -58.383443254953221, -34.589883668292586 ], [ -58.383699185233596, -34.589251592354493 ], [ -58.383827150373776, -34.589146245897304 ], [ -58.384176146210649, -34.588619511607938 ], [ -58.384339010934532, -34.587987426053047 ], [ -58.384594941214914, -34.587776729799565 ], [ -58.384850871495289, -34.587987426053047 ] ], [ [ -58.389969477102795, -34.588856542451381 ], [ -58.390195297938426, -34.589251592354493 ], [ -58.389969477102795, -34.589386076999347 ], [ -58.389743656267179, -34.589251592354493 ], [ -58.389969477102795, -34.588856542451381 ] ], [ [ -58.384594941214914, -34.589550997345604 ], [ -58.384791810661348, -34.589883668292586 ], [ -58.384594941214914, -34.59005000326659 ], [ -58.384211045794345, -34.589883668292586 ], [ -58.384594941214914, -34.589550997345604 ] ], [ [ -58.386898313738293, -34.589985615574221 ], [ -58.386741621729904, -34.589883668292586 ], [ -58.386898313738293, -34.589686145078474 ], [ -58.387068933925207, -34.589883668292586 ], [ -58.386898313738293, -34.589985615574221 ] ], [ [ -58.390737267943926, -34.591655934005111 ], [ -58.390924534002735, -34.591779867256065 ], [ -58.390737267943926, -34.591901416995675 ], [ -58.39061539638184, -34.591779867256065 ], [ -58.390737267943926, -34.591655934005111 ] ], [ [ -58.382291568691528, -34.592040126481258 ], [ -58.382493618912882, -34.592411923960121 ], [ -58.382291568691528, -34.592587494413422 ], [ -58.381957746586686, -34.592411923960121 ], [ -58.382291568691528, -34.592040126481258 ] ], [ [ -58.383827150373776, -34.592249858596965 ], [ -58.383957284414656, -34.592411923960121 ], [ -58.383827150373776, -34.592522810605359 ], [ -58.383625100152422, -34.592411923960121 ], [ -58.383827150373776, -34.592249858596965 ] ], [ [ -58.383827150373776, -34.595131628246236 ], [ -58.383507237523311, -34.594940102689755 ], [ -58.383827150373776, -34.594805627035186 ], [ -58.383994061426201, -34.594940102689755 ], [ -58.383827150373776, -34.595131628246236 ] ], [ [ -58.385215079971196, -34.593676022942326 ], [ -58.385362732056031, -34.593592859126716 ], [ -58.38546510416819, -34.593676022942326 ], [ -58.385362732056031, -34.593771787232967 ], [ -58.385215079971196, -34.593676022942326 ] ], [ [ -58.386130522897155, -34.597731543990491 ], [ -58.38587459261678, -34.597468204478979 ], [ -58.386130522897155, -34.597317724383252 ], [ -58.386293882650591, -34.597468204478979 ], [ -58.386130522897155, -34.597731543990491 ] ], [ [ -58.389427507097302, -34.596204163202088 ], [ -58.389508802598122, -34.596836186244978 ], [ -58.389201686261671, -34.597070267633093 ], [ -58.389018878918542, -34.596836186244978 ], [ -58.389054034176837, -34.596204163202088 ], [ -58.389201686261671, -34.596077758016449 ], [ -58.389427507097302, -34.596204163202088 ] ], [ [ -58.39094477898206, -34.593676022942326 ], [ -58.390737267943926, -34.593802431782642 ], [ -58.390617300625003, -34.593676022942326 ], [ -58.390737267943926, -34.59357240899535 ], [ -58.39094477898206, -34.593676022942326 ] ], [ [ -58.39278471018693, -34.593043975855558 ], [ -58.392272849626174, -34.593269707509997 ], [ -58.392098351707745, -34.593043975855558 ], [ -58.392272849626174, -34.592809883121618 ], [ -58.39278471018693, -34.593043975855558 ] ], [ [ -58.386224155926563, -34.592411923960121 ], [ -58.386130522897155, -34.592486283256221 ], [ -58.38598287081232, -34.592411923960121 ], [ -58.386130522897155, -34.592317587443908 ], [ -58.386224155926563, -34.592411923960121 ] ], [ [ -58.386130522897155, -34.596354645315124 ], [ -58.385973830888766, -34.596204163202088 ], [ -58.386130522897155, -34.596103841641913 ], [ -58.386246854842796, -34.596204163202088 ], [ -58.386130522897155, -34.596354645315124 ] ], [ [ -58.387898768470677, -34.597468204478979 ], [ -58.387666104579409, -34.597711287134643 ], [ -58.387502744825987, -34.597468204478979 ], [ -58.387666104579409, -34.597330809619777 ], [ -58.387898768470677, -34.597468204478979 ] ], [ [ -58.38754977263379, -34.596204163202088 ], [ -58.387666104579409, -34.596112565260654 ], [ -58.387813756664251, -34.596204163202088 ], [ -58.387666104579409, -34.596341559924838 ], [ -58.38754977263379, -34.596204163202088 ] ], [ [ -58.38397480245861, -34.593676022942326 ], [ -58.383827150373776, -34.593810500425512 ], [ -58.383579475908903, -34.593676022942326 ], [ -58.383827150373776, -34.593565137836322 ], [ -58.38397480245861, -34.593676022942326 ] ], [ [ -58.386971436675545, -34.593676022942326 ], [ -58.386898313738293, -34.593750381106993 ], [ -58.386795941626133, -34.593676022942326 ], [ -58.386898313738293, -34.59360949189648 ], [ -58.386971436675545, -34.593676022942326 ] ] ] ] } },
{ "type": "Feature", "properties": { "id": 1, "isomin": 0.0, "isomax": 10.0, "id_punto": "3_24", "sector": 3.0 }, "geometry": { "type": "MultiPolygon", "coordinates": [ [ [ [ -58.386206104579401, -34.590262234921752 ], [ -58.386973895420525, -34.590086659554593 ], [ -58.387741686261649, -34.590310119048404 ], [ -58.388509477102787, -34.590156889745991 ], [ -58.389277267943903, -34.590156889745991 ], [ -58.389533198224285, -34.590367579963981 ], [ -58.389618508317739, -34.590999647412282 ], [ -58.390045058785041, -34.591421023039743 ], [ -58.390300989065416, -34.591631710052035 ], [ -58.390812849626165, -34.591947739568731 ], [ -58.391580640467289, -34.592083180422158 ], [ -58.391800009279038, -34.592263767883253 ], [ -58.391800009279038, -34.592895820905852 ], [ -58.39234843130842, -34.593228478460027 ], [ -58.392712121706843, -34.593527869119889 ], [ -58.392712121706843, -34.59415991252515 ], [ -58.393116222149544, -34.594531700517258 ], [ -58.39343237131942, -34.594791951121699 ], [ -58.393518398304423, -34.595423984909445 ], [ -58.393884012990668, -34.595756632339913 ], [ -58.394247703389098, -34.596056013888401 ], [ -58.393884012990668, -34.596355394357914 ], [ -58.39340414371496, -34.596688038058538 ], [ -58.393116222149544, -34.596925045882521 ], [ -58.392828300584128, -34.596688038058538 ], [ -58.39234843130842, -34.596521716374724 ], [ -58.392108496670566, -34.596688038058538 ], [ -58.39234843130842, -34.597059814735758 ], [ -58.392664580478282, -34.597320057419751 ], [ -58.39234843130842, -34.597580299288374 ], [ -58.391650439634653, -34.597952071972038 ], [ -58.391580640467289, -34.59800952760196 ], [ -58.391510841299919, -34.597952071972038 ], [ -58.390812849626165, -34.597776512856548 ], [ -58.390605338588017, -34.597952071972038 ], [ -58.390812849626165, -34.598347078625181 ], [ -58.391100771191581, -34.598584081715352 ], [ -58.390812849626165, -34.598821084129291 ], [ -58.390045058785041, -34.599216086649676 ], [ -58.390045058785041, -34.599216086649676 ], [ -58.389277267943903, -34.599515455729517 ], [ -58.388981963774249, -34.599848086774941 ], [ -58.388509477102787, -34.600237007538631 ], [ -58.388082926635491, -34.60048008209111 ], [ -58.387741686261649, -34.600760967354624 ], [ -58.387392690424782, -34.601112072598148 ], [ -58.386973895420525, -34.601744058296013 ], [ -58.386555100416267, -34.601112072598148 ], [ -58.386206104579401, -34.600837294707738 ], [ -58.385754462908146, -34.601112072598148 ], [ -58.38543831373827, -34.601372302585574 ], [ -58.384670522897146, -34.601112072598148 ], [ -58.384670522897146, -34.601112072598148 ], [ -58.383902732056022, -34.600740314058768 ], [ -58.383586582886146, -34.60048008209111 ], [ -58.383586582886146, -34.599848086774941 ], [ -58.383134941214891, -34.599453087260208 ], [ -58.382367150373767, -34.599361933259246 ], [ -58.382189967871959, -34.599216086649676 ], [ -58.381599359532629, -34.598794750561133 ], [ -58.381343429252254, -34.598584081715352 ], [ -58.380831568691505, -34.59809792080118 ], [ -58.380654386189718, -34.597952071972038 ], [ -58.380831568691505, -34.597806222886796 ], [ -58.381379990720887, -34.597320057419751 ], [ -58.380831568691505, -34.596948281907295 ], [ -58.380515419521636, -34.596688038058538 ], [ -58.380063777850388, -34.596113470829863 ], [ -58.379993978683018, -34.596056013888401 ], [ -58.37929598700925, -34.595660996340101 ], [ -58.379008065443834, -34.595423984909445 ], [ -58.37929598700925, -34.59518697280258 ], [ -58.379747628680512, -34.594791951121699 ], [ -58.379935812710194, -34.59415991252515 ], [ -58.380063777850388, -34.59405457229154 ], [ -58.380831568691505, -34.593815162172952 ], [ -58.381197183377765, -34.593527869119889 ], [ -58.381379990720887, -34.592895820905852 ], [ -58.381599359532629, -34.592715234818634 ], [ -58.382367150373767, -34.592596427968232 ], [ -58.383006976074711, -34.592263767883253 ], [ -58.383134941214891, -34.592158425245323 ], [ -58.383262906355078, -34.592263767883253 ], [ -58.383902732056022, -34.59245529961003 ], [ -58.384142666693862, -34.592263767883253 ], [ -58.383902732056022, -34.591868732302252 ], [ -58.383614810490592, -34.591631710052035 ], [ -58.383902732056022, -34.590999647412282 ], [ -58.383902732056022, -34.590999647412282 ], [ -58.384670522897146, -34.590942186933837 ], [ -58.38543831373827, -34.59073938492768 ], [ -58.386078139439213, -34.590367579963981 ], [ -58.386206104579401, -34.590262234921752 ] ], [ [ -58.386973895420525, -34.59137888557315 ], [ -58.387161161479334, -34.591631710052035 ], [ -58.386973895420525, -34.59177870067446 ], [ -58.38671796514015, -34.591631710052035 ], [ -58.386973895420525, -34.59137888557315 ] ], [ [ -58.383134941214891, -34.593264516281749 ], [ -58.383902732056022, -34.59333633986585 ], [ -58.384050384140856, -34.593527869119889 ], [ -58.383902732056022, -34.593634995459219 ], [ -58.383134941214891, -34.59365685796049 ], [ -58.382895006577044, -34.593527869119889 ], [ -58.383134941214891, -34.593264516281749 ] ], [ [ -58.38543831373827, -34.593373711462284 ], [ -58.385549587773227, -34.593527869119889 ], [ -58.385539338848943, -34.59415991252515 ], [ -58.38543831373827, -34.594239917676617 ], [ -58.385312446387267, -34.59415991252515 ], [ -58.385290661653436, -34.593527869119889 ], [ -58.38543831373827, -34.593373711462284 ] ], [ [ -58.386973895420525, -34.593406321759865 ], [ -58.387082034975613, -34.593527869119889 ], [ -58.386973895420525, -34.593606874808508 ], [ -58.386862621385582, -34.593527869119889 ], [ -58.386973895420525, -34.593406321759865 ] ], [ [ -58.390812849626165, -34.593302138166898 ], [ -58.391403457965495, -34.593527869119889 ], [ -58.390812849626165, -34.593685880422015 ], [ -58.390610799404811, -34.593527869119889 ], [ -58.390812849626165, -34.593302138166898 ] ], [ [ -58.380831568691505, -34.594504661446656 ], [ -58.381028438137946, -34.594791951121699 ], [ -58.380831568691505, -34.594972532694591 ], [ -58.380379927020257, -34.594791951121699 ], [ -58.380831568691505, -34.594504661446656 ] ], [ [ -58.382367150373767, -34.594625625641442 ], [ -58.38251201657021, -34.594791951121699 ], [ -58.382367150373767, -34.594904814650754 ], [ -58.382170280927326, -34.594791951121699 ], [ -58.382367150373767, -34.594625625641442 ] ], [ [ -58.383902732056022, -34.594684826274275 ], [ -58.384014006090965, -34.594791951121699 ], [ -58.383902732056022, -34.594876222571223 ], [ -58.383757865859579, -34.594791951121699 ], [ -58.383902732056022, -34.594684826274275 ] ], [ [ -58.389484778982052, -34.597952071972038 ], [ -58.389277267943903, -34.598132646675111 ], [ -58.389137669609156, -34.597952071972038 ], [ -58.389277267943903, -34.59783716059296 ], [ -58.389484778982052, -34.597952071972038 ] ], [ [ -58.38282782487844, -34.598584081715352 ], [ -58.383134941214891, -34.598408523935703 ], [ -58.383348216448539, -34.598584081715352 ], [ -58.383134941214891, -34.598979085362849 ], [ -58.38282782487844, -34.598584081715352 ] ], [ [ -58.384522870812312, -34.597320057419751 ], [ -58.384670522897146, -34.597227113697642 ], [ -58.384772895009291, -34.597320057419751 ], [ -58.384670522897146, -34.597441599053269 ], [ -58.384522870812312, -34.597320057419751 ] ], [ [ -58.384670522897146, -34.596148958920899 ], [ -58.384568150784986, -34.596056013888401 ], [ -58.384670522897146, -34.595981657787533 ], [ -58.384752202773868, -34.596056013888401 ], [ -58.384670522897146, -34.596148958920899 ] ], [ [ -58.390812849626165, -34.596863599474581 ], [ -58.390675744118809, -34.596688038058538 ], [ -58.390812849626165, -34.596577156973005 ], [ -58.391052784264019, -34.596688038058538 ], [ -58.390812849626165, -34.596863599474581 ] ], [ [ -58.386206104579401, -34.599693940846365 ], [ -58.38639337063821, -34.599848086774941 ], [ -58.386206104579401, -34.60012286793809 ], [ -58.385992829345753, -34.599848086774941 ], [ -58.386206104579401, -34.599693940846365 ] ], [ [ -58.387741686261649, -34.596771198775521 ], [ -58.387655417627819, -34.596688038058538 ], [ -58.387741686261649, -34.596620801673261 ], [ -58.387845441780719, -34.596688038058538 ], [ -58.387741686261649, -34.596771198775521 ] ], [ [ -58.387741686261649, -34.597868912437278 ], [ -58.387881284596403, -34.597952071972038 ], [ -58.387741686261649, -34.598064931207468 ], [ -58.387632001855785, -34.597952071972038 ], [ -58.387741686261649, -34.597868912437278 ] ], [ [ -58.387741686261649, -34.599681771418751 ], [ -58.388036990431317, -34.599848086774941 ], [ -58.387741686261649, -34.600199195877622 ], [ -58.387554420202839, -34.599848086774941 ], [ -58.387741686261649, -34.599681771418751 ] ], [ [ -58.389277267943903, -34.596802951027335 ], [ -58.389173512424833, -34.596688038058538 ], [ -58.389277267943903, -34.596604877258244 ], [ -58.38941437345126, -34.596688038058538 ], [ -58.389277267943903, -34.596802951027335 ] ], [ [ -58.384670522897146, -34.598759639123955 ], [ -58.384457247663491, -34.598584081715352 ], [ -58.384670522897146, -34.598462541753584 ], [ -58.384807628404488, -34.598584081715352 ], [ -58.384670522897146, -34.598759639123955 ] ], [ [ -58.386103732467241, -34.597320057419751 ], [ -58.386206104579401, -34.597234649678967 ], [ -58.386303293293473, -34.597320057419751 ], [ -58.386206104579401, -34.597432917513927 ], [ -58.386103732467241, -34.597320057419751 ] ], [ [ -58.386068999072052, -34.598584081715352 ], [ -58.386206104579401, -34.598471223185321 ], [ -58.386334069719581, -34.598584081715352 ], [ -58.386206104579401, -34.598738229703741 ], [ -58.386068999072052, -34.598584081715352 ] ] ] ] } },
{ "type": "Feature", "properties": { "id": 1, "isomin": 0.0, "isomax": 10.0, "id_punto": "3_25", "sector": 3.0 }, "geometry": { "type": "MultiPolygon", "coordinates": [ [ [ [ -58.387019359532637, -34.587513589676085 ], [ -58.387787150373761, -34.587314679505432 ], [ -58.388554941214892, -34.587659456831965 ], [ -58.388554941214892, -34.587659456831965 ], [ -58.388554941214892, -34.587659456831965 ], [ -58.389322732056016, -34.587378527266424 ], [ -58.390090522897154, -34.587659456831965 ], [ -58.390090522897154, -34.587659456831965 ], [ -58.390090522897154, -34.587659456831965 ], [ -58.390858313738278, -34.587422422573653 ], [ -58.391626104579395, -34.587422422573653 ], [ -58.392393895420533, -34.587399183884465 ], [ -58.393161686261656, -34.587448759746856 ], [ -58.393417616542031, -34.587659456831965 ], [ -58.39392947710278, -34.588054512426545 ], [ -58.394697267943911, -34.587946770177936 ], [ -58.395465058785035, -34.587902568189364 ], [ -58.396232849626159, -34.587902568189364 ], [ -58.396705336297622, -34.588291544881763 ], [ -58.39700064046729, -34.588566364273191 ], [ -58.397434609203572, -34.58892362812319 ], [ -58.397503675845954, -34.589555706556233 ], [ -58.397768431308414, -34.590130319140918 ], [ -58.397838230475784, -34.590187780180841 ], [ -58.397896396448601, -34.590819848996979 ], [ -58.397768431308414, -34.590925193332161 ], [ -58.397461314971963, -34.591451913004583 ], [ -58.397768431308414, -34.591823713115794 ], [ -58.39808458047829, -34.592083972203667 ], [ -58.397768431308414, -34.592344230476215 ], [ -58.39752849667056, -34.592716026594132 ], [ -58.397503675845954, -34.593348076175957 ], [ -58.397384535887845, -34.593980120949112 ], [ -58.397316789637166, -34.594612160913549 ], [ -58.39700064046729, -34.594872411265911 ], [ -58.396616745046728, -34.595244196069224 ], [ -58.396452218437908, -34.595876226416117 ], [ -58.396232849626159, -34.596056805631967 ], [ -58.395465058785035, -34.596265165777865 ], [ -58.395131236680193, -34.59650825195417 ], [ -58.394916636755667, -34.597140272683326 ], [ -58.394697267943911, -34.597320849151259 ], [ -58.39392947710278, -34.597485009235989 ], [ -58.393595654997945, -34.597772288603586 ], [ -58.393338868763458, -34.598404299714872 ], [ -58.393161686261656, -34.598550147749947 ], [ -58.392984503759848, -34.598404299714872 ], [ -58.392393895420533, -34.59800929333386 ], [ -58.392105973855102, -34.597772288603586 ], [ -58.391626104579395, -34.597439649245011 ], [ -58.391262414180972, -34.597140272683326 ], [ -58.391098248376125, -34.59650825195417 ], [ -58.390858313738278, -34.596282529099767 ], [ -58.390474418317709, -34.59650825195417 ], [ -58.390090522897154, -34.59682426291986 ], [ -58.389706627476585, -34.59650825195417 ], [ -58.389322732056016, -34.596255442316014 ], [ -58.388554941214892, -34.596136472808283 ], [ -58.387787150373761, -34.596056805631967 ], [ -58.387567781562019, -34.595876226416117 ], [ -58.387787150373761, -34.595695646807712 ], [ -58.388061361388452, -34.595244196069224 ], [ -58.387787150373761, -34.595010109535224 ], [ -58.387089158700007, -34.595244196069224 ], [ -58.387019359532637, -34.595301653572214 ], [ -58.386949560365267, -34.595244196069224 ], [ -58.386703210362761, -34.594612160913549 ], [ -58.3866556691342, -34.593980120949112 ], [ -58.387019359532637, -34.59368073191915 ], [ -58.387284114995097, -34.593348076175957 ], [ -58.387019359532637, -34.593130128587482 ], [ -58.386428751193307, -34.593348076175957 ], [ -58.386251568691513, -34.593493933088872 ], [ -58.386074386189712, -34.593348076175957 ], [ -58.385483777850382, -34.592716026594132 ], [ -58.386251568691513, -34.592416633008568 ], [ -58.386842177030829, -34.592083972203667 ], [ -58.387019359532637, -34.591938112815285 ], [ -58.387275289813019, -34.591451913004583 ], [ -58.387019359532637, -34.591177103157328 ], [ -58.386585390796348, -34.590819848996979 ], [ -58.386635464112068, -34.590187780180841 ], [ -58.3866556691342, -34.589555706556233 ], [ -58.386949560365267, -34.58892362812319 ], [ -58.387019359532637, -34.588866166209023 ], [ -58.387293570547328, -34.588291544881763 ], [ -58.387019359532637, -34.58780532373175 ], [ -58.386842177030829, -34.587659456831965 ], [ -58.387019359532637, -34.587513589676085 ] ], [ [ -58.390090522897154, -34.590728245118669 ], [ -58.390183027817763, -34.590819848996979 ], [ -58.390090522897154, -34.590910144149603 ], [ -58.389945656700711, -34.590819848996979 ], [ -58.390090522897154, -34.590728245118669 ] ], [ [ -58.39392947710278, -34.590725510672989 ], [ -58.394059611143661, -34.590819848996979 ], [ -58.39392947710278, -34.590901935503432 ], [ -58.393833503247642, -34.590819848996979 ], [ -58.39392947710278, -34.590725510672989 ] ], [ [ -58.387383049931074, -34.593980120949112 ], [ -58.387787150373761, -34.593762175018803 ], [ -58.387954061426186, -34.593980120949112 ], [ -58.387787150373761, -34.594214210385509 ], [ -58.387383049931074, -34.593980120949112 ] ], [ [ -58.390858313738278, -34.593270997216116 ], [ -58.39096958777322, -34.593348076175957 ], [ -58.390858313738278, -34.593462993765108 ], [ -58.390745403320466, -34.593348076175957 ], [ -58.390858313738278, -34.593270997216116 ] ], [ [ -58.392246243335698, -34.595244196069224 ], [ -58.392393895420533, -34.595140584078187 ], [ -58.392519762771535, -34.595244196069224 ], [ -58.392393895420533, -34.595415015556114 ], [ -58.392246243335698, -34.595244196069224 ] ], [ [ -58.393803609751778, -34.595244196069224 ], [ -58.39392947710278, -34.595137071805034 ], [ -58.394112284445903, -34.595244196069224 ], [ -58.39392947710278, -34.595384647672994 ], [ -58.393803609751778, -34.595244196069224 ] ], [ [ -58.392576702763648, -34.59650825195417 ], [ -58.392393895420533, -34.596959695822846 ], [ -58.392153960782679, -34.59650825195417 ], [ -58.392393895420533, -34.596337434715394 ], [ -58.392576702763648, -34.59650825195417 ] ], [ [ -58.395282251441905, -34.595244196069224 ], [ -58.395465058785035, -34.595082136231326 ], [ -58.395848954205604, -34.595244196069224 ], [ -58.395465058785035, -34.595487285233268 ], [ -58.395282251441905, -34.595244196069224 ] ], [ [ -58.396040901915882, -34.593980120949112 ], [ -58.396232849626159, -34.593829634534536 ], [ -58.396616745046728, -34.593980120949112 ], [ -58.396232849626159, -34.594223213812192 ], [ -58.396040901915882, -34.593980120949112 ] ], [ [ -58.396472784264013, -34.592716026594132 ], [ -58.396232849626159, -34.592866515025968 ], [ -58.396100471894933, -34.592716026594132 ], [ -58.396232849626159, -34.592553961824215 ], [ -58.396472784264013, -34.592716026594132 ] ], [ [ -58.393746669759665, -34.59650825195417 ], [ -58.39392947710278, -34.596367802250185 ], [ -58.394263299207623, -34.59650825195417 ], [ -58.39392947710278, -34.596795534699929 ], [ -58.393746669759665, -34.59650825195417 ] ], [ [ -58.391626104579395, -34.594733706509253 ], [ -58.390858313738278, -34.594762645910592 ], [ -58.390701621729882, -34.594612160913549 ], [ -58.390858313738278, -34.594497244914038 ], [ -58.391626104579395, -34.594513404986074 ], [ -58.391751971930397, -34.594612160913549 ], [ -58.391626104579395, -34.594733706509253 ] ], [ [ -58.387787150373761, -34.590585749996102 ], [ -58.387957770560689, -34.590819848996979 ], [ -58.387787150373761, -34.591030537533776 ], [ -58.387453328268926, -34.590819848996979 ], [ -58.387787150373761, -34.590585749996102 ] ], [ [ -58.39392947710278, -34.59343465793598 ], [ -58.393843208468944, -34.593348076175957 ], [ -58.393851131098586, -34.592716026594132 ], [ -58.39392947710278, -34.592633941880038 ], [ -58.394049444421718, -34.592716026594132 ], [ -58.394053314335217, -34.593348076175957 ], [ -58.39392947710278, -34.59343465793598 ] ], [ [ -58.389322732056016, -34.595497008785038 ], [ -58.389048521041325, -34.595244196069224 ], [ -58.389322732056016, -34.595093711944514 ], [ -58.389519601502457, -34.595244196069224 ], [ -58.389322732056016, -34.595497008785038 ] ] ] ] } },
{ "type": "Feature", "properties": { "id": 1, "isomin": 0.0, "isomax": 10.0, "id_punto": "3_26", "sector": 3.0 }, "geometry": { "type": "MultiPolygon", "coordinates": [ [ [ [ -58.385907150373782, -34.589778995598728 ], [ -58.386674941214913, -34.589643550988988 ], [ -58.387442732056037, -34.589660184549437 ], [ -58.388210522897161, -34.589902126870498 ], [ -58.388280322064531, -34.589959588068226 ], [ -58.388978313738299, -34.59017027878653 ], [ -58.389618139439229, -34.589959588068226 ], [ -58.389746104579416, -34.589854242508714 ], [ -58.39051389542054, -34.589959588068226 ], [ -58.39051389542054, -34.589959588068226 ], [ -58.391281686261678, -34.589959588068226 ], [ -58.391281686261678, -34.589959588068226 ], [ -58.392049477102802, -34.589778995598728 ], [ -58.39226884591455, -34.589959588068226 ], [ -58.392817267943933, -34.590151125106935 ], [ -58.393329128504675, -34.589959588068226 ], [ -58.393585058785057, -34.589748896815642 ], [ -58.394352849626181, -34.589748896815642 ], [ -58.394608779906555, -34.589959588068226 ], [ -58.394352849626181, -34.590591658620312 ], [ -58.394352849626181, -34.590591658620312 ], [ -58.394352849626181, -34.590591658620312 ], [ -58.394716540024611, -34.591223724363935 ], [ -58.394800727616833, -34.591855785298996 ], [ -58.395120640467312, -34.592277156584288 ], [ -58.395376570747693, -34.592487841425481 ], [ -58.395888431308435, -34.592705790698965 ], [ -58.396656222149559, -34.592803867685497 ], [ -58.397040117570128, -34.593119892743331 ], [ -58.396656222149559, -34.59343591659902 ], [ -58.396371855171367, -34.593751939252535 ], [ -58.396656222149559, -34.594039231530694 ], [ -58.397424012990697, -34.594326522815344 ], [ -58.397493812158061, -34.594383980953026 ], [ -58.397424012990697, -34.594441439050982 ], [ -58.396656222149559, -34.594728728944666 ], [ -58.396336309299095, -34.595016017844792 ], [ -58.396272326729004, -34.595648049927767 ], [ -58.395888431308435, -34.596280077201918 ], [ -58.395888431308435, -34.596280077201918 ], [ -58.395484330865735, -34.5969120996672 ], [ -58.395120640467312, -34.597211477051246 ], [ -58.394756950068881, -34.5969120996672 ], [ -58.394352849626181, -34.59668637791021 ], [ -58.394145338588032, -34.5969120996672 ], [ -58.394352849626181, -34.597283875341574 ], [ -58.394668998796057, -34.597544117323579 ], [ -58.394352849626181, -34.597804358490222 ], [ -58.393585058785057, -34.597933048875738 ], [ -58.393236062948183, -34.598176130171019 ], [ -58.393105189509349, -34.598808138209485 ], [ -58.392817267943933, -34.599045139984071 ], [ -58.392049477102802, -34.599152867839884 ], [ -58.391281686261678, -34.599222209834053 ], [ -58.391007475246987, -34.599440141438897 ], [ -58.39051389542054, -34.599846426689766 ], [ -58.390193982570075, -34.600072139859286 ], [ -58.389815903746786, -34.600704133470551 ], [ -58.389746104579416, -34.600761587196722 ], [ -58.389676305412046, -34.600704133470551 ], [ -58.389298226588764, -34.600072139859286 ], [ -58.388978313738299, -34.599854209912735 ], [ -58.388210522897161, -34.600072139859286 ], [ -58.387442732056037, -34.599545474842941 ], [ -58.38731476691585, -34.599440141438897 ], [ -58.387442732056037, -34.599334807901293 ], [ -58.387707487518497, -34.598808138209485 ], [ -58.387442732056037, -34.59856505876381 ], [ -58.386894310026669, -34.598808138209485 ], [ -58.386674941214913, -34.598988711051447 ], [ -58.386455572403165, -34.598808138209485 ], [ -58.386358792045044, -34.598176130171019 ], [ -58.385907150373782, -34.597754788807059 ], [ -58.385651220093401, -34.597544117323579 ], [ -58.385139359532658, -34.597172342813998 ], [ -58.384823210362782, -34.5969120996672 ], [ -58.385139359532658, -34.596651855705055 ], [ -58.385365180368289, -34.596280077201918 ], [ -58.385139359532658, -34.596099498471418 ], [ -58.384627498971916, -34.596280077201918 ], [ -58.384371568691535, -34.596490751891317 ], [ -58.38411563841116, -34.596280077201918 ], [ -58.383603777850404, -34.595885060719105 ], [ -58.383315856284987, -34.595648049927767 ], [ -58.383603777850404, -34.595411038460192 ], [ -58.383851452315284, -34.595016017844792 ], [ -58.383603777850404, -34.594798074632223 ], [ -58.38283598700928, -34.594683367448567 ], [ -58.382068196168142, -34.594383980953026 ], [ -58.382766187841909, -34.593751939252535 ], [ -58.38283598700928, -34.593694480677676 ], [ -58.38290578617665, -34.593751939252535 ], [ -58.383603777850404, -34.593969885209695 ], [ -58.383859708130778, -34.593751939252535 ], [ -58.383603777850404, -34.593119892743331 ], [ -58.384083647126104, -34.592487841425481 ], [ -58.384371568691535, -34.592250820941544 ], [ -58.385139359532658, -34.592430381976321 ], [ -58.385209158700029, -34.592487841425481 ], [ -58.385907150373782, -34.592649906324375 ], [ -58.386094416432591, -34.592487841425481 ], [ -58.385907150373782, -34.592001644831903 ], [ -58.385729967871988, -34.591855785298996 ], [ -58.385651220093401, -34.591223724363935 ], [ -58.385907150373782, -34.591013036317023 ], [ -58.386191517351982, -34.590591658620312 ], [ -58.385907150373782, -34.590140180145198 ], [ -58.385687781562027, -34.589959588068226 ], [ -58.385907150373782, -34.589778995598728 ] ], [ [ -58.392817267943933, -34.591705295036327 ], [ -58.393057202581772, -34.591855785298996 ], [ -58.392817267943933, -34.591996242631552 ], [ -58.39267240174749, -34.591855785298996 ], [ -58.392817267943933, -34.591705295036327 ] ], [ [ -58.393585058785057, -34.592957828761278 ], [ -58.394352849626181, -34.592748098432835 ], [ -58.394659965962632, -34.593119892743331 ], [ -58.394352849626181, -34.593251569495962 ], [ -58.393585058785057, -34.593227019608754 ], [ -58.393447953277708, -34.593119892743331 ], [ -58.393585058785057, -34.592957828761278 ] ], [ [ -58.388210522897161, -34.592372922487421 ], [ -58.388323433314973, -34.592487841425481 ], [ -58.388210522897161, -34.592580790450263 ], [ -58.388068339408072, -34.592487841425481 ], [ -58.388210522897161, -34.592372922487421 ] ], [ [ -58.386674941214913, -34.593620263293005 ], [ -58.38679877844735, -34.593751939252535 ], [ -58.386674941214913, -34.59384488686301 ], [ -58.386504321027992, -34.593751939252535 ], [ -58.386674941214913, -34.593620263293005 ] ], [ [ -58.388210522897161, -34.593658991538071 ], [ -58.388301926568737, -34.593751939252535 ], [ -58.388210522897161, -34.593824587968449 ], [ -58.388086685664724, -34.593751939252535 ], [ -58.388210522897161, -34.593658991538071 ] ], [ [ -58.385139359532658, -34.593880927745218 ], [ -58.384883429252284, -34.593751939252535 ], [ -58.385139359532658, -34.593533992723593 ], [ -58.385309979719572, -34.593751939252535 ], [ -58.385139359532658, -34.593880927745218 ] ], [ [ -58.391281686261678, -34.596199048332949 ], [ -58.391405523494115, -34.596280077201918 ], [ -58.391281686261678, -34.596397118761999 ], [ -58.39051389542054, -34.596380398549222 ], [ -58.390424617415768, -34.596280077201918 ], [ -58.39051389542054, -34.596208256162946 ], [ -58.391281686261678, -34.596199048332949 ] ], [ [ -58.390433917207929, -34.593751939252535 ], [ -58.39051389542054, -34.593675789325466 ], [ -58.391281686261678, -34.593653182302454 ], [ -58.391386863089224, -34.593751939252535 ], [ -58.391281686261678, -34.593822955413749 ], [ -58.39051389542054, -34.593815782066876 ], [ -58.390433917207929, -34.593751939252535 ] ], [ [ -58.39051389542054, -34.59831976878386 ], [ -58.39038151768932, -34.598176130171019 ], [ -58.390399299772618, -34.597544117323579 ], [ -58.39051389542054, -34.59744379738175 ], [ -58.390753830058394, -34.597544117323579 ], [ -58.390753830058394, -34.598176130171019 ], [ -58.39051389542054, -34.59831976878386 ] ], [ [ -58.393585058785057, -34.594489320768943 ], [ -58.393452681053823, -34.594383980953026 ], [ -58.393585058785057, -34.594276855579537 ], [ -58.393763614794615, -34.594383980953026 ], [ -58.393585058785057, -34.594489320768943 ] ], [ [ -58.386674941214913, -34.596460655539836 ], [ -58.386449120379289, -34.596280077201918 ], [ -58.386674941214913, -34.59616516350976 ], [ -58.386822593299755, -34.596280077201918 ], [ -58.386674941214913, -34.596460655539836 ] ], [ [ -58.387210068164791, -34.597544117323579 ], [ -58.387442732056037, -34.597400477369412 ], [ -58.38760268848128, -34.597544117323579 ], [ -58.387442732056037, -34.597787199757093 ], [ -58.387210068164791, -34.597544117323579 ] ], [ [ -58.388978313738299, -34.596382016634486 ], [ -58.38886371809037, -34.596280077201918 ], [ -58.388978313738299, -34.596203929592356 ], [ -58.389067591743071, -34.596280077201918 ], [ -58.388978313738299, -34.596382016634486 ] ], [ [ -58.388978313738299, -34.598664500441188 ], [ -58.389138270163521, -34.598808138209485 ], [ -58.388978313738299, -34.599026070900798 ], [ -58.388713558275839, -34.598808138209485 ], [ -58.388978313738299, -34.598664500441188 ] ], [ [ -58.388818357313056, -34.597544117323579 ], [ -58.388978313738299, -34.597442179317177 ], [ -58.389092909386221, -34.597544117323579 ], [ -58.388978313738299, -34.597687757029362 ], [ -58.388818357313056, -34.597544117323579 ] ], [ [ -58.392693430711496, -34.596280077201918 ], [ -58.392817267943933, -34.596174739656846 ], [ -58.39298417899635, -34.596280077201918 ], [ -58.392817267943933, -34.596455639480197 ], [ -58.392693430711496, -34.596280077201918 ] ], [ [ -58.395120640467312, -34.595233960485572 ], [ -58.394942084457739, -34.595016017844792 ], [ -58.395120640467312, -34.594861862948754 ], [ -58.395440553317783, -34.595016017844792 ], [ -58.395120640467312, -34.595233960485572 ] ], [ [ -58.386784625620777, -34.595016017844792 ], [ -58.386674941214913, -34.595130933126647 ], [ -58.386521383046684, -34.595016017844792 ], [ -58.386674941214913, -34.594923071544656 ], [ -58.386784625620777, -34.595016017844792 ] ] ] ] } },
{ "type": "Feature", "properties": { "id": 1, "isomin": 0.0, "isomax": 10.0, "id_punto": "3_27", "sector": 3.0 }, "geometry": { "type": "MultiPolygon", "coordinates": [ [ [ [ -58.383468313738305, -34.589875271427267 ], [ -58.384236104579422, -34.589804450825916 ], [ -58.38500389542056, -34.589875271427267 ], [ -58.385320044590422, -34.590135536618718 ], [ -58.385771686261684, -34.590422841402791 ], [ -58.386539477102808, -34.59045157182657 ], [ -58.387307267943925, -34.590662261297282 ], [ -58.387435233084119, -34.590767605832298 ], [ -58.387307267943925, -34.590872950233738 ], [ -58.38701196377427, -34.591399670237365 ], [ -58.387307267943925, -34.591663028986936 ], [ -58.387755145934584, -34.59203172983387 ], [ -58.388075058785049, -34.592347757828911 ], [ -58.388458954205618, -34.592663784621777 ], [ -58.388075058785049, -34.592979810212526 ], [ -58.387827384320175, -34.593295834601072 ], [ -58.387883111074771, -34.593927879771698 ], [ -58.388075058785049, -34.594082036400934 ], [ -58.3883821751215, -34.593927879771698 ], [ -58.388665667124378, -34.593295834601072 ], [ -58.388842849626187, -34.593149977340353 ], [ -58.389020032127981, -34.593295834601072 ], [ -58.389610640467311, -34.593717198582461 ], [ -58.389866570747685, -34.593927879771698 ], [ -58.390378431308442, -34.594349240547267 ], [ -58.390634361588823, -34.594559920133605 ], [ -58.39071967168227, -34.595191955686737 ], [ -58.391146222149565, -34.595524604046361 ], [ -58.391509912547988, -34.595823986431107 ], [ -58.391146222149565, -34.596123367736851 ], [ -58.390378431308442, -34.596230289370261 ], [ -58.390094064330242, -34.596456012366623 ], [ -58.390378431308442, -34.596756975407629 ], [ -58.391146222149565, -34.597030577225944 ], [ -58.391216021316936, -34.597088033493272 ], [ -58.391146222149565, -34.597145489720866 ], [ -58.390378431308442, -34.597419090259471 ], [ -58.389994535887872, -34.597720049811002 ], [ -58.389680439634681, -34.598352061319858 ], [ -58.389610640467311, -34.598409516673101 ], [ -58.388842849626187, -34.598683113048075 ], [ -58.388458954205618, -34.598984068019632 ], [ -58.388075058785049, -34.59961606991039 ], [ -58.388075058785049, -34.59961606991039 ], [ -58.387307267943925, -34.599973286243106 ], [ -58.386758845914557, -34.600248066992044 ], [ -58.387307267943925, -34.600774727553144 ], [ -58.387435233084119, -34.600880059264604 ], [ -58.387307267943925, -34.600985390842474 ], [ -58.386539477102808, -34.601060627602017 ], [ -58.386320108291052, -34.600880059264604 ], [ -58.385771686261684, -34.600676191315031 ], [ -58.385524011796797, -34.600880059264604 ], [ -58.385771686261684, -34.601331479372035 ], [ -58.385991055073433, -34.601512046728004 ], [ -58.385771686261684, -34.60169261369137 ], [ -58.38513186056074, -34.60214402938221 ], [ -58.38500389542056, -34.602249359357003 ], [ -58.384236104579422, -34.602443387908259 ], [ -58.383872414181006, -34.60214402938221 ], [ -58.383468313738305, -34.601880703860736 ], [ -58.382700522897181, -34.601722708147093 ], [ -58.3824445926168, -34.601512046728004 ], [ -58.381932732056043, -34.601140289979021 ], [ -58.381164941214919, -34.600880059264604 ], [ -58.381164941214919, -34.600880059264604 ], [ -58.380397150373788, -34.600248066992044 ], [ -58.38067136138848, -34.59961606991039 ], [ -58.380397150373788, -34.599372992829224 ], [ -58.379629359532665, -34.599194735850894 ], [ -58.37937342925229, -34.598984068019632 ], [ -58.379145935669733, -34.598352061319858 ], [ -58.378861568691541, -34.598088723775604 ], [ -58.37809377785041, -34.597900625018539 ], [ -58.377874409038654, -34.597720049811002 ], [ -58.377837847570028, -34.597088033493272 ], [ -58.377325987009286, -34.596561349555017 ], [ -58.377198021869098, -34.596456012366623 ], [ -58.377325987009286, -34.596350675044647 ], [ -58.377752537476582, -34.595823986431107 ], [ -58.377691601695538, -34.595191955686737 ], [ -58.377874409038654, -34.594559920133605 ], [ -58.37809377785041, -34.594379337663739 ], [ -58.378497878293111, -34.593927879771698 ], [ -58.378861568691541, -34.593628490553442 ], [ -58.379629359532665, -34.593521565571159 ], [ -58.379994974218917, -34.593295834601072 ], [ -58.380033459975365, -34.592663784621777 ], [ -58.380397150373788, -34.592364390847976 ], [ -58.381164941214919, -34.592249680303929 ], [ -58.3815139370518, -34.59203172983387 ], [ -58.381932732056043, -34.591686970650059 ], [ -58.382384373727305, -34.591399670237365 ], [ -58.3824445926168, -34.590767605832298 ], [ -58.382700522897181, -34.590556916628707 ], [ -58.382956453177556, -34.590767605832298 ], [ -58.383468313738305, -34.590978294501589 ], [ -58.383733069200765, -34.590767605832298 ], [ -58.383468313738305, -34.590395800994884 ], [ -58.383152164568429, -34.590135536618718 ], [ -58.383468313738305, -34.589875271427267 ] ], [ [ -58.38500389542056, -34.591004630547701 ], [ -58.38526865088302, -34.591399670237365 ], [ -58.38500389542056, -34.591534151405291 ], [ -58.384807025974112, -34.591399670237365 ], [ -58.38500389542056, -34.591004630547701 ] ], [ [ -58.383468313738305, -34.591821043835992 ], [ -58.383628270163541, -34.59203172983387 ], [ -58.383468313738305, -34.592163408311229 ], [ -58.383183946760099, -34.59203172983387 ], [ -58.383468313738305, -34.591821043835992 ] ], [ [ -58.381164941214919, -34.593077886875548 ], [ -58.381352207273729, -34.593295834601072 ], [ -58.381164941214919, -34.593430312699681 ], [ -58.380799326528667, -34.593295834601072 ], [ -58.381164941214919, -34.593077886875548 ] ], [ [ -58.38500389542056, -34.593178788671416 ], [ -58.385157453588782, -34.593295834601072 ], [ -58.385134029461426, -34.593927879771698 ], [ -58.38500389542056, -34.594009963207284 ], [ -58.384904182324298, -34.593927879771698 ], [ -58.384890985002748, -34.593295834601072 ], [ -58.38500389542056, -34.593178788671416 ] ], [ [ -58.386539477102808, -34.593787425704903 ], [ -58.386731424813085, -34.593927879771698 ], [ -58.386539477102808, -34.594035005595217 ], [ -58.386409343061935, -34.593927879771698 ], [ -58.386539477102808, -34.593787425704903 ] ], [ [ -58.383468313738305, -34.593164157918615 ], [ -58.38358122415611, -34.593295834601072 ], [ -58.383568026834553, -34.593927879771698 ], [ -58.383468313738305, -34.59401446092744 ], [ -58.383335936007065, -34.593927879771698 ], [ -58.383311621729916, -34.593295834601072 ], [ -58.383468313738305, -34.593164157918615 ] ], [ [ -58.380397150373788, -34.594393594188787 ], [ -58.380531850521358, -34.594559920133605 ], [ -58.380397150373788, -34.594686327628928 ], [ -58.380171329538172, -34.594559920133605 ], [ -58.380397150373788, -34.594393594188787 ] ], [ [ -58.386539477102808, -34.595084831355173 ], [ -58.386669611143674, -34.595191955686737 ], [ -58.386539477102808, -34.595275117901537 ], [ -58.386441042379587, -34.595191955686737 ], [ -58.386539477102808, -34.595084831355173 ] ], [ [ -58.388075058785049, -34.595037801117201 ], [ -58.388249556703492, -34.595191955686737 ], [ -58.388075058785049, -34.595302838621286 ], [ -58.387944924744183, -34.595191955686737 ], [ -58.388075058785049, -34.595037801117201 ] ], [ [ -58.380397150373788, -34.598595141388891 ], [ -58.380112783395596, -34.598352061319858 ], [ -58.380397150373788, -34.598205082328342 ], [ -58.380560510127225, -34.598352061319858 ], [ -58.380397150373788, -34.598595141388891 ] ], [ [ -58.387307267943925, -34.598826066795539 ], [ -58.387691163364494, -34.598984068019632 ], [ -58.387307267943925, -34.599258852041288 ], [ -58.387081447108301, -34.598984068019632 ], [ -58.387307267943925, -34.598826066795539 ] ], [ [ -58.388842849626187, -34.596324340693286 ], [ -58.389127216604379, -34.596456012366623 ], [ -58.388842849626187, -34.596614018099118 ], [ -58.388668351707743, -34.596456012366623 ], [ -58.388842849626187, -34.596324340693286 ] ], [ [ -58.388842849626187, -34.597562046182404 ], [ -58.389226745046741, -34.597720049811002 ], [ -58.388842849626187, -34.598021008272113 ], [ -58.388640799404833, -34.597720049811002 ], [ -58.388842849626187, -34.597562046182404 ] ], [ [ -58.383468313738305, -34.599503212782601 ], [ -58.383603013885875, -34.59961606991039 ], [ -58.383468313738305, -34.599778120902599 ], [ -58.383297693551391, -34.59961606991039 ], [ -58.383468313738305, -34.599503212782601 ] ], [ [ -58.383364558219228, -34.596456012366623 ], [ -58.383468313738305, -34.596385787500168 ], [ -58.383541436675557, -34.596456012366623 ], [ -58.383468313738305, -34.59652865871773 ], [ -58.383364558219228, -34.596456012366623 ] ], [ [ -58.383468313738305, -34.598464920011793 ], [ -58.383348346419375, -34.598352061319858 ], [ -58.383468313738305, -34.598272060128863 ], [ -58.383569338848979, -34.598352061319858 ], [ -58.383468313738305, -34.598464920011793 ] ], [ [ -58.386539477102808, -34.597846452497507 ], [ -58.386426566684996, -34.597720049811002 ], [ -58.386539477102808, -34.597628453541191 ], [ -58.386687129187642, -34.597720049811002 ], [ -58.386539477102808, -34.597846452497507 ] ], [ [ -58.380527284414669, -34.595823986431107 ], [ -58.380397150373788, -34.595950392002905 ], [ -58.380171329538172, -34.595823986431107 ], [ -58.380397150373788, -34.595697580666943 ], [ -58.380527284414669, -34.595823986431107 ] ], [ [ -58.386669611143674, -34.596456012366623 ], [ -58.386539477102808, -34.596547609929317 ], [ -58.386438451992127, -34.596456012366623 ], [ -58.386539477102808, -34.596372851334053 ], [ -58.386669611143674, -34.596456012366623 ] ], [ [ -58.38500389542056, -34.597648230017079 ], [ -58.385116805838372, -34.597720049811002 ], [ -58.38500389542056, -34.597810337463848 ], [ -58.384914617415774, -34.597720049811002 ], [ -58.38500389542056, -34.597648230017079 ] ], [ [ -58.378861568691541, -34.596884156235902 ], [ -58.379080937503296, -34.597088033493272 ], [ -58.378861568691541, -34.597351374210092 ], [ -58.378349708130784, -34.597088033493272 ], [ -58.378861568691541, -34.596884156235902 ] ], [ [ -58.385104920531234, -34.596456012366623 ], [ -58.38500389542056, -34.596527833191381 ], [ -58.384930772483294, -34.596456012366623 ], [ -58.38500389542056, -34.596389483547242 ], [ -58.385104920531234, -34.596456012366623 ] ], [ [ -58.379087389527157, -34.595823986431107 ], [ -58.378861568691541, -34.596027866290555 ], [ -58.378435018224252, -34.595823986431107 ], [ -58.378861568691541, -34.595620106071237 ], [ -58.379087389527157, -34.595823986431107 ] ] ], [ [ [ -58.388075058785049, -34.591342210035585 ], [ -58.388144857952433, -34.591399670237365 ], [ -58.388075058785049, -34.591457130399377 ], [ -58.388005259617678, -34.591399670237365 ], [ -58.388075058785049, -34.591342210035585 ] ] ] ] } },
{ "type": "Feature", "properties": { "id": 1, "isomin": 0.0, "isomax": 10.0, "id_punto": "4_28", "sector": 4.0 }, "geometry": { "type": "MultiPolygon", "coordinates": [ [ [ [ -58.378663895420544, -34.59535392997109 ], [ -58.379047790841106, -34.595985959483059 ], [ -58.379431686261675, -34.596472132758443 ], [ -58.379608868763469, -34.596617984186203 ], [ -58.379431686261675, -34.596763835357841 ], [ -58.379229636040314, -34.597250004080422 ], [ -58.379431686261675, -34.597453880439836 ], [ -58.379835786704362, -34.597250004080422 ], [ -58.380199477102799, -34.59695062683523 ], [ -58.380563167501236, -34.597250004080422 ], [ -58.380967267943923, -34.597776683652157 ], [ -58.38109523308411, -34.597882019165752 ], [ -58.381735058785054, -34.598456574161148 ], [ -58.381804857952424, -34.5985140294421 ], [ -58.382502849626178, -34.599000187920758 ], [ -58.382680032127986, -34.599146034909452 ], [ -58.382921644630436, -34.599778035567759 ], [ -58.383270640467302, -34.600110665561566 ], [ -58.383634330865739, -34.600410031416985 ], [ -58.38403843130844, -34.600742658879653 ], [ -58.384806222149557, -34.600984568924879 ], [ -58.384876021316927, -34.601042022457065 ], [ -58.384806222149557, -34.601099475949503 ], [ -58.384354580478309, -34.601674008687993 ], [ -58.384806222149557, -34.602068997640131 ], [ -58.385094143714973, -34.602305990109691 ], [ -58.385190117570126, -34.602937966722159 ], [ -58.384806222149557, -34.603253953224936 ], [ -58.384166396448613, -34.603569938525354 ], [ -58.38403843130844, -34.60420190551919 ], [ -58.38403843130844, -34.60420190551919 ], [ -58.383270640467302, -34.604532933929924 ], [ -58.382502849626178, -34.604517887212609 ], [ -58.382228638611487, -34.604833867703675 ], [ -58.381735058785054, -34.605465825078753 ], [ -58.381735058785054, -34.605465825078753 ], [ -58.381144450445724, -34.606097777644393 ], [ -58.380967267943923, -34.606243612168832 ], [ -58.380199477102799, -34.606442477016678 ], [ -58.379850481265926, -34.606729725400506 ], [ -58.379608868763469, -34.60736166834711 ], [ -58.379431686261675, -34.607507500651799 ], [ -58.378663895420544, -34.607730299511552 ], [ -58.37828, -34.607993606484158 ], [ -58.37789610457942, -34.608625539811598 ], [ -58.377512209158851, -34.607993606484158 ], [ -58.377393069200757, -34.60736166834711 ], [ -58.377128313738282, -34.607108891745625 ], [ -58.376360522897166, -34.60736166834711 ], [ -58.375592732056042, -34.606875558815084 ], [ -58.375415549554234, -34.606729725400506 ], [ -58.375592732056042, -34.606583891729834 ], [ -58.375848662336416, -34.606097777644393 ], [ -58.375592732056042, -34.605810527074404 ], [ -58.374894740382274, -34.606097777644393 ], [ -58.374824941214904, -34.606155227639142 ], [ -58.374755142047533, -34.606097777644393 ], [ -58.374696976074731, -34.605465825078753 ], [ -58.37405715037378, -34.604939194266855 ], [ -58.373929185233592, -34.604833867703675 ], [ -58.373289359532663, -34.604259356825622 ], [ -58.373219560365293, -34.60420190551919 ], [ -58.373289359532663, -34.604144454173039 ], [ -58.373537033997536, -34.603569938525354 ], [ -58.373289359532663, -34.603352017757175 ], [ -58.372649533831712, -34.603569938525354 ], [ -58.372521568691525, -34.603675266691631 ], [ -58.372393603551345, -34.603569938525354 ], [ -58.371753777850401, -34.602937966722159 ], [ -58.372001452315288, -34.602305990109691 ], [ -58.371753777850401, -34.602062920901261 ], [ -58.371163169511071, -34.602305990109691 ], [ -58.370985987009277, -34.602451831293287 ], [ -58.370808804507476, -34.602305990109691 ], [ -58.370730056728902, -34.601674008687993 ], [ -58.370985987009277, -34.601463347145376 ], [ -58.371753777850401, -34.601285094653491 ], [ -58.372119392536653, -34.601042022457065 ], [ -58.372393603551345, -34.600410031416985 ], [ -58.372521568691525, -34.600304699109394 ], [ -58.372649533831712, -34.600410031416985 ], [ -58.373289359532663, -34.600576345314828 ], [ -58.37349140975401, -34.600410031416985 ], [ -58.373289359532663, -34.600094034093509 ], [ -58.372905464112094, -34.599778035567759 ], [ -58.373289359532663, -34.599462035839757 ], [ -58.373638355369522, -34.599146034909452 ], [ -58.37405715037378, -34.5985140294421 ], [ -58.37405715037378, -34.5985140294421 ], [ -58.374824941214904, -34.598198024905052 ], [ -58.375304810490611, -34.597882019165752 ], [ -58.375592732056042, -34.597645014072313 ], [ -58.375880653621458, -34.597882019165752 ], [ -58.376360522897166, -34.598040022185685 ], [ -58.376600457535012, -34.597882019165752 ], [ -58.376360522897166, -34.597581060201065 ], [ -58.37595834674228, -34.597250004080422 ], [ -58.376360522897166, -34.596918946640336 ], [ -58.376951131236495, -34.596617984186203 ], [ -58.377128313738282, -34.596472132758443 ], [ -58.37789610457942, -34.596318604663097 ], [ -58.37828, -34.595985959483059 ], [ -58.378663895420544, -34.59535392997109 ] ], [ [ -58.37789610457942, -34.596917362630286 ], [ -58.378098154800767, -34.597250004080422 ], [ -58.37789610457942, -34.597408008302615 ], [ -58.377562282474578, -34.597250004080422 ], [ -58.37789610457942, -34.596917362630286 ] ], [ [ -58.37789610457942, -34.598356027323867 ], [ -58.37802848231064, -34.5985140294421 ], [ -58.37789610457942, -34.598624907942117 ], [ -58.377713297236291, -34.5985140294421 ], [ -58.37789610457942, -34.598356027323867 ] ], [ [ -58.380199477102799, -34.598213072767422 ], [ -58.380626027570095, -34.5985140294421 ], [ -58.380199477102799, -34.598672031259788 ], [ -58.380002607656358, -34.5985140294421 ], [ -58.380199477102799, -34.598213072767422 ] ], [ [ -58.380199477102799, -34.599620035854045 ], [ -58.380401527324153, -34.599778035567759 ], [ -58.380199477102799, -34.599888912380379 ], [ -58.380067099371566, -34.599778035567759 ], [ -58.380199477102799, -34.599620035854045 ] ], [ [ -58.374824941214904, -34.600247981657688 ], [ -58.374967124704007, -34.600410031416985 ], [ -58.374824941214904, -34.600520907385899 ], [ -58.374622890993557, -34.600410031416985 ], [ -58.374824941214904, -34.600247981657688 ] ], [ [ -58.376360522897166, -34.600301066958494 ], [ -58.376470207303036, -34.600410031416985 ], [ -58.376360522897166, -34.600493188407533 ], [ -58.376218339408062, -34.600410031416985 ], [ -58.376360522897166, -34.600301066958494 ] ], [ [ -58.374824941214904, -34.601772756102143 ], [ -58.374658030162486, -34.601674008687993 ], [ -58.374824941214904, -34.60156313425847 ], [ -58.37495080856592, -34.601674008687993 ], [ -58.374824941214904, -34.601772756102143 ] ], [ [ -58.375400784345764, -34.60420190551919 ], [ -58.375592732056042, -34.604082666831857 ], [ -58.375725109787261, -34.60420190551919 ], [ -58.375592732056042, -34.604363947563456 ], [ -58.375400784345764, -34.60420190551919 ] ], [ [ -58.377029879015062, -34.601674008687993 ], [ -58.377128313738282, -34.601599657616319 ], [ -58.377201436675549, -34.601674008687993 ], [ -58.377128313738282, -34.601742702553743 ], [ -58.377029879015062, -34.601674008687993 ] ], [ [ -58.376995936007063, -34.60420190551919 ], [ -58.377128313738282, -34.604118752242158 ], [ -58.377228026834544, -34.60420190551919 ], [ -58.377128313738282, -34.604310864859642 ], [ -58.376995936007063, -34.60420190551919 ] ], [ [ -58.377260691469523, -34.605465825078753 ], [ -58.377128313738282, -34.605612791220878 ], [ -58.376931444291849, -34.605465825078753 ], [ -58.377128313738282, -34.605356867253768 ], [ -58.377260691469523, -34.605465825078753 ] ], [ [ -58.380199477102799, -34.601754006602171 ], [ -58.380092839485975, -34.601674008687993 ], [ -58.380199477102799, -34.601587435515974 ], [ -58.380336582610141, -34.601674008687993 ], [ -58.380199477102799, -34.601754006602171 ] ], [ [ -58.380199477102799, -34.603041568986704 ], [ -58.380102288388734, -34.602937966722159 ], [ -58.380199477102799, -34.602857969948481 ], [ -58.380327442242987, -34.602937966722159 ], [ -58.380199477102799, -34.603041568986704 ] ], [ [ -58.378663895420544, -34.603016963460576 ], [ -58.378583917207926, -34.602937966722159 ], [ -58.378663895420544, -34.602873479533066 ], [ -58.378761084134609, -34.602937966722159 ], [ -58.378663895420544, -34.603016963460576 ] ], [ [ -58.377128313738282, -34.60286927384508 ], [ -58.3772082919509, -34.602937966722159 ], [ -58.377128313738282, -34.60302112118157 ], [ -58.377028600642035, -34.602937966722159 ], [ -58.377128313738282, -34.60286927384508 ] ], [ [ -58.378663895420544, -34.604122909907993 ], [ -58.378791860560732, -34.60420190551919 ], [ -58.378663895420544, -34.604305506206892 ], [ -58.378564182324297, -34.60420190551919 ], [ -58.378663895420544, -34.604122909907993 ] ], [ [ -58.374824941214904, -34.60306962791109 ], [ -58.374632993504626, -34.602937966722159 ], [ -58.374824941214904, -34.60283922069349 ], [ -58.374957318946144, -34.602937966722159 ], [ -58.374824941214904, -34.60306962791109 ] ], [ [ -58.373033429252281, -34.601674008687993 ], [ -58.373289359532663, -34.601507696988222 ], [ -58.373456270585073, -34.601674008687993 ], [ -58.373289359532663, -34.601814449419535 ], [ -58.373033429252281, -34.601674008687993 ] ] ] ] } },
{ "type": "Feature", "properties": { "id": 1, "isomin": 0.0, "isomax": 10.0, "id_punto": "4_29", "sector": 4.0 }, "geometry": { "type": "MultiPolygon", "coordinates": [ [ [ [ -58.37147273205602, -34.591171780667921 ], [ -58.372240522897158, -34.591057379913231 ], [ -58.37255667206702, -34.591317641401702 ], [ -58.373008313738282, -34.591551738340364 ], [ -58.373520174299024, -34.591317641401702 ], [ -58.373776104579399, -34.591106953592949 ], [ -58.374543895420537, -34.591212297564091 ], [ -58.37467186056071, -34.591317641401702 ], [ -58.374799825700912, -34.591949701622255 ], [ -58.375311686261661, -34.592183796779956 ], [ -58.375660682098534, -34.591949701622255 ], [ -58.376079477102778, -34.591604942098051 ], [ -58.376498272107042, -34.591949701622255 ], [ -58.376847267943916, -34.592371072431199 ], [ -58.37761505878504, -34.592435898519824 ], [ -58.378382849626163, -34.592476414799499 ], [ -58.379150640467294, -34.592581757034239 ], [ -58.378801644630421, -34.593213807637611 ], [ -58.379150640467294, -34.59344789923334 ], [ -58.379918431308418, -34.593740512800437 ], [ -58.380046396448606, -34.593845853432285 ], [ -58.380137800120174, -34.594477894418262 ], [ -58.379988230475789, -34.595109930595498 ], [ -58.380337226312676, -34.595741961963945 ], [ -58.380446287511703, -34.596373988523538 ], [ -58.380390917979881, -34.597006010274292 ], [ -58.380686222149556, -34.597338651369448 ], [ -58.381049912547979, -34.597638027216121 ], [ -58.380686222149556, -34.597937401983785 ], [ -58.380337226312676, -34.598270039348996 ], [ -58.379918431308418, -34.598614771212731 ], [ -58.379514330865717, -34.598902046672904 ], [ -58.379150640467294, -34.599201416884675 ], [ -58.378766745046725, -34.59953404918776 ], [ -58.378510814766351, -34.600166046893541 ], [ -58.378382849626163, -34.600271379376984 ], [ -58.37761505878504, -34.600523260860847 ], [ -58.377210958342339, -34.600798039790227 ], [ -58.376917067111286, -34.601430027877754 ], [ -58.376847267943916, -34.601487481101806 ], [ -58.376777468776545, -34.601430027877754 ], [ -58.376079477102778, -34.601166700092413 ], [ -58.375795110124592, -34.601430027877754 ], [ -58.375652926635489, -34.602062011156107 ], [ -58.375311686261661, -34.602342891069426 ], [ -58.374543895420537, -34.602406727280879 ], [ -58.374178280734284, -34.602693989625209 ], [ -58.373845903746769, -34.60332596328503 ], [ -58.373776104579399, -34.603383415197449 ], [ -58.373706305412028, -34.60332596328503 ], [ -58.373373928424535, -34.602693989625209 ], [ -58.373008313738282, -34.602342891069426 ], [ -58.372240522897158, -34.602062011156107 ], [ -58.372240522897158, -34.602062011156107 ], [ -58.371806554160862, -34.601430027877754 ], [ -58.37147273205602, -34.601078923978413 ], [ -58.371131491682192, -34.600798039790227 ], [ -58.370704941214896, -34.600426279845188 ], [ -58.370388792045027, -34.600166046893541 ], [ -58.369937150373765, -34.599744715624034 ], [ -58.369681220093383, -34.59953404918776 ], [ -58.369937150373765, -34.599323382217158 ], [ -58.370162971209396, -34.598902046672904 ], [ -58.369937150373765, -34.59870454490077 ], [ -58.369510599906469, -34.598902046672904 ], [ -58.369169359532641, -34.599182937273213 ], [ -58.368828119158813, -34.598902046672904 ], [ -58.368750564528398, -34.598270039348996 ], [ -58.369169359532641, -34.597925306054499 ], [ -58.369759967871971, -34.597638027216121 ], [ -58.369937150373765, -34.59749217757944 ], [ -58.370100510127202, -34.597006010274292 ], [ -58.370169814265026, -34.596373988523538 ], [ -58.369937150373765, -34.595978972487323 ], [ -58.369649228808349, -34.595741961963945 ], [ -58.369937150373765, -34.595504950764301 ], [ -58.370177085011619, -34.595109930595498 ], [ -58.370124416432581, -34.594477894418262 ], [ -58.370704941214896, -34.594000010213726 ], [ -58.37094487585275, -34.593845853432285 ], [ -58.371088836635465, -34.593213807637611 ], [ -58.371295549554226, -34.592581757034239 ], [ -58.371184810490604, -34.591949701622255 ], [ -58.371295549554226, -34.591317641401702 ], [ -58.37147273205602, -34.591171780667921 ] ], [ [ -58.372240522897158, -34.593635172035015 ], [ -58.37240047932238, -34.593845853432285 ], [ -58.372240522897158, -34.593965106816555 ], [ -58.372000588259304, -34.593845853432285 ], [ -58.372240522897158, -34.593635172035015 ] ], [ [ -58.373776104579399, -34.594372554587871 ], [ -58.373877129690079, -34.594477894418262 ], [ -58.373776104579399, -34.59455892496613 ], [ -58.373656137260475, -34.594477894418262 ], [ -58.373776104579399, -34.594372554587871 ] ], [ [ -58.373776104579399, -34.595660932570055 ], [ -58.373857784456121, -34.595741961963945 ], [ -58.373776104579399, -34.595807119563531 ], [ -58.373682471550005, -34.595741961963945 ], [ -58.373776104579399, -34.595660932570055 ] ], [ [ -58.379150640467294, -34.59551623702724 ], [ -58.379499636304175, -34.595741961963945 ], [ -58.379150640467294, -34.595888945313916 ], [ -58.378972084457736, -34.595741961963945 ], [ -58.379150640467294, -34.59551623702724 ] ], [ [ -58.376214177250354, -34.598270039348996 ], [ -58.376079477102778, -34.598375374236937 ], [ -58.375975721583707, -34.598270039348996 ], [ -58.376079477102778, -34.598187960122942 ], [ -58.376214177250354, -34.598270039348996 ] ], [ [ -58.37748035863747, -34.598270039348996 ], [ -58.37761505878504, -34.598161072082988 ], [ -58.37781192823148, -34.598270039348996 ], [ -58.37761505878504, -34.598428041630818 ], [ -58.37748035863747, -34.598270039348996 ] ], [ [ -58.377797866128169, -34.597006010274292 ], [ -58.37761505878504, -34.597114979055618 ], [ -58.377487093644852, -34.597006010274292 ], [ -58.37761505878504, -34.596904071607497 ], [ -58.377797866128169, -34.597006010274292 ] ], [ [ -58.377413008563686, -34.59953404918776 ], [ -58.37761505878504, -34.599376049009891 ], [ -58.377998954205609, -34.59953404918776 ], [ -58.37761505878504, -34.599808831389886 ], [ -58.377413008563686, -34.59953404918776 ] ], [ [ -58.379445944636956, -34.597006010274292 ], [ -58.379150640467294, -34.597168066358847 ], [ -58.378967833124172, -34.597006010274292 ], [ -58.379150640467294, -34.596859028900923 ], [ -58.379445944636956, -34.597006010274292 ] ], [ [ -58.379499636304175, -34.598270039348996 ], [ -58.379150640467294, -34.598602675382089 ], [ -58.378953771020861, -34.598270039348996 ], [ -58.379150640467294, -34.598107985414416 ], [ -58.379499636304175, -34.598270039348996 ] ], [ [ -58.374411517689303, -34.600166046893541 ], [ -58.374543895420537, -34.600062441041842 ], [ -58.374710806472955, -34.600166046893541 ], [ -58.374543895420537, -34.600324045568591 ], [ -58.374411517689303, -34.600166046893541 ] ], [ [ -58.373677669856178, -34.597006010274292 ], [ -58.373776104579399, -34.596940853615102 ], [ -58.373849227516651, -34.597006010274292 ], [ -58.373776104579399, -34.59707324634774 ], [ -58.373677669856178, -34.597006010274292 ] ], [ [ -58.372240522897158, -34.600022411473624 ], [ -58.372423330240274, -34.600166046893541 ], [ -58.372240522897158, -34.600400118897518 ], [ -58.371920610046679, -34.600166046893541 ], [ -58.372240522897158, -34.600022411473624 ] ], [ [ -58.374543895420537, -34.601272031306735 ], [ -58.374828262398729, -34.601430027877754 ], [ -58.374543895420537, -34.601717293600466 ], [ -58.374347025974082, -34.601430027877754 ], [ -58.374543895420537, -34.601272031306735 ] ], [ [ -58.376079477102778, -34.597088090668322 ], [ -58.375981042379564, -34.597006010274292 ], [ -58.376079477102778, -34.596926007786855 ], [ -58.376207442242972, -34.597006010274292 ], [ -58.376079477102778, -34.597088090668322 ] ], [ [ -58.373008313738282, -34.601244149527716 ], [ -58.373205183184716, -34.601430027877754 ], [ -58.373008313738282, -34.6017811302928 ], [ -58.372674491633433, -34.601430027877754 ], [ -58.373008313738282, -34.601244149527716 ] ], [ [ -58.372366390248153, -34.598902046672904 ], [ -58.372240522897158, -34.599045684030372 ], [ -58.372057715554028, -34.598902046672904 ], [ -58.372240522897158, -34.598796712452881 ], [ -58.372366390248153, -34.598902046672904 ] ], [ [ -58.376079477102778, -34.599684525268209 ], [ -58.375939878768044, -34.59953404918776 ], [ -58.376079477102778, -34.599428715769243 ], [ -58.376281527324146, -34.59953404918776 ], [ -58.376079477102778, -34.599684525268209 ] ], [ [ -58.373776104579399, -34.598202804244295 ], [ -58.373864356400226, -34.598270039348996 ], [ -58.373776104579399, -34.598353198482172 ], [ -58.373666420173535, -34.598270039348996 ], [ -58.373776104579399, -34.598202804244295 ] ] ], [ [ [ -58.381384213823303, -34.597006010274292 ], [ -58.381454012990673, -34.596373988523538 ], [ -58.381523812158044, -34.597006010274292 ], [ -58.381454012990673, -34.597063466558623 ], [ -58.381384213823303, -34.597006010274292 ] ] ] ] } },
{ "type": "Feature", "properties": { "id": 1, "isomin": 0.0, "isomax": 10.0, "id_punto": "4_30", "sector": 4.0 }, "geometry": { "type": "MultiPolygon", "coordinates": [ [ [ [ -58.37958610457941, -34.590718223585412 ], [ -58.379714069719597, -34.590823568049466 ], [ -58.380353895420534, -34.591195370972571 ], [ -58.38067004459041, -34.591455632028769 ], [ -58.380856930799204, -34.592087691199559 ], [ -58.381121686261665, -34.592313425452339 ], [ -58.381819677935418, -34.592087691199559 ], [ -58.381889477102789, -34.592030231473643 ], [ -58.381959276270159, -34.592087691199559 ], [ -58.382205626272665, -34.592719745561709 ], [ -58.382392512481452, -34.593351795115268 ], [ -58.382657267943912, -34.593652769403022 ], [ -58.383059444098791, -34.59398383986013 ], [ -58.383425058785051, -34.594355628640223 ], [ -58.38374120795492, -34.594615879796272 ], [ -58.384192849626167, -34.59496701101628 ], [ -58.384960640467305, -34.595010902314407 ], [ -58.385248562032722, -34.595247914923647 ], [ -58.385301880841133, -34.595879945242253 ], [ -58.384960640467305, -34.596160846062496 ], [ -58.384758590245944, -34.596511970752012 ], [ -58.384960640467305, -34.596692548585821 ], [ -58.385364740909992, -34.596511970752012 ], [ -58.385728431308429, -34.596212590846825 ], [ -58.386092121706852, -34.596511970752012 ], [ -58.386496222149553, -34.596933318420234 ], [ -58.386752152429928, -34.597143991452874 ], [ -58.386496222149553, -34.59735466395118 ], [ -58.386200917979892, -34.597776007344841 ], [ -58.386496222149553, -34.598092013487459 ], [ -58.387264012990684, -34.598350563073545 ], [ -58.387333812158055, -34.598408018427826 ], [ -58.387264012990684, -34.598465473742372 ], [ -58.386496222149553, -34.598724022165953 ], [ -58.386112326728998, -34.599040024701821 ], [ -58.385728431308429, -34.599672026166793 ], [ -58.385728431308429, -34.599672026166793 ], [ -58.385088605607478, -34.600304022822662 ], [ -58.384960640467305, -34.600409355131092 ], [ -58.384192849626167, -34.600484592412471 ], [ -58.383766299158879, -34.600936014669429 ], [ -58.383425058785051, -34.601216898391009 ], [ -58.382973417113789, -34.601568001707093 ], [ -58.382657267943912, -34.601828230265937 ], [ -58.381889477102789, -34.601947191621242 ], [ -58.381523862416536, -34.602199983935485 ], [ -58.381121686261665, -34.602831961354646 ], [ -58.380353895420534, -34.602579170964106 ], [ -58.380089139958073, -34.602831961354646 ], [ -58.379949794977847, -34.603463933964527 ], [ -58.37958610457941, -34.604095901765078 ], [ -58.379222414180973, -34.603463933964527 ], [ -58.379083069200746, -34.602831961354646 ], [ -58.378818313738286, -34.602588893685656 ], [ -58.378050522897155, -34.602831961354646 ], [ -58.377686832498732, -34.602199983935485 ], [ -58.377556943070722, -34.601568001707093 ], [ -58.377282732056031, -34.601293225325108 ], [ -58.376514941214893, -34.601041346176338 ], [ -58.37638697607472, -34.600936014669429 ], [ -58.37602136138846, -34.600304022822662 ], [ -58.375747150373769, -34.599988025095861 ], [ -58.374979359532652, -34.59972948060696 ], [ -58.374909560365282, -34.599672026166793 ], [ -58.374211568691514, -34.59918587162057 ], [ -58.37403438618972, -34.599040024701821 ], [ -58.37344377785039, -34.598408018427826 ], [ -58.37344377785039, -34.598408018427826 ], [ -58.372675987009274, -34.597776007344841 ], [ -58.372675987009274, -34.597776007344841 ], [ -58.372359837839397, -34.597143991452874 ], [ -58.372675987009274, -34.596883748217245 ], [ -58.37344377785039, -34.596755056206057 ], [ -58.373763690700862, -34.596511970752012 ], [ -58.37380939253665, -34.595879945242253 ], [ -58.374083603551341, -34.595247914923647 ], [ -58.374211568691514, -34.594615879796272 ], [ -58.374211568691514, -34.594615879796272 ], [ -58.374979359532652, -34.594378865383732 ], [ -58.375569967871982, -34.59398383986013 ], [ -58.375747150373769, -34.593351795115268 ], [ -58.375747150373769, -34.593351795115268 ], [ -58.376514941214893, -34.593114777096204 ], [ -58.377105549554223, -34.592719745561709 ], [ -58.377282732056031, -34.592573887289547 ], [ -58.377980723729785, -34.592087691199559 ], [ -58.378050522897155, -34.592030231473643 ], [ -58.378818313738286, -34.591982348338355 ], [ -58.378946278878466, -34.592087691199559 ], [ -58.37958610457941, -34.592273590040541 ], [ -58.37985086004187, -34.592087691199559 ], [ -58.37958610457941, -34.591560975557847 ], [ -58.379458139439222, -34.591455632028769 ], [ -58.379458139439222, -34.590823568049466 ], [ -58.37958610457941, -34.590718223585412 ] ], [ [ -58.378050522897155, -34.59300065706806 ], [ -58.378283186788416, -34.593351795115268 ], [ -58.378050522897155, -34.593518123145913 ], [ -58.377716700792305, -34.593351795115268 ], [ -58.378050522897155, -34.59300065706806 ] ], [ [ -58.37958610457941, -34.593165898686927 ], [ -58.379746061004653, -34.593351795115268 ], [ -58.37958610457941, -34.593468840801194 ], [ -58.379353440688156, -34.593351795115268 ], [ -58.37958610457941, -34.593165898686927 ] ], [ [ -58.381121686261665, -34.593126063683869 ], [ -58.381386441724125, -34.593351795115268 ], [ -58.381121686261665, -34.593489196555801 ], [ -58.380961729836429, -34.593351795115268 ], [ -58.381121686261665, -34.593126063683869 ] ], [ [ -58.381121686261665, -34.594478480219209 ], [ -58.381288597314082, -34.594615879796272 ], [ -58.381121686261665, -34.594717821271111 ], [ -58.381007090613728, -34.594615879796272 ], [ -58.381121686261665, -34.594478480219209 ] ], [ [ -58.378050522897155, -34.595760694606795 ], [ -58.378158662452243, -34.595879945242253 ], [ -58.378050522897155, -34.595966524363462 ], [ -58.377896964728933, -34.595879945242253 ], [ -58.378050522897155, -34.595760694606795 ] ], [ [ -58.380353895420534, -34.595790927178463 ], [ -58.380472017088401, -34.595879945242253 ], [ -58.380353895420534, -34.595950170536355 ], [ -58.380264617415762, -34.595879945242253 ], [ -58.380353895420534, -34.595790927178463 ] ], [ [ -58.380353895420534, -34.599592026247187 ], [ -58.380481860560721, -34.599672026166793 ], [ -58.380353895420534, -34.599773961436547 ], [ -58.38025287030986, -34.599672026166793 ], [ -58.380353895420534, -34.599592026247187 ] ], [ [ -58.376348030162482, -34.597143991452874 ], [ -58.376514941214893, -34.597026950945143 ], [ -58.376636812776987, -34.597143991452874 ], [ -58.376514941214893, -34.597241224980039 ], [ -58.376348030162482, -34.597143991452874 ] ], [ [ -58.378683613590717, -34.599672026166793 ], [ -58.378818313738286, -34.599587759582647 ], [ -58.378919338848959, -34.599672026166793 ], [ -58.378818313738286, -34.599780991450551 ], [ -58.378683613590717, -34.599672026166793 ] ], [ [ -58.378818313738286, -34.598492286208881 ], [ -58.378717288627598, -34.598408018427826 ], [ -58.378818313738286, -34.598340783434828 ], [ -58.378898291950904, -34.598408018427826 ], [ -58.378818313738286, -34.598492286208881 ] ], [ [ -58.380452330143754, -34.598408018427826 ], [ -58.380353895420534, -34.598488019487831 ], [ -58.380273917207916, -34.598408018427826 ], [ -58.380353895420534, -34.598344817535931 ], [ -58.380452330143754, -34.598408018427826 ] ], [ [ -58.383258147732619, -34.599672026166793 ], [ -58.383425058785051, -34.599528389892498 ], [ -58.383709425763236, -34.599672026166793 ], [ -58.383425058785051, -34.599924825406219 ], [ -58.383258147732619, -34.599672026166793 ] ], [ [ -58.383595678971965, -34.598408018427826 ], [ -58.383425058785051, -34.598551656639643 ], [ -58.383306937117183, -34.598408018427826 ], [ -58.383425058785051, -34.598300898243735 ], [ -58.383595678971965, -34.598408018427826 ] ], [ [ -58.377383757166704, -34.598408018427826 ], [ -58.377282732056031, -34.598515138473758 ], [ -58.377148031908462, -34.598408018427826 ], [ -58.377282732056031, -34.598322611805742 ], [ -58.377383757166704, -34.598408018427826 ] ], [ [ -58.383627109006397, -34.596511970752012 ], [ -58.383425058785051, -34.596633513567959 ], [ -58.383290358637474, -34.596511970752012 ], [ -58.383425058785051, -34.596286247907706 ], [ -58.383627109006397, -34.596511970752012 ] ], [ [ -58.380219195272971, -34.600936014669429 ], [ -58.380353895420534, -34.600834080825884 ], [ -58.380550764866982, -34.600936014669429 ], [ -58.380353895420534, -34.601082988828281 ], [ -58.380219195272971, -34.600936014669429 ] ], [ [ -58.385255944636967, -34.597776007344841 ], [ -58.384960640467305, -34.597934010566419 ], [ -58.384790020280377, -34.597776007344841 ], [ -58.384960640467305, -34.597595431866417 ], [ -58.385255944636967, -34.597776007344841 ] ], [ [ -58.378891436675538, -34.597143991452874 ], [ -58.378818313738286, -34.597211227414647 ], [ -58.378722339883133, -34.597143991452874 ], [ -58.378818313738286, -34.59706691601513 ], [ -58.378891436675538, -34.597143991452874 ] ], [ [ -58.374746695641385, -34.597143991452874 ], [ -58.374979359532652, -34.596958103510637 ], [ -58.375146270585063, -34.597143991452874 ], [ -58.374979359532652, -34.597281386621077 ], [ -58.374746695641385, -34.597143991452874 ] ] ] ] } },
{ "type": "Feature", "properties": { "id": 1, "isomin": 0.0, "isomax": 10.0, "id_punto": "4_31", "sector": 4.0 }, "geometry": { "type": "MultiPolygon", "coordinates": [ [ [ [ -58.376926104579411, -34.592270356032571 ], [ -58.377054069719605, -34.592375698528571 ], [ -58.377693895420535, -34.592902409005042 ], [ -58.378461686261673, -34.592726839217264 ], [ -58.378802926635501, -34.59300775069962 ], [ -58.378945110124604, -34.593639798062007 ], [ -58.379229477102797, -34.593882891920956 ], [ -58.379997267943914, -34.594011588381846 ], [ -58.38031341711379, -34.594271840615697 ], [ -58.380360958342351, -34.594903878360668 ], [ -58.380765058785052, -34.595325234185744 ], [ -58.381020989065426, -34.595535911296814 ], [ -58.380765058785052, -34.595746587873585 ], [ -58.380563008563705, -34.596167939424198 ], [ -58.380765058785052, -34.596365447227832 ], [ -58.381216700456299, -34.596167939424198 ], [ -58.381532849626176, -34.595907693130606 ], [ -58.3823006404673, -34.596167939424198 ], [ -58.3823006404673, -34.596167939424198 ], [ -58.382616789637169, -34.596799962742786 ], [ -58.38306843130843, -34.597221308950168 ], [ -58.383324361588812, -34.597431981252392 ], [ -58.383432121706853, -34.598063994953058 ], [ -58.38306843130843, -34.59836336818541 ], [ -58.382556570747674, -34.598696003844751 ], [ -58.3823006404673, -34.59932800792744 ], [ -58.3823006404673, -34.59932800792744 ], [ -58.3823006404673, -34.599960007201062 ], [ -58.3823006404673, -34.599960007201062 ], [ -58.382428605607487, -34.600592001665575 ], [ -58.3823006404673, -34.600697333608778 ], [ -58.381532849626176, -34.600971196035914 ], [ -58.381128749183475, -34.601223991320971 ], [ -58.380765058785052, -34.601523353163401 ], [ -58.379997267943914, -34.601630267845593 ], [ -58.379690151607463, -34.601855976167158 ], [ -58.379997267943914, -34.602487956204172 ], [ -58.379229477102797, -34.602803944419172 ], [ -58.378880481265917, -34.603119931431877 ], [ -58.378589651401846, -34.603751901850309 ], [ -58.378461686261673, -34.60385722978581 ], [ -58.377693895420535, -34.60408293205488 ], [ -58.37731, -34.604383867459411 ], [ -58.376926104579411, -34.605015828259127 ], [ -58.376158313738294, -34.604383867459411 ], [ -58.376423069200754, -34.603751901850309 ], [ -58.376158313738294, -34.60352619868155 ], [ -58.375390522897156, -34.603435917242258 ], [ -58.374622732056032, -34.603119931431877 ], [ -58.374887487518492, -34.602487956204172 ], [ -58.374622732056032, -34.602235164766462 ], [ -58.373924740382279, -34.602487956204172 ], [ -58.373854941214901, -34.602545408696315 ], [ -58.373785142047531, -34.602487956204172 ], [ -58.373471045794346, -34.601855976167158 ], [ -58.373343080654152, -34.601223991320971 ], [ -58.373087150373777, -34.600949213800853 ], [ -58.372389158700024, -34.601223991320971 ], [ -58.372319359532653, -34.601281444687537 ], [ -58.372249560365283, -34.601223991320971 ], [ -58.372142177030845, -34.600592001665575 ], [ -58.371551568691515, -34.600105852504321 ], [ -58.371374386189729, -34.599960007201062 ], [ -58.371295638411141, -34.59932800792744 ], [ -58.371423603551342, -34.598696003844751 ], [ -58.370783777850399, -34.598244569412834 ], [ -58.370564409038643, -34.598063994953058 ], [ -58.370442537476563, -34.597431981252392 ], [ -58.370655812710204, -34.596799962742786 ], [ -58.370783777850399, -34.596694625856969 ], [ -58.3711878782931, -34.596167939424198 ], [ -58.371551568691515, -34.595868558279079 ], [ -58.372319359532653, -34.595823197405409 ], [ -58.372639272383118, -34.595535911296814 ], [ -58.372745909999949, -34.594903878360668 ], [ -58.373087150373777, -34.594622973289901 ], [ -58.373726976074721, -34.594271840615697 ], [ -58.373726976074721, -34.593639798062007 ], [ -58.373854941214901, -34.593534457168872 ], [ -58.374622732056032, -34.593340407805542 ], [ -58.37510260133174, -34.59300775069962 ], [ -58.375390522897156, -34.592770731698991 ], [ -58.375678444462586, -34.59300775069962 ], [ -58.376158313738294, -34.593225698609153 ], [ -58.376584864205583, -34.59300775069962 ], [ -58.376798139439224, -34.592375698528571 ], [ -58.376926104579411, -34.592270356032571 ] ], [ [ -58.376926104579411, -34.593288661232116 ], [ -58.377158768470665, -34.593639798062007 ], [ -58.376926104579411, -34.593790284820464 ], [ -58.376661349116951, -34.593639798062007 ], [ -58.376926104579411, -34.593288661232116 ] ], [ [ -58.373854941214901, -34.595325234185744 ], [ -58.374033497224474, -34.595535911296814 ], [ -58.373854941214901, -34.595686394620479 ], [ -58.373535028364429, -34.595535911296814 ], [ -58.373854941214901, -34.595325234185744 ] ], [ [ -58.379229477102797, -34.595338401520827 ], [ -58.379494232565257, -34.595535911296814 ], [ -58.379229477102797, -34.595657455540938 ], [ -58.379072785094401, -34.595535911296814 ], [ -58.379229477102797, -34.595338401520827 ] ], [ [ -58.373854941214901, -34.59664948143643 ], [ -58.373989641362471, -34.596799962742786 ], [ -58.373854941214901, -34.596903572664068 ], [ -58.373672133871786, -34.596799962742786 ], [ -58.373854941214901, -34.59664948143643 ] ], [ [ -58.377693895420535, -34.596709673991676 ], [ -58.377808491068464, -34.596799962742786 ], [ -58.377693895420535, -34.596870976298256 ], [ -58.377604617415763, -34.596799962742786 ], [ -58.377693895420535, -34.596709673991676 ] ], [ [ -58.379229477102797, -34.596678420170363 ], [ -58.379389433528033, -34.596799962742786 ], [ -58.379229477102797, -34.596891559926199 ], [ -58.379114881454868, -34.596799962742786 ], [ -58.379229477102797, -34.596678420170363 ] ], [ [ -58.379229477102797, -34.599440865293296 ], [ -58.379132288388725, -34.59932800792744 ], [ -58.379229477102797, -34.599242602251351 ], [ -58.379353314335233, -34.59932800792744 ], [ -58.379229477102797, -34.599440865293296 ] ], [ [ -58.380586502775479, -34.600592001665575 ], [ -58.380765058785052, -34.600421192825067 ], [ -58.381072175121503, -34.600592001665575 ], [ -58.380765058785052, -34.600924628399468 ], [ -58.380586502775479, -34.600592001665575 ] ], [ [ -58.376158313738294, -34.601752372423604 ], [ -58.376293013885849, -34.601855976167158 ], [ -58.376158313738294, -34.601999608416065 ], [ -58.375961444291839, -34.601855976167158 ], [ -58.376158313738294, -34.601752372423604 ] ], [ [ -58.377693895420535, -34.599260050729931 ], [ -58.3777910841346, -34.59932800792744 ], [ -58.377693895420535, -34.599412274775091 ], [ -58.377613075331993, -34.59932800792744 ], [ -58.377693895420535, -34.599260050729931 ] ], [ [ -58.379229477102797, -34.59814940184107 ], [ -58.379125721583719, -34.598063994953058 ], [ -58.379229477102797, -34.59797239906252 ], [ -58.379366582610146, -34.598063994953058 ], [ -58.379229477102797, -34.59814940184107 ] ], [ [ -58.377559195272966, -34.601855976167158 ], [ -58.377693895420535, -34.601745101980605 ], [ -58.377876702763665, -34.601855976167158 ], [ -58.377693895420535, -34.602022287169497 ], [ -58.377559195272966, -34.601855976167158 ] ], [ [ -58.377819762771551, -34.600592001665575 ], [ -58.377693895420535, -34.600702877391569 ], [ -58.377592870309861, -34.600592001665575 ], [ -58.377693895420535, -34.600507736014833 ], [ -58.377819762771551, -34.600592001665575 ] ], [ [ -58.377693895420535, -34.603420870326168 ], [ -58.377491845199188, -34.603119931431877 ], [ -58.377693895420535, -34.602953622627709 ], [ -58.378042891257415, -34.603119931431877 ], [ -58.377693895420535, -34.603420870326168 ] ], [ [ -58.380765058785052, -34.598567022828846 ], [ -58.381084971635516, -34.598696003844751 ], [ -58.380765058785052, -34.598810914035653 ], [ -58.380601699031622, -34.598696003844751 ], [ -58.380765058785052, -34.598567022828846 ] ], [ [ -58.376158313738294, -34.599261481408362 ], [ -58.376239133826836, -34.59932800792744 ], [ -58.376158313738294, -34.599409033744095 ], [ -58.376057288627607, -34.59932800792744 ], [ -58.376158313738294, -34.599261481408362 ] ], [ [ -58.374430784345741, -34.600592001665575 ], [ -58.374622732056032, -34.600484884298211 ], [ -58.374757432203602, -34.600592001665575 ], [ -58.374622732056032, -34.600742475829264 ], [ -58.374430784345741, -34.600592001665575 ] ], [ [ -58.376050174183206, -34.598063994953058 ], [ -58.376158313738294, -34.597993771446021 ], [ -58.376231436675539, -34.598063994953058 ], [ -58.376158313738294, -34.598130522431269 ], [ -58.376050174183206, -34.598063994953058 ] ], [ [ -58.376259338848968, -34.600592001665575 ], [ -58.376158313738294, -34.600695606856689 ], [ -58.376023613590718, -34.600592001665575 ], [ -58.376158313738294, -34.600510977002983 ], [ -58.376259338848968, -34.600592001665575 ] ], [ [ -58.377797650939613, -34.598063994953058 ], [ -58.377693895420535, -34.598131953129162 ], [ -58.377620772483283, -34.598063994953058 ], [ -58.377693895420535, -34.597992982417502 ], [ -58.377797650939613, -34.598063994953058 ] ] ] ] } },
{ "type": "Feature", "properties": { "id": 1, "isomin": 0.0, "isomax": 10.0, "id_punto": "4_32", "sector": 4.0 }, "geometry": { "type": "MultiPolygon", "coordinates": [ [ [ [ -58.376809477102789, -34.591471800596274 ], [ -58.376986659604583, -34.59161766080333 ], [ -58.377270151607462, -34.592249718741442 ], [ -58.377577267943913, -34.592502540570258 ], [ -58.378028909615175, -34.592249718741442 ], [ -58.378345058785051, -34.59198946017279 ], [ -58.379112849626175, -34.592069131249787 ], [ -58.379332218437924, -34.592249718741442 ], [ -58.379880640467292, -34.592776430016585 ], [ -58.380008605607486, -34.592881771870907 ], [ -58.380244330865729, -34.593513820191752 ], [ -58.38064843130843, -34.593829842548921 ], [ -58.381416222149554, -34.594145863703915 ], [ -58.38064843130843, -34.594461883656706 ], [ -58.380408496670576, -34.594777902407323 ], [ -58.38064843130843, -34.59507887152833 ], [ -58.381416222149554, -34.595352478873906 ], [ -58.381486021316924, -34.595409936301991 ], [ -58.382184012990678, -34.595984508396917 ], [ -58.382253812158048, -34.59604196538784 ], [ -58.382547703389108, -34.596673989664843 ], [ -58.382439943271052, -34.597306009132943 ], [ -58.382500162160547, -34.597938023792125 ], [ -58.382311978130865, -34.598570033642332 ], [ -58.382184012990678, -34.598675368149827 ], [ -58.381416222149554, -34.598850925365483 ], [ -58.381074981775726, -34.598570033642332 ], [ -58.38064843130843, -34.598399220643543 ], [ -58.380429062496674, -34.598570033642332 ], [ -58.38064843130843, -34.598941801896046 ], [ -58.380964580478292, -34.599202038683543 ], [ -58.38064843130843, -34.599462274655679 ], [ -58.380136570747673, -34.599834038915702 ], [ -58.379880640467292, -34.600044704591056 ], [ -58.37945409, -34.600466034338766 ], [ -58.379112849626175, -34.600746919649787 ], [ -58.378522241286845, -34.601098024952698 ], [ -58.378345058785051, -34.601243868257576 ], [ -58.377577267943913, -34.601442745078764 ], [ -58.377243445839071, -34.601730010757457 ], [ -58.377028845914545, -34.602361991753035 ], [ -58.376809477102789, -34.602542556868421 ], [ -58.376041686261658, -34.602730645112835 ], [ -58.375676071575413, -34.602993967939312 ], [ -58.375343694587905, -34.603625939316338 ], [ -58.375273895420534, -34.603683391021228 ], [ -58.375204096253164, -34.603625939316338 ], [ -58.374871719265656, -34.602993967939312 ], [ -58.37450610457941, -34.602730645112835 ], [ -58.373738313738279, -34.60250783283827 ], [ -58.373561131236485, -34.602361991753035 ], [ -58.373304345001998, -34.601730010757457 ], [ -58.372970522897155, -34.601455234911533 ], [ -58.372202732056031, -34.601358254984163 ], [ -58.371886582886155, -34.601098024952698 ], [ -58.372202732056031, -34.600837794105864 ], [ -58.372487099034224, -34.600466034338766 ], [ -58.372202732056031, -34.600274521082056 ], [ -58.371434941214893, -34.600466034338766 ], [ -58.371071250816478, -34.599834038915702 ], [ -58.370667150373777, -34.599501407814024 ], [ -58.370303459975339, -34.599202038683543 ], [ -58.369899359532653, -34.598914764260975 ], [ -58.369480564528395, -34.598570033642332 ], [ -58.369829560365268, -34.597938023792125 ], [ -58.369899359532653, -34.597880568112735 ], [ -58.37009130724293, -34.597306009132943 ], [ -58.370118728344394, -34.596673989664843 ], [ -58.3703510012039, -34.59604196538784 ], [ -58.370667150373777, -34.595409936301991 ], [ -58.370667150373777, -34.595409936301991 ], [ -58.370667150373777, -34.595409936301991 ], [ -58.370325909999949, -34.594777902407323 ], [ -58.370667150373777, -34.594496996910593 ], [ -58.371093700841065, -34.594145863703915 ], [ -58.371434941214893, -34.59386495606995 ], [ -58.371776181588729, -34.594145863703915 ], [ -58.372202732056031, -34.594331757939372 ], [ -58.372458662336413, -34.594145863703915 ], [ -58.372428552891648, -34.593513820191752 ], [ -58.372202732056031, -34.593226526096586 ], [ -58.371783937051774, -34.592881771870907 ], [ -58.372202732056031, -34.592249718741442 ], [ -58.372202732056031, -34.592249718741442 ], [ -58.372202732056031, -34.592249718741442 ], [ -58.372025549554223, -34.59161766080333 ], [ -58.372202732056031, -34.591471800596274 ], [ -58.372970522897155, -34.59161766080333 ], [ -58.372970522897155, -34.59161766080333 ], [ -58.373738313738279, -34.591918641373574 ], [ -58.37450610457941, -34.591968804695938 ], [ -58.375273895420534, -34.591851756896624 ], [ -58.376041686261658, -34.591843396333239 ], [ -58.376632294600988, -34.59161766080333 ], [ -58.376809477102789, -34.591471800596274 ] ], [ [ -58.376809477102789, -34.593303137952432 ], [ -58.376988033112355, -34.593513820191752 ], [ -58.376809477102789, -34.593630865649395 ], [ -58.376642566050364, -34.593513820191752 ], [ -58.376809477102789, -34.593303137952432 ] ], [ [ -58.379112849626175, -34.593212845400586 ], [ -58.379516950068876, -34.593513820191752 ], [ -58.379112849626175, -34.59367588308919 ], [ -58.378905338588027, -34.593513820191752 ], [ -58.379112849626175, -34.593212845400586 ] ], [ [ -58.373738313738279, -34.595315603190173 ], [ -58.373843490565839, -34.595409936301991 ], [ -58.373738313738279, -34.595490965940705 ], [ -58.37358162172989, -34.595409936301991 ], [ -58.373738313738279, -34.595315603190173 ] ], [ [ -58.372202732056031, -34.599070371363219 ], [ -58.372369643108449, -34.599202038683543 ], [ -58.372202732056031, -34.599393554413254 ], [ -58.37192852104134, -34.599202038683543 ], [ -58.372202732056031, -34.599070371363219 ] ], [ [ -58.373738313738279, -34.596592961180107 ], [ -58.373835502452344, -34.596673989664843 ], [ -58.373738313738279, -34.596751065467203 ], [ -58.3736164421762, -34.596673989664843 ], [ -58.373738313738279, -34.596592961180107 ] ], [ [ -58.377577267943913, -34.600308035933864 ], [ -58.377872572113588, -34.600466034338766 ], [ -58.377577267943913, -34.60075330339582 ], [ -58.37739446060079, -34.600466034338766 ], [ -58.377577267943913, -34.600308035933864 ] ], [ [ -58.379112849626175, -34.597416889245558 ], [ -58.378986982275173, -34.597306009132943 ], [ -58.379112849626175, -34.597198887527654 ], [ -58.379300115684977, -34.597306009132943 ], [ -58.379112849626175, -34.597416889245558 ] ], [ [ -58.373571402685862, -34.599202038683543 ], [ -58.373738313738279, -34.599106280653096 ], [ -58.373854645683913, -34.599202038683543 ], [ -58.373738313738279, -34.599333705795154 ], [ -58.373571402685862, -34.599202038683543 ] ], [ [ -58.375911552220785, -34.600466034338766 ], [ -58.376041686261658, -34.600358916808936 ], [ -58.376224493604788, -34.600466034338766 ], [ -58.376041686261658, -34.60062017883439 ], [ -58.375911552220785, -34.600466034338766 ] ], [ [ -58.374698052289688, -34.601730010757457 ], [ -58.37450610457941, -34.601993336756728 ], [ -58.374172282474568, -34.601730010757457 ], [ -58.37450610457941, -34.601572014757132 ], [ -58.374698052289688, -34.601730010757457 ] ], [ [ -58.376169651401845, -34.599202038683543 ], [ -58.376041686261658, -34.599309157705441 ], [ -58.375941973165411, -34.599202038683543 ], [ -58.376041686261658, -34.599119960378502 ], [ -58.376169651401845, -34.599202038683543 ] ], [ [ -58.377480079229848, -34.597938023792125 ], [ -58.377577267943913, -34.597854864243295 ], [ -58.377703135294915, -34.597938023792125 ], [ -58.377577267943913, -34.598048903061049 ], [ -58.377480079229848, -34.597938023792125 ] ], [ [ -58.377701105176349, -34.596673989664843 ], [ -58.377577267943913, -34.596757150395895 ], [ -58.377480079229848, -34.596673989664843 ], [ -58.377577267943913, -34.596592961180107 ], [ -58.377701105176349, -34.596673989664843 ] ], [ [ -58.375849738551381, -34.601730010757457 ], [ -58.376041686261658, -34.601575868321689 ], [ -58.3763755083665, -34.601730010757457 ], [ -58.376041686261658, -34.601993336756728 ], [ -58.375849738551381, -34.601730010757457 ] ], [ [ -58.379112849626175, -34.598740846289864 ], [ -58.378965197541334, -34.598570033642332 ], [ -58.379112849626175, -34.598459155069087 ], [ -58.379332218437924, -34.598570033642332 ], [ -58.379112849626175, -34.598740846289864 ] ], [ [ -58.374327548569838, -34.600466034338766 ], [ -58.37450610457941, -34.600357069953752 ], [ -58.374636238620283, -34.600466034338766 ], [ -58.37450610457941, -34.600624032443115 ], [ -58.374327548569838, -34.600466034338766 ] ], [ [ -58.37596170804904, -34.597938023792125 ], [ -58.376041686261658, -34.597871496159726 ], [ -58.376138874975723, -34.597938023792125 ], [ -58.376041686261658, -34.598020103265171 ], [ -58.37596170804904, -34.597938023792125 ] ], [ [ -58.379112849626175, -34.595898322836042 ], [ -58.379300115684977, -34.59604196538784 ], [ -58.379112849626175, -34.59614908848512 ], [ -58.378989012393738, -34.59604196538784 ], [ -58.379112849626175, -34.595898322836042 ] ] ] ] } },
{ "type": "Feature", "properties": { "id": 1, "isomin": 0.0, "isomax": 10.0, "id_punto": "4_33", "sector": 4.0 }, "geometry": { "type": "MultiPolygon", "coordinates": [ [ [ [ -58.378801686261667, -34.592948738585903 ], [ -58.379089607827083, -34.593185757078686 ], [ -58.379569477102791, -34.593557549430521 ], [ -58.379885626272667, -34.593817803086793 ], [ -58.380337267943922, -34.594239164420685 ], [ -58.380593198224304, -34.594449844286174 ], [ -58.381105058785046, -34.594936026551942 ], [ -58.381282241286854, -34.595081880676815 ], [ -58.381282241286854, -34.595713912258681 ], [ -58.38187284962617, -34.596108929555363 ], [ -58.3821607711916, -34.596345939031707 ], [ -58.382640640467308, -34.596797383782537 ], [ -58.382860009279057, -34.596977960995858 ], [ -58.383408431308425, -34.597349736375463 ], [ -58.383724580478301, -34.597609978151141 ], [ -58.383724580478301, -34.598241990497449 ], [ -58.383962946915908, -34.598873998034762 ], [ -58.384176222149563, -34.599161272598323 ], [ -58.384944012990687, -34.599245764927929 ], [ -58.385260162160563, -34.599506000763043 ], [ -58.384944012990687, -34.599766235782788 ], [ -58.384176222149563, -34.599850727496978 ], [ -58.383772121706862, -34.600137998682278 ], [ -58.383585613810233, -34.600769991792362 ], [ -58.383408431308425, -34.600915835673305 ], [ -58.382768605607481, -34.60140198009335 ], [ -58.382640640467308, -34.601507311009286 ], [ -58.382092218437926, -34.602033963585129 ], [ -58.38187284962617, -34.602214529413722 ], [ -58.381105058785046, -34.602365000637661 ], [ -58.380771236680204, -34.602665942267656 ], [ -58.380337267943922, -34.603023145482624 ], [ -58.37995337252336, -34.603297916140932 ], [ -58.379569477102791, -34.603929885204877 ], [ -58.378801686261667, -34.603677098156417 ], [ -58.378517319283475, -34.603929885204877 ], [ -58.378350044590405, -34.604561849459493 ], [ -58.378033895420543, -34.604822068637048 ], [ -58.377717746250667, -34.604561849459493 ], [ -58.377550471557612, -34.603929885204877 ], [ -58.377266104579412, -34.603666565346039 ], [ -58.376786235303705, -34.603929885204877 ], [ -58.376498313738288, -34.604166872363955 ], [ -58.376210392172872, -34.603929885204877 ], [ -58.375730522897165, -34.603403244652242 ], [ -58.375602557756977, -34.603297916140932 ], [ -58.375730522897165, -34.603192587496018 ], [ -58.375949891708906, -34.602665942267656 ], [ -58.375730522897165, -34.602440236147395 ], [ -58.375250653621457, -34.602665942267656 ], [ -58.374962732056026, -34.602902933033718 ], [ -58.37467481049061, -34.602665942267656 ], [ -58.37419494121491, -34.602033963585129 ], [ -58.37419494121491, -34.602033963585129 ], [ -58.373878792045033, -34.60140198009335 ], [ -58.373427150373772, -34.601030222851684 ], [ -58.37311100120391, -34.600769991792362 ], [ -58.373427150373772, -34.600509759917706 ], [ -58.37363466141192, -34.600137998682278 ], [ -58.373427150373772, -34.599957428338932 ], [ -58.37300059990649, -34.600137998682278 ], [ -58.372659359532662, -34.600418885102705 ], [ -58.37231811915882, -34.600137998682278 ], [ -58.371891568691524, -34.599716667270457 ], [ -58.371635638411149, -34.599506000763043 ], [ -58.371891568691524, -34.599295333721301 ], [ -58.372099079729672, -34.598873998034762 ], [ -58.371891568691524, -34.598670125161057 ], [ -58.371371452315287, -34.598241990497449 ], [ -58.371891568691524, -34.597813853627002 ], [ -58.372240564528404, -34.597609978151141 ], [ -58.371891568691524, -34.597083297522367 ], [ -58.371763603551351, -34.596977960995858 ], [ -58.371891568691524, -34.596872624335795 ], [ -58.372659359532662, -34.596633222338845 ], [ -58.373078154536906, -34.596977960995858 ], [ -58.373427150373772, -34.59716948185379 ], [ -58.37363466141192, -34.596977960995858 ], [ -58.373427150373772, -34.596526517226472 ], [ -58.37320778156203, -34.596345939031707 ], [ -58.373427150373772, -34.596165360444409 ], [ -58.373878792045033, -34.595713912258681 ], [ -58.374066976074715, -34.595081880676815 ], [ -58.37419494121491, -34.594976541612326 ], [ -58.374962732056026, -34.594800976207985 ], [ -58.375414373727288, -34.594449844286174 ], [ -58.375730522897165, -34.594189592609965 ], [ -58.376498313738288, -34.594239164420685 ], [ -58.376949955409536, -34.593817803086793 ], [ -58.377266104579412, -34.593557549430521 ], [ -58.378033895420543, -34.593449110166461 ], [ -58.378513764696251, -34.593185757078686 ], [ -58.378801686261667, -34.592948738585903 ] ], [ [ -58.380337267943922, -34.59543911650961 ], [ -58.380927876283252, -34.595713912258681 ], [ -58.380337267943922, -34.595868065573555 ], [ -58.380117899132173, -34.595713912258681 ], [ -58.380337267943922, -34.59543911650961 ] ], [ [ -58.374962732056026, -34.596786439696366 ], [ -58.375116290224263, -34.596977960995858 ], [ -58.374962732056026, -34.597099503129975 ], [ -58.374755221017885, -34.596977960995858 ], [ -58.374962732056026, -34.596786439696366 ] ], [ [ -58.376498313738288, -34.596851556987744 ], [ -58.376612909386211, -34.596977960995858 ], [ -58.376498313738288, -34.597068249455326 ], [ -58.376344755570052, -34.596977960995858 ], [ -58.376498313738288, -34.596851556987744 ] ], [ [ -58.378801686261667, -34.596872624335795 ], [ -58.378943869750771, -34.596977960995858 ], [ -58.378801686261667, -34.59705898910503 ], [ -58.378697930742597, -34.596977960995858 ], [ -58.378801686261667, -34.596872624335795 ] ], [ [ -58.380337267943922, -34.596823809740719 ], [ -58.380569931835176, -34.596977960995858 ], [ -58.380337267943922, -34.597085082886082 ], [ -58.380195084454826, -34.596977960995858 ], [ -58.380337267943922, -34.596823809740719 ] ], [ [ -58.377266104579412, -34.602507948047879 ], [ -58.377436724766326, -34.602665942267656 ], [ -58.377266104579412, -34.602929265299316 ], [ -58.377046735767657, -34.602665942267656 ], [ -58.377266104579412, -34.602507948047879 ] ], [ [ -58.378801686261667, -34.599588078686629 ], [ -58.378719128106702, -34.599506000763043 ], [ -58.378801686261667, -34.599440167369906 ], [ -58.378902711372341, -34.599506000763043 ], [ -58.378801686261667, -34.599588078686629 ] ], [ [ -58.380337267943922, -34.602308737516282 ], [ -58.380135217722575, -34.602033963585129 ], [ -58.380337267943922, -34.601879821713489 ], [ -58.380702882630167, -34.602033963585129 ], [ -58.380337267943922, -34.602308737516282 ] ], [ [ -58.378801686261667, -34.600687915036808 ], [ -58.378938791769016, -34.600769991792362 ], [ -58.378801686261667, -34.600875323509847 ], [ -58.378697930742597, -34.600769991792362 ], [ -58.378801686261667, -34.600687915036808 ] ], [ [ -58.380337267943922, -34.598134870099244 ], [ -58.380534137390363, -34.598241990497449 ], [ -58.380337267943922, -34.598325149658692 ], [ -58.380230630327098, -34.598241990497449 ], [ -58.380337267943922, -34.598134870099244 ] ], [ [ -58.380337267943922, -34.600924135723858 ], [ -58.380200162436573, -34.600769991792362 ], [ -58.380337267943922, -34.60066102780614 ], [ -58.380534137390363, -34.600769991792362 ], [ -58.380337267943922, -34.600924135723858 ] ], [ [ -58.380469645675149, -34.599506000763043 ], [ -58.380337267943922, -34.599614966264632 ], [ -58.380236242833249, -34.599506000763043 ], [ -58.380337267943922, -34.59942284278408 ], [ -58.380469645675149, -34.599506000763043 ] ], [ [ -58.375511154085409, -34.60140198009335 ], [ -58.375730522897165, -34.601264591741355 ], [ -58.375872706386254, -34.60140198009335 ], [ -58.375730522897165, -34.601627689035347 ], [ -58.375511154085409, -34.60140198009335 ] ], [ [ -58.383408431308425, -34.599838631846325 ], [ -58.383233933389981, -34.599506000763043 ], [ -58.383408431308425, -34.599330444932029 ], [ -58.383757427145305, -34.599506000763043 ], [ -58.383408431308425, -34.599838631846325 ] ], [ [ -58.377266104579412, -34.599442162321964 ], [ -58.37734866273437, -34.599506000763043 ], [ -58.377266104579412, -34.599592576104733 ], [ -58.377173599658803, -34.599506000763043 ], [ -58.377266104579412, -34.599442162321964 ] ], [ [ -58.377266104579412, -34.600683417678013 ], [ -58.377369860098483, -34.600769991792362 ], [ -58.377266104579412, -34.600882847198839 ], [ -58.377146137260482, -34.600769991792362 ], [ -58.377266104579412, -34.600683417678013 ] ], [ [ -58.378801686261667, -34.598160963542284 ], [ -58.378908323878491, -34.598241990497449 ], [ -58.378801686261667, -34.598307824840305 ], [ -58.378718230735466, -34.598241990497449 ], [ -58.378801686261667, -34.598160963542284 ] ], [ [ -58.377176826574633, -34.598241990497449 ], [ -58.377266104579412, -34.598151703313818 ], [ -58.377349560105621, -34.598241990497449 ], [ -58.377266104579412, -34.598305829860962 ], [ -58.377176826574633, -34.598241990497449 ] ], [ [ -58.374962732056026, -34.598340741992146 ], [ -58.374823133721279, -34.598241990497449 ], [ -58.374962732056026, -34.598120450035083 ], [ -58.375074006090976, -34.598241990497449 ], [ -58.374962732056026, -34.598340741992146 ] ] ] ] } },
{ "type": "Feature", "properties": { "id": 1, "isomin": 0.0, "isomax": 10.0, "id_punto": "4_34", "sector": 4.0 }, "geometry": { "type": "MultiPolygon", "coordinates": [ [ [ [ -58.378573895420558, -34.594593869248449 ], [ -58.37895779084112, -34.595225904543298 ], [ -58.379076930799215, -34.59585793502935 ], [ -58.379341686261675, -34.596110745877318 ], [ -58.380109477102813, -34.59585793502935 ], [ -58.380397398668229, -34.596489960706585 ], [ -58.380877267943937, -34.596911308486462 ], [ -58.381133198224312, -34.597121981574922 ], [ -58.381645058785061, -34.597608148201324 ], [ -58.381822241286862, -34.597753997634342 ], [ -58.382412849626192, -34.598240160561545 ], [ -58.382590032127986, -34.59838600888483 ], [ -58.383180640467316, -34.598757777962206 ], [ -58.383496789637192, -34.599018015326301 ], [ -58.383180640467316, -34.599278251874999 ], [ -58.382940705829462, -34.599650016958719 ], [ -58.383180640467316, -34.599847516482633 ], [ -58.383948431308447, -34.599650016958719 ], [ -58.384716222149571, -34.600101443751832 ], [ -58.384935590961327, -34.600282013782085 ], [ -58.385484012990695, -34.600914005796305 ], [ -58.385484012990695, -34.600914005796305 ], [ -58.385825253364523, -34.601545993001395 ], [ -58.385553812158065, -34.602177975397261 ], [ -58.385484012990695, -34.602235428103874 ], [ -58.384716222149571, -34.602509011875767 ], [ -58.384289671682282, -34.602809952983897 ], [ -58.383948431308447, -34.603090830367577 ], [ -58.383180640467316, -34.603224004657157 ], [ -58.382873524130865, -34.603441925761281 ], [ -58.382412849626192, -34.603821107119202 ], [ -58.382128482647992, -34.604073893729307 ], [ -58.382008749183491, -34.604705856887982 ], [ -58.381645058785061, -34.605005206179257 ], [ -58.381054450445738, -34.605337815237277 ], [ -58.380877267943937, -34.605483651096399 ], [ -58.380237442242986, -34.605969768777115 ], [ -58.380109477102813, -34.606075093899477 ], [ -58.37946965140187, -34.606601717507466 ], [ -58.379341686261675, -34.606707041828258 ], [ -58.37875107792236, -34.607233661428289 ], [ -58.378573895420558, -34.607379493957779 ], [ -58.377806104579435, -34.607865600539576 ], [ -58.377038313738296, -34.607338984947503 ], [ -58.376910348598123, -34.607233661428289 ], [ -58.377038313738296, -34.607128337775492 ], [ -58.377312524752988, -34.606601717507466 ], [ -58.377038313738296, -34.606391068465065 ], [ -58.376270522897173, -34.606269113512056 ], [ -58.375906832498742, -34.605969768777115 ], [ -58.375502732056056, -34.605618684070961 ], [ -58.375161491682213, -34.605337815237277 ], [ -58.374734941214918, -34.604966075614257 ], [ -58.374418792045041, -34.604705856887982 ], [ -58.374734941214918, -34.604445637346267 ], [ -58.374990871495299, -34.604073893729307 ], [ -58.374734941214918, -34.603893331943461 ], [ -58.374036949541164, -34.604073893729307 ], [ -58.373967150373794, -34.604131345124287 ], [ -58.373897351206423, -34.604073893729307 ], [ -58.373199359532663, -34.60367891431288 ], [ -58.372911437967247, -34.603441925761281 ], [ -58.373199359532663, -34.603204936533338 ], [ -58.373455289813037, -34.602809952983897 ], [ -58.373199359532663, -34.602612460504709 ], [ -58.372559533831726, -34.602809952983897 ], [ -58.372431568691539, -34.602915282114118 ], [ -58.372303603551352, -34.602809952983897 ], [ -58.371663777850415, -34.602323816805665 ], [ -58.371486595348607, -34.602177975397261 ], [ -58.371663777850415, -34.602032133732763 ], [ -58.371919708130797, -34.601545993001395 ], [ -58.371663777850415, -34.6013280669222 ], [ -58.370895987009277, -34.60123 ], [ -58.370512091588722, -34.600914005796305 ], [ -58.370895987009277, -34.600282013782085 ], [ -58.370895987009277, -34.600282013782085 ], [ -58.371593978683045, -34.599650016958719 ], [ -58.371663777850415, -34.599592562463592 ], [ -58.372175638411157, -34.599018015326301 ], [ -58.372431568691539, -34.598807347046808 ], [ -58.373129560365292, -34.59838600888483 ], [ -58.373199359532663, -34.598328553515302 ], [ -58.373897351206423, -34.597753997634342 ], [ -58.373967150373794, -34.597696541827652 ], [ -58.374734941214918, -34.597573422108084 ], [ -58.375214810490625, -34.597121981574922 ], [ -58.375502732056056, -34.596884974312829 ], [ -58.375790653621472, -34.597121981574922 ], [ -58.376270522897173, -34.597325858248553 ], [ -58.376510457535026, -34.597121981574922 ], [ -58.376604345002022, -34.596489960706585 ], [ -58.376910348598123, -34.59585793502935 ], [ -58.377038313738296, -34.595752596948977 ], [ -58.377166278878484, -34.59585793502935 ], [ -58.377806104579435, -34.596075875461274 ], [ -58.378070860041895, -34.59585793502935 ], [ -58.37819, -34.595225904543298 ], [ -58.378573895420558, -34.594593869248449 ] ], [ [ -58.377806104579435, -34.596904043887669 ], [ -58.377966061004656, -34.597121981574922 ], [ -58.377806104579435, -34.59725096483475 ], [ -58.377566169941581, -34.597121981574922 ], [ -58.377806104579435, -34.596904043887669 ] ], [ [ -58.379341686261675, -34.596869173804642 ], [ -58.379606441724135, -34.597121981574922 ], [ -58.379341686261675, -34.597268962482993 ], [ -58.379181729836453, -34.597121981574922 ], [ -58.379341686261675, -34.596869173804642 ] ], [ [ -58.376270522897173, -34.598182134813328 ], [ -58.376421070120919, -34.59838600888483 ], [ -58.376270522897173, -34.598514990181819 ], [ -58.376051154085424, -34.59838600888483 ], [ -58.376270522897173, -34.598182134813328 ] ], [ [ -58.377806104579435, -34.59825702738754 ], [ -58.377920700227357, -34.59838600888483 ], [ -58.377806104579435, -34.598478951310163 ], [ -58.377655557355681, -34.59838600888483 ], [ -58.377806104579435, -34.59825702738754 ] ], [ [ -58.379341686261675, -34.59823902995339 ], [ -58.379498378270064, -34.59838600888483 ], [ -58.379341686261675, -34.598489616827734 ], [ -58.379227090613753, -34.59838600888483 ], [ -58.379341686261675, -34.59823902995339 ] ], [ [ -58.380877267943937, -34.598122671448209 ], [ -58.381142023406397, -34.59838600888483 ], [ -58.380877267943937, -34.598529647134711 ], [ -58.380720575935548, -34.59838600888483 ], [ -58.380877267943937, -34.598122671448209 ] ], [ [ -58.380109477102813, -34.599530771735779 ], [ -58.380269433528042, -34.599650016958719 ], [ -58.380109477102813, -34.599741610999217 ], [ -58.379996566685001, -34.599650016958719 ], [ -58.380109477102813, -34.599530771735779 ] ], [ [ -58.374734941214918, -34.600155614802148 ], [ -58.374856812776997, -34.600282013782085 ], [ -58.374734941214918, -34.600377770457008 ], [ -58.374574984789675, -34.600282013782085 ], [ -58.374734941214918, -34.600155614802148 ] ], [ [ -58.376270522897173, -34.600189073374374 ], [ -58.376367711611245, -34.600282013782085 ], [ -58.376270522897173, -34.600355501472677 ], [ -58.3761486513351, -34.600282013782085 ], [ -58.376270522897173, -34.600189073374374 ] ], [ [ -58.377696420173557, -34.599650016958719 ], [ -58.377806104579435, -34.599557075843805 ], [ -58.377895382584207, -34.599650016958719 ], [ -58.377806104579435, -34.599721835021761 ], [ -58.377696420173557, -34.599650016958719 ] ], [ [ -58.373199359532663, -34.600413679181614 ], [ -58.372959424894816, -34.600282013782085 ], [ -58.373199359532663, -34.600071348708624 ], [ -58.373359315957899, -34.600282013782085 ], [ -58.373199359532663, -34.600413679181614 ] ], [ [ -58.378573895420558, -34.600842188764169 ], [ -58.378662147241371, -34.600914005796305 ], [ -58.378573895420558, -34.600974195261145 ], [ -58.378500772483306, -34.600914005796305 ], [ -58.378573895420558, -34.600842188764169 ] ], [ [ -58.380109477102813, -34.600822413048739 ], [ -58.380224072750735, -34.600914005796305 ], [ -58.380109477102813, -34.600986648248409 ], [ -58.380021225281986, -34.600914005796305 ], [ -58.380109477102813, -34.600822413048739 ] ], [ [ -58.380109477102813, -34.602717015405148 ], [ -58.380263035271035, -34.602809952983897 ], [ -58.380109477102813, -34.602936347924128 ], [ -58.379998203067856, -34.602809952983897 ], [ -58.380109477102813, -34.602717015405148 ] ], [ [ -58.383487756803767, -34.602177975397261 ], [ -58.383180640467316, -34.602395899246254 ], [ -58.383017280713887, -34.602177975397261 ], [ -58.383180640467316, -34.60204058832899 ], [ -58.383487756803767, -34.602177975397261 ] ], [ [ -58.374479010934536, -34.602809952983897 ], [ -58.374734941214918, -34.602683557851307 ], [ -58.374894897640161, -34.602809952983897 ], [ -58.374734941214918, -34.60299051712532 ], [ -58.374479010934536, -34.602809952983897 ] ], [ [ -58.37484953686284, -34.601545993001395 ], [ -58.374734941214918, -34.6016723898653 ], [ -58.374578249206529, -34.601545993001395 ], [ -58.374734941214918, -34.601450237673383 ], [ -58.37484953686284, -34.601545993001395 ] ], [ [ -58.376110566471937, -34.602809952983897 ], [ -58.376270522897173, -34.602718362327309 ], [ -58.376385118545102, -34.602809952983897 ], [ -58.376270522897173, -34.602929193498674 ], [ -58.376110566471937, -34.602809952983897 ] ], [ [ -58.376270522897173, -34.601637584950943 ], [ -58.376155927249251, -34.601545993001395 ], [ -58.376270522897173, -34.601472506364182 ], [ -58.376359800901959, -34.601545993001395 ], [ -58.376270522897173, -34.601637584950943 ] ], [ [ -58.377152909386226, -34.604073893729307 ], [ -58.377038313738296, -34.604214330402414 ], [ -58.376878357313068, -34.604073893729307 ], [ -58.377038313738296, -34.603973581674545 ], [ -58.377152909386226, -34.604073893729307 ] ], [ [ -58.376773558275836, -34.605337815237277 ], [ -58.377038313738296, -34.605197380464162 ], [ -58.377198270163539, -34.605337815237277 ], [ -58.377038313738296, -34.605548466951596 ], [ -58.376773558275836, -34.605337815237277 ] ], [ [ -58.378459299772629, -34.604073893729307 ], [ -58.378573895420558, -34.603983612885465 ], [ -58.378727453588773, -34.604073893729307 ], [ -58.378573895420558, -34.604200286745787 ], [ -58.378459299772629, -34.604073893729307 ] ], [ [ -58.378685169455501, -34.602809952983897 ], [ -58.378573895420558, -34.602900235103704 ], [ -58.378484617415765, -34.602809952983897 ], [ -58.378573895420558, -34.602737312126628 ], [ -58.378685169455501, -34.602809952983897 ] ], [ [ -58.373199359532663, -34.601743488016709 ], [ -58.372943429252281, -34.601545993001395 ], [ -58.373199359532663, -34.601414329396924 ], [ -58.373356051541052, -34.601545993001395 ], [ -58.373199359532663, -34.601743488016709 ] ] ], [ [ [ -58.383180640467316, -34.603893331943461 ], [ -58.383400009279072, -34.604073893729307 ], [ -58.383180640467316, -34.604254455122529 ], [ -58.38296127165556, -34.604073893729307 ], [ -58.383180640467316, -34.603893331943461 ] ] ] ] } },
{ "type": "Feature", "properties": { "id": 1, "isomin": 0.0, "isomax": 10.0, "id_punto": "4_35", "sector": 4.0 }, "geometry": { "type": "MultiPolygon", "coordinates": [ [ [ [ -58.376826104579401, -34.595078440419741 ], [ -58.377593895420539, -34.595078440419741 ], [ -58.377663694587902, -34.595135898037363 ], [ -58.378361686261655, -34.595530918082702 ], [ -58.378649607827072, -34.595767929208229 ], [ -58.379129477102794, -34.596162946248043 ], [ -58.37941739866821, -34.59639995557027 ], [ -58.379129477102794, -34.596636964216259 ], [ -58.378910108291038, -34.597031977123443 ], [ -58.379129477102794, -34.597217864900344 ], [ -58.379641337663536, -34.597031977123443 ], [ -58.379897267943917, -34.59682130380672 ], [ -58.380153198224292, -34.597031977123443 ], [ -58.380665058785034, -34.59748341814575 ], [ -58.38088442759679, -34.597663993867698 ], [ -58.380665058785034, -34.597844569197065 ], [ -58.380445689973286, -34.598296005803 ], [ -58.380665058785034, -34.598481890751117 ], [ -58.381176919345798, -34.598296005803 ], [ -58.381432849626172, -34.598085335692225 ], [ -58.381688779906554, -34.598296005803 ], [ -58.382200640467296, -34.598782165557772 ], [ -58.382377822969097, -34.598928012929306 ], [ -58.382541880841124, -34.599560015246588 ], [ -58.38296843130842, -34.599847287437406 ], [ -58.383387226312678, -34.600192012754817 ], [ -58.383309671682262, -34.600824005453902 ], [ -58.383736222149551, -34.601058075603511 ], [ -58.384376047850488, -34.600824005453902 ], [ -58.384504012990675, -34.600718673671352 ], [ -58.384631978130862, -34.600824005453902 ], [ -58.384791934556091, -34.601455993343826 ], [ -58.384573812158045, -34.602087976424578 ], [ -58.384504012990675, -34.602145429193456 ], [ -58.383736222149551, -34.602298636382798 ], [ -58.383480291869176, -34.602087976424578 ], [ -58.38296843130842, -34.601917170660784 ], [ -58.382634609203585, -34.602087976424578 ], [ -58.38296843130842, -34.602403966161496 ], [ -58.383352326728982, -34.602719954696106 ], [ -58.38296843130842, -34.603035942028392 ], [ -58.382488562032712, -34.603351928158354 ], [ -58.382200640467296, -34.603588916966793 ], [ -58.38177409, -34.603983896811265 ], [ -58.381432849626172, -34.604615860654853 ], [ -58.381432849626172, -34.604615860654853 ], [ -58.380665058785034, -34.605247819689012 ], [ -58.379897267943917, -34.604931840773105 ], [ -58.379531653257658, -34.605247819689012 ], [ -58.379306659604588, -34.605879773913763 ], [ -58.379129477102794, -34.606025608821085 ], [ -58.378361686261655, -34.606224474191023 ], [ -58.377935135794367, -34.606511723329028 ], [ -58.377593895420539, -34.606792588192008 ], [ -58.376954069719588, -34.607143667934785 ], [ -58.376826104579401, -34.607248991568142 ], [ -58.376058313738277, -34.607201117205896 ], [ -58.375988514570906, -34.607143667934785 ], [ -58.375694623339839, -34.606511723329028 ], [ -58.375290522897153, -34.606060331380313 ], [ -58.375071154085404, -34.605879773913763 ], [ -58.374856554160864, -34.605247819689012 ], [ -58.374522732056022, -34.605004759091209 ], [ -58.373754941214898, -34.604826514200617 ], [ -58.373499010934516, -34.604615860654853 ], [ -58.373307063224239, -34.603983896811265 ], [ -58.372987150373774, -34.603731109927224 ], [ -58.372219359532643, -34.603562584910343 ], [ -58.371963429252261, -34.603351928158354 ], [ -58.371746872861173, -34.602719954696106 ], [ -58.371451568691519, -34.602432692441596 ], [ -58.371032773687261, -34.602087976424578 ], [ -58.370979082020057, -34.601455993343826 ], [ -58.370683777850381, -34.601221924315709 ], [ -58.369915987009257, -34.601123368738087 ], [ -58.369552296610834, -34.600824005453902 ], [ -58.369915987009257, -34.600524641090637 ], [ -58.370281601695517, -34.600192012754817 ], [ -58.370683777850381, -34.599560015246588 ], [ -58.370683777850381, -34.599560015246588 ], [ -58.371381769524149, -34.598928012929306 ], [ -58.371451568691519, -34.598870557934731 ], [ -58.37152136785889, -34.598928012929306 ], [ -58.372219359532643, -34.599138680902747 ], [ -58.372514663702312, -34.598928012929306 ], [ -58.372219359532643, -34.598353461195018 ], [ -58.372149560365273, -34.598296005803 ], [ -58.372219359532643, -34.598238550371235 ], [ -58.372987150373774, -34.598059001890825 ], [ -58.373371045794329, -34.597663993867698 ], [ -58.373754941214898, -34.597347986096686 ], [ -58.374303363244266, -34.597031977123443 ], [ -58.374522732056022, -34.596851400027525 ], [ -58.374949282523311, -34.59639995557027 ], [ -58.375290522897153, -34.596119055558624 ], [ -58.376058313738277, -34.596083942990361 ], [ -58.376442209158846, -34.595767929208229 ], [ -58.37675630541203, -34.595135898037363 ], [ -58.376826104579401, -34.595078440419741 ] ], [ [ -58.376058313738277, -34.596715966947961 ], [ -58.376236869747842, -34.597031977123443 ], [ -58.376058313738277, -34.597186127992295 ], [ -58.375773946760084, -34.597031977123443 ], [ -58.376058313738277, -34.596715966947961 ] ], [ [ -58.377593895420539, -34.596757185734688 ], [ -58.377813264232287, -34.597031977123443 ], [ -58.377593895420539, -34.597182457736842 ], [ -58.377415339410973, -34.597031977123443 ], [ -58.377593895420539, -34.596757185734688 ] ], [ [ -58.377593895420539, -34.598145527206967 ], [ -58.377736078909628, -34.598296005803 ], [ -58.377593895420539, -34.598401340658015 ], [ -58.377470058188095, -34.598296005803 ], [ -58.377593895420539, -34.598145527206967 ] ], [ [ -58.379129477102794, -34.598110120438868 ], [ -58.379348845914535, -34.598296005803 ], [ -58.379129477102794, -34.598417546008477 ], [ -58.37898729361369, -34.598296005803 ], [ -58.379129477102794, -34.598110120438868 ] ], [ [ -58.376058313738277, -34.598403125993379 ], [ -58.375891402685859, -34.598296005803 ], [ -58.376058313738277, -34.598141856993905 ], [ -58.376182150970713, -34.598296005803 ], [ -58.376058313738277, -34.598403125993379 ] ], [ [ -58.376058313738277, -34.599452896548243 ], [ -58.37615310273101, -34.599560015246588 ], [ -58.376058313738277, -34.599642093116792 ], [ -58.375940192070409, -34.599560015246588 ], [ -58.376058313738277, -34.599452896548243 ] ], [ [ -58.377593895420539, -34.599454681861019 ], [ -58.377699072248085, -34.599560015246588 ], [ -58.377593895420539, -34.599642093116792 ], [ -58.377499106427798, -34.599560015246588 ], [ -58.377593895420539, -34.599454681861019 ] ], [ [ -58.379129477102794, -34.599438476712912 ], [ -58.379269075437534, -34.599560015246588 ], [ -58.379129477102794, -34.599651609386342 ], [ -58.379024300275226, -34.599560015246588 ], [ -58.379129477102794, -34.599438476712912 ] ], [ [ -58.380665058785034, -34.599374132711318 ], [ -58.380890879620665, -34.599560015246588 ], [ -58.380665058785034, -34.599686415132958 ], [ -58.380525460450286, -34.599560015246588 ], [ -58.380665058785034, -34.599374132711318 ] ], [ [ -58.372219359532643, -34.599981347453067 ], [ -58.372397915542201, -34.600192012754817 ], [ -58.372219359532643, -34.600323678297038 ], [ -58.371945148517952, -34.600192012754817 ], [ -58.372219359532643, -34.599981347453067 ] ], [ [ -58.379129477102794, -34.60073241260708 ], [ -58.379234653930347, -34.600824005453902 ], [ -58.379129477102794, -34.600915598199705 ], [ -58.379046021576578, -34.600824005453902 ], [ -58.379129477102794, -34.60073241260708 ] ], [ [ -58.374522732056022, -34.600081136346816 ], [ -58.374626487575092, -34.600192012754817 ], [ -58.374522732056022, -34.600275169963652 ], [ -58.374392598015149, -34.600192012754817 ], [ -58.374522732056022, -34.600081136346816 ] ], [ [ -58.380665058785034, -34.600697607298819 ], [ -58.380807242274138, -34.600824005453902 ], [ -58.380665058785034, -34.600918332309952 ], [ -58.380559881957488, -34.600824005453902 ], [ -58.380665058785034, -34.600697607298819 ] ], [ [ -58.376058313738277, -34.60388196670867 ], [ -58.376184181089279, -34.603983896811265 ], [ -58.376058313738277, -34.604124333636577 ], [ -58.375879757728718, -34.603983896811265 ], [ -58.376058313738277, -34.60388196670867 ] ], [ [ -58.377593895420539, -34.600883627158403 ], [ -58.377517116336421, -34.600824005453902 ], [ -58.377593895420539, -34.600741928751724 ], [ -58.377677350946733, -34.600824005453902 ], [ -58.377593895420539, -34.600883627158403 ] ], [ [ -58.379897267943917, -34.603829758558895 ], [ -58.38040912850466, -34.603983896811265 ], [ -58.379897267943917, -34.604299879334221 ], [ -58.379705320233626, -34.603983896811265 ], [ -58.379897267943917, -34.603829758558895 ] ], [ [ -58.37420281920555, -34.603983896811265 ], [ -58.374522732056022, -34.603840267994279 ], [ -58.374701288065594, -34.603983896811265 ], [ -58.374522732056022, -34.604226960397192 ], [ -58.37420281920555, -34.603983896811265 ] ], [ [ -58.374646569288458, -34.602719954696106 ], [ -58.374522732056022, -34.602863585450741 ], [ -58.374348234137585, -34.602719954696106 ], [ -58.374522732056022, -34.602614625318161 ], [ -58.374646569288458, -34.602719954696106 ] ], [ [ -58.375963524745544, -34.601455993343826 ], [ -58.376058313738277, -34.601390161496361 ], [ -58.376135868368692, -34.601455993343826 ], [ -58.376058313738277, -34.601535991468026 ], [ -58.375963524745544, -34.601455993343826 ] ], [ [ -58.377415339410973, -34.605247819689012 ], [ -58.377593895420539, -34.605085779369524 ], [ -58.37780140645868, -34.605247819689012 ], [ -58.377593895420539, -34.605522582986374 ], [ -58.377415339410973, -34.605247819689012 ] ], [ [ -58.376058313738277, -34.602639957712405 ], [ -58.376154287593415, -34.602719954696106 ], [ -58.376058313738277, -34.602821886224966 ], [ -58.37593447650584, -34.602719954696106 ], [ -58.376058313738277, -34.602639957712405 ] ], [ [ -58.37894221104397, -34.604615860654853 ], [ -58.379129477102794, -34.604457870144827 ], [ -58.379513372523348, -34.604615860654853 ], [ -58.379129477102794, -34.60491679412808 ], [ -58.37894221104397, -34.604615860654853 ] ], [ [ -58.377468028069536, -34.603983896811265 ], [ -58.377593895420539, -34.603874937041823 ], [ -58.377728595568108, -34.603983896811265 ], [ -58.377593895420539, -34.60414593928094 ], [ -58.377468028069536, -34.603983896811265 ] ], [ [ -58.377694920531212, -34.602719954696106 ], [ -58.377593895420539, -34.602828915980993 ], [ -58.377497921565386, -34.602719954696106 ], [ -58.377593895420539, -34.602636799935155 ], [ -58.377694920531212, -34.602719954696106 ] ], [ [ -58.374617521048755, -34.601455993343826 ], [ -58.374522732056022, -34.601561324191266 ], [ -58.374400860493942, -34.601455993343826 ], [ -58.374522732056022, -34.601372837317292 ], [ -58.374617521048755, -34.601455993343826 ] ], [ [ -58.38081861695327, -34.602087976424578 ], [ -58.380665058785034, -34.602216951972629 ], [ -58.380552148367229, -34.602087976424578 ], [ -58.380665058785034, -34.601993650896979 ], [ -58.38081861695327, -34.602087976424578 ] ], [ [ -58.372987150373774, -34.60256581409773 ], [ -58.373161648292204, -34.602719954696106 ], [ -58.372987150373774, -34.602972744658111 ], [ -58.372691846204106, -34.602719954696106 ], [ -58.372987150373774, -34.60256581409773 ] ], [ [ -58.373109021935853, -34.601455993343826 ], [ -58.372987150373774, -34.601610136002087 ], [ -58.37281265245533, -34.601455993343826 ], [ -58.372987150373774, -34.601347030257656 ], [ -58.373109021935853, -34.601455993343826 ] ] ] ] } },
{ "type": "Feature", "properties": { "id": 1, "isomin": 0.0, "isomax": 10.0, "id_punto": "4_36", "sector": 4.0 }, "geometry": { "type": "MultiPolygon", "coordinates": [ [ [ [ -58.379863895420527, -34.594473859660788 ], [ -58.380631686261651, -34.594960041786003 ], [ -58.380808868763459, -34.595105895868713 ], [ -58.380631686261651, -34.595251749695322 ], [ -58.380366930799191, -34.595737927267841 ], [ -58.380631686261651, -34.59593543609391 ], [ -58.381399477102775, -34.596109708197467 ], [ -58.382167267943906, -34.596312497094118 ], [ -58.382237067111276, -34.596369953858172 ], [ -58.382551163364461, -34.597001975639614 ], [ -58.38293505878503, -34.597373750911714 ], [ -58.383251207954906, -34.597633992612124 ], [ -58.383702849626168, -34.598208549323189 ], [ -58.383772648793538, -34.598266004775716 ], [ -58.384470640467292, -34.59863777439022 ], [ -58.384786789637161, -34.598898012130306 ], [ -58.385238431308409, -34.599230645648497 ], [ -58.385602121706846, -34.599530014675878 ], [ -58.385622326728978, -34.600162012412369 ], [ -58.386006222149547, -34.600513120187976 ], [ -58.386347462523375, -34.600794005339736 ], [ -58.386774012990671, -34.601245425914946 ], [ -58.386993381802419, -34.60142599345798 ], [ -58.386843812158041, -34.602057976767021 ], [ -58.386774012990671, -34.602115429556633 ], [ -58.3867042138233, -34.602057976767021 ], [ -58.386006222149547, -34.601814906832658 ], [ -58.385732011134856, -34.602057976767021 ], [ -58.386006222149547, -34.602452963892986 ], [ -58.386294143714963, -34.602689955266833 ], [ -58.386006222149547, -34.60292694596437 ], [ -58.385526352873839, -34.603321928957364 ], [ -58.385238431308409, -34.603558917851402 ], [ -58.384950509742993, -34.603321928957364 ], [ -58.384470640467292, -34.603087865188279 ], [ -58.384175336297631, -34.603321928957364 ], [ -58.384470640467292, -34.603953897838572 ], [ -58.383702849626168, -34.604190884929125 ], [ -58.383298749183467, -34.604585861910444 ], [ -58.38293505878503, -34.605217821172914 ], [ -58.38293505878503, -34.605217821172914 ], [ -58.382167267943906, -34.605478038294862 ], [ -58.38165540738315, -34.605849775625977 ], [ -58.381399477102775, -34.606060426041537 ], [ -58.380701485429022, -34.606481725269532 ], [ -58.380631686261651, -34.606539174998638 ], [ -58.380561887094281, -34.606481725269532 ], [ -58.379863895420527, -34.606271075922741 ], [ -58.379556779084076, -34.606481725269532 ], [ -58.379863895420527, -34.607008346298578 ], [ -58.379991860560708, -34.60711367010358 ], [ -58.379863895420527, -34.607218993775021 ], [ -58.379096104579396, -34.607745610128092 ], [ -58.37877995540952, -34.60711367010358 ], [ -58.378328313738272, -34.60681274459197 ], [ -58.377560522897149, -34.606481725269532 ], [ -58.377560522897149, -34.606481725269532 ], [ -58.377244373727272, -34.605849775625977 ], [ -58.377560522897149, -34.60558955966895 ], [ -58.377752470607426, -34.605217821172914 ], [ -58.377560522897149, -34.605013963871812 ], [ -58.376862531223381, -34.605217821172914 ], [ -58.37679273205601, -34.605275271776492 ], [ -58.37672293288864, -34.605217821172914 ], [ -58.376024941214894, -34.604731699090209 ], [ -58.375847758713086, -34.604585861910444 ], [ -58.376024941214894, -34.604440024474584 ], [ -58.376280871495268, -34.603953897838572 ], [ -58.376024941214894, -34.603743242079219 ], [ -58.375620840772193, -34.603953897838572 ], [ -58.37525715037377, -34.604253249840539 ], [ -58.374893459975333, -34.603953897838572 ], [ -58.374489359532632, -34.60342725743822 ], [ -58.374361394392444, -34.603321928957364 ], [ -58.374489359532632, -34.603216600342904 ], [ -58.374745289813013, -34.602689955266833 ], [ -58.374489359532632, -34.602455889716531 ], [ -58.373849533831688, -34.602689955266833 ], [ -58.373721568691508, -34.602795284549231 ], [ -58.373593603551321, -34.602689955266833 ], [ -58.37338032831768, -34.602057976767021 ], [ -58.373201452315264, -34.60142599345798 ], [ -58.372953777850377, -34.601162665659814 ], [ -58.37231395214944, -34.60142599345798 ], [ -58.372185987009253, -34.601531324343462 ], [ -58.372058021869066, -34.60142599345798 ], [ -58.371930056728878, -34.600794005339736 ], [ -58.372185987009253, -34.600583341564956 ], [ -58.372953777850377, -34.600162012412369 ], [ -58.372953777850377, -34.600162012412369 ], [ -58.372953777850377, -34.599530014675878 ], [ -58.373721568691508, -34.599198966323193 ], [ -58.374105464112063, -34.598898012130306 ], [ -58.374489359532632, -34.598582009054148 ], [ -58.374915909999928, -34.598266004775716 ], [ -58.37525715037377, -34.597985111074493 ], [ -58.375598390747598, -34.598266004775716 ], [ -58.376024941214894, -34.598469878641346 ], [ -58.376250762050525, -34.598266004775716 ], [ -58.376024941214894, -34.597691448462093 ], [ -58.375955142047523, -34.597633992612124 ], [ -58.376024941214894, -34.597576536722435 ], [ -58.376615549554224, -34.597001975639614 ], [ -58.37679273205601, -34.596856124886102 ], [ -58.376969914557819, -34.597001975639614 ], [ -58.377560522897149, -34.597212648498108 ], [ -58.37781645317753, -34.597001975639614 ], [ -58.377560522897149, -34.596427410582464 ], [ -58.377490723729778, -34.596369953858172 ], [ -58.377560522897149, -34.596312497094118 ], [ -58.378151131236464, -34.595737927267841 ], [ -58.378328313738272, -34.595592074294871 ], [ -58.378505496240074, -34.595737927267841 ], [ -58.379096104579396, -34.595948603332261 ], [ -58.379360860041857, -34.595737927267841 ], [ -58.379096104579396, -34.595105895868713 ], [ -58.379863895420527, -34.594473859660788 ] ], [ [ -58.379096104579396, -34.596791302246778 ], [ -58.379256061004632, -34.597001975639614 ], [ -58.379096104579396, -34.597130959085789 ], [ -58.378840174299015, -34.597001975639614 ], [ -58.379096104579396, -34.596791302246778 ] ], [ [ -58.377560522897149, -34.598055334588864 ], [ -58.377714081065371, -34.598266004775716 ], [ -58.377560522897149, -34.598392406631362 ], [ -58.377334702061518, -34.598266004775716 ], [ -58.377560522897149, -34.598055334588864 ] ], [ [ -58.379096104579396, -34.598137023092072 ], [ -58.379210700227333, -34.598266004775716 ], [ -58.379096104579396, -34.598356291835103 ], [ -58.378942546411174, -34.598266004775716 ], [ -58.379096104579396, -34.598137023092072 ] ], [ [ -58.380631686261651, -34.598134335971544 ], [ -58.380795046015081, -34.598266004775716 ], [ -58.380631686261651, -34.598360334536942 ], [ -58.380517090613729, -34.598266004775716 ], [ -58.380631686261651, -34.598134335971544 ] ], [ [ -58.376024941214894, -34.599326143412426 ], [ -58.376169807411337, -34.599530014675878 ], [ -58.376024941214894, -34.5996564146079 ], [ -58.375811665981239, -34.599530014675878 ], [ -58.376024941214894, -34.599326143412426 ] ], [ [ -58.377560522897149, -34.599403614551477 ], [ -58.377671796932091, -34.599530014675878 ], [ -58.377560522897149, -34.599621608848707 ], [ -58.377415656700705, -34.599530014675878 ], [ -58.377560522897149, -34.599403614551477 ] ], [ [ -58.379096104579396, -34.599439728892357 ], [ -58.379184356400224, -34.599530014675878 ], [ -58.379096104579396, -34.599603503031865 ], [ -58.378984830544447, -34.599530014675878 ], [ -58.379096104579396, -34.599439728892357 ] ], [ [ -58.380631686261651, -34.599435686243055 ], [ -58.380748018207278, -34.599530014675878 ], [ -58.380631686261651, -34.599606159236281 ], [ -58.380543434440838, -34.599530014675878 ], [ -58.380631686261651, -34.599435686243055 ] ], [ [ -58.38293505878503, -34.599367963199562 ], [ -58.383209269799721, -34.599530014675878 ], [ -58.38293505878503, -34.599647051656575 ], [ -58.382778366776641, -34.599530014675878 ], [ -58.38293505878503, -34.599367963199562 ] ], [ [ -58.377560522897149, -34.600702412459839 ], [ -58.377653027817757, -34.600794005339736 ], [ -58.377560522897149, -34.60087107731897 ], [ -58.377445927249212, -34.600794005339736 ], [ -58.377560522897149, -34.600702412459839 ] ], [ [ -58.379096104579396, -34.60072051803715 ], [ -58.379168537677614, -34.600794005339736 ], [ -58.379096104579396, -34.60086269993338 ], [ -58.379003599658787, -34.600794005339736 ], [ -58.379096104579396, -34.60072051803715 ] ], [ [ -58.374489359532632, -34.599936299487119 ], [ -58.374676625591441, -34.600162012412369 ], [ -58.374489359532632, -34.600308987940927 ], [ -58.374194055362977, -34.600162012412369 ], [ -58.374489359532632, -34.599936299487119 ] ], [ [ -58.380631686261651, -34.600717861868354 ], [ -58.380726475254384, -34.600794005339736 ], [ -58.380631686261651, -34.600860530631302 ], [ -58.380559253163426, -34.600794005339736 ], [ -58.380631686261651, -34.600717861868354 ] ], [ [ -58.375769010934512, -34.602689955266833 ], [ -58.376024941214894, -34.602555492158992 ], [ -58.376181633223283, -34.602689955266833 ], [ -58.376024941214894, -34.602900613698026 ], [ -58.375769010934512, -34.602689955266833 ] ], [ [ -58.377717214905537, -34.603953897838572 ], [ -58.377560522897149, -34.604157757742072 ], [ -58.377304592616774, -34.603953897838572 ], [ -58.377560522897149, -34.603824924988118 ], [ -58.377717214905537, -34.603953897838572 ] ], [ [ -58.377560522897149, -34.602594201257801 ], [ -58.377673433314961, -34.602689955266833 ], [ -58.377560522897149, -34.60281892987998 ], [ -58.37740383088876, -34.602689955266833 ], [ -58.377560522897149, -34.602594201257801 ] ], [ [ -58.379096104579396, -34.604492926319132 ], [ -58.379259464332819, -34.604585861910444 ], [ -58.379096104579396, -34.604720321730788 ], [ -58.378904156869119, -34.604585861910444 ], [ -58.379096104579396, -34.604492926319132 ] ], [ [ -58.379863895420527, -34.605083362158169 ], [ -58.380119825700909, -34.605217821172914 ], [ -58.379863895420527, -34.605428473191651 ], [ -58.379700535667105, -34.605217821172914 ], [ -58.379863895420527, -34.605083362158169 ] ], [ [ -58.379863895420527, -34.604088358682183 ], [ -58.379750985002723, -34.603953897838572 ], [ -58.379863895420527, -34.603860961540029 ], [ -58.380046702763657, -34.603953897838572 ], [ -58.379863895420527, -34.604088358682183 ] ], [ [ -58.38293505878503, -34.601959229692 ], [ -58.383113614794595, -34.602057976767021 ], [ -58.38293505878503, -34.602195363806516 ], [ -58.382815091466107, -34.602057976767021 ], [ -58.38293505878503, -34.601959229692 ] ], [ [ -58.376024941214894, -34.601325678204745 ], [ -58.376139536862816, -34.60142599345798 ], [ -58.376024941214894, -34.601560458394587 ], [ -58.375868249206505, -34.60142599345798 ], [ -58.376024941214894, -34.601325678204745 ] ], [ [ -58.380631686261651, -34.6021400521686 ], [ -58.38055170804904, -34.602057976767021 ], [ -58.380631686261651, -34.601991452434639 ], [ -58.380730120984872, -34.602057976767021 ], [ -58.380631686261651, -34.6021400521686 ] ], [ [ -58.374489359532632, -34.601660061910955 ], [ -58.374241685067759, -34.60142599345798 ], [ -58.374489359532632, -34.601279019906151 ], [ -58.374646051541021, -34.60142599345798 ], [ -58.374489359532632, -34.601660061910955 ] ] ] ] } }
]
}
