{
"type": "FeatureCollection",
"name": "isocronas05_sp",
"crs": { "type": "name", "properties": { "name": "urn:ogc:def:crs:OGC:1.3:CRS84" } },
"features": [
{ "type": "Feature", "properties": { "id": 1, "isomin": 0.0, "isomax": 5.0, "id_punto": "1_1", "sector": 1.0 }, "geometry": { "type": "MultiPolygon", "coordinates": [ [ [ [ -58.385032470607499, -34.585726965569975 ], [ -58.385416366028011, -34.585779640982793 ], [ -58.385416366028011, -34.585779640982793 ], [ -58.385800261448622, -34.586095692758491 ], [ -58.385800261448622, -34.586095692758491 ], [ -58.385800261448622, -34.586095692758491 ], [ -58.386184156869135, -34.586043017546011 ], [ -58.386568052289739, -34.585945984172476 ], [ -58.386749897488947, -34.586095692758491 ], [ -58.386769140367157, -34.586411743332057 ], [ -58.386568052289739, -34.586577293152807 ], [ -58.386458367883868, -34.586727792703634 ], [ -58.386568052289739, -34.586803042376836 ], [ -58.386860544038719, -34.587043840873115 ], [ -58.386951947710273, -34.58710968409045 ], [ -58.387335843130877, -34.587111085009397 ], [ -58.387427246802432, -34.587043840873115 ], [ -58.387719738551397, -34.586803042376836 ], [ -58.387847703691598, -34.586727792703634 ], [ -58.387719738551397, -34.586590380081105 ], [ -58.387502754183281, -34.586411743332057 ], [ -58.387335843130877, -34.586201043083236 ], [ -58.387207877990676, -34.586095692758491 ], [ -58.38724725187997, -34.585779640982793 ], [ -58.387335843130877, -34.585706705786947 ], [ -58.387424434381764, -34.585779640982793 ], [ -58.387719738551397, -34.585945984172476 ], [ -58.38790158375064, -34.586095692758491 ], [ -58.388103633972001, -34.58621274866664 ], [ -58.388345345903438, -34.586411743332057 ], [ -58.388487529392528, -34.586517093256155 ], [ -58.388641087560764, -34.586411743332057 ], [ -58.388871424813132, -34.586222113132159 ], [ -58.389166728982758, -34.586095692758491 ], [ -58.389255320233652, -34.585779640982793 ], [ -58.389639215654256, -34.586022757840034 ], [ -58.389727806905157, -34.586095692758491 ], [ -58.389639215654256, -34.586168627612928 ], [ -58.389456408311119, -34.586411743332057 ], [ -58.38942594042058, -34.586727792703634 ], [ -58.389639215654256, -34.586991166261662 ], [ -58.389703198224346, -34.587043840873115 ], [ -58.389639215654256, -34.587096515451151 ], [ -58.389343911484559, -34.58735988784057 ], [ -58.389383285373853, -34.587675933605851 ], [ -58.389319302803756, -34.587991978169164 ], [ -58.389255320233652, -34.588044652146159 ], [ -58.388871424813132, -34.588176336942595 ], [ -58.388743459672931, -34.58830802153031 ], [ -58.388729241324022, -34.588624063689451 ], [ -58.388871424813132, -34.588774559533149 ], [ -58.389255320233652, -34.588624063689451 ], [ -58.389343911484559, -34.588940104646426 ], [ -58.389365004639544, -34.589256144401354 ], [ -58.38929021981734, -34.5895721829541 ], [ -58.389255320233652, -34.589600913672022 ], [ -58.38922042064997, -34.5895721829541 ], [ -58.388871424813132, -34.589361490719156 ], [ -58.388487529392528, -34.589308817576949 ], [ -58.388423546822438, -34.589256144401354 ], [ -58.38826359039723, -34.588940104646426 ], [ -58.38824581746109, -34.588624063689451 ], [ -58.388103633972001, -34.58853111023803 ], [ -58.387961450482884, -34.588624063689451 ], [ -58.387719738551397, -34.588823052580281 ], [ -58.387595901318967, -34.588940104646426 ], [ -58.387591773411216, -34.589256144401354 ], [ -58.387719738551397, -34.589387827277747 ], [ -58.388103633972001, -34.589519509945447 ], [ -58.388167616542091, -34.5895721829541 ], [ -58.388231599112174, -34.589888220304836 ], [ -58.388487529392528, -34.590204256453369 ], [ -58.388103633972001, -34.590277187701567 ], [ -58.387719738551397, -34.590277187701567 ], [ -58.387335843130877, -34.590204256453369 ], [ -58.387527790841141, -34.589888220304836 ], [ -58.387335843130877, -34.589771169574377 ], [ -58.387094131199383, -34.5895721829541 ], [ -58.386951947710273, -34.589476413822659 ], [ -58.386804295625446, -34.5895721829541 ], [ -58.386568052289739, -34.589766667619905 ], [ -58.386293841275027, -34.589888220304836 ], [ -58.386219056452831, -34.590204256453369 ], [ -58.386184156869135, -34.590232986952742 ], [ -58.38614925728546, -34.590204256453369 ], [ -58.385800261448622, -34.589993565821246 ], [ -58.385416366028011, -34.589940893079735 ], [ -58.385352383457928, -34.589888220304836 ], [ -58.385192427032713, -34.5895721829541 ], [ -58.385160435747672, -34.589256144401354 ], [ -58.385032470607499, -34.589163191657029 ], [ -58.384648575186894, -34.589157382107068 ], [ -58.384511469679566, -34.589256144401354 ], [ -58.38426467976636, -34.589459312180409 ], [ -58.384062629544999, -34.5895721829541 ], [ -58.383880784345756, -34.589721885006924 ], [ -58.383531788508918, -34.589888220304836 ], [ -58.383496888925237, -34.589916950913469 ], [ -58.383112993504632, -34.589916950913469 ], [ -58.383078093920957, -34.589888220304836 ], [ -58.383112993504632, -34.589859489686276 ], [ -58.383387204519352, -34.5895721829541 ], [ -58.383496888925237, -34.589256144401354 ], [ -58.383496888925237, -34.589256144401354 ], [ -58.383880784345756, -34.589077513383231 ], [ -58.38426467976636, -34.589052976125465 ], [ -58.384384647085277, -34.588940104646426 ], [ -58.384384647085277, -34.588624063689451 ], [ -58.38426467976636, -34.58850250915512 ], [ -58.384028436430604, -34.58830802153031 ], [ -58.383880784345756, -34.58814168306904 ], [ -58.383698939146562, -34.587991978169164 ], [ -58.383752819205583, -34.587675933605851 ], [ -58.383880784345756, -34.587570585150992 ], [ -58.384008749485957, -34.587675933605851 ], [ -58.38426467976636, -34.587819590374572 ], [ -58.384474077268472, -34.587991978169164 ], [ -58.384648575186894, -34.588100958774319 ], [ -58.384900092876251, -34.58830802153031 ], [ -58.385032470607499, -34.588391190636095 ], [ -58.385117780700938, -34.58830802153031 ], [ -58.385416366028011, -34.588062210131085 ], [ -58.385493145112143, -34.587991978169164 ], [ -58.385416366028011, -34.587918479540775 ], [ -58.385121748612271, -34.587675933605851 ], [ -58.385128444462623, -34.58735988784057 ], [ -58.385032470607499, -34.587264116159183 ], [ -58.38488481852265, -34.58735988784057 ], [ -58.384648575186894, -34.58755437768454 ], [ -58.38426467976636, -34.587538522551263 ], [ -58.384047695398195, -34.58735988784057 ], [ -58.38426467976636, -34.587181252745786 ], [ -58.384431590818764, -34.587043840873115 ], [ -58.384584592616804, -34.586727792703634 ], [ -58.384648575186894, -34.586675117891858 ], [ -58.384888509824769, -34.586411743332057 ], [ -58.384888509824769, -34.586095692758491 ], [ -58.384968488037394, -34.585779640982793 ], [ -58.385032470607499, -34.585726965569975 ] ], [ [ -58.385800261448622, -34.586945075949274 ], [ -58.385901286559282, -34.587043840873115 ], [ -58.386184156869135, -34.587276717702501 ], [ -58.386269466962609, -34.58735988784057 ], [ -58.386250345734766, -34.587675933605851 ], [ -58.386184156869135, -34.587732370223179 ], [ -58.386102476992427, -34.587675933605851 ], [ -58.385800261448622, -34.587427131721086 ], [ -58.38570428759347, -34.58735988784057 ], [ -58.385687351030796, -34.587043840873115 ], [ -58.385800261448622, -34.586945075949274 ] ], [ [ -58.388103633972001, -34.587274469859778 ], [ -58.388487529392528, -34.587250906263435 ], [ -58.388662027310986, -34.58735988784057 ], [ -58.388670336735672, -34.587675933605851 ], [ -58.388487529392528, -34.587792987287997 ], [ -58.38824581746109, -34.587991978169164 ], [ -58.388103633972001, -34.588084932223701 ], [ -58.388010000942593, -34.587991978169164 ], [ -58.387719738551397, -34.587753017756533 ], [ -58.387639760338793, -34.587675933605851 ], [ -58.387719738551397, -34.587604105128406 ], [ -58.388016385012769, -34.58735988784057 ], [ -58.388103633972001, -34.587274469859778 ] ], [ [ -58.385672296308421, -34.589256144401354 ], [ -58.385676424216172, -34.588940104646426 ], [ -58.38570885777704, -34.588624063689451 ], [ -58.385800261448622, -34.588559565387271 ], [ -58.386184156869135, -34.588562094733383 ], [ -58.386269466962609, -34.588624063689451 ], [ -58.386568052289739, -34.588869873426518 ], [ -58.386664026144878, -34.588940104646426 ], [ -58.386568052289739, -34.58904545136496 ], [ -58.386312122009336, -34.589256144401354 ], [ -58.386184156869135, -34.589399798438002 ], [ -58.385800261448622, -34.589406639100204 ], [ -58.385672296308421, -34.589256144401354 ] ], [ [ -58.386866637616819, -34.588624063689451 ], [ -58.386871969497669, -34.58830802153031 ], [ -58.386886880689836, -34.587991978169164 ], [ -58.386951947710273, -34.58793345148888 ], [ -58.387039196669498, -34.587991978169164 ], [ -58.387335843130877, -34.588236193599251 ], [ -58.387436868241537, -34.58830802153031 ], [ -58.387335843130877, -34.588420893867998 ], [ -58.387089053217636, -34.588624063689451 ], [ -58.386951947710273, -34.588703074041376 ], [ -58.386866637616819, -34.588624063689451 ] ] ] ] } },
{ "type": "Feature", "properties": { "id": 1, "isomin": 0.0, "isomax": 5.0, "id_punto": "1_2", "sector": 1.0 }, "geometry": { "type": "MultiPolygon", "coordinates": [ [ [ [ -58.385878575186936, -34.587850992825317 ], [ -58.386262470607434, -34.587830733560132 ], [ -58.386646366028053, -34.587903666891698 ], [ -58.386444315806678, -34.588219710588731 ], [ -58.386646366028053, -34.588341265536791 ], [ -58.386882609363759, -34.588535753083768 ], [ -58.387030261448572, -34.588634516116933 ], [ -58.387414156869177, -34.588644732975716 ], [ -58.387567715037399, -34.588535753083768 ], [ -58.387688367883833, -34.588219710588731 ], [ -58.387763152706015, -34.587903666891698 ], [ -58.387798052289696, -34.587874935586903 ], [ -58.387832951873385, -34.587903666891698 ], [ -58.388181947710315, -34.588089575094372 ], [ -58.388565843130827, -34.587903666891698 ], [ -58.388675527536705, -34.588219710588731 ], [ -58.388796180383189, -34.588535753083768 ], [ -58.388949738551439, -34.58863770201927 ], [ -58.389333633971951, -34.588648625112079 ], [ -58.389508131890409, -34.588535753083768 ], [ -58.389628938141662, -34.588219710588731 ], [ -58.38971752939257, -34.587903666891698 ], [ -58.390101424813075, -34.588114362823312 ], [ -58.390485320233694, -34.588190979393218 ], [ -58.390520219817375, -34.588219710588731 ], [ -58.390485320233694, -34.588535753083768 ], [ -58.390485320233694, -34.588535753083768 ], [ -58.390101424813075, -34.588626050718673 ], [ -58.389947866644867, -34.58885179437663 ], [ -58.38971752939257, -34.589041418575384 ], [ -58.389589564252368, -34.589167834467474 ], [ -58.38971752939257, -34.589299517483866 ], [ -58.389941468387875, -34.589483873356222 ], [ -58.390101424813075, -34.589596744096561 ], [ -58.390275922731533, -34.589483873356222 ], [ -58.390485320233694, -34.589311488656818 ], [ -58.390780624403313, -34.589167834467474 ], [ -58.390869215654213, -34.58885179437663 ], [ -58.391253111074818, -34.58913910359982 ], [ -58.391288010658492, -34.589167834467474 ], [ -58.391253111074818, -34.58919656532521 ], [ -58.391039835841148, -34.589483873356222 ], [ -58.390869215654213, -34.589624334698648 ], [ -58.390715657485991, -34.589799911042768 ], [ -58.390485320233694, -34.589989533077727 ], [ -58.390357355093492, -34.590115947527295 ], [ -58.390485320233694, -34.590253354319486 ], [ -58.39070230460181, -34.590431982809598 ], [ -58.390869215654213, -34.590629504250664 ], [ -58.391013176436935, -34.590748016889883 ], [ -58.391013176436935, -34.591064049767965 ], [ -58.390869215654213, -34.591182561787328 ], [ -58.39070230460181, -34.59138008144398 ], [ -58.390485320233694, -34.591558707511652 ], [ -58.390352942502446, -34.591696111917791 ], [ -58.390485320233694, -34.591833516096685 ], [ -58.39070230460181, -34.592012141189507 ], [ -58.390869215654213, -34.592209658873855 ], [ -58.391013176436935, -34.592328169259027 ], [ -58.391253111074818, -34.592644196126471 ], [ -58.390869215654213, -34.592717125232831 ], [ -58.390780624403313, -34.592644196126471 ], [ -58.390485320233694, -34.592486182843032 ], [ -58.390293372523388, -34.592328169259027 ], [ -58.390101424813075, -34.592206620143791 ], [ -58.389845494532736, -34.592328169259027 ], [ -58.389781511962646, -34.592644196126471 ], [ -58.38971752939257, -34.592696867154146 ], [ -58.389653546822473, -34.592644196126471 ], [ -58.389333633971951, -34.592468625792961 ], [ -58.389013721121522, -34.592644196126471 ], [ -58.388949738551439, -34.592696867154146 ], [ -58.388885755981335, -34.592644196126471 ], [ -58.388565843130827, -34.592486182843032 ], [ -58.388373895420564, -34.592328169259027 ], [ -58.388181947710315, -34.592206620143791 ], [ -58.387999140367164, -34.592328169259027 ], [ -58.387956126874656, -34.592644196126471 ], [ -58.387798052289696, -34.592960221791664 ], [ -58.387798052289696, -34.592960221791664 ], [ -58.387414156869177, -34.592988951337993 ], [ -58.387379257285502, -34.592960221791664 ], [ -58.387030261448572, -34.592717125232831 ], [ -58.386646366028053, -34.592644196126471 ], [ -58.386646366028053, -34.592644196126471 ], [ -58.386582383457956, -34.592328169259027 ], [ -58.386646366028053, -34.592275497997591 ], [ -58.387030261448572, -34.592209658873855 ], [ -58.387197172501011, -34.592012141189507 ], [ -58.387414156869177, -34.591833516096685 ], [ -58.387542122009357, -34.591696111917791 ], [ -58.387414156869177, -34.591569699872515 ], [ -58.387183819616816, -34.59138008144398 ], [ -58.387030261448572, -34.591278135873374 ], [ -58.386646366028053, -34.591274737685545 ], [ -58.386479454975614, -34.59138008144398 ], [ -58.386390435747636, -34.591696111917791 ], [ -58.386326453177539, -34.592012141189507 ], [ -58.386262470607434, -34.592064812617906 ], [ -58.386198488037358, -34.592012141189507 ], [ -58.385878575186936, -34.59181462303556 ], [ -58.385494679766317, -34.591769041856416 ], [ -58.385406088515417, -34.591696111917791 ], [ -58.385494679766317, -34.591623181915146 ], [ -58.38572050060197, -34.59138008144398 ], [ -58.385494679766317, -34.591092779969998 ], [ -58.385459780182636, -34.591064049767965 ], [ -58.385494679766317, -34.591035319555985 ], [ -58.385878575186936, -34.59097375478261 ], [ -58.386262470607434, -34.590869568139112 ], [ -58.386378802553089, -34.590748016889883 ], [ -58.386390435747636, -34.590431982809598 ], [ -58.386262470607434, -34.590310430920212 ], [ -58.386026227271742, -34.590115947527295 ], [ -58.385878575186936, -34.589918424865331 ], [ -58.385734614404193, -34.589799911042768 ], [ -58.385494679766317, -34.589483873356222 ], [ -58.385878575186936, -34.589410941411664 ], [ -58.386262470607434, -34.589299517483866 ], [ -58.386390435747636, -34.589167834467474 ], [ -58.386390435747636, -34.58885179437663 ], [ -58.386262470607434, -34.588714385266584 ], [ -58.386045486239325, -34.588535753083768 ], [ -58.385878575186936, -34.588292643578903 ], [ -58.385789983936021, -34.588219710588731 ], [ -58.385814592616832, -34.587903666891698 ], [ -58.385878575186936, -34.587850992825317 ] ], [ [ -58.387798052289696, -34.588725378003744 ], [ -58.388181947710315, -34.588701298672802 ], [ -58.388319053217643, -34.58885179437663 ], [ -58.388280382433521, -34.589167834467474 ], [ -58.388181947710315, -34.589238065435538 ], [ -58.387883362383171, -34.589483873356222 ], [ -58.387798052289696, -34.589547080989696 ], [ -58.387714596763495, -34.589483873356222 ], [ -58.387702078434572, -34.589167834467474 ], [ -58.387665674558484, -34.58885179437663 ], [ -58.387798052289696, -34.588725378003744 ] ], [ [ -58.388949738551439, -34.589393576653521 ], [ -58.389091922040528, -34.589483873356222 ], [ -58.389333633971951, -34.589682860187906 ], [ -58.389475817461069, -34.589799911042768 ], [ -58.389443318377843, -34.590115947527295 ], [ -58.389333633971951, -34.590191194132103 ], [ -58.389041142222986, -34.590431982809598 ], [ -58.388949738551439, -34.59049782334214 ], [ -58.388882388477647, -34.590431982809598 ], [ -58.388565843130827, -34.590171392400606 ], [ -58.38849849305705, -34.590115947527295 ], [ -58.388485864918216, -34.589799911042768 ], [ -58.388565843130827, -34.589724664083576 ], [ -58.388858334879856, -34.589483873356222 ], [ -58.388949738551439, -34.589393576653521 ] ], [ [ -58.386646366028053, -34.589682860187906 ], [ -58.386888077959483, -34.589483873356222 ], [ -58.387030261448572, -34.589396084896578 ], [ -58.387113716974802, -34.589483873356222 ], [ -58.387414156869177, -34.589731207300126 ], [ -58.387490935953295, -34.589799911042768 ], [ -58.387414156869177, -34.589867152948671 ], [ -58.387111941325294, -34.590115947527295 ], [ -58.387030261448572, -34.590194956460564 ], [ -58.386646366028053, -34.590221292754961 ], [ -58.386498713943205, -34.590115947527295 ], [ -58.386454418317754, -34.589799911042768 ], [ -58.386646366028053, -34.589682860187906 ] ], [ [ -58.387798052289696, -34.591173026343768 ], [ -58.387660946782368, -34.591064049767965 ], [ -58.387414156869177, -34.590860885912925 ], [ -58.387301246451358, -34.590748016889883 ], [ -58.387414156869177, -34.590674520699423 ], [ -58.387708774284917, -34.590431982809598 ], [ -58.387798052289696, -34.590368775849306 ], [ -58.387862034859793, -34.590431982809598 ], [ -58.388181947710315, -34.590695344626646 ], [ -58.388254380808526, -34.590748016889883 ], [ -58.388269196669519, -34.591064049767965 ], [ -58.388181947710315, -34.591149463853007 ], [ -58.387798052289696, -34.591173026343768 ] ], [ [ -58.388437877990654, -34.591696111917791 ], [ -58.388565843130827, -34.59161710441203 ], [ -58.38880577776871, -34.591696111917791 ], [ -58.388949738551439, -34.59181462303556 ], [ -58.389116649603835, -34.592012141189507 ], [ -58.388949738551439, -34.592209658873855 ], [ -58.388782827498993, -34.592012141189507 ], [ -58.388565843130827, -34.591833516096685 ], [ -58.388437877990654, -34.591696111917791 ] ], [ [ -58.389045712406563, -34.59138008144398 ], [ -58.388949738551439, -34.59157760063097 ], [ -58.388853764696286, -34.59138008144398 ], [ -58.388949738551439, -34.591311379007976 ], [ -58.389045712406563, -34.59138008144398 ] ], [ [ -58.390101424813075, -34.591185600554844 ], [ -58.38971752939257, -34.591149463853007 ], [ -58.389628251387769, -34.591064049767965 ], [ -58.389632219299095, -34.590748016889883 ], [ -58.38971752939257, -34.590666982624938 ], [ -58.390101424813075, -34.590626465462819 ], [ -58.390293372523388, -34.590748016889883 ], [ -58.39030347503445, -34.591064049767965 ], [ -58.390101424813075, -34.591185600554844 ] ] ], [ [ [ -58.385494679766317, -34.59006327486334 ], [ -58.385558662336415, -34.590115947527295 ], [ -58.385494679766317, -34.590168620157826 ], [ -58.385430697196227, -34.590115947527295 ], [ -58.385494679766317, -34.59006327486334 ] ] ] ] } },
{ "type": "Feature", "properties": { "id": 1, "isomin": 0.0, "isomax": 5.0, "id_punto": "1_3", "sector": 1.0 }, "geometry": { "type": "MultiPolygon", "coordinates": [ [ [ [ -58.391622557756975, -34.589419744822834 ], [ -58.391686540327079, -34.589735782753316 ], [ -58.391942470607482, -34.589886276583442 ], [ -58.392143558684893, -34.590051819481758 ], [ -58.392326366027994, -34.590160797385217 ], [ -58.392577883717365, -34.59036785500799 ], [ -58.392710261448599, -34.590455642440851 ], [ -58.393094156869132, -34.590455642440851 ], [ -58.39322653460038, -34.59036785500799 ], [ -58.393478052289737, -34.590160797385217 ], [ -58.39367, -34.590051819481758 ], [ -58.393478052289737, -34.589826079084098 ], [ -58.393368367883845, -34.589735782753316 ], [ -58.393478052289737, -34.5896454863244 ], [ -58.393861947710256, -34.589605649633413 ], [ -58.394245843130861, -34.589630436910049 ], [ -58.394629738551387, -34.589683109848373 ], [ -58.395013633971992, -34.589662851029892 ], [ -58.395397529392511, -34.589617268670253 ], [ -58.395541490175241, -34.589735782753316 ], [ -58.395781424813116, -34.589879435960711 ], [ -58.396021359450948, -34.589735782753316 ], [ -58.396165320233635, -34.589617268670253 ], [ -58.39654921565424, -34.589662851029892 ], [ -58.396637806905133, -34.589735782753316 ], [ -58.39654921565424, -34.589808714412719 ], [ -58.396347165432879, -34.590051819481758 ], [ -58.396347165432879, -34.59036785500799 ], [ -58.39654921565424, -34.590631217028317 ], [ -58.39661319822433, -34.590683889332212 ], [ -58.39654921565424, -34.590736561602696 ], [ -58.396165320233635, -34.590802401893825 ], [ -58.396021359450948, -34.590683889332212 ], [ -58.395781424813116, -34.590562337811313 ], [ -58.395665092867482, -34.590683889332212 ], [ -58.395668514395297, -34.590999922454202 ], [ -58.395781424813116, -34.591116971453609 ], [ -58.39602313674456, -34.591315954374153 ], [ -58.396165320233635, -34.591501854941946 ], [ -58.396439531248348, -34.591315954374153 ], [ -58.39654921565424, -34.591225659662555 ], [ -58.396658900060103, -34.591315954374153 ], [ -58.396658900060103, -34.591631985091901 ], [ -58.39654921565424, -34.591722279361882 ], [ -58.396323394818594, -34.591948014607553 ], [ -58.39654921565424, -34.592235313124 ], [ -58.396584115237921, -34.592264042921009 ], [ -58.39654921565424, -34.592292772708063 ], [ -58.396165320233635, -34.592369385425023 ], [ -58.395781424813116, -34.592467203344889 ], [ -58.395668514395297, -34.59258007003239 ], [ -58.395665092867482, -34.592896095941519 ], [ -58.395781424813116, -34.593013142269484 ], [ -58.396165320233635, -34.593054108445315 ], [ -58.39654921565424, -34.593121827997784 ], [ -58.396658900060103, -34.593212120648552 ], [ -58.39654921565424, -34.593302413201194 ], [ -58.396165320233635, -34.59337013255125 ], [ -58.395990822315227, -34.593528144153368 ], [ -58.395963270012309, -34.59384416645608 ], [ -58.395891109218979, -34.594160187556547 ], [ -58.395781424813116, -34.594250479078752 ], [ -58.395671740407231, -34.594160187556547 ], [ -58.395599579613872, -34.59384416645608 ], [ -58.395397529392511, -34.593693679795201 ], [ -58.395013633971992, -34.593658271129485 ], [ -58.394629738551387, -34.593601072483771 ], [ -58.394541147300494, -34.593528144153368 ], [ -58.394629738551387, -34.593455215758965 ], [ -58.395013633971992, -34.59339801697346 ], [ -58.395141599112172, -34.593212120648552 ], [ -58.395013633971992, -34.593124336128319 ], [ -58.394736376168218, -34.592896095941519 ], [ -58.394629738551387, -34.592822601651328 ], [ -58.394335121135633, -34.59258007003239 ], [ -58.394245843130861, -34.592516864706269 ], [ -58.393938726794381, -34.592264042921009 ], [ -58.393861947710256, -34.592211371618909 ], [ -58.393789514612045, -34.592264042921009 ], [ -58.393478052289737, -34.592520442367523 ], [ -58.393396372413008, -34.59258007003239 ], [ -58.393094156869132, -34.592828856487067 ], [ -58.393000523839731, -34.592896095941519 ], [ -58.393094156869132, -34.59298638883763 ], [ -58.393368367883845, -34.593212120648552 ], [ -58.393354215057272, -34.593528144153368 ], [ -58.393478052289737, -34.59367863111413 ], [ -58.393733982570076, -34.593528144153368 ], [ -58.393861947710256, -34.593422803118685 ], [ -58.393989912850458, -34.593528144153368 ], [ -58.394020022295201, -34.59384416645608 ], [ -58.393861947710256, -34.593974292937176 ], [ -58.393478052289737, -34.594009701468167 ], [ -58.393286104579431, -34.594160187556547 ], [ -58.393238117651848, -34.59447620745491 ], [ -58.393094156869132, -34.594594714606806 ], [ -58.392950196086431, -34.59447620745491 ], [ -58.392902209158869, -34.594160187556547 ], [ -58.392710261448599, -34.594009701468167 ], [ -58.39236126561169, -34.594160187556547 ], [ -58.392326366027994, -34.594188916687898 ], [ -58.39229146644432, -34.594160187556547 ], [ -58.391942470607482, -34.59387289569672 ], [ -58.391907571023786, -34.59384416645608 ], [ -58.391942470607482, -34.593815437205514 ], [ -58.392326366027994, -34.59372565823346 ], [ -58.392710261448599, -34.59367863111413 ], [ -58.392834098681035, -34.593528144153368 ], [ -58.392819945854463, -34.593212120648552 ], [ -58.392710261448599, -34.593135041562562 ], [ -58.392419999057417, -34.592896095941519 ], [ -58.392419999057417, -34.59258007003239 ], [ -58.392326366027994, -34.592489776694663 ], [ -58.392052155013346, -34.592264042921009 ], [ -58.391942470607482, -34.592151175804212 ], [ -58.391716649771823, -34.592264042921009 ], [ -58.39155857518687, -34.59239417187716 ], [ -58.391174679766358, -34.592336972361096 ], [ -58.391086088515451, -34.592264042921009 ], [ -58.391174679766358, -34.592191113416895 ], [ -58.391366627476607, -34.591948014607553 ], [ -58.39135748710946, -34.591631985091901 ], [ -58.391174679766358, -34.59140624898761 ], [ -58.391064995360466, -34.591315954374153 ], [ -58.391139780182662, -34.590999922454202 ], [ -58.391174679766358, -34.59097119222006 ], [ -58.391209579350033, -34.590999922454202 ], [ -58.39155857518687, -34.591175495891477 ], [ -58.391729195373813, -34.591315954374153 ], [ -58.391942470607482, -34.591442366805495 ], [ -58.392066307839904, -34.591315954374153 ], [ -58.392326366027994, -34.591101868366174 ], [ -58.392430121547079, -34.590999922454202 ], [ -58.392326366027994, -34.590901162232726 ], [ -58.392062437926391, -34.590683889332212 ], [ -58.391942470607482, -34.590562337811313 ], [ -58.39155857518687, -34.59047319991631 ], [ -58.391174679766358, -34.590420527478855 ], [ -58.391110697196254, -34.59036785500799 ], [ -58.391174679766358, -34.590315182503772 ], [ -58.391376729987684, -34.590051819481758 ], [ -58.391430610046697, -34.589735782753316 ], [ -58.391494592616787, -34.589419744822834 ], [ -58.39155857518687, -34.58936707171754 ], [ -58.391622557756975, -34.589419744822834 ] ], [ [ -58.394629738551387, -34.589788455624856 ], [ -58.395013633971992, -34.589808714412719 ], [ -58.395215684193317, -34.590051819481758 ], [ -58.395146011703204, -34.59036785500799 ], [ -58.395013633971992, -34.590455642440851 ], [ -58.394889796739534, -34.59036785500799 ], [ -58.394629738551387, -34.590153766557044 ], [ -58.394416463317761, -34.590051819481758 ], [ -58.394629738551387, -34.589788455624856 ] ], [ [ -58.393861947710256, -34.590562337811313 ], [ -58.394245843130861, -34.590566839722676 ], [ -58.394358753548666, -34.590683889332212 ], [ -58.394335121135633, -34.590999922454202 ], [ -58.394245843130861, -34.591063128934358 ], [ -58.393938726794381, -34.591315954374153 ], [ -58.393861947710256, -34.591372388519069 ], [ -58.393783601706062, -34.591315954374153 ], [ -58.393478052289737, -34.591064418862025 ], [ -58.393388774284951, -34.590999922454202 ], [ -58.393478052289737, -34.590904154968428 ], [ -58.393745615764644, -34.590683889332212 ], [ -58.393861947710256, -34.590562337811313 ] ], [ [ -58.395397529392511, -34.591530039830424 ], [ -58.395557485817761, -34.591631985091901 ], [ -58.395557485817761, -34.591948014607553 ], [ -58.395397529392511, -34.592049959356153 ], [ -58.395137471204421, -34.592264042921009 ], [ -58.395013633971992, -34.592345075628266 ], [ -58.394930178445769, -34.592264042921009 ], [ -58.394629738551387, -34.59201671651708 ], [ -58.394557305453169, -34.591948014607553 ], [ -58.394557305453169, -34.591631985091901 ], [ -58.394629738551387, -34.591563282864215 ], [ -58.394930178445769, -34.591315954374153 ], [ -58.395013633971992, -34.591230540460273 ], [ -58.395137471204421, -34.591315954374153 ], [ -58.395397529392511, -34.591530039830424 ] ], [ [ -58.393094156869132, -34.592011220366437 ], [ -58.392710261448599, -34.592031180069753 ], [ -58.392586424216155, -34.591948014607553 ], [ -58.392562609363765, -34.591631985091901 ], [ -58.392710261448599, -34.591539035005582 ], [ -58.393094156869132, -34.591563282864215 ], [ -58.39316658996735, -34.591631985091901 ], [ -58.393161506942924, -34.591948014607553 ], [ -58.393094156869132, -34.592011220366437 ] ] ], [ [ [ -58.392326366027994, -34.589595321599283 ], [ -58.392496986214937, -34.589735782753316 ], [ -58.392326366027994, -34.589876243669934 ], [ -58.392155745841109, -34.589735782753316 ], [ -58.392326366027994, -34.589595321599283 ] ] ] ] } },
{ "type": "Feature", "properties": { "id": 1, "isomin": 0.0, "isomax": 5.0, "id_punto": "1_4", "sector": 1.0 }, "geometry": { "type": "MultiPolygon", "coordinates": [ [ [ [ -58.38436194771031, -34.587143738506441 ], [ -58.38474584313083, -34.587183244395618 ], [ -58.385129738551434, -34.586985714761902 ], [ -58.385513633971946, -34.587152055537288 ], [ -58.38569547917119, -34.587301761950449 ], [ -58.385897529392565, -34.587423318241314 ], [ -58.386133772728272, -34.587617807936844 ], [ -58.386281424813085, -34.587726789032743 ], [ -58.386448335865516, -34.587617807936844 ], [ -58.38663042065, -34.587301761950449 ], [ -58.386665320233689, -34.587273030437515 ], [ -58.387049215654208, -34.587211462876375 ], [ -58.387433111074827, -34.587249087502499 ], [ -58.387497093644903, -34.587301761950449 ], [ -58.387542795480691, -34.587617807936844 ], [ -58.387433111074827, -34.587933852721221 ], [ -58.387049215654208, -34.587767513510869 ], [ -58.386901563569396, -34.587933852721221 ], [ -58.386665320233689, -34.588128341221775 ], [ -58.386537355093488, -34.588249896303445 ], [ -58.386665320233689, -34.588381580774623 ], [ -58.386889259228994, -34.588565938683651 ], [ -58.387049215654208, -34.58880904738885 ], [ -58.387137806905116, -34.588881979861711 ], [ -58.387433111074827, -34.589198019837724 ], [ -58.387049215654208, -34.58925069305019 ], [ -58.386874717735786, -34.589514058611591 ], [ -58.386665320233689, -34.589686442890681 ], [ -58.386523136744579, -34.589830096183412 ], [ -58.386505363808439, -34.590146132553031 ], [ -58.386665320233689, -34.590304150287075 ], [ -58.386857267943945, -34.590462167720602 ], [ -58.386665320233689, -34.590620184853606 ], [ -58.38647337252339, -34.590462167720602 ], [ -58.386281424813085, -34.590330486546875 ], [ -58.38605748581778, -34.590146132553031 ], [ -58.385897529392565, -34.590040787230045 ], [ -58.385730618340126, -34.590146132553031 ], [ -58.385513633971946, -34.59032476127372 ], [ -58.385287813136358, -34.590462167720602 ], [ -58.385193721121524, -34.590778201686078 ], [ -58.385129738551434, -34.590830873896749 ], [ -58.38474584313083, -34.590956829047784 ], [ -58.384585886705615, -34.591094234449329 ], [ -58.384553895420559, -34.591410266010513 ], [ -58.384489912850476, -34.591726296369522 ], [ -58.384396847293992, -34.592042325526435 ], [ -58.38436194771031, -34.592071055390157 ], [ -58.384327048126622, -34.592042325526435 ], [ -58.384233982570109, -34.591726296369522 ], [ -58.383978052289692, -34.591528777536027 ], [ -58.383594156869187, -34.591515609597089 ], [ -58.383210261448568, -34.591483196200073 ], [ -58.383121670197674, -34.591410266010513 ], [ -58.383018313738305, -34.591094234449329 ], [ -58.382826366028056, -34.590972683528797 ], [ -58.382590122692292, -34.590778201686078 ], [ -58.382442470607444, -34.590665332550699 ], [ -58.382195680694259, -34.590462167720602 ], [ -58.382058575186932, -34.590345117798712 ], [ -58.381818640549049, -34.590462167720602 ], [ -58.381709579350002, -34.590778201686078 ], [ -58.381674679766313, -34.59080693198694 ], [ -58.381290784345808, -34.59080693198694 ], [ -58.381255884762119, -34.590778201686078 ], [ -58.381181099939916, -34.590462167720602 ], [ -58.381290784345808, -34.5903718720811 ], [ -58.381457695398197, -34.590146132553031 ], [ -58.381674679766313, -34.589967503448328 ], [ -58.382058575186932, -34.589947146830823 ], [ -58.382182412419354, -34.589830096183412 ], [ -58.382195680694259, -34.589514058611591 ], [ -58.382058575186932, -34.589370404772488 ], [ -58.381674679766313, -34.589303366229245 ], [ -58.381546714626147, -34.589198019837724 ], [ -58.381674679766313, -34.589092673312621 ], [ -58.381887954999989, -34.588881979861711 ], [ -58.381914614404202, -34.588565938683651 ], [ -58.382058575186932, -34.588447422931949 ], [ -58.382271850420558, -34.588249896303445 ], [ -58.382442470607444, -34.588109432637538 ], [ -58.382826366028056, -34.588060270298371 ], [ -58.383009173371157, -34.587933852721221 ], [ -58.383210261448568, -34.587768305603127 ], [ -58.383377172501014, -34.587617807936844 ], [ -58.383594156869187, -34.587439173396575 ], [ -58.383978052289692, -34.587423318241314 ], [ -58.38417, -34.587301761950449 ], [ -58.38436194771031, -34.587143738506441 ] ], [ [ -58.38474584313083, -34.587420279336222 ], [ -58.385129738551434, -34.587420279336222 ], [ -58.385296649603838, -34.587617807936844 ], [ -58.385513633971946, -34.587796442093108 ], [ -58.385646011703201, -34.587933852721221 ], [ -58.385513633971946, -34.58801286372946 ], [ -58.385225712406559, -34.588249896303445 ], [ -58.385129738551434, -34.588318601270963 ], [ -58.385038334879866, -34.588249896303445 ], [ -58.38474584313083, -34.58800910130222 ], [ -58.384639205514013, -34.587933852721221 ], [ -58.384571345212407, -34.587617807936844 ], [ -58.38474584313083, -34.587420279336222 ] ], [ [ -58.383978052289692, -34.588151132813124 ], [ -58.384074026144845, -34.588249896303445 ], [ -58.38436194771031, -34.588486928201299 ], [ -58.384445403236512, -34.588565938683651 ], [ -58.384430500463971, -34.588881979861711 ], [ -58.38436194771031, -34.588935546043935 ], [ -58.383978052289692, -34.588936469598522 ], [ -58.383660345734796, -34.589198019837724 ], [ -58.383594156869187, -34.589261227688674 ], [ -58.383504878864386, -34.589198019837724 ], [ -58.383495722145945, -34.588881979861711 ], [ -58.383477824923538, -34.588565938683651 ], [ -58.383427245816748, -34.588249896303445 ], [ -58.383594156869187, -34.588112486198014 ], [ -58.383978052289692, -34.588151132813124 ] ], [ [ -58.385897529392565, -34.58848490229051 ], [ -58.386039712881647, -34.588565938683651 ], [ -58.386281424813085, -34.588764927713719 ], [ -58.38647337252339, -34.588881979861711 ], [ -58.386494700046747, -34.589198019837724 ], [ -58.386281424813085, -34.589324435491534 ], [ -58.385897529392565, -34.589290972543068 ], [ -58.385803896363143, -34.589198019837724 ], [ -58.385513633971946, -34.58895906289353 ], [ -58.38543365575935, -34.588881979861711 ], [ -58.385513633971946, -34.588810152426795 ], [ -58.385810280433326, -34.588565938683651 ], [ -58.385897529392565, -34.58848490229051 ] ], [ [ -58.383978052289692, -34.589771570797836 ], [ -58.384290855965759, -34.589514058611591 ], [ -58.38436194771031, -34.589460492802303 ], [ -58.384680776110393, -34.589198019837724 ], [ -58.38474584313083, -34.589141584215888 ], [ -58.38483115322429, -34.589198019837724 ], [ -58.385129738551434, -34.589443827876828 ], [ -58.385230763662094, -34.589514058611591 ], [ -58.385277390636254, -34.589830096183412 ], [ -58.385129738551434, -34.589980589842654 ], [ -58.384928650473981, -34.590146132553031 ], [ -58.38474584313083, -34.590304150287075 ], [ -58.384553895420559, -34.590462167720602 ], [ -58.38436194771031, -34.590583719388036 ], [ -58.384258192191226, -34.590462167720602 ], [ -58.384268314680888, -34.590146132553031 ], [ -58.383978052289692, -34.589907178335608 ], [ -58.383892742196252, -34.589830096183412 ], [ -58.383978052289692, -34.589771570797836 ] ], [ [ -58.383210261448568, -34.589440561329596 ], [ -58.3832870405327, -34.589514058611591 ], [ -58.383210261448568, -34.589587555828579 ], [ -58.382826366028056, -34.589591141057014 ], [ -58.382689260520699, -34.589514058611591 ], [ -58.382442470607444, -34.589310890966395 ], [ -58.382267972689029, -34.589198019837724 ], [ -58.382229195373817, -34.588881979861711 ], [ -58.382442470607444, -34.588715642549438 ], [ -58.382826366028056, -34.588780031225944 ], [ -58.382924800751262, -34.588881979861711 ], [ -58.382915644032828, -34.589198019837724 ], [ -58.383210261448568, -34.589440561329596 ] ], [ [ -58.383082296308409, -34.590462167720602 ], [ -58.383100577042704, -34.590146132553031 ], [ -58.383210261448568, -34.590072635830147 ], [ -58.383301665120143, -34.590146132553031 ], [ -58.383594156869187, -34.59038692136118 ], [ -58.383697912388236, -34.590462167720602 ], [ -58.383717994101602, -34.590778201686078 ], [ -58.383594156869187, -34.590936218217955 ], [ -58.383434200443936, -34.590778201686078 ], [ -58.383210261448568, -34.590593848685636 ], [ -58.383082296308409, -34.590462167720602 ] ] ] ] } },
{ "type": "Feature", "properties": { "id": 1, "isomin": 0.0, "isomax": 5.0, "id_punto": "1_5", "sector": 1.0 }, "geometry": { "type": "MultiPolygon", "coordinates": [ [ [ [ -58.3856402614486, -34.584665519762645 ], [ -58.386024156869112, -34.584479603899382 ], [ -58.386408052289717, -34.584742984582924 ], [ -58.386472034859807, -34.584795660619463 ], [ -58.386791947710236, -34.585059040301253 ], [ -58.387175843130841, -34.585082983867295 ], [ -58.387210742714537, -34.585111716137448 ], [ -58.387559738551374, -34.585337469342974 ], [ -58.387943633971979, -34.585278060664137 ], [ -58.388327529392491, -34.58529763058656 ], [ -58.388485603977443, -34.585427770453464 ], [ -58.388327529392491, -34.585557910116535 ], [ -58.38814472204939, -34.585743823567356 ], [ -58.387943633971979, -34.585909374718774 ], [ -58.387801450482861, -34.586059875479279 ], [ -58.387943633971979, -34.586203535041847 ], [ -58.388153031474076, -34.586375926189078 ], [ -58.388327529392491, -34.586488801151312 ], [ -58.388502027310949, -34.586375926189078 ], [ -58.388711424813103, -34.586203535041847 ], [ -58.389095320233615, -34.58622621810796 ], [ -58.389277165432858, -34.586375926189078 ], [ -58.389253394818581, -34.586691975696908 ], [ -58.389095320233615, -34.586822113380094 ], [ -58.3889353638084, -34.587008024002593 ], [ -58.389095320233615, -34.587183605875254 ], [ -58.389265940420557, -34.587324071106273 ], [ -58.38947921565422, -34.587640117007787 ], [ -58.389265940420557, -34.587956161707332 ], [ -58.389095320233615, -34.588096625632346 ], [ -58.388711424813103, -34.588145787950012 ], [ -58.388574319305732, -34.588272205204703 ], [ -58.388711424813103, -34.588409615046054 ], [ -58.388928409181212, -34.588588247500077 ], [ -58.389095320233615, -34.588851615161204 ], [ -58.389159302803719, -34.588904288593255 ], [ -58.389183911484523, -34.589220328484437 ], [ -58.389095320233615, -34.589293260596293 ], [ -58.388711424813103, -34.589249059324004 ], [ -58.388676525229407, -34.589220328484437 ], [ -58.388519477102797, -34.588904288593255 ], [ -58.388327529392491, -34.588782734468907 ], [ -58.387943633971979, -34.588782734468907 ], [ -58.387751686261673, -34.588904288593255 ], [ -58.387559738551374, -34.589062308689108 ], [ -58.387239825700931, -34.589220328484437 ], [ -58.387175843130841, -34.589273001682727 ], [ -58.386791947710236, -34.589249059324004 ], [ -58.386757048126562, -34.589220328484437 ], [ -58.386610102511042, -34.588904288593255 ], [ -58.386408052289717, -34.588782734468907 ], [ -58.386171808953961, -34.588588247500077 ], [ -58.386024156869112, -34.588486298503867 ], [ -58.385864200443898, -34.588588247500077 ], [ -58.3856402614486, -34.58877260495052 ], [ -58.385320348598093, -34.588904288593255 ], [ -58.385256366027996, -34.589220328484437 ], [ -58.384872470607462, -34.588994585827692 ], [ -58.384488575186857, -34.588933019542132 ], [ -58.384453675603176, -34.588904288593255 ], [ -58.384488575186857, -34.588588247500077 ], [ -58.384488575186857, -34.588588247500077 ], [ -58.384872470607462, -34.588515314769388 ], [ -58.385256366027996, -34.588422701685758 ], [ -58.385393471535345, -34.588272205204703 ], [ -58.385393471535345, -34.587956161707332 ], [ -58.385380203260439, -34.587640117007787 ], [ -58.385256366027996, -34.587547162455643 ], [ -58.384872470607462, -34.587547162455643 ], [ -58.384488575186857, -34.587541352792705 ], [ -58.384328618761643, -34.587640117007787 ], [ -58.384104679766338, -34.587824476561956 ], [ -58.383755683929429, -34.587956161707332 ], [ -58.383720784345734, -34.587984892984039 ], [ -58.383685884762059, -34.587956161707332 ], [ -58.383336888925207, -34.587758633910987 ], [ -58.383192928142492, -34.587640117007787 ], [ -58.383336888925207, -34.587521599935592 ], [ -58.383519696268323, -34.587324071106273 ], [ -58.383720784345734, -34.587158522773287 ], [ -58.383868436430582, -34.587008024002593 ], [ -58.384104679766338, -34.586813532879802 ], [ -58.384221011711951, -34.586691975696908 ], [ -58.384488575186857, -34.586471698894144 ], [ -58.384592330705942, -34.586375926189078 ], [ -58.384872470607462, -34.586145294708579 ], [ -58.384979108224279, -34.586059875479279 ], [ -58.384988802553075, -34.585743823567356 ], [ -58.385014654096551, -34.585427770453464 ], [ -58.385256366027996, -34.585228773431687 ], [ -58.38542327708042, -34.585111716137448 ], [ -58.385482186863634, -34.584795660619463 ], [ -58.3856402614486, -34.584665519762645 ] ], [ [ -58.386024156869112, -34.584885962318687 ], [ -58.386280087149515, -34.585111716137448 ], [ -58.386024156869112, -34.585269743445707 ], [ -58.385857245816709, -34.585111716137448 ], [ -58.386024156869112, -34.584885962318687 ] ], [ [ -58.386791947710236, -34.586294887660131 ], [ -58.387175843130841, -34.586277160471397 ], [ -58.387559738551374, -34.58625887051079 ], [ -58.387734236469832, -34.586375926189078 ], [ -58.387713296719603, -34.586691975696908 ], [ -58.387660763662048, -34.587008024002593 ], [ -58.387559738551374, -34.587081523436268 ], [ -58.387175843130841, -34.587078256796161 ], [ -58.386791947710236, -34.587063470949822 ], [ -58.38672796514016, -34.587008024002593 ], [ -58.386408052289717, -34.58674465049797 ], [ -58.386335619191485, -34.586691975696908 ], [ -58.386408052289717, -34.586618475918634 ], [ -58.386702669705464, -34.586375926189078 ], [ -58.386791947710236, -34.586294887660131 ] ], [ [ -58.38590031963669, -34.587640117007787 ], [ -58.3856402614486, -34.587426021528422 ], [ -58.385527351030767, -34.587324071106273 ], [ -58.385541826725365, -34.587008024002593 ], [ -58.3856402614486, -34.586942180704696 ], [ -58.385707611522363, -34.587008024002593 ], [ -58.386024156869112, -34.587268624332907 ], [ -58.386408052289717, -34.587271396672456 ], [ -58.386475402363502, -34.587324071106273 ], [ -58.386495301248921, -34.587640117007787 ], [ -58.386408052289717, -34.587717201191701 ], [ -58.386024156869112, -34.587742067042214 ], [ -58.38590031963669, -34.587640117007787 ] ], [ [ -58.387676070497008, -34.588272205204703 ], [ -58.387559738551374, -34.588403889640517 ], [ -58.38733579955607, -34.588588247500077 ], [ -58.387175843130841, -34.588785773324176 ], [ -58.387001345212383, -34.588588247500077 ], [ -58.386791947710236, -34.588415860942519 ], [ -58.386659569979024, -34.588272205204703 ], [ -58.386791947710236, -34.588196956861992 ], [ -58.387084439459265, -34.587956161707332 ], [ -58.387175843130841, -34.587888918254919 ], [ -58.387271816985979, -34.587956161707332 ], [ -58.387559738551374, -34.588193194443051 ], [ -58.387676070497008, -34.588272205204703 ] ], [ [ -58.388327529392491, -34.587207016763571 ], [ -58.388510336735635, -34.587324071106273 ], [ -58.388711424813103, -34.587489619109348 ], [ -58.389031337663539, -34.587640117007787 ], [ -58.388711424813103, -34.587766535031847 ], [ -58.388327529392491, -34.587766535031847 ], [ -58.387943633971979, -34.587725534612694 ], [ -58.387854355967178, -34.587640117007787 ], [ -58.387854355967178, -34.587324071106273 ], [ -58.387943633971979, -34.587240900932358 ], [ -58.388327529392491, -34.587207016763571 ] ] ], [ [ [ -58.38947921565422, -34.585954524975556 ], [ -58.3896071807944, -34.586059875479279 ], [ -58.38947921565422, -34.586165225849442 ], [ -58.389351250514018, -34.586059875479279 ], [ -58.38947921565422, -34.585954524975556 ] ] ], [ [ [ -58.38947921565422, -34.586935089884868 ], [ -58.38956780690512, -34.587008024002593 ], [ -58.38947921565422, -34.587080958056262 ], [ -58.389390624403312, -34.587008024002593 ], [ -58.38947921565422, -34.586935089884868 ] ] ] ] } },
{ "type": "Feature", "properties": { "id": 1, "isomin": 0.0, "isomax": 5.0, "id_punto": "1_6", "sector": 1.0 }, "geometry": { "type": "MultiPolygon", "coordinates": [ [ [ [ -58.385422470607409, -34.588434953886363 ], [ -58.385457370191105, -34.588463684997528 ], [ -58.385422470607409, -34.588492416098738 ], [ -58.385387571023735, -34.588463684997528 ], [ -58.385422470607409, -34.588434953886363 ] ] ], [ [ [ -58.384654679766285, -34.588727053053525 ], [ -58.385038575186897, -34.588674379509115 ], [ -58.38516654032707, -34.588779726564553 ], [ -58.385422470607409, -34.588917135566568 ], [ -58.385639454975589, -34.589095766929432 ], [ -58.385806366028014, -34.589204746086899 ], [ -58.386190261448547, -34.589208638197036 ], [ -58.386364759367005, -34.589095766929432 ], [ -58.386510174299048, -34.588779726564553 ], [ -58.386574156869152, -34.588727053053525 ], [ -58.386958052289671, -34.588674379509115 ], [ -58.387341947710276, -34.588706794001951 ], [ -58.38772584313088, -34.588779726564553 ], [ -58.387551345212422, -34.589095766929432 ], [ -58.387593465399632, -34.589411806092322 ], [ -58.38772584313088, -34.589510568084144 ], [ -58.3881097385514, -34.589510568084144 ], [ -58.388257390636248, -34.589411806092322 ], [ -58.388493633972004, -34.589217320595885 ], [ -58.388719454807607, -34.589095766929432 ], [ -58.388493633972004, -34.588779726564553 ], [ -58.388877529392531, -34.588706794001951 ], [ -58.389261424813135, -34.588727053053525 ], [ -58.389325407383211, -34.588779726564553 ], [ -58.389389389953315, -34.589095766929432 ], [ -58.389325407383211, -34.589411806092322 ], [ -58.389261424813135, -34.589464479169244 ], [ -58.388877529392531, -34.589584190583516 ], [ -58.388745151661311, -34.58972784405298 ], [ -58.388493633972004, -34.589934902754777 ], [ -58.388380723554178, -34.590043880811621 ], [ -58.388493633972004, -34.590160931157875 ], [ -58.388735345903441, -34.590359916368065 ], [ -58.388877529392531, -34.590468893867445 ], [ -58.389044440444962, -34.590359916368065 ], [ -58.389261424813135, -34.590181287722991 ], [ -58.389487245648731, -34.590043880811621 ], [ -58.389645320233655, -34.58991374817424 ], [ -58.390029215654259, -34.58972784405298 ], [ -58.39011780690516, -34.590043880811621 ], [ -58.390029215654259, -34.590359916368065 ], [ -58.390029215654259, -34.590359916368065 ], [ -58.389645320233655, -34.590517933695537 ], [ -58.38950313674458, -34.590675950722456 ], [ -58.389497668148834, -34.59099198387468 ], [ -58.389645320233655, -34.59115 ], [ -58.38983726794396, -34.591308015824801 ], [ -58.390029215654259, -34.591624046572754 ], [ -58.389803394818607, -34.591940076118611 ], [ -58.389827165432884, -34.592256104462265 ], [ -58.390029215654259, -34.592481838257477 ], [ -58.390138900060123, -34.592572131603823 ], [ -58.390029215654259, -34.592662424852008 ], [ -58.389827165432884, -34.592888157543157 ], [ -58.390029215654259, -34.593175452808516 ], [ -58.390064115237941, -34.593204182280395 ], [ -58.390029215654259, -34.593232911742355 ], [ -58.389645320233655, -34.593322691246911 ], [ -58.389325407383211, -34.593520205815409 ], [ -58.389261424813135, -34.593572876287709 ], [ -58.388877529392531, -34.59359313415279 ], [ -58.388788938141637, -34.593520205815409 ], [ -58.388706909205631, -34.593204182280395 ], [ -58.388493633972004, -34.59303785362119 ], [ -58.3881097385514, -34.593060534821589 ], [ -58.38772584313088, -34.593082634446802 ], [ -58.387558932078441, -34.593204182280395 ], [ -58.387523792909505, -34.593520205815409 ], [ -58.387451632116161, -34.593836228148326 ], [ -58.387341947710276, -34.593926520022613 ], [ -58.387232263304384, -34.593836228148326 ], [ -58.387160102511046, -34.593520205815409 ], [ -58.38712496334211, -34.593204182280395 ], [ -58.386958052289671, -34.593053694460217 ], [ -58.386574156869152, -34.593060534821589 ], [ -58.386318226588749, -34.593204182280395 ], [ -58.386225161032222, -34.593520205815409 ], [ -58.386190261448547, -34.59354893516808 ], [ -58.386155361864851, -34.593520205815409 ], [ -58.386062296308367, -34.593204182280395 ], [ -58.385806366028014, -34.592978450447895 ], [ -58.385696681622129, -34.592888157543157 ], [ -58.385806366028014, -34.592797864540309 ], [ -58.386190261448547, -34.592738461195417 ], [ -58.386337913533382, -34.592572131603823 ], [ -58.386332444937658, -34.592256104462265 ], [ -58.386190261448547, -34.592154159966611 ], [ -58.385806366028014, -34.592154159966611 ], [ -58.385646409602764, -34.592256104462265 ], [ -58.385422470607409, -34.59244045377428 ], [ -58.385038575186897, -34.592421642638726 ], [ -58.384837487109429, -34.592256104462265 ], [ -58.385038575186897, -34.592090565955999 ], [ -58.385175680694218, -34.591940076118611 ], [ -58.385422470607409, -34.591736914405708 ], [ -58.385535381025242, -34.591624046572754 ], [ -58.385535381025242, -34.591308015824801 ], [ -58.385422470607409, -34.591195147409195 ], [ -58.385175680694218, -34.59099198387468 ], [ -58.385038575186897, -34.59084149204736 ], [ -58.384654679766285, -34.590766246031485 ], [ -58.384544995360422, -34.590675950722456 ], [ -58.384496605181361, -34.590359916368065 ], [ -58.384654679766285, -34.590229784225706 ], [ -58.385038575186897, -34.590181287722991 ], [ -58.385175680694218, -34.590043880811621 ], [ -58.385422470607409, -34.589840714461928 ], [ -58.38553880255305, -34.58972784405298 ], [ -58.385422470607409, -34.58960629113345 ], [ -58.385186227271717, -34.589411806092322 ], [ -58.385038575186897, -34.589253786661153 ], [ -58.384654679766285, -34.589095766929432 ], [ -58.384654679766285, -34.589095766929432 ], [ -58.384590697196202, -34.588779726564553 ], [ -58.384654679766285, -34.588727053053525 ] ], [ [ -58.386958052289671, -34.58926131140278 ], [ -58.387090430020919, -34.589411806092322 ], [ -58.387341947710276, -34.589618865581649 ], [ -58.387461915029213, -34.58972784405298 ], [ -58.387440382433503, -34.590043880811621 ], [ -58.387341947710276, -34.590112584295724 ], [ -58.38704150781588, -34.590359916368065 ], [ -58.386958052289671, -34.590419545583558 ], [ -58.386876372412964, -34.590359916368065 ], [ -58.386574156869152, -34.590111122520049 ], [ -58.386484878864351, -34.590043880811621 ], [ -58.386450319636687, -34.58972784405298 ], [ -58.386574156869152, -34.589601429012973 ], [ -58.386804494121463, -34.589411806092322 ], [ -58.386958052289671, -34.58926131140278 ] ], [ [ -58.385422470607409, -34.59024704666448 ], [ -58.385806366028014, -34.590257969545718 ], [ -58.386190261448547, -34.590286419834307 ], [ -58.386271941325269, -34.590359916368065 ], [ -58.386267040532665, -34.590675950722456 ], [ -58.386270239661158, -34.59099198387468 ], [ -58.386190261448547, -34.591069064948975 ], [ -58.386066424216111, -34.59099198387468 ], [ -58.385806366028014, -34.590777897031941 ], [ -58.385646409602764, -34.590675950722456 ], [ -58.385422470607409, -34.590491597495152 ], [ -58.385255559555006, -34.590359916368065 ], [ -58.385422470607409, -34.59024704666448 ] ], [ [ -58.387341947710276, -34.592484346407304 ], [ -58.38745827965591, -34.592572131603823 ], [ -58.387341947710276, -34.59269368018429 ], [ -58.387209569979028, -34.592572131603823 ], [ -58.387341947710276, -34.592484346407304 ] ], [ [ -58.386574156869152, -34.591552221508323 ], [ -58.386870803330467, -34.591308015824801 ], [ -58.386958052289671, -34.591252571709973 ], [ -58.387025402363463, -34.591308015824801 ], [ -58.387341947710276, -34.591568602668829 ], [ -58.387425403236492, -34.591624046572754 ], [ -58.387341947710276, -34.591705079904244 ], [ -58.387056487012899, -34.591940076118611 ], [ -58.386958052289671, -34.592045419033404 ], [ -58.386820946782343, -34.591940076118611 ], [ -58.386574156869152, -34.591736914405708 ], [ -58.386461246451319, -34.591624046572754 ], [ -58.386574156869152, -34.591552221508323 ] ], [ [ -58.389117464030413, -34.591940076118611 ], [ -58.388877529392531, -34.592035842410304 ], [ -58.388781555537392, -34.591940076118611 ], [ -58.388493633972004, -34.5917030540719 ], [ -58.388411954095282, -34.591624046572754 ], [ -58.388493633972004, -34.591545038998476 ], [ -58.388781555537392, -34.591308015824801 ], [ -58.388877529392531, -34.591215065376026 ], [ -58.389044440444962, -34.591308015824801 ], [ -58.388877529392531, -34.591624046572754 ], [ -58.389117464030413, -34.591940076118611 ] ], [ [ -58.388493633972004, -34.592486718981405 ], [ -58.388630739479332, -34.592572131603823 ], [ -58.388493633972004, -34.592738461195417 ], [ -58.3881097385514, -34.592715779907081 ], [ -58.387993406605787, -34.592572131603823 ], [ -58.388011303828193, -34.592256104462265 ], [ -58.3881097385514, -34.592182609605885 ], [ -58.388213494070484, -34.592256104462265 ], [ -58.388493633972004, -34.592486718981405 ] ], [ [ -58.387647497126665, -34.590675950722456 ], [ -58.38772584313088, -34.590602454468261 ], [ -58.3881097385514, -34.590574004287888 ], [ -58.388257390636248, -34.590675950722456 ], [ -58.388213494070484, -34.59099198387468 ], [ -58.3881097385514, -34.591063809423446 ], [ -58.38772584313088, -34.591051612636527 ], [ -58.387661860560776, -34.59099198387468 ], [ -58.387647497126665, -34.590675950722456 ] ] ], [ [ [ -58.384654679766285, -34.592662424852008 ], [ -58.384544995360422, -34.592572131603823 ], [ -58.384654679766285, -34.592481838257477 ], [ -58.384764364172177, -34.592572131603823 ], [ -58.384654679766285, -34.592662424852008 ] ] ] ] } },
{ "type": "Feature", "properties": { "id": 1, "isomin": 0.0, "isomax": 5.0, "id_punto": "1_7", "sector": 1.0 }, "geometry": { "type": "MultiPolygon", "coordinates": [ [ [ [ -58.384858575186918, -34.588541207523221 ], [ -58.385242470607437, -34.588554375933569 ], [ -58.385370435747639, -34.58865972314117 ], [ -58.385459454975617, -34.588975763962495 ], [ -58.385626366028042, -34.589081110635838 ], [ -58.385882296308395, -34.589291803581801 ], [ -58.386010261448561, -34.589382100395056 ], [ -58.386147366955925, -34.589291803581801 ], [ -58.38639415686918, -34.58908863539309 ], [ -58.386596207090491, -34.588975763962495 ], [ -58.38639415686918, -34.588712396694866 ], [ -58.386330174299076, -34.58865972314117 ], [ -58.38639415686918, -34.588607049554057 ], [ -58.386778052289685, -34.588541207523221 ], [ -58.386922013072422, -34.58865972314117 ], [ -58.387161947710304, -34.588817743702094 ], [ -58.387353895420553, -34.588975763962495 ], [ -58.387545843130816, -34.589084743277361 ], [ -58.387797360820187, -34.589291803581801 ], [ -58.38782005414555, -34.589607841998934 ], [ -58.387929738551421, -34.589688877296872 ], [ -58.388049705870337, -34.589607841998934 ], [ -58.38831363397194, -34.589390565716272 ], [ -58.388467192140183, -34.589291803581801 ], [ -58.388539454807592, -34.588975763962495 ], [ -58.38831363397194, -34.58865972314117 ], [ -58.388697529392559, -34.588569425542822 ], [ -58.388807213798422, -34.58865972314117 ], [ -58.389081424813078, -34.588826060565395 ], [ -58.389401337663578, -34.58865972314117 ], [ -58.389465320233683, -34.588607049554057 ], [ -58.389529302803766, -34.58865972314117 ], [ -58.389593285373856, -34.588975763962495 ], [ -58.389593285373856, -34.589291803581801 ], [ -58.389529302803766, -34.589607841998934 ], [ -58.389465320233683, -34.589660514951589 ], [ -58.389401337663578, -34.589607841998934 ], [ -58.389081424813078, -34.589432265248924 ], [ -58.388949047081852, -34.589607841998934 ], [ -58.388697529392559, -34.589814900999784 ], [ -58.388587844986667, -34.589923879213998 ], [ -58.388581197446911, -34.590239915226917 ], [ -58.388697529392559, -34.590361467219502 ], [ -58.389081424813078, -34.590371596544202 ], [ -58.38929470004674, -34.590239915226917 ], [ -58.389465320233683, -34.590099454925138 ], [ -58.389849215654195, -34.590149619345894 ], [ -58.389958900060087, -34.590239915226917 ], [ -58.389849215654195, -34.590330211009821 ], [ -58.389666408311093, -34.590555950037782 ], [ -58.389465320233683, -34.590721491601762 ], [ -58.389317668148834, -34.590871983646423 ], [ -58.389465320233683, -34.59103 ], [ -58.389657267943932, -34.591188016053025 ], [ -58.389849215654195, -34.591431117086188 ], [ -58.38993780690511, -34.591504047257423 ], [ -58.389913198224299, -34.591820077259754 ], [ -58.389849215654195, -34.591872748809934 ], [ -58.389635940420568, -34.592136106059854 ], [ -58.389849215654195, -34.592399462475051 ], [ -58.389913198224299, -34.592452133657886 ], [ -58.389913198224299, -34.592768160053694 ], [ -58.38993780690511, -34.593084185247427 ], [ -58.389849215654195, -34.593157113967543 ], [ -58.389465320233683, -34.593189526711484 ], [ -58.389116324396753, -34.593400209238915 ], [ -58.389081424813078, -34.59342893863306 ], [ -58.388697529392559, -34.5934528797873 ], [ -58.388633546822454, -34.593400209238915 ], [ -58.388539454807592, -34.593084185247427 ], [ -58.38831363397194, -34.592886669642226 ], [ -58.387929738551421, -34.592933697209858 ], [ -58.387755240632963, -34.593084185247427 ], [ -58.387716463317759, -34.593400209238915 ], [ -58.387634434381724, -34.593716232028278 ], [ -58.387545843130816, -34.593789160193552 ], [ -58.387457251879923, -34.593716232028278 ], [ -58.38737522294393, -34.593400209238915 ], [ -58.387336445628719, -34.593084185247427 ], [ -58.387161947710304, -34.592933697209858 ], [ -58.386778052289685, -34.592946783136995 ], [ -58.386538117651867, -34.593084185247427 ], [ -58.38639415686918, -34.593202694385113 ], [ -58.386010261448561, -34.593157113967543 ], [ -58.385921670197675, -34.593084185247427 ], [ -58.385921670197675, -34.592768160053694 ], [ -58.386010261448561, -34.592695230992142 ], [ -58.38639415686918, -34.592627704026199 ], [ -58.386541808953986, -34.592452133657886 ], [ -58.38639415686918, -34.592346791258798 ], [ -58.386138226588763, -34.592136106059854 ], [ -58.386116899065399, -34.591820077259754 ], [ -58.386010261448561, -34.591741069871873 ], [ -58.385893929502949, -34.591820077259754 ], [ -58.385626366028042, -34.592040339883752 ], [ -58.385484182538931, -34.592136106059854 ], [ -58.385242470607437, -34.592335086539542 ], [ -58.385050522897174, -34.592452133657886 ], [ -58.384858575186918, -34.592610147006077 ], [ -58.384666627476619, -34.592452133657886 ], [ -58.384641590818745, -34.592136106059854 ], [ -58.384858575186918, -34.591957481233614 ], [ -58.384986540327084, -34.591820077259754 ], [ -58.385242470607437, -34.591609390725097 ], [ -58.385346226126522, -34.591504047257423 ], [ -58.385355381025256, -34.591188016053025 ], [ -58.385242470607437, -34.591070967153719 ], [ -58.385000758676, -34.590871983646423 ], [ -58.384858575186918, -34.590713966992368 ], [ -58.384509579349995, -34.590871983646423 ], [ -58.384474679766299, -34.590900713914891 ], [ -58.384439780182625, -34.590871983646423 ], [ -58.384330718983612, -34.590555950037782 ], [ -58.384474679766299, -34.590437437124578 ], [ -58.384641590818745, -34.590239915226917 ], [ -58.384858575186918, -34.590061286323859 ], [ -58.385242470607437, -34.590032857285294 ], [ -58.385358802553078, -34.589923879213998 ], [ -58.385358802553078, -34.589607841998934 ], [ -58.385242470607437, -34.589490790873477 ], [ -58.385000758676, -34.589291803581801 ], [ -58.384858575186918, -34.589094278960616 ], [ -58.384474679766299, -34.589048696289026 ], [ -58.38438608851542, -34.588975763962495 ], [ -58.384474679766299, -34.588902831571971 ], [ -58.384714614404196, -34.58865972314117 ], [ -58.384858575186918, -34.588541207523221 ] ], [ [ -58.386778052289685, -34.589476159471204 ], [ -58.387161947710304, -34.589486288903842 ], [ -58.387271632116168, -34.589607841998934 ], [ -58.387545843130816, -34.589833582989506 ], [ -58.387644277854051, -34.589923879213998 ], [ -58.387545843130816, -34.589992582797336 ], [ -58.387245403236498, -34.590239915226917 ], [ -58.387161947710304, -34.590300691245446 ], [ -58.386778052289685, -34.590299544528513 ], [ -58.386699706285491, -34.590239915226917 ], [ -58.38668877428492, -34.589923879213998 ], [ -58.386658084970783, -34.589607841998934 ], [ -58.386778052289685, -34.589476159471204 ] ], [ [ -58.385493988296808, -34.590239915226917 ], [ -58.385626366028042, -34.590144146865107 ], [ -58.386010261448561, -34.590160906336394 ], [ -58.38608860745277, -34.590239915226917 ], [ -58.38639415686918, -34.590491453235217 ], [ -58.386466589967391, -34.590555950037782 ], [ -58.38639415686918, -34.590619156855659 ], [ -58.386087040532686, -34.590871983646423 ], [ -58.386010261448561, -34.590957397928918 ], [ -58.385886424216139, -34.590871983646423 ], [ -58.385626366028042, -34.590657896494491 ], [ -58.385466409602792, -34.590555950037782 ], [ -58.385493988296808, -34.590239915226917 ] ], [ [ -58.387929738551421, -34.590468162710899 ], [ -58.388057703691601, -34.590555950037782 ], [ -58.38831363397194, -34.590766639243796 ], [ -58.388437471204405, -34.590871983646423 ], [ -58.38831363397194, -34.590955150185785 ], [ -58.388030763662087, -34.591188016053025 ], [ -58.387929738551421, -34.591255256835503 ], [ -58.387857305453203, -34.591188016053025 ], [ -58.387545843130816, -34.590931612494401 ], [ -58.387481860560726, -34.590871983646423 ], [ -58.387545843130816, -34.590807487089222 ], [ -58.387851392547219, -34.590555950037782 ], [ -58.387929738551421, -34.590468162710899 ] ], [ [ -58.386778052289685, -34.591941626940532 ], [ -58.386671414672882, -34.591820077259754 ], [ -58.38639415686918, -34.591591833489765 ], [ -58.386298183014027, -34.591504047257423 ], [ -58.38639415686918, -34.591436806676313 ], [ -58.386696372412985, -34.591188016053025 ], [ -58.386778052289685, -34.591129491623981 ], [ -58.386845402363484, -34.591188016053025 ], [ -58.387161947710304, -34.591448603273427 ], [ -58.387238726794401, -34.591504047257423 ], [ -58.38726038243351, -34.591820077259754 ], [ -58.387161947710304, -34.591915843689762 ], [ -58.386778052289685, -34.591941626940532 ] ], [ [ -58.388441599112141, -34.592452133657886 ], [ -58.38831363397194, -34.59264965029616 ], [ -58.387929738551421, -34.592602622567746 ], [ -58.387813406605787, -34.592452133657886 ], [ -58.387929738551421, -34.592366720912111 ], [ -58.38831363397194, -34.592366720912111 ], [ -58.388441599112141, -34.592452133657886 ] ], [ [ -58.388697529392559, -34.591915843689762 ], [ -58.388601555537406, -34.591820077259754 ], [ -58.388603896363136, -34.591504047257423 ], [ -58.388697529392559, -34.591411097027979 ], [ -58.389081424813078, -34.591366642533664 ], [ -58.389307245648716, -34.591504047257423 ], [ -58.389081424813078, -34.591820077259754 ], [ -58.389081424813078, -34.591820077259754 ], [ -58.388697529392559, -34.591915843689762 ] ] ], [ [ [ -58.385626366028042, -34.588372412260377 ], [ -58.385591466444367, -34.588343681117664 ], [ -58.385626366028042, -34.588314949965032 ], [ -58.385661265611738, -34.588343681117664 ], [ -58.385626366028042, -34.588372412260377 ] ] ], [ [ [ -58.384474679766299, -34.588291007330234 ], [ -58.384538662336404, -34.588343681117664 ], [ -58.384474679766299, -34.588396354871719 ], [ -58.384410697196223, -34.588343681117664 ], [ -58.384474679766299, -34.588291007330234 ] ] ], [ [ [ -58.387545843130816, -34.588541207523221 ], [ -58.387929738551421, -34.58865972314117 ], [ -58.387545843130816, -34.588778238590038 ], [ -58.387401882348129, -34.58865972314117 ], [ -58.387545843130816, -34.588541207523221 ] ] ], [ [ [ -58.384474679766299, -34.592695230992142 ], [ -58.384563271017214, -34.592768160053694 ], [ -58.384474679766299, -34.592841089051255 ], [ -58.38438608851542, -34.592768160053694 ], [ -58.384474679766299, -34.592695230992142 ] ] ] ] } },
{ "type": "Feature", "properties": { "id": 1, "isomin": 0.0, "isomax": 5.0, "id_punto": "1_8", "sector": 1.0 }, "geometry": { "type": "MultiPolygon", "coordinates": [ [ [ [ -58.385350261448593, -34.589331012309778 ], [ -58.385734156869113, -34.589269446273519 ], [ -58.385843841275005, -34.589359743111103 ], [ -58.386118052289717, -34.589557267101164 ], [ -58.386262013072418, -34.589675781269825 ], [ -58.386354295625424, -34.589991818226473 ], [ -58.386501947710251, -34.590097163611539 ], [ -58.386757877990654, -34.590307853980946 ], [ -58.386885843130855, -34.590393268843393 ], [ -58.387009680363278, -34.590307853980946 ], [ -58.387269738551367, -34.590093765375393 ], [ -58.387429694976625, -34.589991818226473 ], [ -58.38750967318925, -34.589675781269825 ], [ -58.387653633971979, -34.589557267101164 ], [ -58.388037529392491, -34.589545648055925 ], [ -58.388386525229421, -34.589359743111103 ], [ -58.388421424813096, -34.589331012309778 ], [ -58.388456324396792, -34.589359743111103 ], [ -58.388531109218988, -34.589675781269825 ], [ -58.388421424813096, -34.589766077665814 ], [ -58.388229477102797, -34.589991818226473 ], [ -58.388421424813096, -34.590234922759691 ], [ -58.388510016064011, -34.590307853980946 ], [ -58.388421424813096, -34.590623888533372 ], [ -58.388037529392491, -34.590437986001071 ], [ -58.387653633971979, -34.590511019188384 ], [ -58.387540723554153, -34.590623888533372 ], [ -58.387537302026338, -34.590939921883631 ], [ -58.387653633971979, -34.591056970967557 ], [ -58.388037529392491, -34.591061472852104 ], [ -58.388229477102797, -34.590939921883631 ], [ -58.388421424813096, -34.590623888533372 ], [ -58.388805320233708, -34.590623888533372 ], [ -58.389189215654234, -34.590939921883631 ], [ -58.388805320233708, -34.591058434080061 ], [ -58.388638409181276, -34.591255954031787 ], [ -58.388421424813096, -34.591434580366354 ], [ -58.388289047081862, -34.591571984977776 ], [ -58.388421424813096, -34.591703664183839 ], [ -58.38864536380845, -34.591888014721661 ], [ -58.388805320233708, -34.592073914009426 ], [ -58.388963394818632, -34.592204043263351 ], [ -58.389189215654234, -34.592520070602973 ], [ -58.388805320233708, -34.592592999818287 ], [ -58.388716728982793, -34.592520070602973 ], [ -58.388421424813096, -34.592362057083434 ], [ -58.388229477102797, -34.592204043263351 ], [ -58.388037529392491, -34.592086995795505 ], [ -58.387883971224284, -34.592204043263351 ], [ -58.38785472204939, -34.592520070602973 ], [ -58.388037529392491, -34.59268640029881 ], [ -58.388421424813096, -34.592745803680906 ], [ -58.388531109218988, -34.592836096740342 ], [ -58.388421424813096, -34.592926389701667 ], [ -58.388037529392491, -34.59298579291216 ], [ -58.387845581682242, -34.593152121675608 ], [ -58.38779759475468, -34.593468145408657 ], [ -58.387653633971979, -34.593586653998649 ], [ -58.387304638135063, -34.59378416793961 ], [ -58.387269738551367, -34.593812897200984 ], [ -58.387234838967693, -34.59378416793961 ], [ -58.387141773411194, -34.593468145408657 ], [ -58.387269738551367, -34.593362804297904 ], [ -58.387461686261673, -34.593152121675608 ], [ -58.387269738551367, -34.593039255765312 ], [ -58.386885843130855, -34.593056356670665 ], [ -58.386501947710251, -34.593066709649506 ], [ -58.386378110477814, -34.593152121675608 ], [ -58.386359764221162, -34.593468145408657 ], [ -58.386327449791828, -34.59378416793961 ], [ -58.386118052289717, -34.593956543358843 ], [ -58.385908654787571, -34.59378416793961 ], [ -58.38587634035823, -34.593468145408657 ], [ -58.385857994101578, -34.593152121675608 ], [ -58.385734156869113, -34.593039255765312 ], [ -58.385350261448593, -34.593014719677562 ], [ -58.384966366027989, -34.592994109358251 ], [ -58.384783558684887, -34.593152121675608 ], [ -58.384740545192386, -34.593468145408657 ], [ -58.384646453177552, -34.59378416793961 ], [ -58.384582470607477, -34.593836838244563 ], [ -58.384518488037372, -34.59378416793961 ], [ -58.38442439602251, -34.593468145408657 ], [ -58.384381382530009, -34.593152121675608 ], [ -58.384198575186865, -34.593020444765351 ], [ -58.383814679766338, -34.59298579291216 ], [ -58.383430784345734, -34.592926389701667 ], [ -58.383046888925215, -34.592836096740342 ], [ -58.383430784345734, -34.592745803680906 ], [ -58.383814679766338, -34.59268640029881 ], [ -58.384198575186865, -34.592651748306288 ], [ -58.384322412419316, -34.592520070602973 ], [ -58.384390522897171, -34.592204043263351 ], [ -58.384582470607477, -34.592046029142772 ], [ -58.384966366027989, -34.591971180243938 ], [ -58.385053614987221, -34.591888014721661 ], [ -58.385350261448593, -34.591643810025133 ], [ -58.385425535060463, -34.591571984977776 ], [ -58.385427040532697, -34.591255954031787 ], [ -58.385350261448593, -34.591184128649147 ], [ -58.385053614987221, -34.590939921883631 ], [ -58.384966366027989, -34.590852134962482 ], [ -58.384582470607477, -34.590830945002089 ], [ -58.38441555955503, -34.590939921883631 ], [ -58.384356649771817, -34.591255954031787 ], [ -58.38428716643778, -34.591571984977776 ], [ -58.384326540327066, -34.591888014721661 ], [ -58.384198575186865, -34.591993357702457 ], [ -58.384070610046692, -34.591888014721661 ], [ -58.384109983935971, -34.591571984977776 ], [ -58.383814679766338, -34.591361297814032 ], [ -58.383430784345734, -34.591308625939618 ], [ -58.383366801775658, -34.591255954031787 ], [ -58.383430784345734, -34.591203282090582 ], [ -58.38364405957941, -34.590939921883631 ], [ -58.383814679766338, -34.590799462765276 ], [ -58.384006627476602, -34.590623888533372 ], [ -58.384198575186865, -34.590465871407424 ], [ -58.384582470607477, -34.590416831548616 ], [ -58.384698802553075, -34.590307853980946 ], [ -58.384966366027989, -34.590087586763865 ], [ -58.385114018112837, -34.589991818226473 ], [ -58.385350261448593, -34.589797334087699 ], [ -58.385576082284203, -34.589675781269825 ], [ -58.385350261448593, -34.589388473902481 ], [ -58.385315361864905, -34.589359743111103 ], [ -58.385350261448593, -34.589331012309778 ] ], [ [ -58.385734156869113, -34.590164201514291 ], [ -58.386118052289717, -34.590186301909966 ], [ -58.386246017429897, -34.590307853980946 ], [ -58.386230962707529, -34.590623888533372 ], [ -58.386205301248935, -34.590939921883631 ], [ -58.386118052289717, -34.591001889066249 ], [ -58.386036372413002, -34.590939921883631 ], [ -58.385734156869113, -34.590691129772402 ], [ -58.385638183013988, -34.590623888533372 ], [ -58.3856017791379, -34.590307853980946 ], [ -58.385734156869113, -34.590164201514291 ] ], [ [ -58.386885843130855, -34.591178873130893 ], [ -58.387013808271028, -34.591255954031787 ], [ -58.387269738551367, -34.591466641462695 ], [ -58.387411922040485, -34.591571984977776 ], [ -58.387269738551367, -34.591650992526461 ], [ -58.38698181698598, -34.591888014721661 ], [ -58.386885843130855, -34.591951220526191 ], [ -58.386818493057064, -34.591888014721661 ], [ -58.386501947710251, -34.591627428879434 ], [ -58.386434597636466, -34.591571984977776 ], [ -58.386501947710251, -34.591506145296499 ], [ -58.38680586491823, -34.591255954031787 ], [ -58.386885843130855, -34.591178873130893 ] ], [ [ -58.385240577042708, -34.592520070602973 ], [ -58.385350261448593, -34.592442990874865 ], [ -58.385640523839719, -34.592204043263351 ], [ -58.385734156869113, -34.592138204082978 ], [ -58.386118052289717, -34.592151371923215 ], [ -58.386190485387942, -34.592204043263351 ], [ -58.386501947710251, -34.592460442895053 ], [ -58.386589196669462, -34.592520070602973 ], [ -58.386501947710251, -34.592605483191072 ], [ -58.386118052289717, -34.592613019591667 ], [ -58.385734156869113, -34.592632937218589 ], [ -58.385350261448593, -34.592657473419088 ], [ -58.385240577042708, -34.592520070602973 ] ], [ [ -58.38718248959217, -34.592520070602973 ], [ -58.387269738551367, -34.592446575980098 ], [ -58.387452545894512, -34.592520070602973 ], [ -58.387269738551367, -34.592632937218589 ], [ -58.38718248959217, -34.592520070602973 ] ] ], [ [ [ -58.386501947710251, -34.58928681105759 ], [ -58.386590538961158, -34.589359743111103 ], [ -58.386501947710251, -34.589432675100575 ], [ -58.38641335645935, -34.589359743111103 ], [ -58.386501947710251, -34.58928681105759 ] ] ], [ [ [ -58.387269738551367, -34.589307069967766 ], [ -58.387333721121472, -34.589359743111103 ], [ -58.387269738551367, -34.589412416221023 ], [ -58.387205755981284, -34.589359743111103 ], [ -58.387269738551367, -34.589307069967766 ] ] ], [ [ [ -58.383814679766338, -34.589963087643739 ], [ -58.38384957935002, -34.589991818226473 ], [ -58.383958640549039, -34.590307853980946 ], [ -58.383814679766338, -34.590426367079004 ], [ -58.383670718983623, -34.590307853980946 ], [ -58.38377978018265, -34.589991818226473 ], [ -58.383814679766338, -34.589963087643739 ] ] ], [ [ [ -58.385699257285431, -34.594416209394915 ], [ -58.385576082284203, -34.59410018926831 ], [ -58.385734156869113, -34.593970062984461 ], [ -58.385892231454079, -34.59410018926831 ], [ -58.385769056452801, -34.594416209394915 ], [ -58.385734156869113, -34.594444938437725 ], [ -58.385699257285431, -34.594416209394915 ] ] ] ] } },
{ "type": "Feature", "properties": { "id": 1, "isomin": 0.0, "isomax": 5.0, "id_punto": "1_9", "sector": 1.0 }, "geometry": { "type": "MultiPolygon", "coordinates": [ [ [ [ -58.387006366028004, -34.587177007852858 ], [ -58.387390261448608, -34.587229682346504 ], [ -58.387390261448608, -34.587229682346504 ], [ -58.387478852699502, -34.587545728607061 ], [ -58.387774156869128, -34.5876721467747 ], [ -58.388004494121496, -34.587861773665601 ], [ -58.388158052289747, -34.587963723428025 ], [ -58.388311610457954, -34.587861773665601 ], [ -58.388541947710252, -34.5876721467747 ], [ -58.388816158724978, -34.587545728607061 ], [ -58.388890943547175, -34.587229682346504 ], [ -58.388925843130863, -34.587200950808665 ], [ -58.388960742714545, -34.587229682346504 ], [ -58.389309738551383, -34.587427211400211 ], [ -58.389693633971987, -34.587493054313768 ], [ -58.389757616542077, -34.587545728607061 ], [ -58.389923971224299, -34.587861773665601 ], [ -58.390077529392507, -34.587970754441514 ], [ -58.390244440444945, -34.587861773665601 ], [ -58.390372833562218, -34.587545728607061 ], [ -58.390461424813125, -34.587229682346504 ], [ -58.390461424813125, -34.587229682346504 ], [ -58.390845320233637, -34.587200950808665 ], [ -58.390880219817319, -34.587229682346504 ], [ -58.391229215654249, -34.587493054313768 ], [ -58.391293198224332, -34.587545728607061 ], [ -58.391293198224332, -34.587861773665601 ], [ -58.391229215654249, -34.58791444772514 ], [ -58.390845320233637, -34.587967121751291 ], [ -58.390697668148817, -34.588177817521967 ], [ -58.390697668148817, -34.588493860176335 ], [ -58.390845320233637, -34.588651881052698 ], [ -58.391037267943943, -34.588809901628558 ], [ -58.391229215654249, -34.589097210996577 ], [ -58.391264115237924, -34.589125941878734 ], [ -58.391229215654249, -34.589154672750951 ], [ -58.39100339481859, -34.589441980926743 ], [ -58.390845320233637, -34.589572114303024 ], [ -58.390678409181241, -34.589758018772727 ], [ -58.390461424813125, -34.589936648327793 ], [ -58.390329047081877, -34.590074055416508 ], [ -58.390461424813125, -34.590211462278006 ], [ -58.390678409181241, -34.590390090858243 ], [ -58.390845320233637, -34.590587612398849 ], [ -58.390989281016367, -34.59070612509781 ], [ -58.390880219817319, -34.591022158135303 ], [ -58.390845320233637, -34.591050888351809 ], [ -58.390810420649949, -34.591022158135303 ], [ -58.390461424813125, -34.590855825107518 ], [ -58.390279579613882, -34.59070612509781 ], [ -58.390077529392507, -34.590584573609455 ], [ -58.389693633971987, -34.590568719054403 ], [ -58.389565668831786, -34.59070612509781 ], [ -58.389561256240754, -34.591022158135303 ], [ -58.389693633971987, -34.591165809118543 ], [ -58.390077529392507, -34.5913381899706 ], [ -58.390077529392507, -34.5913381899706 ], [ -58.390187213798391, -34.591654220603822 ], [ -58.390141511962604, -34.591970250034841 ], [ -58.390077529392507, -34.592022921489807 ], [ -58.389693633971987, -34.591998979923503 ], [ -58.389658734388313, -34.591970250034841 ], [ -58.389511788772758, -34.591654220603822 ], [ -58.389309738551383, -34.591532670502545 ], [ -58.389073495215676, -34.5913381899706 ], [ -58.388925843130863, -34.591239430151191 ], [ -58.38877228496262, -34.5913381899706 ], [ -58.388541947710252, -34.591527808494781 ], [ -58.388286017429905, -34.591654220603822 ], [ -58.388222034859822, -34.591970250034841 ], [ -58.388158052289747, -34.592022921489807 ], [ -58.387774156869128, -34.591998979923503 ], [ -58.387739257285446, -34.591970250034841 ], [ -58.387646191728962, -34.591654220603822 ], [ -58.387390261448608, -34.591527808494781 ], [ -58.387159924196247, -34.5913381899706 ], [ -58.387006366028004, -34.591236244348622 ], [ -58.386622470607485, -34.591232846159066 ], [ -58.386455559555046, -34.5913381899706 ], [ -58.386366540327067, -34.591654220603822 ], [ -58.38630255775697, -34.591970250034841 ], [ -58.386238575186866, -34.592022921489807 ], [ -58.38617459261679, -34.591970250034841 ], [ -58.385854679766368, -34.591772731781326 ], [ -58.385470784345749, -34.59172715057921 ], [ -58.385382193094848, -34.591654220603822 ], [ -58.385470784345749, -34.591581290564385 ], [ -58.385710718983624, -34.5913381899706 ], [ -58.385854679766368, -34.591219678173232 ], [ -58.386002331851174, -34.591022158135303 ], [ -58.386238575186866, -34.590827676408331 ], [ -58.386358542505818, -34.59070612509781 ], [ -58.386238575186866, -34.590584573609455 ], [ -58.386002331851174, -34.590390090858243 ], [ -58.385854679766368, -34.590146986779004 ], [ -58.385470784345749, -34.590126728073599 ], [ -58.385406801775659, -34.590074055416508 ], [ -58.385470784345749, -34.590021382726007 ], [ -58.385726714626159, -34.589758018772727 ], [ -58.385790697196263, -34.589441980926743 ], [ -58.385854679766368, -34.589389307835546 ], [ -58.386238575186866, -34.58925762496149 ], [ -58.386366540327067, -34.589125941878734 ], [ -58.386370952918121, -34.588809901628558 ], [ -58.386238575186866, -34.588666246572025 ], [ -58.385854679766368, -34.588493860176335 ], [ -58.385854679766368, -34.588493860176335 ], [ -58.385766088515453, -34.588177817521967 ], [ -58.385819780182672, -34.587861773665601 ], [ -58.385854679766368, -34.587833042346304 ], [ -58.386238575186866, -34.58778884029725 ], [ -58.386622470607485, -34.587833042346304 ], [ -58.386657370191166, -34.587861773665601 ], [ -58.386622470607485, -34.587890504974922 ], [ -58.386409195373808, -34.588177817521967 ], [ -58.386622470607485, -34.588299372531296 ], [ -58.386858713943191, -34.588493860176335 ], [ -58.387006366028004, -34.588592623259295 ], [ -58.387390261448608, -34.588602840123244 ], [ -58.38752736695595, -34.588493860176335 ], [ -58.387522639179835, -34.588177817521967 ], [ -58.387390261448608, -34.58803416137264 ], [ -58.387180863946462, -34.587861773665601 ], [ -58.387006366028004, -34.587651077093447 ], [ -58.386878400887824, -34.587545728607061 ], [ -58.386942383457914, -34.587229682346504 ], [ -58.387006366028004, -34.587177007852858 ] ], [ [ -58.388925843130863, -34.588027320597412 ], [ -58.389309738551383, -34.588027320597412 ], [ -58.389446844058746, -34.588177817521967 ], [ -58.389416376168221, -34.588493860176335 ], [ -58.389309738551383, -34.588567358295762 ], [ -58.388925843130863, -34.588564091714048 ], [ -58.388827408407636, -34.588493860176335 ], [ -58.3887887376235, -34.588177817521967 ], [ -58.388925843130863, -34.588027320597412 ] ], [ [ -58.390077529392507, -34.588700921953247 ], [ -58.390244440444945, -34.588809901628558 ], [ -58.390461424813125, -34.588988533222008 ], [ -58.390701359450951, -34.589125941878734 ], [ -58.390461424813125, -34.589283961553001 ], [ -58.390269477102805, -34.589441980926743 ], [ -58.390077529392507, -34.589559032120981 ], [ -58.389693633971987, -34.589523016386458 ], [ -58.389604355967201, -34.589441980926743 ], [ -58.389610178445778, -34.589125941878734 ], [ -58.389693633971987, -34.589046931928884 ], [ -58.389981555537382, -34.588809901628558 ], [ -58.390077529392507, -34.588700921953247 ] ], [ [ -58.387774156869128, -34.588999525922908 ], [ -58.388004494121496, -34.588809901628558 ], [ -58.388158052289747, -34.588719604193443 ], [ -58.388249455961294, -34.588809901628558 ], [ -58.388541947710252, -34.589050694309151 ], [ -58.388618726794377, -34.589125941878734 ], [ -58.388541947710252, -34.589181387412708 ], [ -58.38822540236351, -34.589441980926743 ], [ -58.388158052289747, -34.589497426249828 ], [ -58.387774156869128, -34.58950647854396 ], [ -58.387688846775688, -34.589441980926743 ], [ -58.387675722145921, -34.589125941878734 ], [ -58.387774156869128, -34.588999525922908 ] ], [ [ -58.387390261448608, -34.5906374221045 ], [ -58.387690701342926, -34.590390090858243 ], [ -58.387774156869128, -34.590326883866069 ], [ -58.387857612395351, -34.590390090858243 ], [ -58.388158052289747, -34.5906374221045 ], [ -58.388256487012953, -34.59070612509781 ], [ -58.388290430020952, -34.591022158135303 ], [ -58.388158052289747, -34.591165809118543 ], [ -58.387774156869128, -34.591165809118543 ], [ -58.3876370513618, -34.591022158135303 ], [ -58.387390261448608, -34.590818994177774 ], [ -58.38728362383177, -34.59070612509781 ], [ -58.387390261448608, -34.5906374221045 ] ], [ [ -58.388834439459288, -34.590390090858243 ], [ -58.388541947710252, -34.590149302059302 ], [ -58.388463601706057, -34.590074055416508 ], [ -58.388541947710252, -34.590021382726007 ], [ -58.388861860560766, -34.589758018772727 ], [ -58.388925843130863, -34.589698389082457 ], [ -58.389309738551383, -34.589684521706495 ], [ -58.389408173274617, -34.589758018772727 ], [ -58.3894519220405, -34.590074055416508 ], [ -58.389309738551383, -34.590191105720265 ], [ -58.389068026619945, -34.590390090858243 ], [ -58.388925843130863, -34.590477878267599 ], [ -58.388834439459288, -34.590390090858243 ] ], [ [ -58.386622470607485, -34.589640967858806 ], [ -58.386864182538915, -34.589441980926743 ], [ -58.387006366028004, -34.5893462116452 ], [ -58.387091676121464, -34.589441980926743 ], [ -58.387390261448608, -34.589687788244163 ], [ -58.38746860745281, -34.589758018772727 ], [ -58.387467040532712, -34.590074055416508 ], [ -58.387390261448608, -34.59014275887565 ], [ -58.387006366028004, -34.590153064389646 ], [ -58.386622470607485, -34.590183033290835 ], [ -58.386468912439241, -34.590074055416508 ], [ -58.386430522897172, -34.589758018772727 ], [ -58.386622470607485, -34.589640967858806 ] ] ], [ [ [ -58.385559375596657, -34.591022158135303 ], [ -58.385470784345749, -34.591095088665533 ], [ -58.385382193094848, -34.591022158135303 ], [ -58.385470784345749, -34.590949227541024 ], [ -58.385559375596657, -34.591022158135303 ] ] ] ] } },
{ "type": "Feature", "properties": { "id": 1, "isomin": 0.0, "isomax": 5.0, "id_punto": "2_10", "sector": 2.0 }, "geometry": { "type": "MultiPolygon", "coordinates": [ [ [ [ -58.381579738551402, -34.59367715161811 ], [ -58.381963633972006, -34.593705880916502 ], [ -58.381963633972006, -34.593705880916502 ], [ -58.382347529392526, -34.594021902543084 ], [ -58.382347529392526, -34.594021902543084 ], [ -58.382436120643433, -34.594337922967412 ], [ -58.382347529392526, -34.594410850586954 ], [ -58.38207331837787, -34.594653942189645 ], [ -58.381963633972006, -34.594744233175156 ], [ -58.381850723554187, -34.594969960209603 ], [ -58.381963633972006, -34.595068715594323 ], [ -58.382347529392526, -34.595091505281808 ], [ -58.382587464030401, -34.594969960209603 ], [ -58.38266744224304, -34.594653942189645 ], [ -58.382731424813144, -34.594601272402763 ], [ -58.38279540738322, -34.594653942189645 ], [ -58.382875385595831, -34.594969960209603 ], [ -58.383115320233664, -34.595167470861639 ], [ -58.383499215654268, -34.59523330764128 ], [ -58.383563198224351, -34.595285977027437 ], [ -58.383563198224351, -34.595601992642997 ], [ -58.383499215654268, -34.595654661795393 ], [ -58.383115320233664, -34.595720498188911 ], [ -58.382940822315241, -34.595918007056433 ], [ -58.38294840918126, -34.596234020267566 ], [ -58.382978214726322, -34.596550032276582 ], [ -58.383115320233664, -34.596687428427217 ], [ -58.383499215654268, -34.596716353903652 ], [ -58.38388311107478, -34.596793117619228 ], [ -58.383971702325695, -34.596866043083295 ], [ -58.38388311107478, -34.597182052687863 ], [ -58.38388311107478, -34.597182052687863 ], [ -58.383563198224351, -34.5974980610901 ], [ -58.383499215654268, -34.597550729040272 ], [ -58.383115320233664, -34.597588348984239 ], [ -58.382731424813144, -34.597814068290219 ], [ -58.382731424813144, -34.597814068290219 ], [ -58.38241151196263, -34.598130074288008 ], [ -58.382347529392526, -34.598182741837405 ], [ -58.381998533555702, -34.598446079083601 ], [ -58.381963633972006, -34.598474806732668 ], [ -58.381928734388332, -34.598446079083601 ], [ -58.381835668831805, -34.598130074288008 ], [ -58.381579738551402, -34.598008533661883 ], [ -58.381405240632986, -34.598130074288008 ], [ -58.381366463317775, -34.598446079083601 ], [ -58.381284434381783, -34.598762082676892 ], [ -58.38119584313089, -34.598835006412315 ], [ -58.381107251879975, -34.598762082676892 ], [ -58.381025222943947, -34.598446079083601 ], [ -58.380986445628729, -34.598130074288008 ], [ -58.380811947710271, -34.597979595391372 ], [ -58.380428052289659, -34.597932570680264 ], [ -58.380044156869147, -34.597842796157877 ], [ -58.380009257285451, -34.597814068290219 ], [ -58.380044156869147, -34.5974980610901 ], [ -58.380428052289659, -34.597695565731065 ], [ -58.380602550208131, -34.5974980610901 ], [ -58.380570235778791, -34.597182052687863 ], [ -58.380811947710271, -34.596983083817754 ], [ -58.38119584313089, -34.596967981796773 ], [ -58.381289476160283, -34.596866043083295 ], [ -58.38119584313089, -34.596788967387646 ], [ -58.380811947710271, -34.596780634875714 ], [ -58.380428052289659, -34.596767289835348 ], [ -58.38023610457941, -34.596866043083295 ], [ -58.38017212200932, -34.597182052687863 ], [ -58.380044156869147, -34.5974980610901 ], [ -58.379916191728945, -34.597182052687863 ], [ -58.379852209158841, -34.596866043083295 ], [ -58.379660261448542, -34.596722401956541 ], [ -58.379276366028023, -34.596690481672439 ], [ -58.378892470607418, -34.596622957954075 ], [ -58.378803879356518, -34.596550032276582 ], [ -58.378892470607418, -34.596477106535069 ], [ -58.379276366028023, -34.596409582643226 ], [ -58.379660261448542, -34.596377662238901 ], [ -58.379843068791679, -34.596234020267566 ], [ -58.379886082284195, -34.595918007056433 ], [ -58.379980174299043, -34.595601992642997 ], [ -58.379660261448542, -34.595404483024154 ], [ -58.379276366028023, -34.595338646380185 ], [ -58.379212383457919, -34.595285977027437 ], [ -58.379276366028023, -34.59523330764128 ], [ -58.379660261448542, -34.595167470861639 ], [ -58.379900196086417, -34.594969960209603 ], [ -58.380009257285451, -34.594653942189645 ], [ -58.380044156869147, -34.594625213219125 ], [ -58.380079056452821, -34.594653942189645 ], [ -58.380188117651848, -34.594969960209603 ], [ -58.380428052289659, -34.595091505281808 ], [ -58.380811947710271, -34.595071901249923 ], [ -58.38119584313089, -34.595057742779595 ], [ -58.38130875354868, -34.594969960209603 ], [ -58.381328220862095, -34.594653942189645 ], [ -58.381355799556104, -34.594337922967412 ], [ -58.38119584313089, -34.594152028745768 ], [ -58.380811947710271, -34.594094830440021 ], [ -58.38072335645937, -34.594021902543084 ], [ -58.380811947710271, -34.593948974582105 ], [ -58.38119584313089, -34.593891776136537 ], [ -58.381544838967727, -34.593705880916502 ], [ -58.381579738551402, -34.59367715161811 ] ], [ [ -58.382514440444965, -34.597182052687863 ], [ -58.382560804626202, -34.5974980610901 ], [ -58.382347529392526, -34.597708732690421 ], [ -58.382193971224318, -34.5974980610901 ], [ -58.38221956425236, -34.597182052687863 ], [ -58.382347529392526, -34.597080114237095 ], [ -58.382514440444965, -34.597182052687863 ] ], [ [ -58.380245244946558, -34.596234020267566 ], [ -58.380202231454071, -34.595918007056433 ], [ -58.380108139439237, -34.595601992642997 ], [ -58.380428052289659, -34.59548044831773 ], [ -58.380811947710271, -34.595500052253207 ], [ -58.38119584313089, -34.595514210648147 ], [ -58.381285121135662, -34.595601992642997 ], [ -58.381275821343486, -34.595918007056433 ], [ -58.38119584313089, -34.595975464093335 ], [ -58.380811947710271, -34.595970676008456 ], [ -58.380492034859763, -34.596234020267566 ], [ -58.380428052289659, -34.596332774149538 ], [ -58.380245244946558, -34.596234020267566 ] ], [ [ -58.381459771232493, -34.5974980610901 ], [ -58.381579738551402, -34.597412653532395 ], [ -58.381733296719645, -34.5974980610901 ], [ -58.381579738551402, -34.597619602463197 ], [ -58.381459771232493, -34.5974980610901 ] ], [ [ -58.382227562073609, -34.596234020267566 ], [ -58.382210423885198, -34.595918007056433 ], [ -58.382347529392526, -34.595816067054422 ], [ -58.382522027310984, -34.595918007056433 ], [ -58.382514440444965, -34.596234020267566 ], [ -58.382347529392526, -34.596324309535682 ], [ -58.382227562073609, -34.596234020267566 ] ] ] ] } },
{ "type": "Feature", "properties": { "id": 1, "isomin": 0.0, "isomax": 5.0, "id_punto": "2_11", "sector": 2.0 }, "geometry": { "type": "MultiPolygon", "coordinates": [ [ [ [ -58.382473633971962, -34.588243073332123 ], [ -58.382537616542052, -34.588295747149942 ], [ -58.382683031474073, -34.588611789355774 ], [ -58.382473633971962, -34.588784175506788 ], [ -58.382345668831761, -34.58892783035941 ], [ -58.382360723554143, -34.589243870161056 ], [ -58.382473633971962, -34.589339639560556 ], [ -58.382741197446883, -34.589559908760499 ], [ -58.382857529392496, -34.589658670576327 ], [ -58.383011087560739, -34.589559908760499 ], [ -58.383070804626158, -34.589243870161056 ], [ -58.383152833562193, -34.58892783035941 ], [ -58.3832414248131, -34.588854897926801 ], [ -58.383330016063987, -34.58892783035941 ], [ -58.383412045, -34.589243870161056 ], [ -58.38362532023362, -34.589394364882118 ], [ -58.383881250514023, -34.589243870161056 ], [ -58.384009215654224, -34.589138523694068 ], [ -58.384393111074736, -34.589191196944242 ], [ -58.384457093644841, -34.589243870161056 ], [ -58.384393111074736, -34.589296543344439 ], [ -58.384167290239148, -34.589559908760499 ], [ -58.384009215654224, -34.589690041952061 ], [ -58.383795940420555, -34.589875946157917 ], [ -58.384009215654224, -34.590101686420013 ], [ -58.384118900060088, -34.590191982353147 ], [ -58.384044115237899, -34.590508017346323 ], [ -58.384009215654224, -34.590536747740614 ], [ -58.383974316070528, -34.590508017346323 ], [ -58.38362532023362, -34.590297327484429 ], [ -58.383497355093439, -34.590191982353147 ], [ -58.3832414248131, -34.590079112421407 ], [ -58.383125092867459, -34.590191982353147 ], [ -58.383109047081852, -34.590508017346323 ], [ -58.38308146838785, -34.590824051137304 ], [ -58.3832414248131, -34.590990384228697 ], [ -58.38362532023362, -34.59108741171157 ], [ -58.383689302803717, -34.591140083726238 ], [ -58.383713911484527, -34.59145611511294 ], [ -58.38362532023362, -34.59152904526227 ], [ -58.3832414248131, -34.591628495362698 ], [ -58.383039374591725, -34.591772145297604 ], [ -58.382985494532697, -34.592088174280121 ], [ -58.382857529392496, -34.592404202060408 ], [ -58.382473633971962, -34.592116904127991 ], [ -58.382438734388273, -34.592088174280121 ], [ -58.382089738551358, -34.591989415352209 ], [ -58.381969771232455, -34.592088174280121 ], [ -58.38195263304403, -34.592404202060408 ], [ -58.382089738551358, -34.592590100193171 ], [ -58.382473633971962, -34.592667557625731 ], [ -58.382537616542052, -34.592720228638626 ], [ -58.382473633971962, -34.59277289961809 ], [ -58.382178329802265, -34.593036254014599 ], [ -58.382089738551358, -34.5931091827768 ], [ -58.381794434381739, -34.593352278188469 ], [ -58.381705843130845, -34.593425206673253 ], [ -58.381617251879931, -34.593352278188469 ], [ -58.381321947710234, -34.593176709351404 ], [ -58.381151327523334, -34.593036254014599 ], [ -58.380938052289721, -34.592793157678223 ], [ -58.380849461038814, -34.592720228638626 ], [ -58.380938052289721, -34.592647299534967 ], [ -58.381321947710234, -34.59255469105711 ], [ -58.381459053217604, -34.592404202060408 ], [ -58.381441915029178, -34.592088174280121 ], [ -58.381321947710234, -34.59200500887497 ], [ -58.381039077400366, -34.591772145297604 ], [ -58.380938052289721, -34.591676378701926 ], [ -58.380554156869117, -34.591659277512512 ], [ -58.380340881635483, -34.591772145297604 ], [ -58.380258852699484, -34.592088174280121 ], [ -58.380170261448583, -34.592161103874581 ], [ -58.380081670197676, -34.592088174280121 ], [ -58.379999641261655, -34.591772145297604 ], [ -58.379786366027979, -34.591596573121208 ], [ -58.379402470607459, -34.591772145297604 ], [ -58.379274505467258, -34.59145611511294 ], [ -58.379402470607459, -34.591350771450948 ], [ -58.379786366027979, -34.591315656867259 ], [ -58.379988416249354, -34.591140083726238 ], [ -58.380170261448583, -34.590990384228697 ], [ -58.380352106647777, -34.591140083726238 ], [ -58.380554156869117, -34.591252952216621 ], [ -58.380938052289721, -34.591235850940059 ], [ -58.381018030502318, -34.591140083726238 ], [ -58.381013325901584, -34.590824051137304 ], [ -58.381003119310144, -34.590508017346323 ], [ -58.381003119310144, -34.590191982353147 ], [ -58.381009144034259, -34.589875946157917 ], [ -58.380938052289721, -34.589810105132571 ], [ -58.380554156869117, -34.589792778538289 ], [ -58.380417051361775, -34.589875946157917 ], [ -58.380554156869117, -34.590019599122954 ], [ -58.380763554371264, -34.590191982353147 ], [ -58.380554156869117, -34.590364365225717 ], [ -58.380170261448583, -34.590381603493299 ], [ -58.379939924196222, -34.590191982353147 ], [ -58.379786366027979, -34.590074932050605 ], [ -58.37954643139016, -34.590191982353147 ], [ -58.379402470607459, -34.590310495616464 ], [ -58.379018575186855, -34.590244654935475 ], [ -58.378954592616765, -34.590191982353147 ], [ -58.378908890780991, -34.589875946157917 ], [ -58.379018575186855, -34.589785649881314 ], [ -58.379338488037362, -34.589559908760499 ], [ -58.379402470607459, -34.589507235744058 ], [ -58.379786366027979, -34.589454562694236 ], [ -58.380170261448583, -34.589336822815078 ], [ -58.380274016967647, -34.589243870161056 ], [ -58.380554156869117, -34.589013246640569 ], [ -58.380938052289721, -34.58900132809498 ], [ -58.381041807808778, -34.58892783035941 ], [ -58.381321947710234, -34.588697205961779 ], [ -58.38148885876268, -34.588611789355774 ], [ -58.381705843130845, -34.588433156952355 ], [ -58.382089738551358, -34.588417301986759 ], [ -58.382409651401865, -34.588295747149942 ], [ -58.382473633971962, -34.588243073332123 ] ], [ [ -58.381705843130845, -34.589478873336766 ], [ -58.382089738551358, -34.589466956356034 ], [ -58.382206070496999, -34.589559908760499 ], [ -58.382188173274592, -34.589875946157917 ], [ -58.382089738551358, -34.589949443054763 ], [ -58.381705843130845, -34.58994044343823 ], [ -58.381634751386279, -34.589875946157917 ], [ -58.381618594171613, -34.589559908760499 ], [ -58.381705843130845, -34.589478873336766 ] ], [ [ -58.382249694976608, -34.591140083726238 ], [ -58.382089738551358, -34.591230378530803 ], [ -58.38200805867465, -34.591140083726238 ], [ -58.382014464939495, -34.590824051137304 ], [ -58.382012959467254, -34.590508017346323 ], [ -58.382089738551358, -34.590434520943532 ], [ -58.382202648969191, -34.590508017346323 ], [ -58.382473633971962, -34.590731100147096 ], [ -58.382633590397191, -34.590824051137304 ], [ -58.382473633971962, -34.590955731528766 ], [ -58.382249694976608, -34.591140083726238 ] ], [ [ -58.382353666653039, -34.591772145297604 ], [ -58.382473633971962, -34.591663169507662 ], [ -58.382675684193302, -34.591772145297604 ], [ -58.382473633971962, -34.592059444422297 ], [ -58.382353666653039, -34.591772145297604 ] ] ], [ [ [ -58.379658400887806, -34.590824051137304 ], [ -58.379722383457903, -34.590508017346323 ], [ -58.379786366027979, -34.59045534493093 ], [ -58.379850348598083, -34.590508017346323 ], [ -58.37991433116818, -34.590824051137304 ], [ -58.379786366027979, -34.590929395467185 ], [ -58.379658400887806, -34.590824051137304 ] ] ] ] } },
{ "type": "Feature", "properties": { "id": 1, "isomin": 0.0, "isomax": 5.0, "id_punto": "2_12", "sector": 2.0 }, "geometry": { "type": "MultiPolygon", "coordinates": [ [ [ [ -58.384483633971925, -34.586990368291026 ], [ -58.384867529392544, -34.586955251864495 ], [ -58.38503814957943, -34.587095717481532 ], [ -58.384867529392544, -34.587236182861076 ], [ -58.384693031474086, -34.58741176425162 ], [ -58.384483633971925, -34.58758415289229 ], [ -58.384346528464597, -34.587727809819683 ], [ -58.384483633971925, -34.587894149109474 ], [ -58.384665479171169, -34.588043854185599 ], [ -58.384867529392544, -34.588170271595402 ], [ -58.385097866644841, -34.588359897349498 ], [ -58.385251424813056, -34.588481452092424 ], [ -58.385418335865488, -34.588359897349498 ], [ -58.385635320233661, -34.588181264404568 ], [ -58.385984316070498, -34.588043854185599 ], [ -58.38601921565418, -34.588015122929278 ], [ -58.386054115237869, -34.588043854185599 ], [ -58.386163176436909, -34.588359897349498 ], [ -58.38601921565418, -34.588478413226035 ], [ -58.385635320233661, -34.588538529910366 ], [ -58.385487668148812, -34.588675939311244 ], [ -58.385487668148812, -34.588991980070972 ], [ -58.385635320233661, -34.58915 ], [ -58.385827267943931, -34.589308019628525 ], [ -58.385763285373841, -34.589624057984054 ], [ -58.385699302803751, -34.589940095137365 ], [ -58.385635320233661, -34.589992767879416 ], [ -58.385571337663563, -34.589940095137365 ], [ -58.385507355093459, -34.589624057984054 ], [ -58.385251424813056, -34.589486650151088 ], [ -58.385034440444933, -34.589308019628525 ], [ -58.384867529392544, -34.589212250192581 ], [ -58.384771555537391, -34.589308019628525 ], [ -58.384483633971925, -34.589545048507851 ], [ -58.38409973855142, -34.589555354095971 ], [ -58.384022959467288, -34.589624057984054 ], [ -58.38401628302519, -34.589940095137365 ], [ -58.38409973855142, -34.590019104237903 ], [ -58.384387660116793, -34.59025613108868 ], [ -58.384483633971925, -34.590377683057504 ], [ -58.384675581682224, -34.59025613108868 ], [ -58.384867529392544, -34.590098113263281 ], [ -58.385251424813056, -34.590125998783734 ], [ -58.385409499398023, -34.59025613108868 ], [ -58.385395385595785, -34.59057216583777 ], [ -58.385635320233661, -34.590888199384835 ], [ -58.385251424813056, -34.590961130032646 ], [ -58.385162833562163, -34.590888199384835 ], [ -58.384867529392544, -34.590750793642513 ], [ -58.384735151661289, -34.590888199384835 ], [ -58.384719877307695, -34.591204231729684 ], [ -58.384684722049386, -34.591520262872457 ], [ -58.384627594754662, -34.591836292813028 ], [ -58.384547616542022, -34.592152321551531 ], [ -58.384483633971925, -34.592204992891055 ], [ -58.384419651401849, -34.592152321551531 ], [ -58.384339673189231, -34.591836292813028 ], [ -58.38409973855142, -34.591650392993579 ], [ -58.383715843130801, -34.591572934612707 ], [ -58.383331947710282, -34.591638774241055 ], [ -58.382948052289677, -34.591836292813028 ], [ -58.382838367883814, -34.591520262872457 ], [ -58.38273865478758, -34.591204231729684 ], [ -58.382711808953971, -34.590888199384835 ], [ -58.382564156869158, -34.590789439030516 ], [ -58.382180261448539, -34.590779222435437 ], [ -58.381796366028027, -34.590702297443912 ], [ -58.38147645317752, -34.590888199384835 ], [ -58.381412470607422, -34.590940871525788 ], [ -58.381348488037332, -34.590888199384835 ], [ -58.38124185042053, -34.59057216583777 ], [ -58.381302786201559, -34.59025613108868 ], [ -58.381412470607422, -34.589940095137365 ], [ -58.381412470607422, -34.589940095137365 ], [ -58.381796366028027, -34.589741108921736 ], [ -58.381949924196242, -34.589624057984054 ], [ -58.381796366028027, -34.589466038956537 ], [ -58.381412470607422, -34.589413365880581 ], [ -58.381284505467242, -34.589308019628525 ], [ -58.381028575186903, -34.589132442244946 ], [ -58.380857954999961, -34.588991980070972 ], [ -58.381028575186903, -34.588851517659492 ], [ -58.381412470607422, -34.588802355759398 ], [ -58.381536307839866, -34.588675939311244 ], [ -58.381796366028027, -34.58846184650077 ], [ -58.381906050433891, -34.588359897349498 ], [ -58.382180261448539, -34.588134152355067 ], [ -58.382564156869158, -34.588119102666987 ], [ -58.382653434873937, -34.588043854185599 ], [ -58.382948052289677, -34.587801308616697 ], [ -58.383068019608615, -34.587727809819683 ], [ -58.383331947710282, -34.587510528620768 ], [ -58.383715843130801, -34.587502063108012 ], [ -58.38386349521565, -34.58741176425162 ], [ -58.38409973855142, -34.587217274073815 ], [ -58.384355668831759, -34.587095717481532 ], [ -58.384483633971925, -34.586990368291026 ] ], [ [ -58.383715843130801, -34.587953555917991 ], [ -58.383875799556051, -34.588043854185599 ], [ -58.38409973855142, -34.588228212843966 ], [ -58.384274236469828, -34.588359897349498 ], [ -58.384483633971925, -34.58853228402311 ], [ -58.384620739479288, -34.588675939311244 ], [ -58.384483633971925, -34.588761355851346 ], [ -58.384203494070469, -34.588991980070972 ], [ -58.38409973855142, -34.589060684424872 ], [ -58.383715843130801, -34.589059222630688 ], [ -58.383651860560711, -34.588991980070972 ], [ -58.383331947710282, -34.588728612854688 ], [ -58.38326085596573, -34.588675939311244 ], [ -58.383255168626164, -34.588359897349498 ], [ -58.383331947710282, -34.588278860755416 ], [ -58.383617408407595, -34.588043854185599 ], [ -58.383715843130801, -34.587953555917991 ] ], [ [ -58.381522155013307, -34.59025613108868 ], [ -58.381796366028027, -34.590139080876497 ], [ -58.381916333346936, -34.59025613108868 ], [ -58.381796366028027, -34.590442034027845 ], [ -58.381522155013307, -34.59025613108868 ] ], [ [ -58.382421973380048, -34.588991980070972 ], [ -58.38245751925232, -34.588675939311244 ], [ -58.382564156869158, -34.588600691334143 ], [ -58.382635248613703, -34.588675939311244 ], [ -58.382948052289677, -34.588933454095063 ], [ -58.383012034859782, -34.588991980070972 ], [ -58.383013119310114, -34.589308019628525 ], [ -58.383026398293879, -34.589624057984054 ], [ -58.382948052289677, -34.589697555103719 ], [ -58.382824215057255, -34.589624057984054 ], [ -58.382564156869158, -34.589409967616476 ], [ -58.382427051361795, -34.589308019628525 ], [ -58.382421973380048, -34.588991980070972 ] ], [ [ -58.383208110477831, -34.59057216583777 ], [ -58.383222263304397, -34.59025613108868 ], [ -58.383331947710282, -34.590187427723272 ], [ -58.383423351381836, -34.59025613108868 ], [ -58.383715843130801, -34.590496919577987 ], [ -58.383816868241489, -34.59057216583777 ], [ -58.383848220862049, -34.590888199384835 ], [ -58.383715843130801, -34.591014612467021 ], [ -58.383331947710282, -34.591054532347762 ], [ -58.383184295625433, -34.590888199384835 ], [ -58.383208110477831, -34.59057216583777 ] ] ] ] } },
{ "type": "Feature", "properties": { "id": 1, "isomin": 0.0, "isomax": 5.0, "id_punto": "2_13", "sector": 2.0 }, "geometry": { "type": "MultiPolygon", "coordinates": [ [ [ [ -58.382988052289747, -34.590629002579512 ], [ -58.383022951873428, -34.590657732931973 ], [ -58.38311601742992, -34.590973766153553 ], [ -58.383371947710273, -34.591149339646037 ], [ -58.383542567897202, -34.591289798172916 ], [ -58.383755843130885, -34.591515534593661 ], [ -58.383865527536749, -34.591605828990225 ], [ -58.383755843130885, -34.591696123288628 ], [ -58.383371947710273, -34.591746286745341 ], [ -58.3832439825701, -34.591921858605318 ], [ -58.38326226330441, -34.592237887018335 ], [ -58.383275973855135, -34.5925539142291 ], [ -58.383371947710273, -34.592632920843997 ], [ -58.383755843130885, -34.592641699352114 ], [ -58.384139738551397, -34.592655858234238 ], [ -58.384306649603843, -34.5925539142291 ], [ -58.384341788772772, -34.592237887018335 ], [ -58.384413949566117, -34.591921858605318 ], [ -58.384523633972002, -34.591605828990225 ], [ -58.384633318377865, -34.591921858605318 ], [ -58.384907529392521, -34.592107757817374 ], [ -58.385291424813126, -34.591921858605318 ], [ -58.385401109218989, -34.592237887018335 ], [ -58.385291424813126, -34.592328180629785 ], [ -58.385099477102827, -34.5925539142291 ], [ -58.385291424813126, -34.592739812026885 ], [ -58.385675320233659, -34.592817269319859 ], [ -58.385739302803756, -34.592869940237819 ], [ -58.385675320233659, -34.592922611122376 ], [ -58.385291424813126, -34.593000068244898 ], [ -58.384907529392521, -34.593035477191137 ], [ -58.38472472204942, -34.593185965044292 ], [ -58.384667594754703, -34.593501988648669 ], [ -58.384715581682272, -34.593818011050821 ], [ -58.384753971224313, -34.594134032250849 ], [ -58.384907529392521, -34.594265707396026 ], [ -58.385291424813126, -34.594300358715316 ], [ -58.385675320233659, -34.594359760943355 ], [ -58.385785004639544, -34.594450052248625 ], [ -58.385675320233659, -34.594540343455755 ], [ -58.385291424813126, -34.594599745512227 ], [ -58.384907529392521, -34.5946343966922 ], [ -58.384747572967306, -34.594766071044283 ], [ -58.384907529392521, -34.594976749573448 ], [ -58.385035494532723, -34.595082088637689 ], [ -58.384907529392521, -34.595187427568341 ], [ -58.384587616542092, -34.595398105028949 ], [ -58.384523633972002, -34.595450774310599 ], [ -58.384139738551397, -34.595714120217956 ], [ -58.384139738551397, -34.595714120217956 ], [ -58.383755843130885, -34.595804410051166 ], [ -58.383460538961188, -34.596030134204817 ], [ -58.383371947710273, -34.596103060338756 ], [ -58.38328335645938, -34.596030134204817 ], [ -58.382988052289747, -34.595898461856407 ], [ -58.382774777056078, -34.596030134204817 ], [ -58.38269274812005, -34.596346146989397 ], [ -58.382604156869142, -34.596419072845897 ], [ -58.382515565618256, -34.596346146989397 ], [ -58.382220261448623, -34.596082803085743 ], [ -58.382156278878526, -34.596030134204817 ], [ -58.382076300665894, -34.595714120217956 ], [ -58.381836366028018, -34.595503443558876 ], [ -58.381487370191181, -34.595714120217956 ], [ -58.381452470607499, -34.595742848811895 ], [ -58.38141757102381, -34.595714120217956 ], [ -58.381068575186895, -34.595426833732176 ], [ -58.381033675603206, -34.595398105028949 ], [ -58.381068575186895, -34.595369376315794 ], [ -58.381251382530039, -34.595082088637689 ], [ -58.381222133355131, -34.594766071044283 ], [ -58.381196540327096, -34.594450052248625 ], [ -58.381068575186895, -34.594344712382942 ], [ -58.380684679766368, -34.594323644393768 ], [ -58.380300784345764, -34.594299566685315 ], [ -58.37998087149532, -34.594450052248625 ], [ -58.379916888925244, -34.594502722131381 ], [ -58.37985290635514, -34.594450052248625 ], [ -58.37953299350464, -34.594162761391232 ], [ -58.379498093920958, -34.594134032250849 ], [ -58.37953299350464, -34.594105303100505 ], [ -58.379828297674337, -34.593818011050821 ], [ -58.379916888925244, -34.593745082910864 ], [ -58.380005480176131, -34.593818011050821 ], [ -58.380300784345764, -34.593968497486465 ], [ -58.380684679766368, -34.59394441967509 ], [ -58.381068575186895, -34.593923351584394 ], [ -58.381181485604721, -34.593818011050821 ], [ -58.381200952918135, -34.593501988648669 ], [ -58.381196540327096, -34.593185965044292 ], [ -58.381068575186895, -34.593068918959858 ], [ -58.380684679766368, -34.593042317554016 ], [ -58.380300784345764, -34.593000068244898 ], [ -58.379916888925244, -34.592922611122376 ], [ -58.37985290635514, -34.592869940237819 ], [ -58.379916888925244, -34.5925539142291 ], [ -58.380300784345764, -34.592739812026885 ], [ -58.380684679766368, -34.592697562563906 ], [ -58.381068575186895, -34.592670961039161 ], [ -58.381205680694251, -34.5925539142291 ], [ -58.381228531612152, -34.592237887018335 ], [ -58.381270625408256, -34.591921858605318 ], [ -58.381363879356591, -34.591605828990225 ], [ -58.381452470607499, -34.591532898908298 ], [ -58.381836366028018, -34.591553157270816 ], [ -58.382076300665894, -34.591289798172916 ], [ -58.382220261448623, -34.591171286306519 ], [ -58.382604156869142, -34.591159667486998 ], [ -58.382860087149545, -34.590973766153553 ], [ -58.382953152706058, -34.590657732931973 ], [ -58.382988052289747, -34.590629002579512 ] ], [ [ -58.381836366028018, -34.591658500676203 ], [ -58.381996322453269, -34.591921858605318 ], [ -58.382220261448623, -34.592106208658983 ], [ -58.38236791353345, -34.592237887018335 ], [ -58.382604156869142, -34.592432365444168 ], [ -58.382700130724295, -34.5925539142291 ], [ -58.382604156869142, -34.592621153906116 ], [ -58.382220261448623, -34.592627408757018 ], [ -58.381836366028018, -34.592644207497131 ], [ -58.381699260520691, -34.5925539142291 ], [ -58.381676409602804, -34.592237887018335 ], [ -58.381634315806693, -34.591921858605318 ], [ -58.381836366028018, -34.591658500676203 ] ], [ [ -58.382988052289747, -34.595199131885728 ], [ -58.382875141871928, -34.595082088637689 ], [ -58.382889617566512, -34.594766071044283 ], [ -58.382988052289747, -34.594698833103337 ], [ -58.383371947710273, -34.594692578408385 ], [ -58.383755843130885, -34.594685040698465 ], [ -58.384139738551397, -34.594670307899811 ], [ -58.384299694976654, -34.594766071044283 ], [ -58.384331686261703, -34.595082088637689 ], [ -58.384139738551397, -34.595325178276141 ], [ -58.383755843130885, -34.595257653447923 ], [ -58.383371947710273, -34.595219487216383 ], [ -58.382988052289747, -34.595199131885728 ] ], [ [ -58.38292186342413, -34.593501988648669 ], [ -58.382915619191522, -34.593185965044292 ], [ -58.382988052289747, -34.593117264101679 ], [ -58.383371947710273, -34.593106958955381 ], [ -58.383755843130885, -34.593098180496426 ], [ -58.384139738551397, -34.593084021689698 ], [ -58.384322545894541, -34.593185965044292 ], [ -58.384379673189279, -34.593501988648669 ], [ -58.384331686261703, -34.593818011050821 ], [ -58.38429329671964, -34.594134032250849 ], [ -58.384139738551397, -34.594229796013494 ], [ -58.383755843130885, -34.594215063134101 ], [ -58.383371947710273, -34.594207525380874 ], [ -58.383293601706072, -34.594134032250849 ], [ -58.382988052289747, -34.593882505270898 ], [ -58.38292186342413, -34.593818011050821 ], [ -58.38292186342413, -34.593501988648669 ] ], [ [ -58.382220261448623, -34.593428494894468 ], [ -58.382286450314233, -34.593501988648669 ], [ -58.382286450314233, -34.593818011050821 ], [ -58.382220261448623, -34.593889834156386 ], [ -58.382113623831785, -34.593818011050821 ], [ -58.382100294129685, -34.593501988648669 ], [ -58.382220261448623, -34.593428494894468 ] ], [ [ -58.382100294129685, -34.594766071044283 ], [ -58.382220261448623, -34.594688993400098 ], [ -58.382318696171829, -34.594766071044283 ], [ -58.382333171866421, -34.595082088637689 ], [ -58.382220261448623, -34.595213762280146 ], [ -58.382018211227248, -34.595082088637689 ], [ -58.382100294129685, -34.594766071044283 ] ] ], [ [ [ -58.383755843130885, -34.590921094033448 ], [ -58.383819825700961, -34.590973766153553 ], [ -58.383755843130885, -34.591026438240256 ], [ -58.383691860560781, -34.590973766153553 ], [ -58.383755843130885, -34.590921094033448 ] ] ] ] } },
{ "type": "Feature", "properties": { "id": 1, "isomin": 0.0, "isomax": 5.0, "id_punto": "2_14", "sector": 2.0 }, "geometry": { "type": "MultiPolygon", "coordinates": [ [ [ [ -58.382168052289764, -34.589075766434974 ], [ -58.382551947710269, -34.589286459394494 ], [ -58.38267991285047, -34.589391805673884 ], [ -58.382722567897204, -34.589707843710649 ], [ -58.38293584313088, -34.589851496966361 ], [ -58.383145240632984, -34.590023880545367 ], [ -58.383195901318977, -34.590339916177889 ], [ -58.383210054145536, -34.590655950608365 ], [ -58.383221303828194, -34.590971983836639 ], [ -58.3833197385514, -34.591045479763949 ], [ -58.383426376168238, -34.590971983836639 ], [ -58.383703633972004, -34.590743737736808 ], [ -58.383851286056817, -34.590655950608365 ], [ -58.383703633972004, -34.590489616847421 ], [ -58.383521788772775, -34.590339916177889 ], [ -58.383533013785069, -34.590023880545367 ], [ -58.3833197385514, -34.58984830467449 ], [ -58.383149118364514, -34.589707843710649 ], [ -58.3833197385514, -34.589567382509387 ], [ -58.383703633972004, -34.589679113029703 ], [ -58.3837385335557, -34.589707843710649 ], [ -58.383874254158897, -34.590023880545367 ], [ -58.384087529392524, -34.590167533254608 ], [ -58.384296926894685, -34.590339916177889 ], [ -58.384471424813142, -34.590461468024174 ], [ -58.384673475034454, -34.590339916177889 ], [ -58.384855320233648, -34.590190215238643 ], [ -58.385150624403352, -34.590023880545367 ], [ -58.385239215654266, -34.589950949074812 ], [ -58.38532780690516, -34.590023880545367 ], [ -58.385383176436953, -34.590339916177889 ], [ -58.38534890006013, -34.590655950608365 ], [ -58.385274115237941, -34.590971983836639 ], [ -58.385239215654266, -34.591000714070525 ], [ -58.38520431607057, -34.590971983836639 ], [ -58.384855320233648, -34.590834578232936 ], [ -58.38471821472632, -34.590971983836639 ], [ -58.38471821472632, -34.591288015862865 ], [ -58.384722942502435, -34.591604046686868 ], [ -58.38470176206544, -34.591920076308803 ], [ -58.384672512890553, -34.592236104728542 ], [ -58.384599389953308, -34.592552131946178 ], [ -58.384506324396817, -34.59286815796159 ], [ -58.384471424813142, -34.592896887539752 ], [ -58.384087529392524, -34.592973499699603 ], [ -58.383703633972004, -34.593017854075654 ], [ -58.3833197385514, -34.593052505915459 ], [ -58.383136931208298, -34.593184182774905 ], [ -58.383079803913574, -34.593500206385997 ], [ -58.38293584313088, -34.593618714930265 ], [ -58.382640538961176, -34.593816228794992 ], [ -58.382551947710269, -34.593889156872486 ], [ -58.382463356459382, -34.593816228794992 ], [ -58.382407986927575, -34.593500206385997 ], [ -58.382407986927575, -34.593184182774905 ], [ -58.382168052289764, -34.593046780829887 ], [ -58.38195477705608, -34.593184182774905 ], [ -58.38189384127503, -34.593500206385997 ], [ -58.381784156869145, -34.593590498625538 ], [ -58.381674472463281, -34.593500206385997 ], [ -58.381613536682252, -34.593184182774905 ], [ -58.381400261448626, -34.593033694918496 ], [ -58.381016366028021, -34.59299828597149 ], [ -58.380632470607502, -34.592920828847291 ], [ -58.380568488037405, -34.59286815796159 ], [ -58.380632470607502, -34.592815487042508 ], [ -58.381016366028021, -34.592738029747906 ], [ -58.381400261448626, -34.592702620674871 ], [ -58.381537366955953, -34.592552131946178 ], [ -58.381400261448626, -34.5924563662496 ], [ -58.381132697973662, -34.592236104728542 ], [ -58.381117391138694, -34.591920076308803 ], [ -58.381016366028021, -34.591832290423298 ], [ -58.380632470607502, -34.591818131400821 ], [ -58.380419195373825, -34.591920076308803 ], [ -58.380337166437798, -34.592236104728542 ], [ -58.380248575186883, -34.592309034193157 ], [ -58.380159983936004, -34.592236104728542 ], [ -58.380077955, -34.591920076308803 ], [ -58.380039177684786, -34.591604046686868 ], [ -58.379864679766371, -34.591453555968215 ], [ -58.379663591688917, -34.591288015862865 ], [ -58.379682834567141, -34.590971983836639 ], [ -58.379736714626169, -34.590655950608365 ], [ -58.379864679766371, -34.590550605931767 ], [ -58.379992644906544, -34.590655950608365 ], [ -58.380046524965572, -34.590971983836639 ], [ -58.380248575186883, -34.591109389213145 ], [ -58.380465559555063, -34.591288015862865 ], [ -58.380632470607502, -34.591389961421307 ], [ -58.381016366028021, -34.591375802323448 ], [ -58.381112339883174, -34.591288015862865 ], [ -58.381126050433906, -34.590971983836639 ], [ -58.381144331168223, -34.590655950608365 ], [ -58.38116992419625, -34.590339916177889 ], [ -58.381199173371158, -34.590023880545367 ], [ -58.381400261448626, -34.589858337591387 ], [ -58.381784156869145, -34.589874179036649 ], [ -58.382079461038849, -34.589707843710649 ], [ -58.382104069719659, -34.589391805673884 ], [ -58.382168052289764, -34.589075766434974 ] ], [ [ -58.381784156869145, -34.590173581784299 ], [ -58.381997432102807, -34.590339916177889 ], [ -58.381784156869145, -34.590445261121594 ], [ -58.381630598700937, -34.590339916177889 ], [ -58.381784156869145, -34.590173581784299 ] ], [ [ -58.382168052289764, -34.59048037607316 ], [ -58.382551947710269, -34.590512298743519 ], [ -58.382661632116154, -34.590655950608365 ], [ -58.382650382433511, -34.590971983836639 ], [ -58.382551947710269, -34.591024655924485 ], [ -58.382168052289764, -34.59102841821521 ], [ -58.381852709622819, -34.591288015862865 ], [ -58.381784156869145, -34.591359841155686 ], [ -58.381688183014013, -34.591288015862865 ], [ -58.381674472463281, -34.590971983836639 ], [ -58.381784156869145, -34.590866639560794 ], [ -58.382040087149562, -34.590655950608365 ], [ -58.382168052289764, -34.59048037607316 ] ], [ [ -58.382168052289764, -34.592689534709287 ], [ -58.382030946782393, -34.592552131946178 ], [ -58.381784156869145, -34.592348971729969 ], [ -58.381667824923532, -34.592236104728542 ], [ -58.381683131758479, -34.591920076308803 ], [ -58.381784156869145, -34.591848251500288 ], [ -58.38189384127503, -34.591920076308803 ], [ -58.382168052289764, -34.592145811016984 ], [ -58.382271807808806, -34.592236104728542 ], [ -58.382551947710269, -34.592466719303196 ], [ -58.382664858128102, -34.592552131946178 ], [ -58.382551947710269, -34.592664998518259 ], [ -58.382168052289764, -34.592689534709287 ] ], [ [ -58.384241087560767, -34.591920076308803 ], [ -58.384270336735675, -34.592236104728542 ], [ -58.384343459672941, -34.592552131946178 ], [ -58.384087529392524, -34.592762816090016 ], [ -58.383703633972004, -34.592718461577839 ], [ -58.3833197385514, -34.592683809598704 ], [ -58.383206828133595, -34.592552131946178 ], [ -58.383221303828194, -34.592236104728542 ], [ -58.383232489592181, -34.591920076308803 ], [ -58.3833197385514, -34.591844831269775 ], [ -58.383703633972004, -34.591836910735367 ], [ -58.384087529392524, -34.591827126544786 ], [ -58.384241087560767, -34.591920076308803 ] ] ], [ [ [ -58.381016366028021, -34.589391805673884 ], [ -58.381174440612973, -34.589707843710649 ], [ -58.381016366028021, -34.589837976670509 ], [ -58.380858291443097, -34.589707843710649 ], [ -58.381016366028021, -34.589391805673884 ] ] ], [ [ [ -58.379096888925247, -34.591948806214816 ], [ -58.379061989341558, -34.591920076308803 ], [ -58.379032906355143, -34.591604046686868 ], [ -58.379096888925247, -34.591551374966343 ], [ -58.379480784345766, -34.59147391649315 ], [ -58.379638858930726, -34.591604046686868 ], [ -58.379480784345766, -34.591734176676781 ], [ -58.379131788508921, -34.591920076308803 ], [ -58.379096888925247, -34.591948806214816 ] ] ] ] } },
{ "type": "Feature", "properties": { "id": 1, "isomin": 0.0, "isomax": 5.0, "id_punto": "2_15", "sector": 2.0 }, "geometry": { "type": "MultiPolygon", "coordinates": [ [ [ [ -58.379938052289745, -34.592721793572977 ], [ -58.380066017429911, -34.593037818943074 ], [ -58.38013, -34.59335384311094 ], [ -58.38016199128505, -34.593669866076709 ], [ -58.380321947710264, -34.593786911314481 ], [ -58.380705843130869, -34.593807266991156 ], [ -58.381089738551388, -34.593845433871522 ], [ -58.381473633971993, -34.593933217629775 ], [ -58.381537616542083, -34.593985887840226 ], [ -58.381537616542083, -34.594301908401626 ], [ -58.381644254158893, -34.594617927760773 ], [ -58.381683031474104, -34.594933945917802 ], [ -58.381857529392519, -34.595077590137201 ], [ -58.382241424813131, -34.595100270780719 ], [ -58.382625320233643, -34.595197293463599 ], [ -58.382689302803747, -34.595249962872579 ], [ -58.382625320233643, -34.595302632248178 ], [ -58.382399499398041, -34.595565978625231 ], [ -58.382351109218995, -34.595881993175588 ], [ -58.382625320233643, -34.596198006523814 ], [ -58.382625320233643, -34.596198006523814 ], [ -58.382735004639535, -34.596514018669772 ], [ -58.383009215654248, -34.596757104117863 ], [ -58.383097806905148, -34.596830029613557 ], [ -58.383044115237929, -34.59714603935506 ], [ -58.383009215654248, -34.597174767453758 ], [ -58.382625320233643, -34.597236327631833 ], [ -58.382515635827779, -34.59714603935506 ], [ -58.382241424813131, -34.597008643963001 ], [ -58.382058617469973, -34.59714603935506 ], [ -58.382001490175234, -34.597462047894396 ], [ -58.381892428976201, -34.59777805523143 ], [ -58.381857529392519, -34.597806783111558 ], [ -58.381537616542083, -34.59809406136629 ], [ -58.381473633971993, -34.598146728938538 ], [ -58.381409651401889, -34.59809406136629 ], [ -58.381089738551388, -34.597927742497802 ], [ -58.380705843130869, -34.597962392289531 ], [ -58.380321947710264, -34.597985093869397 ], [ -58.380189569979052, -34.59809406136629 ], [ -58.380168389542057, -34.598410066298847 ], [ -58.38013, -34.598726070029208 ], [ -58.380026643540646, -34.599042072557268 ], [ -58.379938052289745, -34.599114996046872 ], [ -58.379554156869126, -34.599358073883103 ], [ -58.379465565618247, -34.599042072557268 ], [ -58.379554156869126, -34.598969149003651 ], [ -58.379746104579432, -34.598726070029208 ], [ -58.379707715037377, -34.598410066298847 ], [ -58.379686534600381, -34.59809406136629 ], [ -58.379554156869126, -34.597992124034796 ], [ -58.379170261448628, -34.59797702219727 ], [ -58.37878636602801, -34.597950422363127 ], [ -58.37840247060749, -34.59809406136629 ], [ -58.378018575186886, -34.597806783111558 ], [ -58.377983675603204, -34.59777805523143 ], [ -58.377954592616796, -34.597462047894396 ], [ -58.378018575186886, -34.597409379887992 ], [ -58.37818548623931, -34.59714603935506 ], [ -58.378155680694249, -34.596830029613557 ], [ -58.378138542505823, -34.596514018669772 ], [ -58.378018575186886, -34.596408681421352 ], [ -58.377634679766366, -34.596387613955649 ], [ -58.377250784345748, -34.596356012747059 ], [ -58.376955480176129, -34.596514018669772 ], [ -58.376866888925242, -34.596586944378892 ], [ -58.376778297674335, -34.596514018669772 ], [ -58.376482993504624, -34.596198006523814 ], [ -58.376866888925242, -34.596092668874675 ], [ -58.377250784345748, -34.59604 ], [ -58.377634679766366, -34.596008398659144 ], [ -58.378018575186886, -34.595987331091919 ], [ -58.378155680694249, -34.595881993175588 ], [ -58.37818548623931, -34.595565978625231 ], [ -58.378160758675996, -34.595249962872579 ], [ -58.378018575186886, -34.595118289287527 ], [ -58.37774436417223, -34.595249962872579 ], [ -58.377634679766366, -34.595565978625231 ], [ -58.377524995360481, -34.595249962872579 ], [ -58.377250784345748, -34.594933945917802 ], [ -58.377634679766366, -34.594803820939937 ], [ -58.377860500601962, -34.594617927760773 ], [ -58.377929983935985, -34.594301908401626 ], [ -58.378018575186886, -34.594228980686466 ], [ -58.378338488037386, -34.593985887840226 ], [ -58.37840247060749, -34.593933217629775 ], [ -58.37878636602801, -34.593867379819791 ], [ -58.379170261448628, -34.593827877108716 ], [ -58.379554156869126, -34.593796274926369 ], [ -58.379714113294384, -34.593669866076709 ], [ -58.379746104579432, -34.59335384311094 ], [ -58.379810087149544, -34.593037818943074 ], [ -58.379938052289745, -34.592721793572977 ] ], [ [ -58.37878636602801, -34.594104395691616 ], [ -58.379170261448628, -34.594143898271192 ], [ -58.379554156869126, -34.594175500321334 ], [ -58.379667067286967, -34.594301908401626 ], [ -58.379554156869126, -34.594392199769771 ], [ -58.379170261448628, -34.594407248321588 ], [ -58.37878636602801, -34.594428316289559 ], [ -58.378491061858384, -34.594301908401626 ], [ -58.37878636602801, -34.594104395691616 ] ], [ [ -58.380321947710264, -34.594184863889431 ], [ -58.380705843130869, -34.594164508305248 ], [ -58.381089738551388, -34.594126341571489 ], [ -58.381409651401889, -34.594301908401626 ], [ -58.381303013785065, -34.594617927760773 ], [ -58.381264236469846, -34.594933945917802 ], [ -58.381089738551388, -34.595029708758339 ], [ -58.380705843130869, -34.595014976020828 ], [ -58.380321947710264, -34.595007438340168 ], [ -58.380232669705492, -34.594933945917802 ], [ -58.380223512987058, -34.594617927760773 ], [ -58.380209037292452, -34.594301908401626 ], [ -58.380321947710264, -34.594184863889431 ] ], [ [ -58.378638713943197, -34.594933945917802 ], [ -58.37878636602801, -34.594807538799259 ], [ -58.379170261448628, -34.594828606665708 ], [ -58.379554156869126, -34.594843655138469 ], [ -58.379643434873927, -34.594933945917802 ], [ -58.379554156869126, -34.595007438340168 ], [ -58.379170261448628, -34.595014976020828 ], [ -58.37878636602801, -34.595029708758339 ], [ -58.378638713943197, -34.594933945917802 ] ], [ [ -58.379626589967366, -34.595565978625231 ], [ -58.379620345734757, -34.595881993175588 ], [ -58.379620345734757, -34.596198006523814 ], [ -58.379554156869126, -34.596263842486692 ], [ -58.379170261448628, -34.596269827571639 ], [ -58.37878636602801, -34.596279035393799 ], [ -58.378666398709093, -34.596198006523814 ], [ -58.378649260520682, -34.595881993175588 ], [ -58.378619454975613, -34.595565978625231 ], [ -58.37878636602801, -34.595470216402894 ], [ -58.379170261448628, -34.595484949059674 ], [ -58.379554156869126, -34.595492486696998 ], [ -58.379626589967366, -34.595565978625231 ] ], [ [ -58.37878636602801, -34.596749001281033 ], [ -58.379170261448628, -34.596758209050087 ], [ -58.379554156869126, -34.596764194099421 ], [ -58.379634135081766, -34.596830029613557 ], [ -58.379643434873927, -34.59714603935506 ], [ -58.379652591592375, -34.597462047894396 ], [ -58.379554156869126, -34.597563985876398 ], [ -58.379170261448628, -34.597579087789036 ], [ -58.37878636602801, -34.597605687742082 ], [ -58.37857309079439, -34.597462047894396 ], [ -58.378619454975613, -34.59714603935506 ], [ -58.378649260520682, -34.596830029613557 ], [ -58.37878636602801, -34.596749001281033 ] ], [ [ -58.380223512987058, -34.597462047894396 ], [ -58.380232669705492, -34.59714603935506 ], [ -58.380241969497661, -34.596830029613557 ], [ -58.380321947710264, -34.596764194099421 ], [ -58.380705843130869, -34.596756538803682 ], [ -58.381089738551388, -34.596746868955442 ], [ -58.381209705870326, -34.596830029613557 ], [ -58.381089738551388, -34.596980510592765 ], [ -58.380705843130869, -34.597015917842398 ], [ -58.380547768545917, -34.59714603935506 ], [ -58.380547768545917, -34.597462047894396 ], [ -58.380321947710264, -34.597571016077445 ], [ -58.380223512987058, -34.597462047894396 ] ], [ [ -58.380321947710264, -34.595492486696998 ], [ -58.380705843130869, -34.595484949059674 ], [ -58.381089738551388, -34.595470216402894 ], [ -58.381243296719632, -34.595565978625231 ], [ -58.381264236469846, -34.595881993175588 ], [ -58.381089738551388, -34.596025635755652 ], [ -58.380705843130869, -34.596057556295243 ], [ -58.380535222943926, -34.596198006523814 ], [ -58.380321947710264, -34.596263842486692 ], [ -58.380255758844662, -34.596198006523814 ], [ -58.380255758844662, -34.595881993175588 ], [ -58.380249514612053, -34.595565978625231 ], [ -58.380321947710264, -34.595492486696998 ] ], [ [ -58.382131740407239, -34.595881993175588 ], [ -58.382070804626188, -34.596198006523814 ], [ -58.381857529392519, -34.596315048199521 ], [ -58.38171534590343, -34.596198006523814 ], [ -58.381683031474104, -34.595881993175588 ], [ -58.381857529392519, -34.595731510206313 ], [ -58.382131740407239, -34.595881993175588 ] ] ] ] } },
{ "type": "Feature", "properties": { "id": 1, "isomin": 0.0, "isomax": 5.0, "id_punto": "2_16", "sector": 2.0 }, "geometry": { "type": "MultiPolygon", "coordinates": [ [ [ [ -58.381444156869144, -34.59048479831624 ], [ -58.38153274812003, -34.590557729318185 ], [ -58.381614777056036, -34.59087376292009 ], [ -58.381661141237259, -34.591189795319913 ], [ -58.381828052289663, -34.591321475131686 ], [ -58.382067986927545, -34.591189795319913 ], [ -58.382211947710267, -34.591071283310853 ], [ -58.382595843130872, -34.591161065151418 ], [ -58.382630742714554, -34.591189795319913 ], [ -58.382979738551391, -34.591432896347861 ], [ -58.383068329802299, -34.591505826517547 ], [ -58.383137813136358, -34.591821856513107 ], [ -58.383189136053538, -34.592137885306443 ], [ -58.383221450482885, -34.592453912897703 ], [ -58.383363633971996, -34.592580323597581 ], [ -58.383747529392529, -34.592604401804309 ], [ -58.384131424813134, -34.592651429531735 ], [ -58.384515320233646, -34.592741209664695 ], [ -58.384550219817342, -34.592769939286747 ], [ -58.384515320233646, -34.592798668898872 ], [ -58.384131424813134, -34.592888448872728 ], [ -58.383747529392529, -34.592935476439372 ], [ -58.383363633971996, -34.592959554543178 ], [ -58.382979738551391, -34.59298720673192 ], [ -58.382851773411218, -34.593085964473687 ], [ -58.382870054145528, -34.593401988458403 ], [ -58.382870054145528, -34.59371801124103 ], [ -58.382881303828185, -34.594034032821398 ], [ -58.382979738551391, -34.594117196195398 ], [ -58.383363633971996, -34.594126980116258 ], [ -58.383747529392529, -34.594143005501422 ], [ -58.384131424813134, -34.594165708125097 ], [ -58.384405635827783, -34.594034032821398 ], [ -58.384515320233646, -34.593943741063953 ], [ -58.384625004639538, -34.594034032821398 ], [ -58.384899215654258, -34.594259761785679 ], [ -58.38528311107477, -34.594350053199648 ], [ -58.384899215654258, -34.594440344515476 ], [ -58.384659281016376, -34.594666072375645 ], [ -58.384550219817342, -34.594982090349546 ], [ -58.384515320233646, -34.595010819196638 ], [ -58.384480420649972, -34.594982090349546 ], [ -58.384371359450945, -34.594666072375645 ], [ -58.384131424813134, -34.594534397865075 ], [ -58.383747529392529, -34.594557100381806 ], [ -58.383363633971996, -34.594573125683972 ], [ -58.382979738551391, -34.594582909551171 ], [ -58.382870054145528, -34.594666072375645 ], [ -58.382851773411218, -34.594982090349546 ], [ -58.382979738551391, -34.59512573448567 ], [ -58.383363633971996, -34.595157655371075 ], [ -58.383747529392529, -34.595225180280565 ], [ -58.383836120643437, -34.595298107121152 ], [ -58.383747529392529, -34.595371033897742 ], [ -58.38347331837786, -34.595614122690655 ], [ -58.383363633971996, -34.595704412632543 ], [ -58.382979738551391, -34.595763813856564 ], [ -58.382705527536736, -34.595930137057863 ], [ -58.382595843130872, -34.596020426656267 ], [ -58.382211947710267, -34.596020426656267 ], [ -58.382102263304382, -34.595930137057863 ], [ -58.381828052289663, -34.595786494312712 ], [ -58.3816361045794, -34.595930137057863 ], [ -58.381588117651837, -34.596246150222939 ], [ -58.381479056452825, -34.596562162185727 ], [ -58.381444156869144, -34.596590890486368 ], [ -58.381409257285455, -34.596562162185727 ], [ -58.381060261448539, -34.596298818966879 ], [ -58.380996278878456, -34.596246150222939 ], [ -58.381060261448539, -34.596193481445596 ], [ -58.381252209158845, -34.595930137057863 ], [ -58.381213819616775, -34.595614122690655 ], [ -58.381060261448539, -34.595482449682805 ], [ -58.380676366028013, -34.595447798856561 ], [ -58.380494520828783, -34.595298107121152 ], [ -58.380676366028013, -34.595148415116036 ], [ -58.381060261448539, -34.595113764150476 ], [ -58.381169945854431, -34.594982090349546 ], [ -58.381158696171759, -34.594666072375645 ], [ -58.381147510407757, -34.594350053199648 ], [ -58.381060261448539, -34.594274810361483 ], [ -58.380676366028013, -34.594266890058769 ], [ -58.380292470607408, -34.594254289575623 ], [ -58.380144818522595, -34.594350053199648 ], [ -58.380109663264307, -34.594666072375645 ], [ -58.38005253596959, -34.594982090349546 ], [ -58.37994347477057, -34.595298107121152 ], [ -58.379908575186889, -34.595326835858955 ], [ -58.3798736756032, -34.595298107121152 ], [ -58.379764614404159, -34.594982090349546 ], [ -58.379524679766284, -34.594771411833861 ], [ -58.379140784345765, -34.594666072375645 ], [ -58.379524679766284, -34.594560732783897 ], [ -58.379672331851133, -34.594350053199648 ], [ -58.379524679766284, -34.594212653182908 ], [ -58.379140784345765, -34.594183726834643 ], [ -58.37875688892516, -34.594124324480703 ], [ -58.378647204519297, -34.594034032821398 ], [ -58.37875688892516, -34.593943741063953 ], [ -58.379140784345765, -34.593884338538444 ], [ -58.379524679766284, -34.593855412075861 ], [ -58.379684636191534, -34.59371801124103 ], [ -58.379707487109421, -34.593401988458403 ], [ -58.379672331851133, -34.593085964473687 ], [ -58.379524679766284, -34.592942316810486 ], [ -58.379140784345765, -34.592900067450486 ], [ -58.37875688892516, -34.592842868282752 ], [ -58.378668297674267, -34.592769939286747 ], [ -58.37875688892516, -34.592697010226743 ], [ -58.379140784345765, -34.592639810919195 ], [ -58.379524679766284, -34.592597561405384 ], [ -58.379908575186889, -34.592570959848629 ], [ -58.380075486239292, -34.592453912897703 ], [ -58.380121850420501, -34.592137885306443 ], [ -58.380182786201544, -34.591821856513107 ], [ -58.380203879356522, -34.591505826517547 ], [ -58.380292470607408, -34.591432896347861 ], [ -58.380676366028013, -34.591356127679049 ], [ -58.381060261448539, -34.59132720033616 ], [ -58.381227172500971, -34.591189795319913 ], [ -58.381273536682208, -34.59087376292009 ], [ -58.381355565618236, -34.590557729318185 ], [ -58.381444156869144, -34.59048479831624 ] ], [ [ -58.380676366028013, -34.591655525086338 ], [ -58.381060261448539, -34.591684452314901 ], [ -58.381180228767469, -34.591821856513107 ], [ -58.381164016967617, -34.592137885306443 ], [ -58.381151665120115, -34.592453912897703 ], [ -58.381060261448539, -34.592530992615636 ], [ -58.380676366028013, -34.592539325553844 ], [ -58.380509454975581, -34.592453912897703 ], [ -58.380463090794343, -34.592137885306443 ], [ -58.380402155013293, -34.591821856513107 ], [ -58.380676366028013, -34.591655525086338 ] ], [ [ -58.382595843130872, -34.591611169982961 ], [ -58.382821663966482, -34.591821856513107 ], [ -58.382595843130872, -34.592019374649801 ], [ -58.382421345212421, -34.591821856513107 ], [ -58.382595843130872, -34.591611169982961 ] ], [ [ -58.381828052289663, -34.592020837745366 ], [ -58.38214796514017, -34.592137885306443 ], [ -58.382211947710267, -34.592190556655126 ], [ -58.382595843130872, -34.592256395794053 ], [ -58.382738026619954, -34.592453912897703 ], [ -58.382595843130872, -34.59254686196045 ], [ -58.382211947710267, -34.592537077853486 ], [ -58.381828052289663, -34.592527407514069 ], [ -58.381736648618116, -34.592453912897703 ], [ -58.381724296770606, -34.592137885306443 ], [ -58.381828052289663, -34.592020837745366 ] ], [ [ -58.380676366028013, -34.593000552379543 ], [ -58.381060261448539, -34.593008885270649 ], [ -58.381134087490956, -34.593085964473687 ], [ -58.381130060615909, -34.593401988458403 ], [ -58.381137040532657, -34.59371801124103 ], [ -58.381060261448539, -34.593793254583503 ], [ -58.380676366028013, -34.59380117493135 ], [ -58.380292470607408, -34.593813775483248 ], [ -58.380132514182193, -34.59371801124103 ], [ -58.380109663264307, -34.593401988458403 ], [ -58.380144818522595, -34.593085964473687 ], [ -58.380292470607408, -34.59298720673192 ], [ -58.380676366028013, -34.593000552379543 ] ], [ [ -58.382126637616793, -34.594666072375645 ], [ -58.382211947710267, -34.594595845996004 ], [ -58.38232163211616, -34.594666072375645 ], [ -58.382339912850469, -34.594982090349546 ], [ -58.382211947710267, -34.595113764150476 ], [ -58.381828052289663, -34.595094953620269 ], [ -58.381718367883799, -34.594982090349546 ], [ -58.381828052289663, -34.594911864237027 ], [ -58.382126637616793, -34.594666072375645 ] ], [ [ -58.382211947710267, -34.59346276216381 ], [ -58.382144597636476, -34.593401988458403 ], [ -58.382211947710267, -34.593324909548592 ], [ -58.38232163211616, -34.593401988458403 ], [ -58.382211947710267, -34.59346276216381 ] ] ] ] } },
{ "type": "Feature", "properties": { "id": 1, "isomin": 0.0, "isomax": 5.0, "id_punto": "2_17", "sector": 2.0 }, "geometry": { "type": "MultiPolygon", "coordinates": [ [ [ [ -58.379450261448603, -34.589948977770682 ], [ -58.379485161032278, -34.589977708358305 ], [ -58.379620881635489, -34.590293744166537 ], [ -58.379834156869116, -34.590425425398465 ], [ -58.38005809586447, -34.590609778772581 ], [ -58.380080946782371, -34.59092581217655 ], [ -58.38021805228972, -34.591024572368745 ], [ -58.380481980391323, -34.591241844378324 ], [ -58.38060194771024, -34.591347188178453 ], [ -58.380985843130858, -34.591368256922458 ], [ -58.38116865047396, -34.591241844378324 ], [ -58.381211663966447, -34.59092581217655 ], [ -58.381305755981288, -34.590609778772581 ], [ -58.381369738551378, -34.590557106421713 ], [ -58.381753633971982, -34.590557106421713 ], [ -58.381817616542065, -34.590609778772581 ], [ -58.381753633971982, -34.59066245109004 ], [ -58.381527813136323, -34.59092581217655 ], [ -58.381570826628824, -34.591241844378324 ], [ -58.381753633971982, -34.59137924930851 ], [ -58.382137529392494, -34.591417417304335 ], [ -58.382432833562206, -34.591241844378324 ], [ -58.382521424813113, -34.591168913976915 ], [ -58.382610016064, -34.591241844378324 ], [ -58.382905320233618, -34.591557875378022 ], [ -58.382905320233618, -34.591557875378022 ], [ -58.383049281016362, -34.591873905175518 ], [ -58.383106408311086, -34.592189933770946 ], [ -58.383141563569389, -34.59250596116415 ], [ -58.383289215654237, -34.592649609581883 ], [ -58.383673111074756, -34.592691859069234 ], [ -58.384057006495361, -34.592749058340956 ], [ -58.384145597746254, -34.592821987355286 ], [ -58.384057006495361, -34.592894916305568 ], [ -58.383673111074756, -34.59295211543747 ], [ -58.383289215654237, -34.592994364770966 ], [ -58.383141563569389, -34.59313801234417 ], [ -58.383114717735779, -34.59345403613095 ], [ -58.383063394818585, -34.593770058715513 ], [ -58.38301500463951, -34.594086080097952 ], [ -58.382905320233618, -34.594402100278145 ], [ -58.382905320233618, -34.594402100278145 ], [ -58.382521424813113, -34.594507440071084 ], [ -58.382137529392494, -34.594551793628149 ], [ -58.381924254158868, -34.594718119256235 ], [ -58.381753633971982, -34.594858571749469 ], [ -58.381369738551378, -34.594791046541971 ], [ -58.381281147300477, -34.594718119256235 ], [ -58.381199118364471, -34.594402100278145 ], [ -58.380985843130858, -34.594275692350337 ], [ -58.38060194771024, -34.594296760351675 ], [ -58.38021805228972, -34.594311808920757 ], [ -58.380098084970783, -34.594402100278145 ], [ -58.380080946782371, -34.594718119256235 ], [ -58.380051141237296, -34.595034137032052 ], [ -58.38021805228972, -34.595220029279822 ], [ -58.38060194771024, -34.595297484260279 ], [ -58.380665930280337, -34.59535015360575 ], [ -58.38060194771024, -34.595402822917812 ], [ -58.38021805228972, -34.595480277727788 ], [ -58.379922748120023, -34.595666168977168 ], [ -58.379834156869116, -34.595739095430616 ], [ -58.379745565618222, -34.595666168977168 ], [ -58.37966353668223, -34.59535015360575 ], [ -58.379450261448603, -34.595124427604347 ], [ -58.379340577042711, -34.595034137032052 ], [ -58.379066366027985, -34.59484824436835 ], [ -58.37868247060748, -34.594770788969022 ], [ -58.378618488037375, -34.594718119256235 ], [ -58.378298575186861, -34.594475027841327 ], [ -58.37820998393596, -34.594402100278145 ], [ -58.377914679766342, -34.594114809254933 ], [ -58.377879780182653, -34.594086080097952 ], [ -58.377914679766342, -34.594057350931052 ], [ -58.378298575186861, -34.593980739770707 ], [ -58.378458531612111, -34.593770058715513 ], [ -58.378430952918109, -34.59345403613095 ], [ -58.378414907132509, -34.59313801234417 ], [ -58.378298575186861, -34.593045063942803 ], [ -58.377914679766342, -34.593029038345868 ], [ -58.377530784345737, -34.593011602492865 ], [ -58.377274854065384, -34.59313801234417 ], [ -58.377146888925218, -34.59345403613095 ], [ -58.377018923785016, -34.59313801234417 ], [ -58.376762993504599, -34.59292732915182 ], [ -58.376379098084101, -34.592821987355286 ], [ -58.376699010934523, -34.59250596116415 ], [ -58.376762993504599, -34.592189933770946 ], [ -58.377146888925218, -34.592415667745925 ], [ -58.377256573331081, -34.59250596116415 ], [ -58.377530784345737, -34.592632371784873 ], [ -58.377914679766342, -34.592614935848616 ], [ -58.378298575186861, -34.592598910168704 ], [ -58.378418542505813, -34.59250596116415 ], [ -58.378298575186861, -34.592384412309038 ], [ -58.378062331851154, -34.592189933770946 ], [ -58.378074636191556, -34.591873905175518 ], [ -58.377914679766342, -34.591676386692953 ], [ -58.377770718983612, -34.591557875378022 ], [ -58.377826088515434, -34.591241844378324 ], [ -58.377914679766342, -34.591168913976915 ], [ -58.378003271017242, -34.591241844378324 ], [ -58.378298575186861, -34.591417417304335 ], [ -58.378469195373796, -34.591557875378022 ], [ -58.378522514182222, -34.591873905175518 ], [ -58.37868247060748, -34.59199095294364 ], [ -58.378865277950581, -34.591873905175518 ], [ -58.379066366027985, -34.591708365907721 ], [ -58.379208549517095, -34.591557875378022 ], [ -58.379450261448603, -34.59135889303689 ], [ -58.379834156869116, -34.591343789993452 ], [ -58.379954124188053, -34.591241844378324 ], [ -58.379834156869116, -34.59112897587282 ], [ -58.379587366955924, -34.59092581217655 ], [ -58.379610217873811, -34.590609778772581 ], [ -58.379450261448603, -34.590434204139854 ], [ -58.379279641261661, -34.590293744166537 ], [ -58.379415361864908, -34.589977708358305 ], [ -58.379450261448603, -34.589948977770682 ] ], [ [ -58.379450261448603, -34.591756857242544 ], [ -58.379834156869116, -34.591771960210899 ], [ -58.379927789898538, -34.591873905175518 ], [ -58.379917612395332, -34.592189933770946 ], [ -58.379909430481007, -34.59250596116415 ], [ -58.379834156869116, -34.592565588839399 ], [ -58.379450261448603, -34.592571800053108 ], [ -58.379066366027985, -34.592579455734487 ], [ -58.378946398709083, -34.59250596116415 ], [ -58.379066366027985, -34.592368558097434 ], [ -58.379283350396157, -34.592189933770946 ], [ -58.379267454105445, -34.591873905175518 ], [ -58.379450261448603, -34.591756857242544 ] ], [ [ -58.38060194771024, -34.591768562043278 ], [ -58.380985843130858, -34.591747493400796 ], [ -58.381369738551378, -34.591742226239319 ], [ -58.381493575783821, -34.591873905175518 ], [ -58.381476376168216, -34.592189933770946 ], [ -58.381465712406523, -34.59250596116415 ], [ -58.381369738551378, -34.592571800053108 ], [ -58.380985843130858, -34.592565588839399 ], [ -58.38060194771024, -34.592560448524267 ], [ -58.380526674098377, -34.59250596116415 ], [ -58.380518492184038, -34.592189933770946 ], [ -58.380508314680839, -34.591873905175518 ], [ -58.38060194771024, -34.591768562043278 ] ], [ [ -58.382137529392494, -34.591873905175518 ], [ -58.382457442243016, -34.592189933770946 ], [ -58.382521424813113, -34.592242605086632 ], [ -58.382669076897926, -34.59250596116415 ], [ -58.382521424813113, -34.592601726803579 ], [ -58.382137529392494, -34.592591373766801 ], [ -58.38204155553737, -34.59250596116415 ], [ -58.382030891775685, -34.592189933770946 ], [ -58.382137529392494, -34.591873905175518 ], [ -58.382137529392494, -34.591873905175518 ] ], [ [ -58.380510544038685, -34.593770058715513 ], [ -58.380520267833546, -34.59345403613095 ], [ -58.380528121667844, -34.59313801234417 ], [ -58.38060194771024, -34.593083525362893 ], [ -58.380985843130858, -34.593078385079771 ], [ -58.381369738551378, -34.593072173903948 ], [ -58.381463371580786, -34.59313801234417 ], [ -58.381476376168216, -34.59345403613095 ], [ -58.381489705870315, -34.593770058715513 ], [ -58.381369738551378, -34.593901734437623 ], [ -58.380985843130858, -34.593896467412762 ], [ -58.38060194771024, -34.593875399309901 ], [ -58.380510544038685, -34.593770058715513 ] ], [ [ -58.379834156869116, -34.593078385079771 ], [ -58.37990798291154, -34.59313801234417 ], [ -58.379915836745838, -34.59345403613095 ], [ -58.379925560540691, -34.593770058715513 ], [ -58.379834156869116, -34.593863006305739 ], [ -58.379450261448603, -34.593875399309901 ], [ -58.379066366027985, -34.593896467412762 ], [ -58.378906409602777, -34.593770058715513 ], [ -58.378933988296772, -34.59345403613095 ], [ -58.378950034082379, -34.59313801234417 ], [ -58.379066366027985, -34.593064518267994 ], [ -58.379450261448603, -34.593072173903948 ], [ -58.379834156869116, -34.593078385079771 ] ], [ [ -58.382030891775685, -34.59345403613095 ], [ -58.382137529392494, -34.593368624415241 ], [ -58.382279712881612, -34.59345403613095 ], [ -58.382137529392494, -34.593580445309051 ], [ -58.382030891775685, -34.59345403613095 ] ], [ [ -58.379450261448603, -34.594545745417207 ], [ -58.379066366027985, -34.594587993940266 ], [ -58.378792155013343, -34.594402100278145 ], [ -58.379066366027985, -34.594275692350337 ], [ -58.379450261448603, -34.594296760351675 ], [ -58.379570228767513, -34.594402100278145 ], [ -58.379450261448603, -34.594545745417207 ] ] ] ] } },
{ "type": "Feature", "properties": { "id": 1, "isomin": 0.0, "isomax": 5.0, "id_punto": "2_18", "sector": 2.0 }, "geometry": { "type": "MultiPolygon", "coordinates": [ [ [ [ -58.383218052289727, -34.587643347122281 ], [ -58.383601947710247, -34.587626108286578 ], [ -58.383985843130851, -34.587499690048865 ], [ -58.384167688330045, -34.587815735282511 ], [ -58.384369738551378, -34.587953145878693 ], [ -58.384586722919543, -34.588131779314011 ], [ -58.384753633971982, -34.588240759735839 ], [ -58.385137529392502, -34.588237127057397 ], [ -58.385521424813106, -34.588240759735839 ], [ -58.385713372523369, -34.588131779314011 ], [ -58.385521424813106, -34.587815735282511 ], [ -58.385905320233626, -34.587742801873752 ], [ -58.38628921565423, -34.587742801873752 ], [ -58.386673111074757, -34.587815735282511 ], [ -58.386433176436931, -34.588131779314011 ], [ -58.38635319822432, -34.588447822143493 ], [ -58.38628921565423, -34.588500495831539 ], [ -58.385905320233626, -34.588626454515335 ], [ -58.385521424813106, -34.588654884035101 ], [ -58.385405092867472, -34.588763863770822 ], [ -58.385521424813106, -34.588880915920349 ], [ -58.385763136744551, -34.589079904196105 ], [ -58.385745363808411, -34.58939594341922 ], [ -58.385905320233626, -34.589553962580013 ], [ -58.38628921565423, -34.589659308520275 ], [ -58.38635319822432, -34.58971198144031 ], [ -58.38628921565423, -34.590028018259204 ], [ -58.38628921565423, -34.590028018259204 ], [ -58.385905320233626, -34.590100949662101 ], [ -58.385521424813106, -34.590177719490725 ], [ -58.385354513760667, -34.590344053876073 ], [ -58.385338617469969, -34.590660088290726 ], [ -58.385137529392502, -34.590825629647249 ], [ -58.384753633971982, -34.590867144669261 ], [ -58.384640723554149, -34.590976121503324 ], [ -58.384621256240735, -34.591292153513749 ], [ -58.384593677546732, -34.591608184322084 ], [ -58.384561686261684, -34.591924213928216 ], [ -58.384497703691579, -34.592240242332274 ], [ -58.384369738551378, -34.592556269534114 ], [ -58.384241773411205, -34.592240242332274 ], [ -58.384177790841115, -34.591924213928216 ], [ -58.383985843130851, -34.591766199275433 ], [ -58.383601947710247, -34.591780564256275 ], [ -58.383218052289727, -34.59181523833778 ], [ -58.383035244946591, -34.591924213928216 ], [ -58.382992231454075, -34.592240242332274 ], [ -58.38289813943922, -34.592556269534114 ], [ -58.382834156869123, -34.592608940617566 ], [ -58.382770174299033, -34.592556269534114 ], [ -58.382450261448589, -34.592330535941187 ], [ -58.382340577042719, -34.592240242332274 ], [ -58.382066366027985, -34.591976885412393 ], [ -58.382002383457909, -34.591924213928216 ], [ -58.381682470607473, -34.59163691433595 ], [ -58.381298575186861, -34.59163691433595 ], [ -58.381263675603186, -34.591608184322084 ], [ -58.381298575186861, -34.591579454298291 ], [ -58.381511850420544, -34.591292153513749 ], [ -58.381298575186861, -34.59115474843955 ], [ -58.381081590818752, -34.590976121503324 ], [ -58.381062331851155, -34.590660088290726 ], [ -58.381056863255424, -34.590344053876073 ], [ -58.381081590818752, -34.590028018259204 ], [ -58.380914679766349, -34.589861683241203 ], [ -58.380732834567105, -34.58971198144031 ], [ -58.380530784345744, -34.589468875376937 ], [ -58.380442193094844, -34.58939594341922 ], [ -58.380530784345744, -34.589323011397511 ], [ -58.380914679766349, -34.589237923957924 ], [ -58.381116729987674, -34.589079904196105 ], [ -58.381298575186861, -34.58893020098661 ], [ -58.381446227271709, -34.588763863770822 ], [ -58.381682470607473, -34.588569376757796 ], [ -58.381865277950581, -34.588447822143493 ], [ -58.382066366027985, -34.588282276049412 ], [ -58.382450261448589, -34.58824465189111 ], [ -58.382566593394202, -34.588131779314011 ], [ -58.382834156869123, -34.587911506328091 ], [ -58.383008654787581, -34.587815735282511 ], [ -58.383218052289727, -34.587643347122281 ] ], [ [ -58.383601947710247, -34.58800536184566 ], [ -58.383985843130851, -34.587965440499907 ], [ -58.384152754183255, -34.588131779314011 ], [ -58.384133495215671, -34.588447822143493 ], [ -58.384369738551378, -34.588642309441013 ], [ -58.384486070497005, -34.588763863770822 ], [ -58.384369738551378, -34.588832568313343 ], [ -58.384069298657053, -34.589079904196105 ], [ -58.383985843130851, -34.589143112136902 ], [ -58.383601947710247, -34.589139534330201 ], [ -58.383523601706052, -34.589079904196105 ], [ -58.383516637616808, -34.588763863770822 ], [ -58.383218052289727, -34.588518053720108 ], [ -58.383119617566493, -34.588447822143493 ], [ -58.383218052289727, -34.588338841993256 ], [ -58.383469569979034, -34.588131779314011 ], [ -58.383601947710247, -34.58800536184566 ] ], [ [ -58.382834156869123, -34.5886828275707 ], [ -58.382919466962583, -34.588763863770822 ], [ -58.382912502873324, -34.589079904196105 ], [ -58.383218052289727, -34.589331445716226 ], [ -58.383290485387938, -34.58939594341922 ], [ -58.383218052289727, -34.589449509270104 ], [ -58.382899223889567, -34.58971198144031 ], [ -58.382834156869123, -34.589771611120781 ], [ -58.382750701342921, -34.58971198144031 ], [ -58.382742753197569, -34.58939594341922 ], [ -58.382450261448589, -34.589155151739206 ], [ -58.382343623831765, -34.589079904196105 ], [ -58.382302609363755, -34.588763863770822 ], [ -58.382450261448589, -34.588650991899044 ], [ -58.382834156869123, -34.5886828275707 ] ], [ [ -58.383128774284941, -34.590660088290726 ], [ -58.383136372412999, -34.590344053876073 ], [ -58.383218052289727, -34.590288609117955 ], [ -58.383601947710247, -34.590280846848863 ], [ -58.383685403236456, -34.590344053876073 ], [ -58.383693351381822, -34.590660088290726 ], [ -58.383721915029184, -34.590976121503324 ], [ -58.383601947710247, -34.591088990216477 ], [ -58.38350092259958, -34.590976121503324 ], [ -58.383218052289727, -34.590743255042192 ], [ -58.383128774284941, -34.590660088290726 ] ], [ [ -58.382834156869123, -34.590902625514666 ], [ -58.382935181979811, -34.590976121503324 ], [ -58.382834156869123, -34.591142454290249 ], [ -58.382450261448589, -34.591162022831526 ], [ -58.382292186863644, -34.591292153513749 ], [ -58.382066366027985, -34.591502840852883 ], [ -58.381853090794372, -34.591292153513749 ], [ -58.381899454975581, -34.590976121503324 ], [ -58.381933988296772, -34.590660088290726 ], [ -58.381953455610187, -34.590344053876073 ], [ -58.382066366027985, -34.590268807409657 ], [ -58.382155644032785, -34.590344053876073 ], [ -58.382155644032785, -34.590660088290726 ], [ -58.382450261448589, -34.590902625514666 ], [ -58.382834156869123, -34.590902625514666 ] ], [ [ -58.382066366027985, -34.589787228410984 ], [ -58.381682470607473, -34.589795149140777 ], [ -58.381469195373803, -34.58971198144031 ], [ -58.381682470607473, -34.589606635566838 ], [ -58.382066366027985, -34.589621684985516 ], [ -58.382149821554215, -34.58971198144031 ], [ -58.382066366027985, -34.589787228410984 ] ], [ [ -58.385521424813106, -34.58958029907761 ], [ -58.385713372523369, -34.58971198144031 ], [ -58.385521424813106, -34.589878316757989 ], [ -58.385137529392502, -34.58987 ], [ -58.384945581682238, -34.590028018259204 ], [ -58.384753633971982, -34.590149570561806 ], [ -58.384517390636212, -34.590344053876073 ], [ -58.384369738551378, -34.590439822007454 ], [ -58.384286283025176, -34.590344053876073 ], [ -58.384289760338767, -34.590028018259204 ], [ -58.383985843130851, -34.589777822543368 ], [ -58.3839147513863, -34.58971198144031 ], [ -58.383985843130851, -34.589648773932254 ], [ -58.38429295946726, -34.58939594341922 ], [ -58.384369738551378, -34.589327239342538 ], [ -58.384753633971982, -34.589318860792709 ], [ -58.385137529392502, -34.589290597145073 ], [ -58.385297485817752, -34.58939594341922 ], [ -58.385521424813106, -34.58958029907761 ] ] ], [ [ [ -58.38567949939803, -34.590976121503324 ], [ -58.385556324396788, -34.591292153513749 ], [ -58.385521424813106, -34.591320883636904 ], [ -58.385486525229418, -34.591292153513749 ], [ -58.385363350228154, -34.590976121503324 ], [ -58.385521424813106, -34.590845990326102 ], [ -58.38567949939803, -34.590976121503324 ] ] ] ] } },
{ "type": "Feature", "properties": { "id": 1, "isomin": 0.0, "isomax": 5.0, "id_punto": "3_19", "sector": 3.0 }, "geometry": { "type": "MultiPolygon", "coordinates": [ [ [ [ -58.387555843130833, -34.592671791575825 ], [ -58.387683808271035, -34.592987817136063 ], [ -58.387747790841132, -34.593303841494205 ], [ -58.387786180383202, -34.593619864650094 ], [ -58.387811773411251, -34.593935886603887 ], [ -58.387555843130833, -34.594146567238511 ], [ -58.387442932713036, -34.594251907355435 ], [ -58.387555843130833, -34.594339690684208 ], [ -58.387939738551452, -34.594353849276928 ], [ -58.38832363397195, -34.594373453478269 ], [ -58.388536909205634, -34.594251907355435 ], [ -58.388618938141661, -34.593935886603887 ], [ -58.388707529392569, -34.593862958567414 ], [ -58.38879612064347, -34.593935886603887 ], [ -58.389091424813088, -34.594161615834828 ], [ -58.38920110921898, -34.594251907355435 ], [ -58.389475320233693, -34.59451525706347 ], [ -58.389539302803783, -34.59456792690488 ], [ -58.389563911484593, -34.594883945252057 ], [ -58.389475320233693, -34.594956872392224 ], [ -58.389386728982799, -34.594883945252057 ], [ -58.389091424813088, -34.594698052252248 ], [ -58.388954319305761, -34.594883945252057 ], [ -58.388707529392569, -34.59508709926903 ], [ -58.388587562073631, -34.595199962397103 ], [ -58.388707529392569, -34.595287744724033 ], [ -58.388984787196279, -34.595515978339904 ], [ -58.389091424813088, -34.595608923976656 ], [ -58.389475320233693, -34.595624949075926 ], [ -58.389688595467319, -34.595515978339904 ], [ -58.389749531248349, -34.595199962397103 ], [ -58.389859215654212, -34.595109671906918 ], [ -58.389968900060097, -34.595199962397103 ], [ -58.390029835841155, -34.595515978339904 ], [ -58.390243111074831, -34.595682302037467 ], [ -58.390627006495343, -34.59572665496723 ], [ -58.391010901915955, -34.595831993080559 ], [ -58.390627006495343, -34.595937331060249 ], [ -58.390243111074831, -34.595981683853857 ], [ -58.390051163364511, -34.596148006618911 ], [ -58.390003176436949, -34.596464018955139 ], [ -58.389894115237901, -34.596780030089093 ], [ -58.389859215654212, -34.596808758314396 ], [ -58.389824316070531, -34.596780030089093 ], [ -58.389715254871525, -34.596464018955139 ], [ -58.389667267943956, -34.596148006618911 ], [ -58.389475320233693, -34.596039036569074 ], [ -58.389091424813088, -34.596055061585368 ], [ -58.388707529392569, -34.596064845278001 ], [ -58.388606504281881, -34.596148006618911 ], [ -58.388591197446935, -34.596464018955139 ], [ -58.388575151661321, -34.596780030089093 ], [ -58.388707529392569, -34.596911701040113 ], [ -58.389091424813088, -34.59693803520527 ], [ -58.389475320233693, -34.59700575159161 ], [ -58.389585004639557, -34.597096040020872 ], [ -58.389475320233693, -34.597186328351967 ], [ -58.389091424813088, -34.597254044535902 ], [ -58.388707529392569, -34.597280378592508 ], [ -58.388547572967319, -34.59741204875035 ], [ -58.388515581682256, -34.597728056277688 ], [ -58.388451599112159, -34.598044062602689 ], [ -58.38832363397195, -34.598149397777235 ], [ -58.388195668831791, -34.598044062602689 ], [ -58.388131686261701, -34.597728056277688 ], [ -58.388099694976653, -34.59741204875035 ], [ -58.387939738551452, -34.597319105131191 ], [ -58.387555843130833, -34.597328888674944 ], [ -58.387457408407627, -34.59741204875035 ], [ -58.387442932713036, -34.597728056277688 ], [ -58.387427877990667, -34.598044062602689 ], [ -58.387555843130833, -34.59821038123826 ], [ -58.387939738551452, -34.598269780670265 ], [ -58.388049422957316, -34.598360067725551 ], [ -58.387939738551452, -34.598450354682647 ], [ -58.387555843130833, -34.598509753943027 ], [ -58.387171947710314, -34.598538678784877 ], [ -58.38698, -34.598676071646054 ], [ -58.386916017429911, -34.598992074364389 ], [ -58.38678805228971, -34.599097408336661 ], [ -58.386660087149508, -34.598992074364389 ], [ -58.386596104579404, -34.598676071646054 ], [ -58.386404156869105, -34.598509753943027 ], [ -58.386020261448571, -34.598450354682647 ], [ -58.385910577042686, -34.598360067725551 ], [ -58.386020261448571, -34.598269780670265 ], [ -58.386404156869105, -34.59821038123826 ], [ -58.38678805228971, -34.598181456282092 ], [ -58.386916017429911, -34.598044062602689 ], [ -58.386900962707529, -34.597728056277688 ], [ -58.386886487012944, -34.59741204875035 ], [ -58.38678805228971, -34.597334973561331 ], [ -58.386404156869105, -34.597324268668316 ], [ -58.386020261448571, -34.597313296151547 ], [ -58.385828313738273, -34.59741204875035 ], [ -58.385780326810696, -34.597728056277688 ], [ -58.385671265611663, -34.598044062602689 ], [ -58.385636366027967, -34.598072790390809 ], [ -58.385601466444292, -34.598044062602689 ], [ -58.38549240524528, -34.597728056277688 ], [ -58.385444418317718, -34.59741204875035 ], [ -58.385252470607455, -34.597268408567814 ], [ -58.385043073105301, -34.597096040020872 ], [ -58.385252470607455, -34.596923671116201 ], [ -58.385400122692275, -34.596780030089093 ], [ -58.385376307839877, -34.596464018955139 ], [ -58.385362155013318, -34.596148006618911 ], [ -58.385252470607455, -34.596055061585368 ], [ -58.384868575186843, -34.596042668906385 ], [ -58.384484679766331, -34.596021601347829 ], [ -58.384244745128434, -34.596148006618911 ], [ -58.384135683929415, -34.596464018955139 ], [ -58.384100784345726, -34.596492747289723 ], [ -58.38406588476203, -34.596464018955139 ], [ -58.383956823563018, -34.596148006618911 ], [ -58.383908836635456, -34.595831993080559 ], [ -58.383716888925193, -34.595621316720347 ], [ -58.383588923784991, -34.595515978339904 ], [ -58.383716888925193, -34.595410639825879 ], [ -58.384100784345726, -34.595375526958186 ], [ -58.384340718983601, -34.595199962397103 ], [ -58.384449780182635, -34.594883945252057 ], [ -58.384484679766331, -34.594855216361069 ], [ -58.384519579350005, -34.594883945252057 ], [ -58.384628640549018, -34.595199962397103 ], [ -58.384868575186843, -34.595317005479068 ], [ -58.385252470607455, -34.595301903155175 ], [ -58.385372437926364, -34.595199962397103 ], [ -58.38539465409653, -34.594883945252057 ], [ -58.385252470607455, -34.594673266487526 ], [ -58.384868575186843, -34.59456792690488 ], [ -58.385252470607455, -34.594462587188659 ], [ -58.385636366027967, -34.59440991728043 ], [ -58.385849641261643, -34.594251907355435 ], [ -58.385910577042686, -34.593935886603887 ], [ -58.386020261448571, -34.593845594739754 ], [ -58.386129945854435, -34.593935886603887 ], [ -58.386190881635478, -34.594251907355435 ], [ -58.386404156869105, -34.594364771618253 ], [ -58.38678805228971, -34.594347670982231 ], [ -58.386900962707529, -34.594251907355435 ], [ -58.387171947710314, -34.594028834008569 ], [ -58.387299912850494, -34.593935886603887 ], [ -58.387325505878536, -34.593619864650094 ], [ -58.387363895420577, -34.593303841494205 ], [ -58.387427877990667, -34.592987817136063 ], [ -58.387555843130833, -34.592671791575825 ] ], [ [ -58.386020261448571, -34.594746546118387 ], [ -58.386404156869105, -34.594771081694653 ], [ -58.38678805228971, -34.594788182243505 ], [ -58.386877330294496, -34.594883945252057 ], [ -58.386868030502335, -34.595199962397103 ], [ -58.38678805228971, -34.595263165681843 ], [ -58.386404156869105, -34.595270188266078 ], [ -58.386020261448571, -34.59527896649552 ], [ -58.385900294129648, -34.595199962397103 ], [ -58.385878077959461, -34.594883945252057 ], [ -58.386020261448571, -34.594746546118387 ] ], [ [ -58.387555843130833, -34.594796162498426 ], [ -58.387939738551452, -34.594782003981102 ], [ -58.38832363397195, -34.594762399876188 ], [ -58.388460739479321, -34.594883945252057 ], [ -58.38832363397195, -34.594982700739038 ], [ -58.388059705870361, -34.595199962397103 ], [ -58.387939738551452, -34.595270188266078 ], [ -58.387555843130833, -34.595264455544296 ], [ -58.38747586491823, -34.595199962397103 ], [ -58.387466565126054, -34.594883945252057 ], [ -58.387555843130833, -34.594796162498426 ] ], [ [ -58.386020261448571, -34.596076185465769 ], [ -58.386404156869105, -34.59608217056423 ], [ -58.38678805228971, -34.596088381515003 ], [ -58.386854241155326, -34.596148006618911 ], [ -58.386860485387928, -34.596464018955139 ], [ -58.386868030502335, -34.596780030089093 ], [ -58.38678805228971, -34.596857105793063 ], [ -58.386404156869105, -34.596867810746275 ], [ -58.386020261448571, -34.596878783321927 ], [ -58.385872609363737, -34.596780030089093 ], [ -58.385896424216128, -34.596464018955139 ], [ -58.385910577042686, -34.596148006618911 ], [ -58.386020261448571, -34.596076185465769 ] ], [ [ -58.388056070497065, -34.596464018955139 ], [ -58.388072116282657, -34.596780030089093 ], [ -58.387939738551452, -34.596872974311459 ], [ -58.387555843130833, -34.596863190714018 ], [ -58.38747586491823, -34.596780030089093 ], [ -58.387483410032623, -34.596464018955139 ], [ -58.387489654265224, -34.596148006618911 ], [ -58.387555843130833, -34.59608723487797 ], [ -58.387939738551452, -34.59608217056423 ], [ -58.388040763662111, -34.596148006618911 ], [ -58.388056070497065, -34.596464018955139 ] ] ], [ [ [ -58.384868575186843, -34.596910151971308 ], [ -58.384484679766331, -34.596832698494545 ], [ -58.384420697196227, -34.596780030089093 ], [ -58.384484679766331, -34.59672736165026 ], [ -58.384868575186843, -34.596649908003066 ], [ -58.385026649771795, -34.596780030089093 ], [ -58.384868575186843, -34.596910151971308 ] ] ] ] } },
{ "type": "Feature", "properties": { "id": 1, "isomin": 0.0, "isomax": 5.0, "id_punto": "3_20", "sector": 3.0 }, "geometry": { "type": "MultiPolygon", "coordinates": [ [ [ [ -58.39046026144856, -34.591936888987533 ], [ -58.390548852699467, -34.592009818714814 ], [ -58.390844156869164, -34.592167832904273 ], [ -58.391118367883834, -34.592009818714814 ], [ -58.391228052289698, -34.591919524757316 ], [ -58.391611947710302, -34.592009818714814 ], [ -58.391386126874643, -34.592325846793159 ], [ -58.391464295625454, -34.592641873669436 ], [ -58.391611947710302, -34.592737639152148 ], [ -58.391879511185202, -34.59295789934346 ], [ -58.391995843130815, -34.593036905574174 ], [ -58.392283764696273, -34.593273923815417 ], [ -58.39229628302521, -34.593589947085142 ], [ -58.392379738551426, -34.59365718592359 ], [ -58.392763633971953, -34.593665190543597 ], [ -58.392876544389772, -34.593589947085142 ], [ -58.392887471204403, -34.593273923815417 ], [ -58.392763633971953, -34.593152376083879 ], [ -58.392527390636246, -34.59295789934346 ], [ -58.392581788772745, -34.592641873669436 ], [ -58.392379738551426, -34.592398776179003 ], [ -58.392291147300512, -34.592325846793159 ], [ -58.392379738551426, -34.592252917343323 ], [ -58.392763633971953, -34.592207336404655 ], [ -58.393147529392543, -34.592252917343323 ], [ -58.393531424813077, -34.592325846793159 ], [ -58.393305603977467, -34.592641873669436 ], [ -58.393147529392543, -34.592772002033755 ], [ -58.392999877307709, -34.59295789934346 ], [ -58.393147529392543, -34.593059842852888 ], [ -58.393407587580654, -34.593273923815417 ], [ -58.393531424813077, -34.593372681216351 ], [ -58.393915320233681, -34.593386789406892 ], [ -58.3942992156542, -34.593417570905224 ], [ -58.394683111074805, -34.593449492447021 ], [ -58.395067006495331, -34.593499654845019 ], [ -58.395176690901224, -34.593589947085142 ], [ -58.395067006495331, -34.593680239227133 ], [ -58.394683111074805, -34.593730401485821 ], [ -58.394469835841136, -34.59390596915275 ], [ -58.394408900060085, -34.594221990018085 ], [ -58.3942992156542, -34.594312281473123 ], [ -58.394189531248337, -34.594221990018085 ], [ -58.394128595467294, -34.59390596915275 ], [ -58.393915320233681, -34.593793104266595 ], [ -58.39379898828804, -34.59390596915275 ], [ -58.393531424813077, -34.594126226246459 ], [ -58.39341145749416, -34.594221990018085 ], [ -58.393389241323987, -34.594538009681344 ], [ -58.393531424813077, -34.594704335336985 ], [ -58.393915320233681, -34.594763737276153 ], [ -58.394025004639545, -34.594854028142329 ], [ -58.393915320233681, -34.594944318910393 ], [ -58.393531424813077, -34.595003720677965 ], [ -58.393305603977467, -34.59517004540119 ], [ -58.393211511962633, -34.595486061457784 ], [ -58.393147529392543, -34.595538730683685 ], [ -58.39308354682246, -34.595486061457784 ], [ -58.392989454807598, -34.59517004540119 ], [ -58.392763633971953, -34.595048500443916 ], [ -58.392379738551426, -34.595064706448483 ], [ -58.392255901318975, -34.59517004540119 ], [ -58.392232086466578, -34.595486061457784 ], [ -58.392379738551426, -34.595671952694232 ], [ -58.392763633971953, -34.595749407253329 ], [ -58.392827616542057, -34.595802076312275 ], [ -58.392763633971953, -34.595854745337775 ], [ -58.392379738551426, -34.595932199726398 ], [ -58.392139803913544, -34.596118089964435 ], [ -58.392059825700919, -34.596434102414477 ], [ -58.391995843130815, -34.59648677103926 ], [ -58.391931860560732, -34.596434102414477 ], [ -58.391851882348114, -34.596118089964435 ], [ -58.391611947710302, -34.59594252697277 ], [ -58.391228052289698, -34.595875002646387 ], [ -58.390844156869164, -34.59583080487576 ], [ -58.39046026144856, -34.595920581572706 ], [ -58.390220326810748, -34.596118089964435 ], [ -58.39007636602804, -34.596236594774091 ], [ -58.389932405245318, -34.596118089964435 ], [ -58.389692470607436, -34.595960083288617 ], [ -58.389308575186924, -34.595907414329901 ], [ -58.388924679766312, -34.595802076312275 ], [ -58.389308575186924, -34.595696738161031 ], [ -58.389692470607436, -34.595644069035302 ], [ -58.389840122692284, -34.595486061457784 ], [ -58.389816307839887, -34.59517004540119 ], [ -58.389692470607436, -34.595077099273389 ], [ -58.389308575186924, -34.595064706448483 ], [ -58.388924679766312, -34.595057182232459 ], [ -58.388684745128486, -34.59517004540119 ], [ -58.388540784345786, -34.595486061457784 ], [ -58.38839682356307, -34.59517004540119 ], [ -58.38834883663548, -34.594854028142329 ], [ -58.388156888925181, -34.594678462479095 ], [ -58.387772993504662, -34.594610937125189 ], [ -58.387684402253754, -34.594538009681344 ], [ -58.387772993504662, -34.594465082173457 ], [ -58.388156888925181, -34.594397556646094 ], [ -58.388370164158857, -34.594221990018085 ], [ -58.388331386843639, -34.59390596915275 ], [ -58.388370164158857, -34.593589947085142 ], [ -58.388476801775688, -34.593273923815417 ], [ -58.388505884762097, -34.59295789934346 ], [ -58.388540784345786, -34.592929169786423 ], [ -58.388924679766312, -34.592641873669436 ], [ -58.388924679766312, -34.592641873669436 ], [ -58.389308575186924, -34.592589202606874 ], [ -58.389372557757, -34.592641873669436 ], [ -58.389692470607436, -34.592785521852107 ], [ -58.39007636602804, -34.592773551179704 ], [ -58.39030218686365, -34.592641873669436 ], [ -58.390316300665873, -34.592325846793159 ], [ -58.39007636602804, -34.592009818714814 ], [ -58.39046026144856, -34.591936888987533 ] ], [ [ -58.390844156869164, -34.592807411077196 ], [ -58.390972122009345, -34.59295789934346 ], [ -58.391228052289698, -34.593168582458354 ], [ -58.391331807808768, -34.593273923815417 ], [ -58.391611947710302, -34.593504535509176 ], [ -58.39169540323649, -34.593589947085142 ], [ -58.391611947710302, -34.593645389640081 ], [ -58.39129540236349, -34.59390596915275 ], [ -58.391228052289698, -34.593959532095901 ], [ -58.390844156869164, -34.593963427581308 ], [ -58.39046026144856, -34.593969173421989 ], [ -58.390356505929496, -34.59390596915275 ], [ -58.390343929502961, -34.593589947085142 ], [ -58.390318077959485, -34.593273923815417 ], [ -58.39046026144856, -34.593123436121573 ], [ -58.390661349526027, -34.59295789934346 ], [ -58.390844156869164, -34.592807411077196 ] ], [ [ -58.39046026144856, -34.595364516962903 ], [ -58.390844156869164, -34.59534241794475 ], [ -58.391053554371275, -34.59517004540119 ], [ -58.391228052289698, -34.595043638641926 ], [ -58.391611947710302, -34.595061074068425 ], [ -58.391735784942725, -34.59517004540119 ], [ -58.391759599795108, -34.595486061457784 ], [ -58.391611947710302, -34.595661625414252 ], [ -58.391228052289698, -34.595729149914092 ], [ -58.390844156869164, -34.595773347738813 ], [ -58.39046026144856, -34.595683570882734 ], [ -58.390312609363747, -34.595486061457784 ], [ -58.39046026144856, -34.595364516962903 ] ], [ [ -58.391611947710302, -34.594166547847969 ], [ -58.391697257803742, -34.594221990018085 ], [ -58.391705580739696, -34.594538009681344 ], [ -58.391611947710302, -34.594646981700251 ], [ -58.391228052289698, -34.594664417210005 ], [ -58.390844156869164, -34.594688494812708 ], [ -58.390643068791711, -34.594854028142329 ], [ -58.39046026144856, -34.594975573384176 ], [ -58.390350577042696, -34.594854028142329 ], [ -58.390364287593435, -34.594538009681344 ], [ -58.39046026144856, -34.594474805844868 ], [ -58.390844156869164, -34.594480551650179 ], [ -58.391228052289698, -34.594484447111164 ], [ -58.391546880689852, -34.594221990018085 ], [ -58.391611947710302, -34.594166547847969 ] ], [ [ -58.392379738551426, -34.594643349301926 ], [ -58.392286105522011, -34.594538009681344 ], [ -58.392294428457959, -34.594221990018085 ], [ -58.392379738551426, -34.5941547516368 ], [ -58.392763633971953, -34.594146747063967 ], [ -58.392883601290876, -34.594221990018085 ], [ -58.39290581746107, -34.594538009681344 ], [ -58.392763633971953, -34.59465955538554 ], [ -58.392379738551426, -34.594643349301926 ] ] ], [ [ [ -58.389692470607436, -34.59648677103926 ], [ -58.389628488037353, -34.596434102414477 ], [ -58.389692470607436, -34.596381433756285 ], [ -58.38975645317754, -34.596434102414477 ], [ -58.389692470607436, -34.59648677103926 ] ] ] ] } },
{ "type": "Feature", "properties": { "id": 1, "isomin": 0.0, "isomax": 5.0, "id_punto": "3_21", "sector": 3.0 }, "geometry": { "type": "MultiPolygon", "coordinates": [ [ [ [ -58.388821947710234, -34.593363090928982 ], [ -58.38885684729393, -34.593391820335974 ], [ -58.389205843130839, -34.593679113859487 ], [ -58.389240742714534, -34.593707843157198 ], [ -58.389589738551372, -34.593995135587889 ], [ -58.389624638135061, -34.594023864776318 ], [ -58.389973633971977, -34.594339885193193 ], [ -58.389973633971977, -34.594339885193193 ], [ -58.390008533555658, -34.594655904407944 ], [ -58.390357529392496, -34.594898995293484 ], [ -58.390446120643404, -34.594971922420449 ], [ -58.390357529392496, -34.595044849483394 ], [ -58.390174722049395, -34.595287939230801 ], [ -58.390357529392496, -34.595438423003657 ], [ -58.3907414248131, -34.595473830910571 ], [ -58.391125320233627, -34.595551285654373 ], [ -58.391189302803731, -34.595603954838907 ], [ -58.391509215654224, -34.595919969244889 ], [ -58.391125320233627, -34.596010258854335 ], [ -58.3907414248131, -34.596069659859644 ], [ -58.390357529392496, -34.596104310426462 ], [ -58.390197572967281, -34.596235982448569 ], [ -58.390203971224288, -34.596551994450103 ], [ -58.390229564252316, -34.596868005249355 ], [ -58.390357529392496, -34.596980865957747 ], [ -58.3907414248131, -34.597005400874082 ], [ -58.391125320233627, -34.597043566285059 ], [ -58.391509215654224, -34.597093726512803 ], [ -58.391618900060088, -34.597184014846441 ], [ -58.391509215654224, -34.597274303081917 ], [ -58.391125320233627, -34.597324463170324 ], [ -58.3907414248131, -34.597362628434695 ], [ -58.390357529392496, -34.597387163238238 ], [ -58.389973633971977, -34.597404263248556 ], [ -58.389849796739512, -34.597500023241253 ], [ -58.389825981887128, -34.597816030433862 ], [ -58.38979082662884, -34.598132036424197 ], [ -58.389973633971977, -34.598375117137181 ], [ -58.390062225222863, -34.598448041212336 ], [ -58.389973633971977, -34.598520965223472 ], [ -58.389653721121469, -34.598764044798145 ], [ -58.389589738551372, -34.598816711945574 ], [ -58.389525755981282, -34.598764044798145 ], [ -58.389205843130839, -34.598626652082487 ], [ -58.388821947710234, -34.598651186512654 ], [ -58.388438052289722, -34.598665293806739 ], [ -58.388305674558467, -34.598764044798145 ], [ -58.388278095864464, -34.599080047181786 ], [ -58.388438052289722, -34.599277548060996 ], [ -58.388821947710234, -34.599367321032673 ], [ -58.38885684729393, -34.599396048363097 ], [ -58.388821947710234, -34.599424775683595 ], [ -58.388438052289722, -34.599514548496167 ], [ -58.388163841275002, -34.599712048342212 ], [ -58.38805415686911, -34.600028047118968 ], [ -58.387944472463246, -34.599712048342212 ], [ -58.387670261448598, -34.599468971541924 ], [ -58.38758167019769, -34.599396048363097 ], [ -58.387670261448598, -34.599323125120279 ], [ -58.387830217873812, -34.599080047181786 ], [ -58.38780263917981, -34.598764044798145 ], [ -58.387670261448598, -34.598651186512654 ], [ -58.387286366027993, -34.598632376783513 ], [ -58.38696645317755, -34.598764044798145 ], [ -58.38690247060746, -34.598816711945574 ], [ -58.386838488037363, -34.598764044798145 ], [ -58.386744396022515, -34.598448041212336 ], [ -58.386518575186855, -34.598222323629201 ], [ -58.386408890780991, -34.598132036424197 ], [ -58.386518575186855, -34.598041749121059 ], [ -58.386660758675973, -34.597816030433862 ], [ -58.38664241241932, -34.597500023241253 ], [ -58.386625212803693, -34.597184014846441 ], [ -58.386518575186855, -34.597082076398095 ], [ -58.386134679766336, -34.597066974395098 ], [ -58.385908858930684, -34.597184014846441 ], [ -58.385839375596639, -34.597500023241253 ], [ -58.385750784345731, -34.597572948084704 ], [ -58.385662193094838, -34.597500023241253 ], [ -58.385592709760807, -34.597184014846441 ], [ -58.385366888925219, -34.596998126993746 ], [ -58.384982993504607, -34.596920673599037 ], [ -58.384919010934524, -34.596868005249355 ], [ -58.384982993504607, -34.5968153368663 ], [ -58.385366888925219, -34.596737883301138 ], [ -58.385641099939868, -34.596551994450103 ], [ -58.385750784345731, -34.596461705429483 ], [ -58.385860468751623, -34.596551994450103 ], [ -58.386134679766336, -34.596669035627045 ], [ -58.386518575186855, -34.596653933548964 ], [ -58.38690247060746, -34.596642283372574 ], [ -58.387026307839896, -34.596551994450103 ], [ -58.387050122692287, -34.596235982448569 ], [ -58.38690247060746, -34.596127012514124 ], [ -58.386518575186855, -34.596104310426462 ], [ -58.386134679766336, -34.596077975996991 ], [ -58.385750784345731, -34.595992895475518 ], [ -58.385662193094838, -34.595919969244889 ], [ -58.385366888925219, -34.595603954838907 ], [ -58.385750784345731, -34.595551285654373 ], [ -58.386134679766336, -34.595473830910571 ], [ -58.386518575186855, -34.595438423003657 ], [ -58.38690247060746, -34.595409483837734 ], [ -58.387056028775667, -34.595287939230801 ], [ -58.387094418317723, -34.594971922420449 ], [ -58.387158400887813, -34.594655904407944 ], [ -58.387286366027993, -34.594339885193193 ], [ -58.387670261448598, -34.594506211245566 ], [ -58.38805415686911, -34.594477284999506 ], [ -58.38820771503736, -34.594339885193193 ], [ -58.388246104579416, -34.594023864776318 ], [ -58.388438052289722, -34.593865854117048 ], [ -58.388677986927547, -34.593707843157198 ], [ -58.388787048126559, -34.593391820335974 ], [ -58.388821947710234, -34.593363090928982 ] ], [ [ -58.387670261448598, -34.594805597300564 ], [ -58.38805415686911, -34.594834523432297 ], [ -58.388167067286936, -34.594971922420449 ], [ -58.388152591592345, -34.595287939230801 ], [ -58.38805415686911, -34.59536694324553 ], [ -58.387670261448598, -34.595378229527228 ], [ -58.387516703280355, -34.595287939230801 ], [ -58.387478313738292, -34.594971922420449 ], [ -58.387670261448598, -34.594805597300564 ] ], [ [ -58.388821947710234, -34.594850377173309 ], [ -58.389205843130839, -34.59482143780253 ], [ -58.389589738551372, -34.594786029617509 ], [ -58.389845668831775, -34.594971922420449 ], [ -58.389772545894509, -34.595287939230801 ], [ -58.389589738551372, -34.595389879880905 ], [ -58.389205843130839, -34.595378229527228 ], [ -58.388821947710234, -34.59536694324553 ], [ -58.388723512987028, -34.595287939230801 ], [ -58.388709037292443, -34.594971922420449 ], [ -58.388821947710234, -34.594850377173309 ] ], [ [ -58.387670261448598, -34.596154953536598 ], [ -58.38805415686911, -34.596162491113141 ], [ -58.388125248613676, -34.596235982448569 ], [ -58.388120345734734, -34.596551994450103 ], [ -58.388121506942902, -34.596868005249355 ], [ -58.38805415686911, -34.596931207264959 ], [ -58.387670261448598, -34.596936703090115 ], [ -58.387286366027993, -34.596945080871699 ], [ -58.38717668162213, -34.596868005249355 ], [ -58.387286366027993, -34.59676606641321 ], [ -58.387546424216133, -34.596551994450103 ], [ -58.387522609363749, -34.596235982448569 ], [ -58.387670261448598, -34.596154953536598 ] ], [ [ -58.388821947710234, -34.596162491113141 ], [ -58.389205843130839, -34.596152821195723 ], [ -58.389589738551372, -34.596140220998642 ], [ -58.389749694976622, -34.596235982448569 ], [ -58.389743296719615, -34.596551994450103 ], [ -58.389717703691574, -34.596868005249355 ], [ -58.389589738551372, -34.596951165786201 ], [ -58.389205843130839, -34.596941495960607 ], [ -58.388821947710234, -34.596935241434537 ], [ -58.388754597636471, -34.596868005249355 ], [ -58.388755758844631, -34.596551994450103 ], [ -58.388750855965696, -34.596235982448569 ], [ -58.388821947710234, -34.596162491113141 ] ], [ [ -58.389388650473954, -34.598132036424197 ], [ -58.389205843130839, -34.598269429958052 ], [ -58.388821947710234, -34.598244895415114 ], [ -58.388438052289722, -34.598230788049634 ], [ -58.388339617566487, -34.598132036424197 ], [ -58.388438052289722, -34.598058546766296 ], [ -58.388732669705462, -34.597816030433862 ], [ -58.388741969497637, -34.597500023241253 ], [ -58.388821947710234, -34.597432787513263 ], [ -58.389205843130839, -34.597426533024155 ], [ -58.389329680363275, -34.597500023241253 ], [ -58.389353495215666, -34.597816030433862 ], [ -58.389388650473954, -34.598132036424197 ] ], [ [ -58.388134135081742, -34.597500023241253 ], [ -58.388143434873903, -34.597816030433862 ], [ -58.38805415686911, -34.597897057725483 ], [ -58.387768696171804, -34.598132036424197 ], [ -58.387670261448598, -34.598244895415114 ], [ -58.387286366027993, -34.598263705232036 ], [ -58.387111868109571, -34.598132036424197 ], [ -58.387144182538904, -34.597816030433862 ], [ -58.387162528795557, -34.597500023241253 ], [ -58.387286366027993, -34.597422948133854 ], [ -58.387670261448598, -34.597431325866381 ], [ -58.38805415686911, -34.597436821658462 ], [ -58.388134135081742, -34.597500023241253 ] ] ] ] } },
{ "type": "Feature", "properties": { "id": 1, "isomin": 0.0, "isomax": 5.0, "id_punto": "3_22", "sector": 3.0 }, "geometry": { "type": "MultiPolygon", "coordinates": [ [ [ [ -58.390406366028024, -34.591871307276342 ], [ -58.390550326810725, -34.591989818144221 ], [ -58.390790261448558, -34.59212722183733 ], [ -58.391174156869148, -34.592140307891484 ], [ -58.391448367883811, -34.591989818144221 ], [ -58.391558052289675, -34.591899524164994 ], [ -58.391667736695567, -34.591989818144221 ], [ -58.391728672476603, -34.592305846298643 ], [ -58.391558052289675, -34.592446302870322 ], [ -58.391425674558469, -34.592621873250998 ], [ -58.391558052289675, -34.592709658302162 ], [ -58.391835310093441, -34.592937899001107 ], [ -58.391941947710279, -34.593011393189336 ], [ -58.392236565126105, -34.593253923549135 ], [ -58.392325843130891, -34.59331841820714 ], [ -58.392631392547216, -34.593569946894945 ], [ -58.392709738551403, -34.5936371857496 ], [ -58.392810763662091, -34.593569946894945 ], [ -58.392822648969236, -34.593253923549135 ], [ -58.392709738551403, -34.593141057777132 ], [ -58.392462948638226, -34.592937899001107 ], [ -58.392500341049306, -34.592621873250998 ], [ -58.392325843130891, -34.592424356546644 ], [ -58.392181882348162, -34.592305846298643 ], [ -58.392261860560787, -34.591989818144221 ], [ -58.392325843130891, -34.591937146668265 ], [ -58.392389825700974, -34.591989818144221 ], [ -58.392709738551403, -34.592156148901672 ], [ -58.393093633972022, -34.592175717204178 ], [ -58.393442629808845, -34.591989818144221 ], [ -58.393477529392541, -34.591961088252383 ], [ -58.393512428976216, -34.591989818144221 ], [ -58.393587213798426, -34.592305846298643 ], [ -58.393477529392541, -34.592396139836261 ], [ -58.39329472204944, -34.592621873250998 ], [ -58.393345151661315, -34.592937899001107 ], [ -58.393364618974729, -34.593253923549135 ], [ -58.393376504281875, -34.593569946894945 ], [ -58.393477529392541, -34.593655358403666 ], [ -58.393597496711479, -34.593569946894945 ], [ -58.393861424813146, -34.593352680973837 ], [ -58.394245320233665, -34.593370969372948 ], [ -58.394629215654284, -34.593397570673524 ], [ -58.395013111074782, -34.593429492223009 ], [ -58.395397006495401, -34.593497018537235 ], [ -58.395485597746301, -34.593569946894945 ], [ -58.395397006495401, -34.593642875188635 ], [ -58.395013111074782, -34.593710401329439 ], [ -58.394629215654284, -34.593742322758693 ], [ -58.394454717735826, -34.593885969038631 ], [ -58.394629215654284, -34.594071863855653 ], [ -58.394787290239194, -34.594201989980064 ], [ -58.395013111074782, -34.59441266993985 ], [ -58.395397006495401, -34.594518009719408 ], [ -58.395013111074782, -34.594623349365328 ], [ -58.39479983584117, -34.594834028256471 ], [ -58.394738900060148, -34.59515004559141 ], [ -58.394629215654284, -34.595240336037705 ], [ -58.394519531248392, -34.59515004559141 ], [ -58.394245320233665, -34.595023638801713 ], [ -58.393861424813146, -34.595044706613329 ], [ -58.393477529392541, -34.59505709944122 ], [ -58.393357562073625, -34.59515004559141 ], [ -58.393477529392541, -34.595262908633941 ], [ -58.393724319305782, -34.595466061724103 ], [ -58.393861424813146, -34.595691786797161 ], [ -58.393971109219009, -34.595782076654622 ], [ -58.393861424813146, -34.595872366413971 ], [ -58.393648149579484, -34.596098090382917 ], [ -58.393587213798426, -34.596414102909037 ], [ -58.393477529392541, -34.596504391981384 ], [ -58.393093633972022, -34.596487028705866 ], [ -58.393005042721114, -34.596414102909037 ], [ -58.393093633972022, -34.596341177048167 ], [ -58.393306909205641, -34.596098090382917 ], [ -58.393093633972022, -34.595976546783533 ], [ -58.392709738551403, -34.595996150601913 ], [ -58.392325843130891, -34.596007800868932 ], [ -58.392212932713065, -34.596098090382917 ], [ -58.392197877990689, -34.596414102909037 ], [ -58.392172284962655, -34.596730114232884 ], [ -58.392133895420585, -34.597046124354556 ], [ -58.392325843130891, -34.597333405240043 ], [ -58.39236074271458, -34.597362133273954 ], [ -58.392325843130891, -34.597390861297917 ], [ -58.391941947710279, -34.597678140991178 ], [ -58.391558052289675, -34.597452421315829 ], [ -58.391448367883811, -34.597362133273954 ], [ -58.391558052289675, -34.597271845133946 ], [ -58.39175, -34.597046124354556 ], [ -58.391711610457925, -34.596730114232884 ], [ -58.391686017429876, -34.596414102909037 ], [ -58.391670962707501, -34.596098090382917 ], [ -58.391558052289675, -34.596007800868932 ], [ -58.391174156869148, -34.59599275260706 ], [ -58.390790261448558, -34.595976546783533 ], [ -58.390406366028024, -34.595947607805108 ], [ -58.39002247060742, -34.596098090382917 ], [ -58.3896385751869, -34.595834745692827 ], [ -58.389574592616803, -34.595782076654622 ], [ -58.3896385751869, -34.595729407583036 ], [ -58.389821382530002, -34.595466061724103 ], [ -58.389786227271713, -34.59515004559141 ], [ -58.3896385751869, -34.594964153187036 ], [ -58.389254679766296, -34.59490695544045 ], [ -58.388870784345769, -34.594834028256471 ], [ -58.388870784345769, -34.594834028256471 ], [ -58.388835884762088, -34.594518009719408 ], [ -58.388870784345769, -34.594489280701865 ], [ -58.389254679766296, -34.594201989980064 ], [ -58.389254679766296, -34.594201989980064 ], [ -58.389254679766296, -34.594201989980064 ], [ -58.389190697196206, -34.593885969038631 ], [ -58.389254679766296, -34.593833298764821 ], [ -58.3896385751869, -34.593745514900952 ], [ -58.38989450546724, -34.593569946894945 ], [ -58.39002247060742, -34.593253923549135 ], [ -58.390150435747621, -34.593569946894945 ], [ -58.390214418317726, -34.593885969038631 ], [ -58.390406366028024, -34.593987911409165 ], [ -58.390790261448558, -34.593971380222428 ], [ -58.391174156869148, -34.593963047427877 ], [ -58.39125761239535, -34.593885969038631 ], [ -58.391558052289675, -34.593638647463223 ], [ -58.391641507815891, -34.593569946894945 ], [ -58.391558052289675, -34.59349094117119 ], [ -58.391270130724287, -34.593253923549135 ], [ -58.391174156869148, -34.593158158661545 ], [ -58.390790261448558, -34.59310343581906 ], [ -58.390534331168205, -34.593253923549135 ], [ -58.390406366028024, -34.593359264797982 ], [ -58.39002247060742, -34.593253923549135 ], [ -58.390235745841096, -34.592937899001107 ], [ -58.390406366028024, -34.592797443260572 ], [ -58.390559924196232, -34.592621873250998 ], [ -58.390406366028024, -34.592455543425935 ], [ -58.390224520828795, -34.592305846298643 ], [ -58.39002247060742, -34.592062747825018 ], [ -58.389933879356533, -34.591989818144221 ], [ -58.39002247060742, -34.591916888399382 ], [ -58.390406366028024, -34.591871307276342 ] ], [ [ -58.393861424813146, -34.593787212247854 ], [ -58.394035922731568, -34.593885969038631 ], [ -58.394074700046772, -34.594201989980064 ], [ -58.394245320233665, -34.594342443345973 ], [ -58.394458595467327, -34.594518009719408 ], [ -58.394245320233665, -34.594644417278495 ], [ -58.393861424813146, -34.594623349365328 ], [ -58.393477529392541, -34.594610956472735 ], [ -58.393361197446929, -34.594518009719408 ], [ -58.393370891775724, -34.594201989980064 ], [ -58.393477529392541, -34.594116579033368 ], [ -58.393757669294061, -34.593885969038631 ], [ -58.393861424813146, -34.593787212247854 ] ], [ [ -58.392709738551403, -34.594134751582573 ], [ -58.392816376168241, -34.594201989980064 ], [ -58.392826070497058, -34.594518009719408 ], [ -58.392709738551403, -34.594589832219754 ], [ -58.392325843130891, -34.594582503396019 ], [ -58.392260776110454, -34.594518009719408 ], [ -58.392325843130891, -34.594462567746817 ], [ -58.392642388477626, -34.594201989980064 ], [ -58.392709738551403, -34.594134751582573 ] ], [ [ -58.390223558684887, -34.595466061724103 ], [ -58.390406366028024, -34.59536730681176 ], [ -58.390790261448558, -34.595380652077054 ], [ -58.391070401350078, -34.59515004559141 ], [ -58.391174156869148, -34.595074803477857 ], [ -58.391558052289675, -34.595082807961248 ], [ -58.3916380305023, -34.59515004559141 ], [ -58.391645301248907, -34.595466061724103 ], [ -58.391558052289675, -34.595556351826922 ], [ -58.391174156869148, -34.595571400167856 ], [ -58.390790261448558, -34.59558760607041 ], [ -58.390406366028024, -34.595616545174273 ], [ -58.390223558684887, -34.595466061724103 ] ], [ [ -58.390790261448558, -34.594919438465539 ], [ -58.390406366028024, -34.59493278380279 ], [ -58.390239454975585, -34.594834028256471 ], [ -58.390239454975585, -34.594518009719408 ], [ -58.390406366028024, -34.594416067999333 ], [ -58.390790261448558, -34.59443259909758 ], [ -58.391174156869148, -34.59444093184505 ], [ -58.391558052289675, -34.594447783214555 ], [ -58.391623119310125, -34.594518009719408 ], [ -58.391558052289675, -34.594585247806684 ], [ -58.391174156869148, -34.594593252337276 ], [ -58.390881665120119, -34.594834028256471 ], [ -58.390790261448558, -34.594919438465539 ] ], [ [ -58.392238594171658, -34.595466061724103 ], [ -58.392245864918259, -34.59515004559141 ], [ -58.392325843130891, -34.595085552355393 ], [ -58.392709738551403, -34.595078223575399 ], [ -58.392829705870355, -34.59515004559141 ], [ -58.393093633972022, -34.59536730681176 ], [ -58.39323073947935, -34.595466061724103 ], [ -58.393093633972022, -34.59558760607041 ], [ -58.392709738551403, -34.595568002155616 ], [ -58.392325843130891, -34.595556351826922 ], [ -58.392238594171658, -34.595466061724103 ] ], [ [ -58.391941947710279, -34.594255552732356 ], [ -58.391856637616804, -34.594201989980064 ], [ -58.391941947710279, -34.594138785887949 ], [ -58.392009297784071, -34.594201989980064 ], [ -58.391941947710279, -34.594255552732356 ] ] ] ] } },
{ "type": "Feature", "properties": { "id": 1, "isomin": 0.0, "isomax": 5.0, "id_punto": "3_23", "sector": 3.0 }, "geometry": { "type": "MultiPolygon", "coordinates": [ [ [ [ -58.386706366027987, -34.590621084142995 ], [ -58.387090261448591, -34.590357722090616 ], [ -58.387178852699478, -34.590673756453306 ], [ -58.387474156869111, -34.590811162323007 ], [ -58.387691141237276, -34.590989789613921 ], [ -58.387858052289715, -34.591098766287097 ], [ -58.388241947710334, -34.5911026583085 ], [ -58.388424755053435, -34.590989789613921 ], [ -58.388561860560763, -34.590673756453306 ], [ -58.388625843130853, -34.590621084142995 ], [ -58.389009738551458, -34.590583461043771 ], [ -58.38939363397197, -34.590645026106365 ], [ -58.389428533555666, -34.590673756453306 ], [ -58.389428533555666, -34.590989789613921 ], [ -58.38939363397197, -34.591018519841626 ], [ -58.389009738551458, -34.591080084581847 ], [ -58.388849782126208, -34.591305821572341 ], [ -58.388625843130853, -34.591490172992962 ], [ -58.388502005898424, -34.591621852328693 ], [ -58.388625843130853, -34.591753531455673 ], [ -58.388849782126208, -34.591937881882814 ], [ -58.389009738551458, -34.59205074928942 ], [ -58.389223013785085, -34.591937881882814 ], [ -58.389009738551458, -34.591674524004517 ], [ -58.388945755981354, -34.591621852328693 ], [ -58.389009738551458, -34.59156918061943 ], [ -58.38939363397197, -34.591516508876794 ], [ -58.389777529392589, -34.59156918061943 ], [ -58.390161424813094, -34.591593122309604 ], [ -58.39019632439679, -34.591621852328693 ], [ -58.390161424813094, -34.591937881882814 ], [ -58.390161424813094, -34.591937881882814 ], [ -58.389959374591783, -34.592253910234895 ], [ -58.389921490175283, -34.592569937384724 ], [ -58.390161424813094, -34.592795670327213 ], [ -58.390545320233713, -34.59285723375055 ], [ -58.390580219817394, -34.592885963332478 ], [ -58.390545320233713, -34.592914692904479 ], [ -58.390332045000036, -34.593201988078008 ], [ -58.390305385595838, -34.59351801162142 ], [ -58.390225407383198, -34.593834033962608 ], [ -58.390161424813094, -34.593886704235956 ], [ -58.389841511962665, -34.594150055101693 ], [ -58.389777529392589, -34.594202725174647 ], [ -58.389457616542074, -34.594466075038504 ], [ -58.389503318377862, -34.594782093773226 ], [ -58.38939363397197, -34.594872384619457 ], [ -58.389009738551458, -34.594922546158294 ], [ -58.388796463317789, -34.595098111305667 ], [ -58.388714434381761, -34.595414127635983 ], [ -58.388625843130853, -34.595487054310723 ], [ -58.388537251879953, -34.595414127635983 ], [ -58.388455222943946, -34.595098111305667 ], [ -58.388241947710334, -34.594985248039222 ], [ -58.387858052289715, -34.595002348544007 ], [ -58.387474156869111, -34.595014948913693 ], [ -58.387357824923498, -34.595098111305667 ], [ -58.387337051361783, -34.595414127635983 ], [ -58.387474156869111, -34.595557771025049 ], [ -58.387858052289715, -34.59560001903337 ], [ -58.388016126874682, -34.595730142764054 ], [ -58.387858052289715, -34.595860266290899 ], [ -58.387474156869111, -34.595902514145379 ], [ -58.387260881635498, -34.596046156689951 ], [ -58.387199945854455, -34.596362169413595 ], [ -58.387090261448591, -34.596452458542402 ], [ -58.386980577042706, -34.596362169413595 ], [ -58.386919641261656, -34.596046156689951 ], [ -58.386706366027987, -34.595888149877261 ], [ -58.38632247060746, -34.595835480872928 ], [ -58.386194505467259, -34.595730142764054 ], [ -58.38632247060746, -34.595624804521599 ], [ -58.386706366027987, -34.595572135350295 ], [ -58.38684347153535, -34.595414127635983 ], [ -58.386822697973628, -34.595098111305667 ], [ -58.386810121547065, -34.594782093773226 ], [ -58.386706366027987, -34.594686330647249 ], [ -58.38632247060746, -34.594669230077407 ], [ -58.386109195373791, -34.594782093773226 ], [ -58.386048259592741, -34.595098111305667 ], [ -58.385938575186856, -34.595188401808443 ], [ -58.385828890780999, -34.595098111305667 ], [ -58.385767954999963, -34.594782093773226 ], [ -58.385554679766337, -34.594606527957907 ], [ -58.385170784345732, -34.594556366228261 ], [ -58.385061099939868, -34.594466075038504 ], [ -58.385170784345732, -34.594375783750664 ], [ -58.385554679766337, -34.59432562188168 ], [ -58.385756729987662, -34.594150055101693 ], [ -58.38572159081874, -34.593834033962608 ], [ -58.385687057497549, -34.59351801162142 ], [ -58.385678516998759, -34.593201988078008 ], [ -58.385554679766337, -34.593089122235469 ], [ -58.385170784345732, -34.593064586162448 ], [ -58.384786888925213, -34.593035659414433 ], [ -58.384402993504608, -34.592976256239581 ], [ -58.384293309098744, -34.592885963332478 ], [ -58.384368093920926, -34.592569937384724 ], [ -58.384402993504608, -34.592541207693507 ], [ -58.384437893088297, -34.592569937384724 ], [ -58.384786888925213, -34.592736266980765 ], [ -58.385170784345732, -34.592707340118416 ], [ -58.385554679766337, -34.592682803932632 ], [ -58.385938575186856, -34.592665702950384 ], [ -58.38632247060746, -34.592655349921571 ], [ -58.386432155013324, -34.592569937384724 ], [ -58.38646465409655, -34.592253910234895 ], [ -58.38632247060746, -34.592095896209116 ], [ -58.386130522897155, -34.591937881882814 ], [ -58.385938575186856, -34.591621852328693 ], [ -58.38632247060746, -34.591491722162829 ], [ -58.386480545192384, -34.591621852328693 ], [ -58.386706366027987, -34.591759256630375 ], [ -58.386923350396152, -34.591937881882814 ], [ -58.387090261448591, -34.59204685731244 ], [ -58.387222639179804, -34.591937881882814 ], [ -58.387474156869111, -34.591730828172786 ], [ -58.387583841274996, -34.591621852328693 ], [ -58.387474156869111, -34.591500302180037 ], [ -58.387237913533419, -34.591305821572341 ], [ -58.387090261448591, -34.591139489112479 ], [ -58.386706366027987, -34.590989789613921 ], [ -58.386706366027987, -34.590989789613921 ], [ -58.386642383457897, -34.590673756453306 ], [ -58.386706366027987, -34.590621084142995 ] ], [ [ -58.38632247060746, -34.593425063645206 ], [ -58.386593455610182, -34.593201988078008 ], [ -58.386706366027987, -34.593128494058419 ], [ -58.387090261448591, -34.59313474887113 ], [ -58.387155328469014, -34.593201988078008 ], [ -58.387157611522369, -34.59351801162142 ], [ -58.387162694546802, -34.593834033962608 ], [ -58.387170239661195, -34.594150055101693 ], [ -58.387090261448591, -34.59423546601397 ], [ -58.386706366027987, -34.594245818845863 ], [ -58.38632247060746, -34.594262919502853 ], [ -58.386120420386092, -34.594150055101693 ], [ -58.386155559555029, -34.593834033962608 ], [ -58.38619009287622, -34.59351801162142 ], [ -58.38632247060746, -34.593425063645206 ] ], [ [ -58.387858052289715, -34.594561838418414 ], [ -58.387768774284929, -34.594466075038504 ], [ -58.387778074077104, -34.594150055101693 ], [ -58.38778561919149, -34.593834033962608 ], [ -58.387790702215923, -34.59351801162142 ], [ -58.387792985269272, -34.593201988078008 ], [ -58.387858052289715, -34.593137493329628 ], [ -58.388241947710334, -34.593131760460672 ], [ -58.38836191502925, -34.593201988078008 ], [ -58.388379053217662, -34.59351801162142 ], [ -58.388408858762723, -34.593834033962608 ], [ -58.388455222943946, -34.594150055101693 ], [ -58.388424755053435, -34.594466075038504 ], [ -58.388241947710334, -34.594578939010347 ], [ -58.387858052289715, -34.594561838418414 ] ], [ [ -58.388625843130853, -34.592648943984379 ], [ -58.388241947710334, -34.592640165477 ], [ -58.387858052289715, -34.592634432573753 ], [ -58.387779706285514, -34.592569937384724 ], [ -58.387858052289715, -34.592496442805988 ], [ -58.388152669705548, -34.592253910234895 ], [ -58.388241947710334, -34.592136862837243 ], [ -58.388395505878542, -34.592253910234895 ], [ -58.388625843130853, -34.592443526669044 ], [ -58.388738753548672, -34.592569937384724 ], [ -58.388625843130853, -34.592648943984379 ] ] ] ] } },
{ "type": "Feature", "properties": { "id": 1, "isomin": 0.0, "isomax": 5.0, "id_punto": "3_24", "sector": 3.0 }, "geometry": { "type": "MultiPolygon", "coordinates": [ [ [ [ -58.386014156869187, -34.593001162608807 ], [ -58.386078139439277, -34.593053833410181 ], [ -58.386158117651881, -34.593369857517182 ], [ -58.386215244946605, -34.593685880421965 ], [ -58.386244494121499, -34.594001902124624 ], [ -58.386270087149526, -34.594317922625052 ], [ -58.386398052289707, -34.594439468651281 ], [ -58.386781947710311, -34.594423262524735 ], [ -58.386901915029227, -34.594317922625052 ], [ -58.38716584313083, -34.594100658660139 ], [ -58.387302948638194, -34.594001902124624 ], [ -58.387332754183269, -34.593685880421965 ], [ -58.387379118364507, -34.593369857517182 ], [ -58.387461147300534, -34.593053833410181 ], [ -58.387549738551449, -34.592980904599379 ], [ -58.387638329802328, -34.593053833410181 ], [ -58.387720358738335, -34.593369857517182 ], [ -58.387766722919558, -34.593685880421965 ], [ -58.387796528464627, -34.594001902124624 ], [ -58.387549738551449, -34.59420505829862 ], [ -58.387429771232497, -34.594317922625052 ], [ -58.387549738551449, -34.59441368617572 ], [ -58.387933633971954, -34.594426894932674 ], [ -58.388317529392566, -34.594449597478771 ], [ -58.388557464030399, -34.594317922625052 ], [ -58.388666525229411, -34.594001902124624 ], [ -58.388701424813085, -34.593973172928614 ], [ -58.388736324396774, -34.594001902124624 ], [ -58.38908532023369, -34.594265252625128 ], [ -58.38914930280378, -34.594317922625052 ], [ -58.389469215654209, -34.594633941923341 ], [ -58.38908532023369, -34.594724232930609 ], [ -58.388937668148841, -34.594949960019399 ], [ -58.388701424813085, -34.59514443209639 ], [ -58.388573459672912, -34.595265976913318 ], [ -58.388701424813085, -34.595361739371064 ], [ -58.38908532023369, -34.595378839798343 ], [ -58.389469215654209, -34.595397650264282 ], [ -58.389818211491132, -34.595265976913318 ], [ -58.389853111074828, -34.595237248154469 ], [ -58.389888010658503, -34.595265976913318 ], [ -58.390237006495333, -34.595491702530019 ], [ -58.390346690901218, -34.595581992604977 ], [ -58.390346690901218, -34.59589800709449 ], [ -58.390237006495333, -34.595988296727789 ], [ -58.389962795480692, -34.596214020381709 ], [ -58.389853111074828, -34.596304309671552 ], [ -58.389743426668936, -34.596214020381709 ], [ -58.389469215654209, -34.59607662344802 ], [ -58.38908532023369, -34.596101158631427 ], [ -58.388701424813085, -34.596118258906493 ], [ -58.388577587580663, -34.596214020381709 ], [ -58.388559241323996, -34.596530032466802 ], [ -58.388518617469984, -34.596846043349622 ], [ -58.388701424813085, -34.597089127826038 ], [ -58.388790016063993, -34.59716205303026 ], [ -58.388701424813085, -34.59723497817042 ], [ -58.388381511962656, -34.59747806150861 ], [ -58.388317529392566, -34.597530729471451 ], [ -58.388253546822469, -34.59747806150861 ], [ -58.387933633971954, -34.597340666665737 ], [ -58.387549738551449, -34.597365201475775 ], [ -58.387407555062332, -34.59747806150861 ], [ -58.387382827499003, -34.597794068784779 ], [ -58.387336463317766, -34.598110074858646 ], [ -58.387229825700928, -34.598426079730345 ], [ -58.38716584313083, -34.598478747092066 ], [ -58.386781947710311, -34.598478747092066 ], [ -58.386717965140214, -34.598426079730345 ], [ -58.386717965140214, -34.598110074858646 ], [ -58.386781947710311, -34.59805740726317 ], [ -58.386948858762715, -34.597794068784779 ], [ -58.3869241311994, -34.59747806150861 ], [ -58.386781947710311, -34.597372725482742 ], [ -58.386398052289707, -34.597356519928439 ], [ -58.386161808954, -34.59716205303026 ], [ -58.386014156869187, -34.597040510987675 ], [ -58.385871973380077, -34.59716205303026 ], [ -58.385847245816748, -34.59747806150861 ], [ -58.385800881635511, -34.597794068784779 ], [ -58.385718852699483, -34.598110074858646 ], [ -58.385630261448568, -34.598182999166518 ], [ -58.385541670197689, -34.598110074858646 ], [ -58.385459641261683, -34.597794068784779 ], [ -58.38541327708046, -34.59747806150861 ], [ -58.385388549517145, -34.59716205303026 ], [ -58.38524636602807, -34.597035649302263 ], [ -58.384862470607452, -34.597011572379898 ], [ -58.384478575186932, -34.596964547120734 ], [ -58.384094679766328, -34.596874771552073 ], [ -58.384059780182632, -34.596846043349622 ], [ -58.383924059579421, -34.596530032466802 ], [ -58.383877695398198, -34.596214020381709 ], [ -58.383852967834883, -34.59589800709449 ], [ -58.383710784345809, -34.59576060963807 ], [ -58.383436573331082, -34.59589800709449 ], [ -58.383361788508886, -34.596214020381709 ], [ -58.38332688892519, -34.596242748802759 ], [ -58.383291989341515, -34.596214020381709 ], [ -58.383217204519326, -34.59589800709449 ], [ -58.382942993504678, -34.595654919132315 ], [ -58.382854402253777, -34.595581992604977 ], [ -58.382854402253777, -34.595265976913318 ], [ -58.382942993504678, -34.595193050044486 ], [ -58.38332688892519, -34.595125525108884 ], [ -58.383497509112132, -34.595265976913318 ], [ -58.383710784345809, -34.59540337518785 ], [ -58.384094679766328, -34.595383019902258 ], [ -58.384236863255438, -34.595265976913318 ], [ -58.384261590818753, -34.594949960019399 ], [ -58.384307955, -34.594633941923341 ], [ -58.384094679766328, -34.594346651701834 ], [ -58.384059780182632, -34.594317922625052 ], [ -58.384094679766328, -34.59428919353833 ], [ -58.384478575186932, -34.594244994923962 ], [ -58.384862470607452, -34.594152388227144 ], [ -58.385063558684912, -34.594317922625052 ], [ -58.38524636602807, -34.594439468651281 ], [ -58.385630261448568, -34.594419864465529 ], [ -58.38575822658877, -34.594317922625052 ], [ -58.385783819616819, -34.594001902124624 ], [ -58.385813068791727, -34.593685880421965 ], [ -58.385870196086465, -34.593369857517182 ], [ -58.38595017429909, -34.593053833410181 ], [ -58.386014156869187, -34.593001162608807 ] ], [ [ -58.384862470607452, -34.594819835066623 ], [ -58.384649195373818, -34.594633941923341 ], [ -58.384862470607452, -34.594483456693126 ], [ -58.3850101226923, -34.594633941923341 ], [ -58.384862470607452, -34.594819835066623 ] ], [ [ -58.386014156869187, -34.59484462078764 ], [ -58.386398052289707, -34.5948284147401 ], [ -58.386781947710311, -34.59484462078764 ], [ -58.386873351381865, -34.594949960019399 ], [ -58.386865403236513, -34.595265976913318 ], [ -58.386781947710311, -34.595330470009237 ], [ -58.386398052289707, -34.595337798766991 ], [ -58.386014156869187, -34.595331813614891 ], [ -58.385926907909962, -34.595265976913318 ], [ -58.385915722145945, -34.594949960019399 ], [ -58.386014156869187, -34.59484462078764 ] ], [ [ -58.387549738551449, -34.594854197086931 ], [ -58.387933633971954, -34.594840988397941 ], [ -58.388317529392566, -34.594818285958816 ], [ -58.388465181477379, -34.594949960019399 ], [ -58.388317529392566, -34.595055299117604 ], [ -58.388061599112156, -34.595265976913318 ], [ -58.387933633971954, -34.595341218853697 ], [ -58.387549738551449, -34.59533321439519 ], [ -58.387466283025219, -34.595265976913318 ], [ -58.387458334879874, -34.594949960019399 ], [ -58.387549738551449, -34.594854197086931 ] ], [ [ -58.38524636602807, -34.5948284147401 ], [ -58.385344800751263, -34.594949960019399 ], [ -58.385333614987267, -34.595265976913318 ], [ -58.38524636602807, -34.595341218853697 ], [ -58.384862470607452, -34.595349139053994 ], [ -58.38472028711837, -34.595265976913318 ], [ -58.384862470607452, -34.595080084768369 ], [ -58.385020545192411, -34.594949960019399 ], [ -58.38524636602807, -34.5948284147401 ] ], [ [ -58.38524636602807, -34.59582276565839 ], [ -58.385329821554258, -34.59589800709449 ], [ -58.385337769699603, -34.596214020381709 ], [ -58.385350121547113, -34.596530032466802 ], [ -58.38524636602807, -34.596656436964189 ], [ -58.384862470607452, -34.596680513989504 ], [ -58.384478575186932, -34.59672753940945 ], [ -58.384265299953263, -34.596530032466802 ], [ -58.384311664134493, -34.596214020381709 ], [ -58.384336391697815, -34.59589800709449 ], [ -58.384478575186932, -34.595789036716653 ], [ -58.384862470607452, -34.595814845503263 ], [ -58.38524636602807, -34.59582276565839 ] ], [ [ -58.386628389542082, -34.596846043349622 ], [ -58.386398052289707, -34.596656436964189 ], [ -58.386014156869187, -34.596651575256317 ], [ -58.385910401350102, -34.596530032466802 ], [ -58.385922753197612, -34.596214020381709 ], [ -58.386014156869187, -34.596148184379345 ], [ -58.386398052289707, -34.596143795310674 ], [ -58.386781947710311, -34.596149527971747 ], [ -58.386865403236513, -34.596214020381709 ], [ -58.386873351381865, -34.596530032466802 ], [ -58.386885703229375, -34.596846043349622 ], [ -58.386781947710311, -34.5969513800434 ], [ -58.386628389542082, -34.596846043349622 ] ], [ [ -58.388116441315105, -34.596846043349622 ], [ -58.387933633971954, -34.596983439010657 ], [ -58.387549738551449, -34.596958904087849 ], [ -58.38744598303235, -34.596846043349622 ], [ -58.387458334879874, -34.596530032466802 ], [ -58.387466283025219, -34.596214020381709 ], [ -58.387549738551449, -34.596146783612788 ], [ -58.387933633971954, -34.596138779231886 ], [ -58.388057471204412, -34.596214020381709 ], [ -58.388075817461065, -34.596530032466802 ], [ -58.388116441315105, -34.596846043349622 ] ] ] ] } },
{ "type": "Feature", "properties": { "id": 1, "isomin": 0.0, "isomax": 5.0, "id_punto": "3_25", "sector": 3.0 }, "geometry": { "type": "MultiPolygon", "coordinates": [ [ [ [ -58.38989857518694, -34.589661052494257 ], [ -58.390282470607453, -34.589684994734284 ], [ -58.390317370191148, -34.589713725413198 ], [ -58.390392155013345, -34.590029762225527 ], [ -58.390666366028064, -34.590151314525556 ], [ -58.390902609363771, -34.590345797835681 ], [ -58.391050261448591, -34.590451142771961 ], [ -58.391210217873841, -34.590345797835681 ], [ -58.391434156869195, -34.590161443875857 ], [ -58.391690087149534, -34.590029762225527 ], [ -58.391754069719624, -34.589713725413198 ], [ -58.391818052289715, -34.589661052494257 ], [ -58.392201947710319, -34.589713725413198 ], [ -58.392201947710319, -34.589713725413198 ], [ -58.392290538961205, -34.590029762225527 ], [ -58.392585843130838, -34.590156176613853 ], [ -58.392816180383193, -34.590345797835681 ], [ -58.392969738551443, -34.590451142771961 ], [ -58.393129694976665, -34.590345797835681 ], [ -58.393353633971969, -34.590161443875857 ], [ -58.393648938141666, -34.590029762225527 ], [ -58.393737529392574, -34.589713725413198 ], [ -58.394121424813093, -34.589713725413198 ], [ -58.394210016064001, -34.590029762225527 ], [ -58.394156324396782, -34.590345797835681 ], [ -58.394121424813093, -34.590374528286098 ], [ -58.393737529392574, -34.590503815189997 ], [ -58.393595345903464, -34.590661832243789 ], [ -58.393353633971969, -34.590860816254327 ], [ -58.393233666653053, -34.590977865449695 ], [ -58.393353633971969, -34.591086842138544 ], [ -58.393605151661326, -34.591293897453539 ], [ -58.393737529392574, -34.591406765734973 ], [ -58.393897485817789, -34.591293897453539 ], [ -58.394121424813093, -34.591109545597384 ], [ -58.394347245648746, -34.590977865449695 ], [ -58.394505320233698, -34.590847734275194 ], [ -58.394889215654217, -34.590887570370683 ], [ -58.394998900060102, -34.590977865449695 ], [ -58.394889215654217, -34.591068160430595 ], [ -58.394706408311116, -34.591293897453539 ], [ -58.394505320233698, -34.591459437547179 ], [ -58.39436313674458, -34.591609928255174 ], [ -58.394368214726335, -34.591925957854741 ], [ -58.394505320233698, -34.592076447717702 ], [ -58.394706408311116, -34.592241986252084 ], [ -58.394889215654217, -34.592467720085665 ], [ -58.394998900060102, -34.592558013447359 ], [ -58.394924115237906, -34.592874039440403 ], [ -58.394889215654217, -34.592902769016533 ], [ -58.394854316070536, -34.592874039440403 ], [ -58.394505320233698, -34.592698469592683 ], [ -58.39433470004677, -34.592558013447359 ], [ -58.394121424813093, -34.592426335595427 ], [ -58.393897485817789, -34.592241986252084 ], [ -58.393737529392574, -34.592149036848262 ], [ -58.393643896363152, -34.592241986252084 ], [ -58.393353633971969, -34.592480933754487 ], [ -58.393273655759359, -34.592558013447359 ], [ -58.393275287967768, -34.592874039440403 ], [ -58.393264355967197, -34.593190064231358 ], [ -58.39325260886131, -34.593506087820082 ], [ -58.393353633971969, -34.593615061192629 ], [ -58.393737529392574, -34.593627635034132 ], [ -58.39392947710283, -34.593506087820082 ], [ -58.394121424813093, -34.593348076175985 ], [ -58.394505320233698, -34.593415795488838 ], [ -58.394889215654217, -34.593477358452603 ], [ -58.394924115237906, -34.593506087820082 ], [ -58.394889215654217, -34.593534817177613 ], [ -58.394615004639562, -34.593822110206688 ], [ -58.394505320233698, -34.594138131391041 ], [ -58.394395635827806, -34.593822110206688 ], [ -58.394121424813093, -34.593664099163661 ], [ -58.393973772728266, -34.593822110206688 ], [ -58.393737529392574, -34.59401658492397 ], [ -58.393353633971969, -34.594029158704657 ], [ -58.393216528464635, -34.594138131391041 ], [ -58.393353633971969, -34.594275531531061 ], [ -58.393570618340135, -34.594454151373327 ], [ -58.393737529392574, -34.594741441222986 ], [ -58.393772428976256, -34.594770170153303 ], [ -58.393737529392574, -34.594798899073702 ], [ -58.393442225222877, -34.595086187731191 ], [ -58.393353633971969, -34.595159114693807 ], [ -58.393265042721076, -34.595086187731191 ], [ -58.392969738551443, -34.594860461012516 ], [ -58.392860054145551, -34.594770170153303 ], [ -58.392969738551443, -34.594679879195986 ], [ -58.393136649603846, -34.594454151373327 ], [ -58.392969738551443, -34.594341287231948 ], [ -58.392722948638202, -34.594138131391041 ], [ -58.392585843130838, -34.59401658492397 ], [ -58.392372567897219, -34.594138131391041 ], [ -58.392311632116183, -34.594454151373327 ], [ -58.392201947710319, -34.59454444257598 ], [ -58.392092263304427, -34.594454151373327 ], [ -58.391818052289715, -34.594268257411699 ], [ -58.391434156869195, -34.594190801471576 ], [ -58.391370174299098, -34.594138131391041 ], [ -58.391434156869195, -34.594085461277146 ], [ -58.391818052289715, -34.5940080051666 ], [ -58.392020102511076, -34.593822110206688 ], [ -58.391818052289715, -34.593624596355951 ], [ -58.391674091507014, -34.593506087820082 ], [ -58.391434156869195, -34.593368686407487 ], [ -58.391217172501015, -34.593190064231358 ], [ -58.391050261448591, -34.593081090301325 ], [ -58.390666366028064, -34.593081090301325 ], [ -58.390491868109606, -34.593190064231358 ], [ -58.390282470607453, -34.593362440883325 ], [ -58.390026540327113, -34.593506087820082 ], [ -58.389933474770615, -34.593822110206688 ], [ -58.38989857518694, -34.593850839454959 ], [ -58.389863675603245, -34.593822110206688 ], [ -58.389514679766336, -34.593506087820082 ], [ -58.389740500601988, -34.593190064231358 ], [ -58.38989857518694, -34.593059936521854 ], [ -58.390046227271746, -34.592874039440403 ], [ -58.390282470607453, -34.592679562048509 ], [ -58.390402437926397, -34.592558013447359 ], [ -58.390282470607453, -34.592436464668374 ], [ -58.390046227271746, -34.592241986252084 ], [ -58.38989857518694, -34.592016251805219 ], [ -58.389788890781048, -34.591925957854741 ], [ -58.389514679766336, -34.59166259993858 ], [ -58.389450697196246, -34.591609928255174 ], [ -58.389514679766336, -34.591557256538387 ], [ -58.38989857518694, -34.591504584788211 ], [ -58.390058531612155, -34.591293897453539 ], [ -58.390282470607453, -34.591109545597384 ], [ -58.390410435747654, -34.590977865449695 ], [ -58.390414848338708, -34.590661832243789 ], [ -58.390282470607453, -34.590524426127097 ], [ -58.38989857518694, -34.590398470320508 ], [ -58.389834592616836, -34.590345797835681 ], [ -58.389754614404211, -34.590029762225527 ], [ -58.389834592616836, -34.589713725413198 ], [ -58.38989857518694, -34.589661052494257 ] ], [ [ -58.392201947710319, -34.59051133981842 ], [ -58.392339053217647, -34.590661832243789 ], [ -58.392305703229376, -34.590977865449695 ], [ -58.392201947710319, -34.591049691010681 ], [ -58.39190530124894, -34.591293897453539 ], [ -58.391818052289715, -34.591358393633143 ], [ -58.391728774284935, -34.591293897453539 ], [ -58.391434156869195, -34.591051361371818 ], [ -58.391327519252357, -34.590977865449695 ], [ -58.391434156869195, -34.590860816254327 ], [ -58.39167586880064, -34.590661832243789 ], [ -58.391818052289715, -34.590503815189997 ], [ -58.392201947710319, -34.59051133981842 ] ], [ [ -58.392969738551443, -34.591195137581487 ], [ -58.393102116282648, -34.591293897453539 ], [ -58.393123296719651, -34.591609928255174 ], [ -58.393070763662102, -34.591925957854741 ], [ -58.392969738551443, -34.59199778259606 ], [ -58.392585843130838, -34.591981401520179 ], [ -58.392517290377171, -34.591925957854741 ], [ -58.392504163254131, -34.591609928255174 ], [ -58.392585843130838, -34.591532847682693 ], [ -58.392876105522028, -34.591293897453539 ], [ -58.392969738551443, -34.591195137581487 ] ], [ [ -58.390666366028064, -34.591492879950309 ], [ -58.391050261448591, -34.591530920667459 ], [ -58.391133716974807, -34.591609928255174 ], [ -58.391133716974807, -34.591925957854741 ], [ -58.391050261448591, -34.59200699089174 ], [ -58.390666366028064, -34.592034933299971 ], [ -58.390491868109606, -34.591925957854741 ], [ -58.390474418317758, -34.591609928255174 ], [ -58.390666366028064, -34.591492879950309 ] ], [ [ -58.392201947710319, -34.593400746757418 ], [ -58.391999897488944, -34.593190064231358 ], [ -58.391818052289715, -34.593040368427616 ], [ -58.391670400204887, -34.592874039440403 ], [ -58.391434156869195, -34.592679562048509 ], [ -58.391327519252357, -34.592558013447359 ], [ -58.391434156869195, -34.592484518858072 ], [ -58.391728774284935, -34.592241986252084 ], [ -58.391818052289715, -34.592177490758438 ], [ -58.391882034859812, -34.592241986252084 ], [ -58.392201947710319, -34.592505342331641 ], [ -58.39227438080853, -34.592558013447359 ], [ -58.392585843130838, -34.592814411986552 ], [ -58.392664189135047, -34.592874039440403 ], [ -58.392675121135632, -34.593190064231358 ], [ -58.392686868241526, -34.593506087820082 ], [ -58.392585843130838, -34.593627635034132 ], [ -58.392329912850492, -34.593506087820082 ], [ -58.392201947710319, -34.593400746757418 ] ] ] ] } },
{ "type": "Feature", "properties": { "id": 1, "isomin": 0.0, "isomax": 5.0, "id_punto": "3_26", "sector": 3.0 }, "geometry": { "type": "MultiPolygon", "coordinates": [ [ [ [ -58.388402470607467, -34.591985069897902 ], [ -58.388437370191156, -34.592013799781448 ], [ -58.388402470607467, -34.592042529655039 ], [ -58.388367571023771, -34.592013799781448 ], [ -58.388402470607467, -34.591985069897902 ] ] ], [ [ [ -58.390321947710241, -34.591940870057648 ], [ -58.390410538961149, -34.592013799781448 ], [ -58.390705843130846, -34.59218013049086 ], [ -58.391089738551358, -34.59218013049086 ], [ -58.391409651401879, -34.592013799781448 ], [ -58.391473633971977, -34.591961128320676 ], [ -58.391537616542053, -34.592013799781448 ], [ -58.391617594754671, -34.592329827844651 ], [ -58.391473633971977, -34.592448338058453 ], [ -58.391281686261664, -34.592645854705765 ], [ -58.391473633971977, -34.592871587441948 ], [ -58.39158331837784, -34.592961880364676 ], [ -58.391857529392496, -34.593159395791055 ], [ -58.392001490175225, -34.593277904821463 ], [ -58.392241424813101, -34.593415306384209 ], [ -58.392458409181216, -34.593593928076032 ], [ -58.39262532023362, -34.593737574612547 ], [ -58.392945233084134, -34.593593928076032 ], [ -58.393009215654239, -34.593541257617083 ], [ -58.393073198224315, -34.593593928076032 ], [ -58.393393111074744, -34.593857279869901 ], [ -58.393457093644841, -34.593909950128499 ], [ -58.393393111074744, -34.593962620353686 ], [ -58.393009215654239, -34.594040076506545 ], [ -58.39262532023362, -34.59408232528672 ], [ -58.392458409181216, -34.594225970978712 ], [ -58.392465363808405, -34.594541990626809 ], [ -58.39262532023362, -34.594685635523945 ], [ -58.393009215654239, -34.594541990626809 ], [ -58.393393111074744, -34.59480533941516 ], [ -58.393457093644841, -34.594858009072659 ], [ -58.393393111074744, -34.59491067869677 ], [ -58.393009215654239, -34.594988133965664 ], [ -58.39262532023362, -34.595030382263722 ], [ -58.392241424813101, -34.595052481364903 ], [ -58.392087866644857, -34.595174026316379 ], [ -58.392015603977448, -34.595490042357831 ], [ -58.392241424813101, -34.595700719050953 ], [ -58.39262532023362, -34.595753388140757 ], [ -58.392689302803717, -34.595806057197152 ], [ -58.39262532023362, -34.595858726220143 ], [ -58.392241424813101, -34.595911395209747 ], [ -58.391967213798374, -34.596122070834177 ], [ -58.391857529392496, -34.596438083269085 ], [ -58.391747844986632, -34.596122070834177 ], [ -58.391473633971977, -34.596000527269908 ], [ -58.391089738551358, -34.596020131082639 ], [ -58.390705843130846, -34.596031781346277 ], [ -58.390321947710241, -34.596043067537643 ], [ -58.390223512987035, -34.596122070834177 ], [ -58.390209037292429, -34.596438083269085 ], [ -58.390193982570061, -34.596754094501712 ], [ -58.390321947710241, -34.596964767988915 ], [ -58.390705843130846, -34.597041376397236 ], [ -58.390740742714534, -34.597070104532136 ], [ -58.390705843130846, -34.597098832657117 ], [ -58.390321947710241, -34.597175440941783 ], [ -58.390119897488916, -34.597386113360315 ], [ -58.390066017429888, -34.597702120986298 ], [ -58.389938052289722, -34.598018127409979 ], [ -58.38981008714952, -34.597702120986298 ], [ -58.389756207090493, -34.597386113360315 ], [ -58.389554156869103, -34.597219793074295 ], [ -58.389170261448598, -34.597160392891453 ], [ -58.388786366027979, -34.597070104532136 ], [ -58.389170261448598, -34.596979816074686 ], [ -58.389554156869103, -34.59692041572022 ], [ -58.389682122009305, -34.596754094501712 ], [ -58.389667067286936, -34.596438083269085 ], [ -58.389652591592345, -34.596122070834177 ], [ -58.389554156869103, -34.596043067537643 ], [ -58.389170261448598, -34.596034289388925 ], [ -58.388786366027979, -34.596020131082639 ], [ -58.38859441831773, -34.596122070834177 ], [ -58.38853043574764, -34.596438083269085 ], [ -58.388437370191156, -34.596754094501712 ], [ -58.388402470607467, -34.596782822735946 ], [ -58.388367571023771, -34.596754094501712 ], [ -58.388274505467265, -34.596438083269085 ], [ -58.388210522897161, -34.596122070834177 ], [ -58.388018575186855, -34.595955748017197 ], [ -58.387634679766343, -34.595896346930417 ], [ -58.387524995360451, -34.595806057197152 ], [ -58.387476605181376, -34.595490042357831 ], [ -58.387634679766343, -34.595359918251049 ], [ -58.388018575186855, -34.595324510295569 ], [ -58.388131485604681, -34.595174026316379 ], [ -58.388119600297536, -34.594858009072659 ], [ -58.388018575186855, -34.594767718210804 ], [ -58.387634679766343, -34.594752669724279 ], [ -58.387460181847885, -34.594858009072659 ], [ -58.387421404532667, -34.595174026316379 ], [ -58.387250784345724, -34.595314478038773 ], [ -58.387080164158832, -34.595174026316379 ], [ -58.387041386843627, -34.594858009072659 ], [ -58.386866888925219, -34.5947 ], [ -58.3864829935046, -34.594660497684892 ], [ -58.386099098084081, -34.594570719626113 ], [ -58.386064198500392, -34.594541990626809 ], [ -58.386099098084081, -34.594513261617585 ], [ -58.3864829935046, -34.594423483399652 ], [ -58.386866888925219, -34.594383980953026 ], [ -58.387058836635468, -34.594225970978712 ], [ -58.387106823563037, -34.593909950128499 ], [ -58.387215884762043, -34.593593928076032 ], [ -58.387250784345724, -34.593565198738929 ], [ -58.387634679766343, -34.593593928076032 ], [ -58.387394745128461, -34.593909950128499 ], [ -58.387442732056023, -34.594225970978712 ], [ -58.387634679766343, -34.594331310994981 ], [ -58.388018575186855, -34.594316262429402 ], [ -58.388402470607467, -34.594307001772329 ], [ -58.388503495718126, -34.594225970978712 ], [ -58.388512155013331, -34.593909950128499 ], [ -58.388539576114802, -34.593593928076032 ], [ -58.38856938165987, -34.593277904821463 ], [ -58.388402470607467, -34.593119892743331 ], [ -58.388018575186855, -34.593067221983837 ], [ -58.387890610046682, -34.592961880364676 ], [ -58.388018575186855, -34.592856538611954 ], [ -58.388402470607467, -34.592803867685497 ], [ -58.388585277950568, -34.592645854705765 ], [ -58.388676681622115, -34.592329827844651 ], [ -58.388786366027979, -34.592239534234977 ], [ -58.389170261448598, -34.592239534234977 ], [ -58.389279945854462, -34.592329827844651 ], [ -58.389371349526016, -34.592645854705765 ], [ -58.389554156869103, -34.592747798598054 ], [ -58.389938052289722, -34.59273614787385 ], [ -58.390321947710241, -34.592741620183901 ], [ -58.39046959979509, -34.592645854705765 ], [ -58.390321947710241, -34.592448338058453 ], [ -58.390177986927547, -34.592329827844651 ], [ -58.390233356459341, -34.592013799781448 ], [ -58.390321947710241, -34.591940870057648 ] ], [ [ -58.389554156869103, -34.593175961579661 ], [ -58.389660794485955, -34.593277904821463 ], [ -58.389554156869103, -34.593356910747815 ], [ -58.3894475192523, -34.593277904821463 ], [ -58.389554156869103, -34.593175961579661 ] ], [ [ -58.390705843130846, -34.593168931006645 ], [ -58.391089738551358, -34.593092008227764 ], [ -58.391385042721069, -34.593277904821463 ], [ -58.391473633971977, -34.593350833371531 ], [ -58.391665581682233, -34.593593928076032 ], [ -58.391473633971977, -34.593681712100071 ], [ -58.391196376168203, -34.593909950128499 ], [ -58.391089738551358, -34.593985193297108 ], [ -58.390705843130846, -34.593977188707946 ], [ -58.390321947710241, -34.593973154394703 ], [ -58.390241969497623, -34.593909950128499 ], [ -58.390232669705462, -34.593593928076032 ], [ -58.390321947710241, -34.593506143959239 ], [ -58.390599205514008, -34.593277904821463 ], [ -58.390705843130846, -34.593168931006645 ] ], [ [ -58.389170261448598, -34.593506143959239 ], [ -58.389266235303722, -34.593593928076032 ], [ -58.389170261448598, -34.593671006736258 ], [ -58.389033155941235, -34.593593928076032 ], [ -58.389170261448598, -34.593506143959239 ] ], [ [ -58.391857529392496, -34.59412402890031 ], [ -58.392024440444928, -34.594225970978712 ], [ -58.392017485817746, -34.594541990626809 ], [ -58.391857529392496, -34.594643932192305 ], [ -58.391473633971977, -34.594629773649032 ], [ -58.391089738551358, -34.594619068407376 ], [ -58.39079947616024, -34.594858009072659 ], [ -58.390705843130846, -34.594926708575727 ], [ -58.390321947710241, -34.594921212617564 ], [ -58.390255758844631, -34.594858009072659 ], [ -58.390255758844631, -34.594541990626809 ], [ -58.390321947710241, -34.59447878679336 ], [ -58.390705843130846, -34.594474752504496 ], [ -58.391089738551358, -34.594466747962507 ], [ -58.391473633971977, -34.594456580029664 ], [ -58.391753773873432, -34.594225970978712 ], [ -58.391857529392496, -34.59412402890031 ] ], [ [ -58.390705843130846, -34.595421343320645 ], [ -58.391006283025156, -34.595174026316379 ], [ -58.391089738551358, -34.595096949050706 ], [ -58.391473633971977, -34.595086243869282 ], [ -58.391627192140184, -34.595174026316379 ], [ -58.391699454807572, -34.595490042357831 ], [ -58.391473633971977, -34.595611586669072 ], [ -58.391089738551358, -34.595591982759927 ], [ -58.390705843130846, -34.595580332434594 ], [ -58.390321947710241, -34.59556904618038 ], [ -58.390241969497623, -34.595490042357831 ], [ -58.390321947710241, -34.595426839245725 ], [ -58.390705843130846, -34.595421343320645 ] ], [ [ -58.389170261448598, -34.595577824378225 ], [ -58.388786366027979, -34.595591982759927 ], [ -58.388653988296767, -34.595490042357831 ], [ -58.388673455610181, -34.595174026316379 ], [ -58.388786366027979, -34.595103800366111 ], [ -58.389170261448598, -34.595109533098963 ], [ -58.389554156869103, -34.595115504695286 ], [ -58.389626589967335, -34.595174026316379 ], [ -58.389634135081742, -34.595490042357831 ], [ -58.389554156869103, -34.59556904618038 ], [ -58.389170261448598, -34.595577824378225 ] ] ] ] } },
{ "type": "Feature", "properties": { "id": 1, "isomin": 0.0, "isomax": 5.0, "id_punto": "3_27", "sector": 3.0 }, "geometry": { "type": "MultiPolygon", "coordinates": [ [ [ [ -58.384428052289728, -34.592821797567439 ], [ -58.384556017429908, -34.593137822557111 ], [ -58.38462, -34.593453846344559 ], [ -58.384658389542039, -34.593769868929911 ], [ -58.384679569979035, -34.594085890313011 ], [ -58.384811947710247, -34.594191230506901 ], [ -58.385195843130866, -34.594207436678737 ], [ -58.385579738551364, -34.594243900553771 ], [ -58.385928734388294, -34.594085890313011 ], [ -58.385963633971983, -34.594057161146033 ], [ -58.385998533555664, -34.594085890313011 ], [ -58.386091599112149, -34.594401910493985 ], [ -58.386347529392502, -34.594689200524328 ], [ -58.386382428976191, -34.594717929472715 ], [ -58.386347529392502, -34.594746658411175 ], [ -58.386193971224294, -34.595033947249348 ], [ -58.385963633971983, -34.595223557338215 ], [ -58.385835668831781, -34.595349963823679 ], [ -58.385963633971983, -34.595451904397684 ], [ -58.386347529392502, -34.59546282659462 ], [ -58.386731424813107, -34.595481637041544 ], [ -58.387051337663536, -34.595349963823679 ], [ -58.387115320233626, -34.595297294478108 ], [ -58.387179302803723, -34.595349963823679 ], [ -58.387499215654245, -34.595613310050688 ], [ -58.387563198224321, -34.595665979195886 ], [ -58.387608900060108, -34.595981993365818 ], [ -58.387499215654245, -34.596072282907869 ], [ -58.387179302803723, -34.596298006333633 ], [ -58.387115320233626, -34.596350675044697 ], [ -58.387051337663536, -34.596298006333633 ], [ -58.386971359450939, -34.595981993365818 ], [ -58.386731424813107, -34.595850320941132 ], [ -58.386347529392502, -34.595869131300283 ], [ -58.385963633971983, -34.595880053442379 ], [ -58.385847302026349, -34.595981993365818 ], [ -58.385826528464619, -34.596298006333633 ], [ -58.385803677546733, -34.596614018099146 ], [ -58.385963633971983, -34.596735560765786 ], [ -58.386347529392502, -34.596764499469714 ], [ -58.386731424813107, -34.596799906811434 ], [ -58.387115320233626, -34.596930028662506 ], [ -58.386731424813107, -34.597060150309723 ], [ -58.386347529392502, -34.597095557525385 ], [ -58.385963633971983, -34.597124496103902 ], [ -58.385810075803739, -34.59724603802357 ], [ -58.385780826628832, -34.59756204618246 ], [ -58.385723699334108, -34.597878053139048 ], [ -58.385643721121468, -34.598194058893483 ], [ -58.385579738551364, -34.598246726402323 ], [ -58.385195843130866, -34.598324178560539 ], [ -58.384811947710247, -34.598366425161856 ], [ -58.384428052289728, -34.598393024862773 ], [ -58.384268095864478, -34.598510063445602 ], [ -58.384226002068353, -34.598826066795517 ], [ -58.384172122009325, -34.599142068943102 ], [ -58.384044156869123, -34.59945806988852 ], [ -58.383916191728943, -34.599142068943102 ], [ -58.383862311669915, -34.598826066795517 ], [ -58.383820217873819, -34.598510063445602 ], [ -58.383792639179816, -34.598194058893483 ], [ -58.383660261448604, -34.598092121684715 ], [ -58.383276366027985, -34.598067656735992 ], [ -58.38289247060748, -34.598067656735992 ], [ -58.382652535969591, -34.598194058893483 ], [ -58.382572557756966, -34.598510063445602 ], [ -58.382508575186861, -34.598562730754068 ], [ -58.382444592616778, -34.598510063445602 ], [ -58.382364614404175, -34.598194058893483 ], [ -58.382124679766349, -34.597996555437845 ], [ -58.38198071898362, -34.597878053139048 ], [ -58.382124679766349, -34.597759550671213 ], [ -58.382307487109451, -34.59756204618246 ], [ -58.382124679766349, -34.597364541224046 ], [ -58.381740784345745, -34.59756204618246 ], [ -58.381631099939881, -34.59724603802357 ], [ -58.381356888925225, -34.596958756835903 ], [ -58.381321989341536, -34.596930028662506 ], [ -58.381292906355128, -34.596614018099146 ], [ -58.381356888925225, -34.596561349555046 ], [ -58.381740784345745, -34.596495513827968 ], [ -58.382060697196245, -34.596298006333633 ], [ -58.381966605181383, -34.595981993365818 ], [ -58.381740784345745, -34.595806430086505 ], [ -58.381356888925225, -34.595694707806473 ], [ -58.381321989341536, -34.595665979195886 ], [ -58.381292906355128, -34.595349963823679 ], [ -58.381268297674318, -34.595033947249348 ], [ -58.381356888925225, -34.594961020176839 ], [ -58.381445480176112, -34.595033947249348 ], [ -58.381740784345745, -34.59520027191202 ], [ -58.382124679766349, -34.595171345907637 ], [ -58.382508575186861, -34.595142918617661 ], [ -58.382650758675979, -34.595033947249348 ], [ -58.382675486239307, -34.594717929472715 ], [ -58.382508575186861, -34.594507250287158 ], [ -58.382124679766349, -34.594401910493985 ], [ -58.382508575186861, -34.594085890313011 ], [ -58.38289247060748, -34.594085890313011 ], [ -58.383276366027985, -34.594236376263403 ], [ -58.383660261448604, -34.594212298529662 ], [ -58.384044156869123, -34.594191230506901 ], [ -58.384176534600357, -34.594085890313011 ], [ -58.384197715037352, -34.593769868929911 ], [ -58.384236104579422, -34.593453846344559 ], [ -58.384300087149526, -34.593137822557111 ], [ -58.384428052289728, -34.592821797567439 ] ], [ [ -58.383660261448604, -34.594591522025503 ], [ -58.384044156869123, -34.594612589946713 ], [ -58.384142591592358, -34.594717929472715 ], [ -58.384131405828349, -34.595033947249348 ], [ -58.384044156869123, -34.595101184919031 ], [ -58.383660261448604, -34.595107439583217 ], [ -58.383276366027985, -34.595117109622308 ], [ -58.38313418253891, -34.595033947249348 ], [ -58.383109454975596, -34.594717929472715 ], [ -58.383276366027985, -34.594567444394684 ], [ -58.383660261448604, -34.594591522025503 ] ], [ [ -58.384811947710247, -34.594612589946713 ], [ -58.385195843130866, -34.594596383853933 ], [ -58.385579738551364, -34.594559920133626 ], [ -58.385771686261684, -34.594717929472715 ], [ -58.385733296719614, -34.595033947249348 ], [ -58.385579738551364, -34.595139286241043 ], [ -58.385323808271025, -34.595349963823679 ], [ -58.385195843130866, -34.595425205688009 ], [ -58.384811947710247, -34.595417201237595 ], [ -58.384731969497643, -34.595349963823679 ], [ -58.384811947710247, -34.595264554057266 ], [ -58.385092087611767, -34.595033947249348 ], [ -58.384811947710247, -34.594803339801167 ], [ -58.384713512987041, -34.594717929472715 ], [ -58.384811947710247, -34.594612589946713 ] ], [ [ -58.384811947710247, -34.597168962680506 ], [ -58.385195843130866, -34.59715825776609 ], [ -58.385349401299067, -34.59724603802357 ], [ -58.385378650473953, -34.59756204618246 ], [ -58.385435777768677, -34.597878053139048 ], [ -58.385195843130866, -34.598063939022545 ], [ -58.384811947710247, -34.598021692267395 ], [ -58.384428052289728, -34.597995092447547 ], [ -58.384315141871909, -34.597878053139048 ], [ -58.384329617566493, -34.59756204618246 ], [ -58.384338774284942, -34.59724603802357 ], [ -58.384428052289728, -34.597175813824997 ], [ -58.384811947710247, -34.597168962680506 ] ], [ [ -58.382508575186861, -34.596113665581861 ], [ -58.382282754351273, -34.595981993365818 ], [ -58.382508575186861, -34.595869131300283 ], [ -58.382645680694232, -34.595981993365818 ], [ -58.382508575186861, -34.596113665581861 ] ], [ [ -58.383660261448604, -34.5966892588185 ], [ -58.383276366027985, -34.596699426478047 ], [ -58.38289247060748, -34.596726879152634 ], [ -58.382750287118355, -34.596614018099146 ], [ -58.38273251418223, -34.596298006333633 ], [ -58.38289247060748, -34.596185144697415 ], [ -58.383276366027985, -34.596212597541971 ], [ -58.383556505929519, -34.595981993365818 ], [ -58.383660261448604, -34.595913294735496 ], [ -58.384044156869123, -34.595920029897862 ], [ -58.38411034573474, -34.595981993365818 ], [ -58.384044156869123, -34.596036478446045 ], [ -58.383726450314214, -34.596298006333633 ], [ -58.383732694546815, -34.596614018099146 ], [ -58.383660261448604, -34.5966892588185 ] ], [ [ -58.385312175076464, -34.595981993365818 ], [ -58.385332948638187, -34.596298006333633 ], [ -58.385355799556066, -34.596614018099146 ], [ -58.385195843130866, -34.596701798931768 ], [ -58.384811947710247, -34.596691093957155 ], [ -58.384428052289728, -34.596684242772682 ], [ -58.384355619191503, -34.596614018099146 ], [ -58.384361863424111, -34.596298006333633 ], [ -58.384428052289728, -34.59624352142496 ], [ -58.384745758844637, -34.595981993365818 ], [ -58.384811947710247, -34.595914756409066 ], [ -58.385195843130866, -34.595906752005853 ], [ -58.385312175076464, -34.595981993365818 ] ] ] ] } },
{ "type": "Feature", "properties": { "id": 1, "isomin": 0.0, "isomax": 5.0, "id_punto": "4_28", "sector": 4.0 }, "geometry": { "type": "MultiPolygon", "coordinates": [ [ [ [ -58.378088052289719, -34.598959306521877 ], [ -58.378471947710239, -34.598672031259817 ], [ -58.378506847293927, -34.598988033993443 ], [ -58.378471947710239, -34.599016761455083 ], [ -58.37828, -34.599304035524895 ], [ -58.378311991285024, -34.599620035854024 ], [ -58.378471947710239, -34.599732892823063 ], [ -58.378855843130843, -34.59975742692648 ], [ -58.379072827498973, -34.599936034980949 ], [ -58.379239738551377, -34.600111589531906 ], [ -58.379623633971981, -34.599936034980949 ], [ -58.379751599112154, -34.600252032905502 ], [ -58.37981558168223, -34.60056802962788 ], [ -58.379853971224293, -34.600884025147877 ], [ -58.380007529392493, -34.601005561566232 ], [ -58.380391424813105, -34.601034498782504 ], [ -58.380775320233617, -34.601081521737385 ], [ -58.380919281016347, -34.601200019465679 ], [ -58.380775320233617, -34.601318517024843 ], [ -58.380391424813105, -34.601365539818943 ], [ -58.380007529392493, -34.601394476909746 ], [ -58.379865345903418, -34.601516012581101 ], [ -58.379870423885173, -34.601832004494305 ], [ -58.379887562073584, -34.602147995205129 ], [ -58.380007529392493, -34.602249927436027 ], [ -58.380391424813105, -34.602265028496632 ], [ -58.380775320233617, -34.60229162694899 ], [ -58.381070624403314, -34.602147995205129 ], [ -58.381159215654222, -34.602075074378568 ], [ -58.381247806905122, -34.602147995205129 ], [ -58.381543111074755, -34.602411319879096 ], [ -58.381607093644853, -34.602463984713701 ], [ -58.381543111074755, -34.602516649514897 ], [ -58.381247806905122, -34.602779973019899 ], [ -58.381159215654222, -34.602852893227528 ], [ -58.380775320233617, -34.602808699169955 ], [ -58.380740420649943, -34.602779973019899 ], [ -58.380391424813105, -34.602662940454096 ], [ -58.380007529392493, -34.602678041439589 ], [ -58.379887562073584, -34.602779973019899 ], [ -58.379865345903418, -34.603095960123845 ], [ -58.379840618340097, -34.603411946025417 ], [ -58.380007529392493, -34.603655011285433 ], [ -58.380096120643408, -34.603727930724716 ], [ -58.380007529392493, -34.603800850099923 ], [ -58.37971222522286, -34.604043914221606 ], [ -58.379623633971981, -34.604116833319374 ], [ -58.379535042721074, -34.604043914221606 ], [ -58.379453013785039, -34.603727930724716 ], [ -58.379239738551377, -34.603596270579459 ], [ -58.378855843130843, -34.60361897061938 ], [ -58.378471947710239, -34.603632177912488 ], [ -58.378359037292441, -34.603727930724716 ], [ -58.378343982570065, -34.604043914221606 ], [ -58.378318389542031, -34.604359896516222 ], [ -58.378471947710239, -34.604602959001546 ], [ -58.378560538961146, -34.604675877608415 ], [ -58.378471947710239, -34.604748796151291 ], [ -58.378216017429899, -34.604991857498355 ], [ -58.378088052289719, -34.605307836185844 ], [ -58.377960087149518, -34.604991857498355 ], [ -58.377704156869115, -34.604781204371996 ], [ -58.377320261448588, -34.604675877608415 ], [ -58.377704156869115, -34.60457055071128 ], [ -58.377857715037365, -34.604359896516222 ], [ -58.377832122009316, -34.604043914221606 ], [ -58.377817067286941, -34.603727930724716 ], [ -58.377704156869115, -34.603632177912488 ], [ -58.377320261448588, -34.603615079184415 ], [ -58.376936366027984, -34.60359054622058 ], [ -58.376680435747645, -34.603727930724716 ], [ -58.376587370191146, -34.604043914221606 ], [ -58.376552470607464, -34.604072639934429 ], [ -58.376517571023776, -34.604043914221606 ], [ -58.376424505467263, -34.603727930724716 ], [ -58.37616857518686, -34.603502227490743 ], [ -58.376058890780996, -34.603411946025417 ], [ -58.37616857518686, -34.60332166446193 ], [ -58.376322133355103, -34.603095960123845 ], [ -58.376300952918108, -34.602779973019899 ], [ -58.376281485604679, -34.602463984713701 ], [ -58.37616857518686, -34.602358655011109 ], [ -58.37578467976634, -34.602342450429603 ], [ -58.375528749485937, -34.602463984713701 ], [ -58.375435683929432, -34.602779973019899 ], [ -58.375400784345736, -34.602808699169955 ], [ -58.375365884762061, -34.602779973019899 ], [ -58.375272819205563, -34.602463984713701 ], [ -58.375016888925209, -34.60226649141174 ], [ -58.374632993504605, -34.602200660206726 ], [ -58.374569010934529, -34.602147995205129 ], [ -58.374632993504605, -34.602095330170151 ], [ -58.375016888925209, -34.602029498829459 ], [ -58.375291099939872, -34.601832004494305 ], [ -58.375400784345736, -34.601741721213216 ], [ -58.375510468751628, -34.601832004494305 ], [ -58.37578467976634, -34.601953539525354 ], [ -58.37616857518686, -34.601937334864836 ], [ -58.376296540327061, -34.601832004494305 ], [ -58.376322133355103, -34.601516012581101 ], [ -58.37616857518686, -34.601384348929123 ], [ -58.37578467976634, -34.601349700564953 ], [ -58.375602834567097, -34.601200019465679 ], [ -58.37578467976634, -34.601050338096591 ], [ -58.37616857518686, -34.601015689593062 ], [ -58.376552470607464, -34.6009968803994 ], [ -58.376694654096539, -34.600884025147877 ], [ -58.376719381659868, -34.60056802962788 ], [ -58.376765745841091, -34.600252032905502 ], [ -58.376552470607464, -34.599936034980949 ], [ -58.376936366027984, -34.599830702072204 ], [ -58.377320261448588, -34.599778035567759 ], [ -58.377704156869115, -34.599746435649045 ], [ -58.377864113294372, -34.599620035854024 ], [ -58.37789610457942, -34.599304035524895 ], [ -58.37805315270603, -34.598988033993443 ], [ -58.378088052289719, -34.598959306521877 ] ], [ [ -58.377320261448588, -34.600094034093509 ], [ -58.377704156869115, -34.600125633879962 ], [ -58.377817067286941, -34.600252032905502 ], [ -58.377802591592349, -34.60056802962788 ], [ -58.377793434873901, -34.600884025147877 ], [ -58.377704156869115, -34.600957512305811 ], [ -58.377320261448588, -34.600967181663862 ], [ -58.377178077959471, -34.600884025147877 ], [ -58.377153350396156, -34.60056802962788 ], [ -58.377106986214919, -34.600252032905502 ], [ -58.377320261448588, -34.600094034093509 ] ], [ [ -58.378471947710239, -34.600139176641903 ], [ -58.378685222943915, -34.600252032905502 ], [ -58.378855843130843, -34.600392476041669 ], [ -58.379239738551377, -34.600392476041669 ], [ -58.379431686261675, -34.60056802962788 ], [ -58.379393296719606, -34.600884025147877 ], [ -58.379239738551377, -34.600974309361355 ], [ -58.378855843130843, -34.600963023840038 ], [ -58.378471947710239, -34.60095424621128 ], [ -58.378382669705466, -34.600884025147877 ], [ -58.378373512987032, -34.60056802962788 ], [ -58.378359037292441, -34.600252032905502 ], [ -58.378471947710239, -34.600139176641903 ] ], [ [ -58.376936366027984, -34.601420257218535 ], [ -58.377320261448588, -34.601432856614672 ], [ -58.377704156869115, -34.601442525917349 ], [ -58.37777658996734, -34.601516012581101 ], [ -58.377770345734731, -34.601832004494305 ], [ -58.377770345734731, -34.602147995205129 ], [ -58.377704156869115, -34.60221248295759 ], [ -58.377320261448588, -34.602218215199819 ], [ -58.376936366027984, -34.602226992694987 ], [ -58.376826681622134, -34.602147995205129 ], [ -58.376808400887803, -34.601832004494305 ], [ -58.376782807859776, -34.601516012581101 ], [ -58.376936366027984, -34.601420257218535 ] ], [ [ -58.378471947710239, -34.601445791992695 ], [ -58.378711882348128, -34.601516012581101 ], [ -58.378697768545898, -34.601832004494305 ], [ -58.378855843130843, -34.601962118462005 ], [ -58.379239738551377, -34.602004363212878 ], [ -58.3793597058703, -34.602147995205129 ], [ -58.379239738551377, -34.602226992694987 ], [ -58.378855843130843, -34.602218215199819 ], [ -58.378471947710239, -34.602211193203026 ], [ -58.378405758844636, -34.602147995205129 ], [ -58.378405758844636, -34.601832004494305 ], [ -58.378399514612028, -34.601516012581101 ], [ -58.378471947710239, -34.601445791992695 ] ], [ [ -58.378855843130843, -34.603204920915367 ], [ -58.378471947710239, -34.603191713554324 ], [ -58.378384698751034, -34.603095960123845 ], [ -58.378391969497642, -34.602779973019899 ], [ -58.378471947710239, -34.602716775454837 ], [ -58.378855843130843, -34.602709753500207 ], [ -58.379239738551377, -34.602700976056077 ], [ -58.3793597058703, -34.602779973019899 ], [ -58.379381922040487, -34.603095960123845 ], [ -58.379239738551377, -34.603227621062281 ], [ -58.378855843130843, -34.603204920915367 ] ], [ [ -58.376782807859776, -34.603095960123845 ], [ -58.376803988296771, -34.602779973019899 ], [ -58.376936366027984, -34.602700976056077 ], [ -58.377320261448588, -34.602709753500207 ], [ -58.377704156869115, -34.60271548570811 ], [ -58.37778413508174, -34.602779973019899 ], [ -58.377791405828347, -34.603095960123845 ], [ -58.377704156869115, -34.603191713554324 ], [ -58.377320261448588, -34.603208812369566 ], [ -58.376936366027984, -34.603233345446171 ], [ -58.376782807859776, -34.603095960123845 ] ] ], [ [ [ -58.375400784345736, -34.600855298332121 ], [ -58.375435683929432, -34.600884025147877 ], [ -58.375400784345736, -34.600912751953715 ], [ -58.375365884762061, -34.600884025147877 ], [ -58.375400784345736, -34.600855298332121 ] ] ] ] } },
{ "type": "Feature", "properties": { "id": 1, "isomin": 0.0, "isomax": 5.0, "id_punto": "4_29", "sector": 4.0 }, "geometry": { "type": "MultiPolygon", "coordinates": [ [ [ [ -58.374351947710309, -34.593659113129789 ], [ -58.374386847293991, -34.59368784243442 ], [ -58.374351947710309, -34.593716571729104 ], [ -58.373968052289705, -34.59368784243442 ], [ -58.374351947710309, -34.593659113129789 ] ] ], [ [ [ -58.373968052289705, -34.59368784243442 ], [ -58.374138672476647, -34.594003864129547 ], [ -58.374351947710309, -34.594135539481051 ], [ -58.374575886705614, -34.594319884622571 ], [ -58.374735843130836, -34.594583234115021 ], [ -58.375119738551447, -34.594562976491389 ], [ -58.37550363397196, -34.594583234115021 ], [ -58.375887529392564, -34.594583234115021 ], [ -58.375951511962654, -34.594635903913328 ], [ -58.376271424813083, -34.594878994857467 ], [ -58.376655320233688, -34.594923193134512 ], [ -58.376690219817384, -34.594951922001982 ], [ -58.376655320233688, -34.594980650859533 ], [ -58.376453270012327, -34.595267938888369 ], [ -58.376655320233688, -34.595434263082581 ], [ -58.376975233084131, -34.595267938888369 ], [ -58.377039215654221, -34.595215269490787 ], [ -58.377103198224319, -34.595267938888369 ], [ -58.377423111074826, -34.595531285375422 ], [ -58.377487093644902, -34.595583954572625 ], [ -58.37753279548069, -34.595899969054607 ], [ -58.377807006495338, -34.596215982334449 ], [ -58.377423111074826, -34.596321319827233 ], [ -58.377197290239167, -34.596531994412004 ], [ -58.377103198224319, -34.59684800528742 ], [ -58.37707411523791, -34.597164014960534 ], [ -58.377423111074826, -34.597480023431473 ], [ -58.377148900060106, -34.597796030700138 ], [ -58.377039215654221, -34.597886318270369 ], [ -58.376929531248358, -34.597796030700138 ], [ -58.376655320233688, -34.597638027216092 ], [ -58.376271424813083, -34.597674489585224 ], [ -58.375887529392564, -34.597690695077489 ], [ -58.37576369216012, -34.597796030700138 ], [ -58.375739877307716, -34.598112036766601 ], [ -58.375713031474113, -34.598428041630768 ], [ -58.375887529392564, -34.598691378099254 ], [ -58.375951511962654, -34.598744045292761 ], [ -58.375887529392564, -34.598796712452859 ], [ -58.375567616542064, -34.599060047752396 ], [ -58.37550363397196, -34.599112714712149 ], [ -58.375439651401877, -34.599060047752396 ], [ -58.375119738551447, -34.598849379579548 ], [ -58.374906463317764, -34.599060047752396 ], [ -58.375119738551447, -34.599376049009862 ], [ -58.374735843130836, -34.599466334862598 ], [ -58.374626158724972, -34.599376049009862 ], [ -58.374351947710309, -34.599244381965377 ], [ -58.37416, -34.599376049009862 ], [ -58.374351947710309, -34.599663321836942 ], [ -58.374386847293991, -34.599692049065006 ], [ -58.374351947710309, -34.599720776283142 ], [ -58.373968052289705, -34.600008047917946 ], [ -58.373904069719629, -34.599692049065006 ], [ -58.373776104579449, -34.599376049009862 ], [ -58.3737441132944, -34.599060047752396 ], [ -58.373584156869185, -34.59890957054062 ], [ -58.373200261448581, -34.598874164098213 ], [ -58.372816366028061, -34.598816969044009 ], [ -58.372727774777154, -34.598744045292761 ], [ -58.372432470607457, -34.598480708991268 ], [ -58.372368488037374, -34.598428041630768 ], [ -58.372432470607457, -34.598375374236909 ], [ -58.372606968525915, -34.598112036766601 ], [ -58.372432470607457, -34.597961557837273 ], [ -58.37204857518693, -34.597901366189198 ], [ -58.371920610046729, -34.597796030700138 ], [ -58.371664679766326, -34.597508751414672 ], [ -58.371629780182644, -34.597480023431473 ], [ -58.371280784345807, -34.597164014960534 ], [ -58.371280784345807, -34.59684800528742 ], [ -58.371280784345807, -34.59684800528742 ], [ -58.371192193094899, -34.596531994412004 ], [ -58.371280784345807, -34.596459068654667 ], [ -58.371472732056056, -34.596215982334449 ], [ -58.371664679766326, -34.596057975844801 ], [ -58.371839177684784, -34.595899969054607 ], [ -58.371904614404201, -34.595583954572625 ], [ -58.372013675603235, -34.595267938888369 ], [ -58.37204857518693, -34.595239210130202 ], [ -58.372083474770605, -34.595267938888369 ], [ -58.372432470607457, -34.595511027982973 ], [ -58.372727774777154, -34.595267938888369 ], [ -58.372706681622176, -34.594951922001982 ], [ -58.372816366028061, -34.594861631242189 ], [ -58.37305630066588, -34.594635903913328 ], [ -58.373165361864899, -34.594319884622571 ], [ -58.373200261448581, -34.59429115553651 ], [ -58.373584156869185, -34.59429115553651 ], [ -58.373619056452867, -34.594319884622571 ], [ -58.373584156869185, -34.594348613698692 ], [ -58.37334422223131, -34.594635903913328 ], [ -58.373584156869185, -34.59476231129306 ], [ -58.373968052289705, -34.594741243409786 ], [ -58.374096017429906, -34.594635903913328 ], [ -58.374128008714955, -34.594319884622571 ], [ -58.373968052289705, -34.59414431783042 ], [ -58.373797432102805, -34.594003864129547 ], [ -58.373968052289705, -34.59368784243442 ] ], [ [ -58.373968052289705, -34.595162600059822 ], [ -58.374066487012939, -34.595267938888369 ], [ -58.37405530124893, -34.595583954572625 ], [ -58.374048030502344, -34.595899969054607 ], [ -58.373968052289705, -34.595964461658333 ], [ -58.373584156869185, -34.595971790360139 ], [ -58.373471246451366, -34.595899969054607 ], [ -58.373456191728984, -34.595583954572625 ], [ -58.373430598700942, -34.595267938888369 ], [ -58.373584156869185, -34.59514153227807 ], [ -58.373968052289705, -34.595162600059822 ] ], [ [ -58.372816366028061, -34.595741961963896 ], [ -58.372929276445859, -34.595899969054607 ], [ -58.372816366028061, -34.595990258685816 ], [ -58.372668713943213, -34.595899969054607 ], [ -58.372816366028061, -34.595741961963896 ] ], [ [ -58.374735843130836, -34.595822892462529 ], [ -58.374855810449766, -34.595899969054607 ], [ -58.374735843130836, -34.595965805253734 ], [ -58.374655864918225, -34.595899969054607 ], [ -58.374735843130836, -34.595822892462529 ] ], [ [ -58.373584156869185, -34.596460173590863 ], [ -58.373968052289705, -34.596467502248935 ], [ -58.374034241155321, -34.596531994412004 ], [ -58.374034241155321, -34.59684800528742 ], [ -58.374040485387937, -34.597164014960534 ], [ -58.373968052289705, -34.59723271255649 ], [ -58.373584156869185, -34.597241090308202 ], [ -58.373200261448581, -34.597251795211953 ], [ -58.373072296308408, -34.597164014960534 ], [ -58.373200261448581, -34.597055046243526 ], [ -58.373451779137937, -34.59684800528742 ], [ -58.373467824923551, -34.596531994412004 ], [ -58.373584156869185, -34.596460173590863 ] ], [ [ -58.373200261448581, -34.598003069293298 ], [ -58.373584156869185, -34.598019093930674 ], [ -58.373968052289705, -34.59802887739199 ], [ -58.374066487012939, -34.598112036766601 ], [ -58.373968052289705, -34.598221004096963 ], [ -58.373584156869185, -34.598243705606116 ], [ -58.373200261448581, -34.598278355266018 ], [ -58.373025763530165, -34.598112036766601 ], [ -58.373200261448581, -34.598003069293298 ] ], [ [ -58.375294236469848, -34.598428041630768 ], [ -58.375119738551447, -34.598638710872336 ], [ -58.374735843130836, -34.598554443239827 ], [ -58.374622932713031, -34.598428041630768 ], [ -58.374637408407622, -34.598112036766601 ], [ -58.374648594171624, -34.597796030700138 ], [ -58.374735843130836, -34.597724210971911 ], [ -58.375119738551447, -34.597715003309972 ], [ -58.37524357578387, -34.597796030700138 ], [ -58.375267390636253, -34.598112036766601 ], [ -58.375294236469848, -34.598428041630768 ] ], [ [ -58.376507668148854, -34.596531994412004 ], [ -58.376655320233688, -34.596400322859125 ], [ -58.376881141069298, -34.596531994412004 ], [ -58.376975233084131, -34.59684800528742 ], [ -58.37700431607054, -34.597164014960534 ], [ -58.376655320233688, -34.597322019346279 ], [ -58.376271424813083, -34.597285556822392 ], [ -58.375887529392564, -34.597269351251093 ], [ -58.37576369216012, -34.597164014960534 ], [ -58.375759564252363, -34.59684800528742 ], [ -58.375887529392564, -34.596735144398508 ], [ -58.376271424813083, -34.596726462785306 ], [ -58.376507668148854, -34.596531994412004 ] ], [ [ -58.374735843130836, -34.59646615866167 ], [ -58.375119738551447, -34.596458503338454 ], [ -58.375229422957311, -34.596531994412004 ], [ -58.37524770369162, -34.59684800528742 ], [ -58.37524357578387, -34.597164014960534 ], [ -58.375119738551447, -34.597245042888211 ], [ -58.374735843130836, -34.597235835173144 ], [ -58.374663410032618, -34.597164014960534 ], [ -58.374669654265219, -34.59684800528742 ], [ -58.374669654265219, -34.596531994412004 ], [ -58.374735843130836, -34.59646615866167 ] ], [ [ -58.372816366028061, -34.596441705369664 ], [ -58.372932697973667, -34.596531994412004 ], [ -58.372948743759274, -34.59684800528742 ], [ -58.372816366028061, -34.596953341978711 ], [ -58.372432470607457, -34.596965046047274 ], [ -58.372240522897194, -34.59684800528742 ], [ -58.372432470607457, -34.596716334235438 ], [ -58.372656409602811, -34.596531994412004 ], [ -58.372816366028061, -34.596441705369664 ] ], [ [ -58.372432470607457, -34.59736298339724 ], [ -58.372560435747658, -34.597480023431473 ], [ -58.372432470607457, -34.597630503233141 ], [ -58.372192535969631, -34.597480023431473 ], [ -58.372432470607457, -34.59736298339724 ] ] ] ] } },
{ "type": "Feature", "properties": { "id": 1, "isomin": 0.0, "isomax": 5.0, "id_punto": "4_30", "sector": 4.0 }, "geometry": { "type": "MultiPolygon", "coordinates": [ [ [ [ -58.380161947710334, -34.594352530407306 ], [ -58.380289912850508, -34.59445787026312 ], [ -58.380161947710334, -34.594563209985296 ], [ -58.380033982570133, -34.59445787026312 ], [ -58.380161947710334, -34.594352530407306 ] ] ], [ [ [ -58.379394156869104, -34.594745160099933 ], [ -58.379778052289723, -34.594615879796301 ], [ -58.37997, -34.594773889028957 ], [ -58.380161947710334, -34.594905563159948 ], [ -58.380385886705632, -34.59508990659269 ], [ -58.380545843130847, -34.595256231143303 ], [ -58.380929738551451, -34.595300584300567 ], [ -58.381057703691631, -34.595405922954157 ], [ -58.380929738551451, -34.595511261474186 ], [ -58.380545843130847, -34.595555614495268 ], [ -58.380363997931653, -34.595405922954157 ], [ -58.380161947710334, -34.595274249616317 ], [ -58.380029569979079, -34.595405922954157 ], [ -58.380049037292494, -34.595721938113471 ], [ -58.3800635129871, -34.596037952070539 ], [ -58.380072669705534, -34.596353964825454 ], [ -58.380161947710334, -34.596427455991474 ], [ -58.380545843130847, -34.596437125876911 ], [ -58.380929738551451, -34.596449726028951 ], [ -58.381104236469874, -34.596353964825454 ], [ -58.380929738551451, -34.596110878197607 ], [ -58.380841147300544, -34.596037952070539 ], [ -58.380929738551451, -34.595965025879472 ], [ -58.381249651401895, -34.595721938113471 ], [ -58.38131363397197, -34.595669269003743 ], [ -58.381377616542075, -34.595721938113471 ], [ -58.38147170855693, -34.596037952070539 ], [ -58.381523031474117, -34.596353964825454 ], [ -58.381697529392575, -34.59649760658931 ], [ -58.381992833562208, -34.596353964825454 ], [ -58.382081424813109, -34.596281038911783 ], [ -58.382170016064016, -34.596353964825454 ], [ -58.382465320233713, -34.59659705074187 ], [ -58.382849215654225, -34.596669976378067 ], [ -58.382553911484592, -34.596985986728541 ], [ -58.382529302803789, -34.597301995876705 ], [ -58.382849215654225, -34.597527715960823 ], [ -58.383233111074837, -34.597565335915228 ], [ -58.38329709364492, -34.597618003822731 ], [ -58.383268010658512, -34.597934010566448 ], [ -58.383233111074837, -34.597962738392631 ], [ -58.382849215654225, -34.598052512785401 ], [ -58.382623394818623, -34.598250016107968 ], [ -58.382529302803789, -34.598566020447187 ], [ -58.382465320233713, -34.598618687720183 ], [ -58.382401337663609, -34.598566020447187 ], [ -58.382081424813109, -34.598439618855785 ], [ -58.381889477102838, -34.598566020447187 ], [ -58.382081424813109, -34.598809099890083 ], [ -58.382170016064016, -34.598882023584238 ], [ -58.382081424813109, -34.598954947214345 ], [ -58.381697529392575, -34.598954947214345 ], [ -58.3814575947547, -34.59919802551893 ], [ -58.381377616542075, -34.599514026251455 ], [ -58.38131363397197, -34.599566692923304 ], [ -58.381249651401895, -34.599514026251455 ], [ -58.381169673189284, -34.59919802551893 ], [ -58.380929738551451, -34.599054388424918 ], [ -58.380545843130847, -34.599080987905509 ], [ -58.380161947710334, -34.599096089542307 ], [ -58.380045615764693, -34.59919802551893 ], [ -58.380029569979079, -34.599514026251455 ], [ -58.380001991285077, -34.599830025781628 ], [ -58.380161947710334, -34.600055738995721 ], [ -58.380271632116198, -34.600146024109598 ], [ -58.380161947710334, -34.600236309125314 ], [ -58.379887736695615, -34.600462021235224 ], [ -58.379778052289723, -34.600778017158639 ], [ -58.379668367883838, -34.600462021235224 ], [ -58.379394156869104, -34.600264523172605 ], [ -58.379010261448592, -34.600174751170691 ], [ -58.378975361864896, -34.600146024109598 ], [ -58.379010261448592, -34.600117297038558 ], [ -58.379394156869104, -34.600027524877518 ], [ -58.379554113294361, -34.599830025781628 ], [ -58.379526534600359, -34.599514026251455 ], [ -58.379510488814745, -34.59919802551893 ], [ -58.379394156869104, -34.599099275043486 ], [ -58.379010261448592, -34.599085167823119 ], [ -58.378626366027987, -34.599060633521134 ], [ -58.378352155013332, -34.59919802551893 ], [ -58.378242470607468, -34.599514026251455 ], [ -58.378132786201576, -34.59919802551893 ], [ -58.377858575186849, -34.598954947214345 ], [ -58.377769983935963, -34.598882023584238 ], [ -58.377858575186849, -34.598809099890083 ], [ -58.378018531612099, -34.598566020447187 ], [ -58.377990952918097, -34.598250016107968 ], [ -58.377974907132497, -34.597934010566448 ], [ -58.377858575186849, -34.597835258588177 ], [ -58.37747467976633, -34.597816971171916 ], [ -58.377090784345725, -34.597790371286528 ], [ -58.376816573331077, -34.597934010566448 ], [ -58.376706888925213, -34.598250016107968 ], [ -58.376597204519321, -34.597934010566448 ], [ -58.376322993504601, -34.597670671696847 ], [ -58.376259010934518, -34.597618003822731 ], [ -58.376322993504601, -34.597565335915228 ], [ -58.376706888925213, -34.597487883049403 ], [ -58.376962819205566, -34.597301995876705 ], [ -58.377055884762051, -34.596985986728541 ], [ -58.377090784345725, -34.596957258564558 ], [ -58.377125683929421, -34.596985986728541 ], [ -58.377218749485927, -34.597301995876705 ], [ -58.37747467976633, -34.597419035996914 ], [ -58.377858575186849, -34.597400748489001 ], [ -58.377974907132497, -34.597301995876705 ], [ -58.377995680694212, -34.596985986728541 ], [ -58.378025486239288, -34.596669976378067 ], [ -58.377858575186849, -34.596519494836279 ], [ -58.37747467976633, -34.596472469298554 ], [ -58.377090784345725, -34.59638269319808 ], [ -58.377055884762051, -34.596353964825454 ], [ -58.377090784345725, -34.596325236442851 ], [ -58.37747467976633, -34.596235460183244 ], [ -58.377858575186849, -34.596188434484709 ], [ -58.378242470607468, -34.596164357316781 ], [ -58.378409381659857, -34.596037952070539 ], [ -58.37845574584108, -34.595721938113471 ], [ -58.378516681622123, -34.595405922954157 ], [ -58.378626366027987, -34.595315632687829 ], [ -58.378736050433872, -34.595405922954157 ], [ -58.378796986214923, -34.595721938113471 ], [ -58.37884335039616, -34.596037952070539 ], [ -58.379010261448592, -34.596128241551746 ], [ -58.379394156869104, -34.596116955371961 ], [ -58.379492591592339, -34.596037952070539 ], [ -58.37950706728693, -34.595721938113471 ], [ -58.379526534600359, -34.595405922954157 ], [ -58.379394156869104, -34.595247914923696 ], [ -58.379010261448592, -34.595195245513423 ], [ -58.37888229630839, -34.59508990659269 ], [ -58.379010261448592, -34.594984567538354 ], [ -58.379359257285429, -34.594773889028957 ], [ -58.379394156869104, -34.594745160099933 ] ], [ [ -58.379010261448592, -34.596579687485722 ], [ -58.379394156869104, -34.596590973602638 ], [ -58.379474135081736, -34.596669976378067 ], [ -58.379466589967343, -34.596985986728541 ], [ -58.379460345734728, -34.597301995876705 ], [ -58.379394156869104, -34.597363958313835 ], [ -58.379010261448592, -34.597370693358549 ], [ -58.378626366027987, -34.59737907109637 ], [ -58.378510034082375, -34.597301995876705 ], [ -58.378489260520645, -34.596985986728541 ], [ -58.378459454975584, -34.596669976378067 ], [ -58.378626366027987, -34.596564639327433 ], [ -58.379010261448592, -34.596579687485722 ] ], [ [ -58.380161947710334, -34.596912496056653 ], [ -58.380545843130847, -34.596902826226554 ], [ -58.380929738551451, -34.596890226143245 ], [ -58.381083296719659, -34.596985986728541 ], [ -58.380929738551451, -34.597081747203433 ], [ -58.380545843130847, -34.597073767168069 ], [ -58.380268585327144, -34.597301995876705 ], [ -58.380161947710334, -34.597362766728928 ], [ -58.380095758844703, -34.597301995876705 ], [ -58.380089514612095, -34.596985986728541 ], [ -58.380161947710334, -34.596912496056653 ] ], [ [ -58.381697529392575, -34.596842345809186 ], [ -58.381923350228178, -34.596985986728541 ], [ -58.381872027310997, -34.597301995876705 ], [ -58.381697529392575, -34.597423537536692 ], [ -58.381565151661327, -34.597301995876705 ], [ -58.381543971224346, -34.596985986728541 ], [ -58.381697529392575, -34.596842345809186 ] ], [ [ -58.378466409602773, -34.598566020447187 ], [ -58.378493988296761, -34.598250016107968 ], [ -58.378510034082375, -34.597934010566448 ], [ -58.378626366027987, -34.597856935861756 ], [ -58.379010261448592, -34.597865313550493 ], [ -58.379394156869104, -34.597872048554592 ], [ -58.379466589967343, -34.597934010566448 ], [ -58.379474135081736, -34.598250016107968 ], [ -58.379483434873897, -34.598566020447187 ], [ -58.379394156869104, -34.598664771556656 ], [ -58.379010261448592, -34.598678878848425 ], [ -58.378626366027987, -34.598703413263181 ], [ -58.378466409602773, -34.598566020447187 ] ], [ [ -58.380072669705534, -34.598566020447187 ], [ -58.380081969497702, -34.598250016107968 ], [ -58.380089514612095, -34.597934010566448 ], [ -58.380161947710334, -34.597873240132181 ], [ -58.380545843130847, -34.597866775189743 ], [ -58.380637246802422, -34.597934010566448 ], [ -58.380929738551451, -34.598174776802381 ], [ -58.381053575783881, -34.598250016107968 ], [ -58.381077390636278, -34.598566020447187 ], [ -58.380929738551451, -34.598709658385779 ], [ -58.380545843130847, -34.598683058786285 ], [ -58.380161947710334, -34.598667957074383 ], [ -58.380072669705534, -34.598566020447187 ] ], [ [ -58.381573692160124, -34.598250016107968 ], [ -58.381697529392575, -34.598148078967874 ], [ -58.381851087560783, -34.598250016107968 ], [ -58.381697529392575, -34.598408018427854 ], [ -58.381573692160124, -34.598250016107968 ] ] ] ] } },
{ "type": "Feature", "properties": { "id": 1, "isomin": 0.0, "isomax": 5.0, "id_punto": "4_31", "sector": 4.0 }, "geometry": { "type": "MultiPolygon", "coordinates": [ [ [ [ -58.376734156869112, -34.595287613216868 ], [ -58.377118052289717, -34.595304976743115 ], [ -58.377501947710336, -34.595325234185793 ], [ -58.377885843130841, -34.595377903513658 ], [ -58.377885843130841, -34.595377903513658 ], [ -58.377949825700938, -34.595693918779503 ], [ -58.377885843130841, -34.595746587873613 ], [ -58.377501947710336, -34.595843609801655 ], [ -58.377335036657897, -34.596009932843231 ], [ -58.377501947710336, -34.59615357520201 ], [ -58.377885843130841, -34.596195822907333 ], [ -58.37826973855146, -34.596273276977925 ], [ -58.378333721121543, -34.596325945704663 ], [ -58.378397703691618, -34.596641957363964 ], [ -58.378461686261723, -34.596957967820948 ], [ -58.378493677546757, -34.597273977075801 ], [ -58.378653633971972, -34.59739551877675 ], [ -58.379037529392583, -34.597417617248723 ], [ -58.379421424813096, -34.597459864311119 ], [ -58.379805320233714, -34.597589985128337 ], [ -58.379421424813096, -34.597720105741743 ], [ -58.379037529392583, -34.5977623526503 ], [ -58.378653633971972, -34.597784451024687 ], [ -58.378505981887166, -34.59790599197872 ], [ -58.37847082662887, -34.598221997626773 ], [ -58.378525668831799, -34.598538002072658 ], [ -58.378653633971972, -34.598639938734202 ], [ -58.379037529392583, -34.598659541924 ], [ -58.379421424813096, -34.598681640059667 ], [ -58.379805320233714, -34.598748671035281 ], [ -58.380189215654219, -34.598801338192452 ], [ -58.380253198224317, -34.59885400531622 ], [ -58.380189215654219, -34.598906672406599 ], [ -58.379915004639578, -34.5991700073576 ], [ -58.379805320233714, -34.599486008196635 ], [ -58.379695635827829, -34.5991700073576 ], [ -58.379421424813096, -34.599026370215093 ], [ -58.379037529392583, -34.59904846825318 ], [ -58.378653633971972, -34.599068071346572 ], [ -58.378533666653063, -34.5991700073576 ], [ -58.378511450482883, -34.599486008196635 ], [ -58.378379422957323, -34.599802007833496 ], [ -58.378653633971972, -34.600045083659055 ], [ -58.378742225222886, -34.600118006267977 ], [ -58.378653633971972, -34.600190928812907 ], [ -58.378358329802353, -34.600434003500283 ], [ -58.37826973855146, -34.600506925767739 ], [ -58.378181147300552, -34.600434003500283 ], [ -58.377885843130841, -34.600296613547023 ], [ -58.377501947710336, -34.600321147483903 ], [ -58.377118052289717, -34.600335254494333 ], [ -58.376985674558469, -34.600434003500283 ], [ -58.376958095864467, -34.600749999530215 ], [ -58.377118052289717, -34.600975710244143 ], [ -58.377501947710336, -34.601065994357953 ], [ -58.377118052289717, -34.601156278373594 ], [ -58.376843841274997, -34.601381987983338 ], [ -58.376734156869112, -34.60169798040647 ], [ -58.376624472463249, -34.601381987983338 ], [ -58.376350261448593, -34.601138916070518 ], [ -58.376261670197685, -34.601065994357953 ], [ -58.376350261448593, -34.600993072581346 ], [ -58.376510217873808, -34.600749999530215 ], [ -58.376482639179805, -34.600434003500283 ], [ -58.376466593394191, -34.600118006267977 ], [ -58.376350261448593, -34.60001607142047 ], [ -58.375966366027988, -34.599996468550835 ], [ -58.375582470607462, -34.599967530972926 ], [ -58.375308259592742, -34.600118006267977 ], [ -58.37519857518685, -34.600434003500283 ], [ -58.375088890780987, -34.600118006267977 ], [ -58.374814679766338, -34.599854674322721 ], [ -58.374750697196234, -34.599802007833496 ], [ -58.374686714626137, -34.599486008196635 ], [ -58.374430784345734, -34.599275341104203 ], [ -58.3740468889252, -34.599198734756264 ], [ -58.374011989341525, -34.5991700073576 ], [ -58.373888814340255, -34.59885400531622 ], [ -58.373662993504595, -34.598628288836352 ], [ -58.373553309098732, -34.598538002072658 ], [ -58.373662993504595, -34.598447715210796 ], [ -58.3740468889252, -34.598397555800695 ], [ -58.374430784345734, -34.598359391011833 ], [ -58.374814679766338, -34.598334856495448 ], [ -58.375016729987664, -34.598221997626773 ], [ -58.374974636191553, -34.59790599197872 ], [ -58.374814679766338, -34.597768597843661 ], [ -58.374430784345734, -34.597662909892833 ], [ -58.374342193094833, -34.597589985128337 ], [ -58.3740468889252, -34.597346902117692 ], [ -58.373958297674292, -34.597273977075801 ], [ -58.3740468889252, -34.59720105196984 ], [ -58.374430784345734, -34.597183688839941 ], [ -58.374540468751619, -34.597273977075801 ], [ -58.374814679766338, -34.597411372028972 ], [ -58.37519857518685, -34.597391017235424 ], [ -58.375340758675968, -34.597273977075801 ], [ -58.375373073105308, -34.596957967820948 ], [ -58.37542439602251, -34.596641957363964 ], [ -58.375547571023766, -34.596325945704663 ], [ -58.375582470607462, -34.59629721731239 ], [ -58.3759314664443, -34.596009932843231 ], [ -58.375966366027988, -34.595981204341676 ], [ -58.37600126561167, -34.596009932843231 ], [ -58.376350261448593, -34.59616793942422 ], [ -58.376533068791694, -34.596009932843231 ], [ -58.376624472463249, -34.595693918779503 ], [ -58.376624472463249, -34.595377903513658 ], [ -58.376734156869112, -34.595287613216868 ] ], [ [ -58.376350261448593, -34.596483951684604 ], [ -58.376734156869112, -34.596520414560359 ], [ -58.376847067286931, -34.596641957363964 ], [ -58.376734156869112, -34.596722985800866 ], [ -58.376448696171799, -34.596957967820948 ], [ -58.376437510407797, -34.597273977075801 ], [ -58.376350261448593, -34.59734921719734 ], [ -58.375966366027988, -34.597359384776126 ], [ -58.375824182538899, -34.597273977075801 ], [ -58.375791868109566, -34.596957967820948 ], [ -58.375966366027988, -34.596732246188637 ], [ -58.37607605043388, -34.596641957363964 ], [ -58.376350261448593, -34.596483951684604 ] ], [ [ -58.377501947710336, -34.596498315849672 ], [ -58.377885843130841, -34.596456068298203 ], [ -58.378141773411258, -34.596641957363964 ], [ -58.378077790841139, -34.596957967820948 ], [ -58.378045799556091, -34.597273977075801 ], [ -58.377885843130841, -34.597361757210997 ], [ -58.377501947710336, -34.597351052321414 ], [ -58.377118052289717, -34.597344201191369 ], [ -58.377030803330491, -34.597273977075801 ], [ -58.377118052289717, -34.597192949176346 ], [ -58.377403512987087, -34.596957967820948 ], [ -58.377389037292502, -34.596641957363964 ], [ -58.377501947710336, -34.596498315849672 ] ], [ [ -58.375582470607462, -34.597807239967118 ], [ -58.375966366027988, -34.597820584840413 ], [ -58.376350261448593, -34.597830752361489 ], [ -58.376422694546804, -34.59790599197872 ], [ -58.376416450314203, -34.598221997626773 ], [ -58.376416450314203, -34.598538002072658 ], [ -58.376350261448593, -34.598605236906025 ], [ -58.375966366027988, -34.59861149130635 ], [ -58.375865340917329, -34.598538002072658 ], [ -58.375582470607462, -34.598305156808038 ], [ -58.375380420386094, -34.598221997626773 ], [ -58.375422514182205, -34.59790599197872 ], [ -58.375582470607462, -34.597807239967118 ] ], [ [ -58.378160054145567, -34.599802007833496 ], [ -58.377885843130841, -34.599939398604896 ], [ -58.377501947710336, -34.599914864555245 ], [ -58.377118052289717, -34.599900757473421 ], [ -58.377017027179029, -34.599802007833496 ], [ -58.377028774284931, -34.599486008196635 ], [ -58.377038074077092, -34.5991700073576 ], [ -58.377118052289717, -34.599106807045509 ], [ -58.377501947710336, -34.599101311363903 ], [ -58.377885843130841, -34.599092933799817 ], [ -58.378005810449793, -34.5991700073576 ], [ -58.378028026619951, -34.599486008196635 ], [ -58.378160054145567, -34.599802007833496 ] ], [ [ -58.375671748612234, -34.59885400531622 ], [ -58.375966366027988, -34.59909651861804 ], [ -58.376350261448593, -34.599102772981396 ], [ -58.376430239661197, -34.5991700073576 ], [ -58.376439539453365, -34.599486008196635 ], [ -58.376350261448593, -34.599587943694729 ], [ -58.375966366027988, -34.599607546660771 ], [ -58.375582470607462, -34.599636484364126 ], [ -58.375415559555016, -34.599486008196635 ], [ -58.375445365100092, -34.5991700073576 ], [ -58.375466138661821, -34.59885400531622 ], [ -58.375582470607462, -34.598770846684474 ], [ -58.375671748612234, -34.59885400531622 ] ], [ [ -58.377118052289717, -34.597835768338072 ], [ -58.377501947710336, -34.597828917248023 ], [ -58.377885843130841, -34.597818212418645 ], [ -58.378033495215703, -34.59790599197872 ], [ -58.378068650473992, -34.598221997626773 ], [ -58.378013808271042, -34.598538002072658 ], [ -58.377885843130841, -34.598615076145357 ], [ -58.377501947710336, -34.598606698532215 ], [ -58.377118052289717, -34.598601202817562 ], [ -58.3770518634241, -34.598538002072658 ], [ -58.3770518634241, -34.598221997626773 ], [ -58.377045619191485, -34.59790599197872 ], [ -58.377118052289717, -34.597835768338072 ] ], [ [ -58.374430784345734, -34.59871661274935 ], [ -58.374590740770984, -34.59885400531622 ], [ -58.374430784345734, -34.599064673477386 ], [ -58.374204963510124, -34.59885400531622 ], [ -58.374430784345734, -34.59871661274935 ] ] ] ] } },
{ "type": "Feature", "properties": { "id": 1, "isomin": 0.0, "isomax": 5.0, "id_punto": "4_32", "sector": 4.0 }, "geometry": { "type": "MultiPolygon", "coordinates": [ [ [ [ -58.374698052289716, -34.593959124075795 ], [ -58.374732951873405, -34.593987853276666 ], [ -58.375081947710321, -34.594198533779533 ], [ -58.375430943547173, -34.593987853276666 ], [ -58.375465843130847, -34.593959124075795 ], [ -58.375500742714543, -34.593987853276666 ], [ -58.375849738551459, -34.594251203821749 ], [ -58.376233633971971, -34.594213582366436 ], [ -58.376343318377863, -34.594303873830611 ], [ -58.376617529392576, -34.594501386066284 ], [ -58.377001424813095, -34.594567223373822 ], [ -58.377385320233699, -34.594619893182276 ], [ -58.377385320233699, -34.594619893182276 ], [ -58.377543394818623, -34.594935911331824 ], [ -58.377769215654233, -34.595111476450974 ], [ -58.377939835841154, -34.595251928279119 ], [ -58.377986200022391, -34.595567944024289 ], [ -58.377769215654233, -34.595746561087566 ], [ -58.377636837923021, -34.595883958567192 ], [ -58.377769215654233, -34.59601036404775 ], [ -58.378153111074838, -34.59604196538784 ], [ -58.37853700649535, -34.595883958567192 ], [ -58.378646690901242, -34.596199971907936 ], [ -58.378920901915961, -34.596487255719843 ], [ -58.378955801499636, -34.596515984046391 ], [ -58.378920901915961, -34.596544712363013 ], [ -58.37853700649535, -34.596831994982715 ], [ -58.378427322089486, -34.596515984046391 ], [ -58.378153111074838, -34.596357978127436 ], [ -58.377769215654233, -34.596389579335266 ], [ -58.377385320233699, -34.596410646800486 ], [ -58.377261483001249, -34.596515984046391 ], [ -58.377243136744589, -34.596831994982715 ], [ -58.37724821472635, -34.597148004716743 ], [ -58.377385320233699, -34.59726086504471 ], [ -58.377632110146905, -34.597464013248597 ], [ -58.377769215654233, -34.597595683115351 ], [ -58.378153111074838, -34.597630333045601 ], [ -58.37844841524447, -34.597464013248597 ], [ -58.37853700649535, -34.5973910883095 ], [ -58.378625597746264, -34.597464013248597 ], [ -58.378625597746264, -34.597780020578149 ], [ -58.37853700649535, -34.597852945175809 ], [ -58.378153111074838, -34.597929707840983 ], [ -58.377769215654233, -34.597964357631902 ], [ -58.377545276658928, -34.597780020578149 ], [ -58.377385320233699, -34.597667160955602 ], [ -58.377261483001249, -34.597780020578149 ], [ -58.377243136744589, -34.598096026705527 ], [ -58.377210822315242, -34.598412031630609 ], [ -58.377385320233699, -34.59872803535351 ], [ -58.377065407383199, -34.599044037874066 ], [ -58.377001424813095, -34.599096704843966 ], [ -58.376937442243019, -34.599044037874066 ], [ -58.376617529392576, -34.598886036764064 ], [ -58.376233633971971, -34.598922498585381 ], [ -58.375849738551459, -34.598938703834143 ], [ -58.375721773411257, -34.599044037874066 ], [ -58.375696180383208, -34.599360039192447 ], [ -58.375657790841153, -34.599676039308505 ], [ -58.375849738551459, -34.599939371820199 ], [ -58.375913721121535, -34.599992038222332 ], [ -58.375849738551459, -34.600044704591085 ], [ -58.375500742714543, -34.600308035933836 ], [ -58.375465843130847, -34.600336762938902 ], [ -58.375430943547173, -34.600308035933836 ], [ -58.375081947710321, -34.600082323405445 ], [ -58.374972263304429, -34.599992038222332 ], [ -58.375081947710321, -34.599901752941058 ], [ -58.375273895420584, -34.599676039308505 ], [ -58.375081947710321, -34.599538648101415 ], [ -58.374762034859813, -34.599676039308505 ], [ -58.374698052289716, -34.599728705877631 ], [ -58.374634069719612, -34.599676039308505 ], [ -58.374554091506987, -34.599360039192447 ], [ -58.374314156869112, -34.599149371780463 ], [ -58.374186191728931, -34.599044037874066 ], [ -58.373930261448592, -34.598868481066646 ], [ -58.373546366027973, -34.598800959118805 ], [ -58.373457774777087, -34.59872803535351 ], [ -58.373546366027973, -34.598655111524174 ], [ -58.373748416249363, -34.598412031630609 ], [ -58.373930261448592, -34.598262345237032 ], [ -58.374062639179805, -34.598096026705527 ], [ -58.373930261448592, -34.597983167512332 ], [ -58.373546366027973, -34.59795863288484 ], [ -58.373162470607468, -34.597920467894305 ], [ -58.372842557756954, -34.598096026705527 ], [ -58.37277857518685, -34.598148694276553 ], [ -58.372714592616767, -34.598096026705527 ], [ -58.372394679766337, -34.597780020578149 ], [ -58.372586627476586, -34.597464013248597 ], [ -58.372394679766337, -34.597266508057089 ], [ -58.372010784345733, -34.597148004716743 ], [ -58.372394679766337, -34.597029501207373 ], [ -58.37277857518685, -34.59699 ], [ -58.373018509824732, -34.596831994982715 ], [ -58.373034505467267, -34.596515984046391 ], [ -58.37277857518685, -34.596318476600729 ], [ -58.372394679766337, -34.596199971907936 ], [ -58.37277857518685, -34.596081467046041 ], [ -58.373018509824732, -34.595883958567192 ], [ -58.37312757102378, -34.595567944024289 ], [ -58.373162470607468, -34.595539215369868 ], [ -58.37319737019115, -34.595567944024289 ], [ -58.373306431390162, -34.595883958567192 ], [ -58.373546366027973, -34.596005502302042 ], [ -58.373930261448592, -34.595989296481008 ], [ -58.374058226588758, -34.595883958567192 ], [ -58.374077913533405, -34.595567944024289 ], [ -58.374113068791694, -34.595251928279119 ], [ -58.373930261448592, -34.59508560371988 ], [ -58.373546366027973, -34.595026202010878 ], [ -58.37343668162211, -34.594935911331824 ], [ -58.373546366027973, -34.594845620554622 ], [ -58.373930261448592, -34.594786218674002 ], [ -58.374143536682219, -34.594619893182276 ], [ -58.374225565618211, -34.594303873830611 ], [ -58.374314156869112, -34.593987853276666 ], [ -58.374314156869112, -34.593987853276666 ], [ -58.374698052289716, -34.593959124075795 ] ], [ [ -58.376617529392576, -34.59510828436121 ], [ -58.376784440444979, -34.595251928279119 ], [ -58.376617529392576, -34.595360899361538 ], [ -58.376489564252374, -34.595251928279119 ], [ -58.376617529392576, -34.59510828436121 ] ], [ [ -58.373546366027973, -34.596394441058486 ], [ -58.373930261448592, -34.596410646800486 ], [ -58.374054098681015, -34.596515984046391 ], [ -58.374058226588758, -34.596831994982715 ], [ -58.374039945854456, -34.597148004716743 ], [ -58.373930261448592, -34.597238292991378 ], [ -58.373546366027973, -34.59725334102761 ], [ -58.373354418317724, -34.597148004716743 ], [ -58.373306431390162, -34.596831994982715 ], [ -58.373290435747634, -34.596515984046391 ], [ -58.373546366027973, -34.596394441058486 ] ], [ [ -58.374698052289716, -34.596436981124498 ], [ -58.375081947710321, -34.596444163211409 ], [ -58.375154380808546, -34.596515984046391 ], [ -58.375149297784098, -34.596831994982715 ], [ -58.375148136575937, -34.597148004716743 ], [ -58.375081947710321, -34.597212496351489 ], [ -58.374698052289716, -34.597218228938821 ], [ -58.374588367883824, -34.597148004716743 ], [ -58.374570087149515, -34.596831994982715 ], [ -58.374574215057265, -34.596515984046391 ], [ -58.374698052289716, -34.596436981124498 ] ], [ [ -58.376617529392576, -34.596434955407567 ], [ -58.376741366625005, -34.596515984046391 ], [ -58.376759712881658, -34.596831994982715 ], [ -58.376754634899903, -34.597148004716743 ], [ -58.376617529392576, -34.597231164973266 ], [ -58.376233633971971, -34.597219824943174 ], [ -58.375849738551459, -34.597215240675261 ], [ -58.375783549685835, -34.597148004716743 ], [ -58.375782388477667, -34.596831994982715 ], [ -58.375849738551459, -34.596771223742167 ], [ -58.376233633971971, -34.596763297055347 ], [ -58.376534073866367, -34.596515984046391 ], [ -58.376617529392576, -34.596434955407567 ] ], [ [ -58.375209912850494, -34.599044037874066 ], [ -58.375081947710321, -34.599181429899346 ], [ -58.374899140367184, -34.599044037874066 ], [ -58.375081947710321, -34.598942101708467 ], [ -58.375209912850494, -34.599044037874066 ] ], [ [ -58.376792027310998, -34.598412031630609 ], [ -58.376617529392576, -34.598570033642332 ], [ -58.376233633971971, -34.598533571666323 ], [ -58.375849738551459, -34.598517366338498 ], [ -58.375751303828224, -34.598412031630609 ], [ -58.375762489592226, -34.598096026705527 ], [ -58.375769760338819, -34.597780020578149 ], [ -58.375849738551459, -34.597712785076816 ], [ -58.376233633971971, -34.597708200836109 ], [ -58.376617529392576, -34.597696860871153 ], [ -58.376741366625005, -34.597780020578149 ], [ -58.376759712881658, -34.598096026705527 ], [ -58.376792027310998, -34.598412031630609 ] ], [ [ -58.374565674558475, -34.598096026705527 ], [ -58.37458514187189, -34.597780020578149 ], [ -58.374698052289716, -34.59770979683104 ], [ -58.375081947710321, -34.597715529384047 ], [ -58.375161925922932, -34.597780020578149 ], [ -58.375169196669539, -34.598096026705527 ], [ -58.375180382433541, -34.598412031630609 ], [ -58.375081947710321, -34.598513968446774 ], [ -58.374698052289716, -34.598533571666323 ], [ -58.374538095864466, -34.598412031630609 ], [ -58.374565674558475, -34.598096026705527 ] ] ] ] } },
{ "type": "Feature", "properties": { "id": 1, "isomin": 0.0, "isomax": 5.0, "id_punto": "4_33", "sector": 4.0 }, "geometry": { "type": "MultiPolygon", "coordinates": [ [ [ [ -58.378225843130849, -34.596135263974993 ], [ -58.378609738551454, -34.596159204349256 ], [ -58.378644638135135, -34.596187932789256 ], [ -58.378673721121544, -34.596503944973534 ], [ -58.378810826628865, -34.596819955955631 ], [ -58.378609738551454, -34.59698548503787 ], [ -58.378462086466619, -34.597135965735461 ], [ -58.378481773411252, -34.597451974313138 ], [ -58.378609738551454, -34.5975573102385 ], [ -58.37899363397198, -34.597578377407544 ], [ -58.379377529392592, -34.597602454165617 ], [ -58.37972652522943, -34.597451974313138 ], [ -58.379761424813104, -34.597423246310292 ], [ -58.3797963243968, -34.597451974313138 ], [ -58.380145320233709, -34.597739253794956 ], [ -58.38018021981739, -34.597767981688492 ], [ -58.380145320233709, -34.597796709572101 ], [ -58.37995337252341, -34.598083987861671 ], [ -58.379991762065465, -34.598399992832547 ], [ -58.380012942502461, -34.598715996601257 ], [ -58.380145320233709, -34.598824963139251 ], [ -58.380529215654228, -34.598847664483351 ], [ -58.380913111074832, -34.598873998034733 ], [ -58.381297006495366, -34.598715996601257 ], [ -58.381406690901251, -34.599031999167607 ], [ -58.381331906079055, -34.599348000531791 ], [ -58.381297006495366, -34.599376727868929 ], [ -58.381262106911684, -34.599348000531791 ], [ -58.380913111074832, -34.59919 ], [ -58.380529215654228, -34.599216333442826 ], [ -58.380145320233709, -34.599239034679961 ], [ -58.380008214726345, -34.599348000531791 ], [ -58.379985363808458, -34.599664000693643 ], [ -58.380145320233709, -34.5999799996533 ], [ -58.380145320233709, -34.600295997410605 ], [ -58.379761424813104, -34.600368919799251 ], [ -58.379672833562211, -34.600295997410605 ], [ -58.379377529392592, -34.600137998682229 ], [ -58.379194722049434, -34.600295997410605 ], [ -58.37899363397198, -34.600461519565592 ], [ -58.378792545894569, -34.600295997410605 ], [ -58.378609738551454, -34.600190664958411 ], [ -58.378485901319003, -34.600295997410605 ], [ -58.378462086466619, -34.600611993965686 ], [ -58.378435240632996, -34.600927989318414 ], [ -58.378609738551454, -34.601191317860675 ], [ -58.378673721121544, -34.601243983468947 ], [ -58.378609738551454, -34.601296649043803 ], [ -58.378289825700946, -34.6015599764171 ], [ -58.378225843130849, -34.601612641791583 ], [ -58.378161860560773, -34.6015599764171 ], [ -58.37784194771033, -34.601316905025229 ], [ -58.377753356459422, -34.601243983468947 ], [ -58.37784194771033, -34.601171061848618 ], [ -58.378016445628752, -34.600927989318414 ], [ -58.377989599795157, -34.600611993965686 ], [ -58.377965784942752, -34.600295997410605 ], [ -58.37784194771033, -34.600190664958411 ], [ -58.377458052289725, -34.600174459953919 ], [ -58.377074156869107, -34.600137998682229 ], [ -58.376891349526005, -34.600295997410605 ], [ -58.376834222231288, -34.600611993965686 ], [ -58.376725161032283, -34.600927989318414 ], [ -58.376690261448601, -34.60095671610906 ], [ -58.376655361864913, -34.600927989318414 ], [ -58.376546300665865, -34.600611993965686 ], [ -58.376489173371134, -34.600295997410605 ], [ -58.376306366027983, -34.600137998682229 ], [ -58.37592247060747, -34.600098498953173 ], [ -58.375538575186859, -34.600008726771826 ], [ -58.37550367560317, -34.5999799996533 ], [ -58.375538575186859, -34.599951272524834 ], [ -58.37592247060747, -34.599861500184304 ], [ -58.376306366027983, -34.599822000323748 ], [ -58.376430203260433, -34.599664000693643 ], [ -58.376416050433875, -34.599348000531791 ], [ -58.376402339883136, -34.599031999167607 ], [ -58.376306366027983, -34.598946593187151 ], [ -58.37592247060747, -34.598933248494795 ], [ -58.375730522897165, -34.599031999167607 ], [ -58.37566654032706, -34.599348000531791 ], [ -58.375538575186859, -34.599453334052676 ], [ -58.375154679766347, -34.599438286415008 ], [ -58.375044995360454, -34.599348000531791 ], [ -58.375154679766347, -34.599257714550433 ], [ -58.375346627476596, -34.599031999167607 ], [ -58.375154679766347, -34.598888361786486 ], [ -58.374834766915825, -34.599031999167607 ], [ -58.374770784345728, -34.599084666145146 ], [ -58.374706801775638, -34.599031999167607 ], [ -58.374386888925208, -34.598788920377132 ], [ -58.374298297674301, -34.598715996601257 ], [ -58.374386888925208, -34.598643072761334 ], [ -58.374770784345728, -34.598585877547976 ], [ -58.375154679766347, -34.598543631058284 ], [ -58.375337487109448, -34.598399992832547 ], [ -58.375380500601935, -34.598083987861671 ], [ -58.375538575186859, -34.597953867818319 ], [ -58.375696649771811, -34.598083987861671 ], [ -58.375739663264312, -34.598399992832547 ], [ -58.37592247060747, -34.59849874413942 ], [ -58.376306366027983, -34.598485399375079 ], [ -58.37640739113867, -34.598399992832547 ], [ -58.376422697973624, -34.598083987861671 ], [ -58.376690261448601, -34.597863741261861 ], [ -58.376822639179814, -34.597767981688492 ], [ -58.376690261448601, -34.597630587325199 ], [ -58.376306366027983, -34.597592422183936 ], [ -58.37592247060747, -34.597542262257328 ], [ -58.375812786201578, -34.597451974313138 ], [ -58.37592247060747, -34.597361686270759 ], [ -58.376306366027983, -34.59731152620482 ], [ -58.376690261448601, -34.597273360916944 ], [ -58.376892311669913, -34.597135965735461 ], [ -58.376964472463243, -34.596819955955631 ], [ -58.377074156869107, -34.596729667226278 ], [ -58.377183841274999, -34.596819955955631 ], [ -58.37725600206835, -34.597135965735461 ], [ -58.377291141237286, -34.597451974313138 ], [ -58.377458052289725, -34.597595614178232 ], [ -58.37784194771033, -34.597569014221953 ], [ -58.37796991285051, -34.597451974313138 ], [ -58.377989599795157, -34.597135965735461 ], [ -58.378225843130849, -34.596941498320938 ], [ -58.378408650473986, -34.596819955955631 ], [ -58.378545755981349, -34.596503944973534 ], [ -58.378225843130849, -34.596240601570138 ], [ -58.378161860560773, -34.596187932789256 ], [ -58.378225843130849, -34.596135263974993 ] ], [ [ -58.377074156869107, -34.597975020351576 ], [ -58.377458052289725, -34.597940348841085 ], [ -58.37784194771033, -34.597966948678454 ], [ -58.377937921565454, -34.598083987861671 ], [ -58.377927257803769, -34.598399992832547 ], [ -58.37784194771033, -34.598456422165135 ], [ -58.377458052289725, -34.598461954450578 ], [ -58.377074156869107, -34.598468689406282 ], [ -58.376973131758447, -34.598399992832547 ], [ -58.376957824923494, -34.598083987861671 ], [ -58.377074156869107, -34.597975020351576 ] ], [ [ -58.378609738551454, -34.597978652604205 ], [ -58.37899363397198, -34.597957585536683 ], [ -58.379377529392592, -34.597933508881525 ], [ -58.379569477102841, -34.598083987861671 ], [ -58.379531087560792, -34.598399992832547 ], [ -58.379509907123797, -34.598715996601257 ], [ -58.379377529392592, -34.598797023014939 ], [ -58.37899363397198, -34.598787815471901 ], [ -58.378609738551454, -34.598781830568399 ], [ -58.378531392547252, -34.598715996601257 ], [ -58.378524428457986, -34.598399992832547 ], [ -58.378513764696301, -34.598083987861671 ], [ -58.378609738551454, -34.597978652604205 ] ], [ [ -58.376950319636698, -34.599664000693643 ], [ -58.376964472463243, -34.599348000531791 ], [ -58.376978183013982, -34.599031999167607 ], [ -58.377074156869107, -34.598963303059797 ], [ -58.377140345734723, -34.599031999167607 ], [ -58.377458052289725, -34.599293517623764 ], [ -58.37784194771033, -34.599294441063158 ], [ -58.377925403236532, -34.599348000531791 ], [ -58.377935580739731, -34.599664000693643 ], [ -58.37784194771033, -34.599769333813782 ], [ -58.377458052289725, -34.599785538897336 ], [ -58.377074156869107, -34.599822000323748 ], [ -58.376950319636698, -34.599664000693643 ] ], [ [ -58.379377529392592, -34.599822000323748 ], [ -58.37899363397198, -34.599790400421782 ], [ -58.378609738551454, -34.599769333813782 ], [ -58.378516105522046, -34.599664000693643 ], [ -58.378526283025238, -34.599348000531791 ], [ -58.378609738551454, -34.599282167013413 ], [ -58.37899363397198, -34.599276182145502 ], [ -58.379377529392592, -34.599266974655599 ], [ -58.379514634899913, -34.599348000531791 ], [ -58.379537485817799, -34.599664000693643 ], [ -58.379377529392592, -34.599822000323748 ] ] ] ] } },
{ "type": "Feature", "properties": { "id": 1, "isomin": 0.0, "isomax": 5.0, "id_punto": "4_34", "sector": 4.0 }, "geometry": { "type": "MultiPolygon", "coordinates": [ [ [ [ -58.378381947710253, -34.597912000897828 ], [ -58.378509912850454, -34.598228006523016 ], [ -58.378563792909482, -34.59854401094605 ], [ -58.378765843130871, -34.5987195684393 ], [ -58.379149738551376, -34.59876972765494 ], [ -58.379259422957261, -34.59886001416676 ], [ -58.379149738551376, -34.598950300580441 ], [ -58.378765843130871, -34.599000459656743 ], [ -58.378633465399624, -34.599176016185268 ], [ -58.378652932713038, -34.599492017001452 ], [ -58.378664818020184, -34.599808016615434 ], [ -58.378765843130871, -34.599898301998593 ], [ -58.379149738551376, -34.599909951718303 ], [ -58.379341686261675, -34.599808016615434 ], [ -58.379389673189266, -34.599492017001452 ], [ -58.379533633971995, -34.599373516836266 ], [ -58.379677594754682, -34.599492017001452 ], [ -58.379725581682258, -34.599808016615434 ], [ -58.379917529392507, -34.599951652406133 ], [ -58.380301424813119, -34.599983571437001 ], [ -58.380685320233631, -34.600051092423413 ], [ -58.380773911484539, -34.60012401502707 ], [ -58.380685320233631, -34.600196937566729 ], [ -58.380301424813119, -34.600264458379698 ], [ -58.379917529392507, -34.600296377290356 ], [ -58.379789564252334, -34.600440012236504 ], [ -58.379807844986644, -34.600756008243586 ], [ -58.379819094669301, -34.601072003048451 ], [ -58.379917529392507, -34.601153027163704 ], [ -58.380301424813119, -34.601164942468131 ], [ -58.380685320233631, -34.601180966495477 ], [ -58.380877267943937, -34.601072003048451 ], [ -58.380941250514049, -34.600756008243586 ], [ -58.38106921565425, -34.600440012236504 ], [ -58.381197180794416, -34.600756008243586 ], [ -58.381261163364506, -34.601072003048451 ], [ -58.381453111074755, -34.601238315620712 ], [ -58.381802106911685, -34.601072003048451 ], [ -58.381837006495374, -34.601043276297702 ], [ -58.381871906079049, -34.601072003048451 ], [ -58.381946690901238, -34.601387996650956 ], [ -58.381900989065464, -34.601703989051238 ], [ -58.381837006495374, -34.60175665433438 ], [ -58.38177302392527, -34.601703989051238 ], [ -58.381453111074755, -34.601537677411486 ], [ -58.381251060853444, -34.601703989051238 ], [ -58.381453111074755, -34.602019980249146 ], [ -58.38106921565425, -34.60211026322775 ], [ -58.380959531248365, -34.602019980249146 ], [ -58.380887370455007, -34.601703989051238 ], [ -58.380685320233631, -34.601595026290418 ], [ -58.380301424813119, -34.601611050234794 ], [ -58.379917529392507, -34.601622965473489 ], [ -58.379810891775698, -34.601703989051238 ], [ -58.379797562073598, -34.602019980249146 ], [ -58.379917529392507, -34.602177975397261 ], [ -58.380301424813119, -34.602217474137348 ], [ -58.380685320233631, -34.602307243931264 ], [ -58.380720219817327, -34.60233597024483 ], [ -58.380685320233631, -34.602364696548442 ], [ -58.380301424813119, -34.602454466183183 ], [ -58.379917529392507, -34.602493964791741 ], [ -58.379743031474092, -34.602651959038106 ], [ -58.379691708556919, -34.602967946629136 ], [ -58.379597616542078, -34.603283933017764 ], [ -58.379533633971995, -34.603336597299005 ], [ -58.379469651401891, -34.603283933017764 ], [ -58.379375559387029, -34.602967946629136 ], [ -58.379324236469834, -34.602651959038106 ], [ -58.379149738551376, -34.602546629573929 ], [ -58.378765843130871, -34.602559021282516 ], [ -58.378381947710253, -34.602570936385213 ], [ -58.378280922599593, -34.602651959038106 ], [ -58.378269037292455, -34.602967946629136 ], [ -58.37824956997904, -34.603283933017764 ], [ -58.378381947710253, -34.603427562797016 ], [ -58.378765843130871, -34.603459480491992 ], [ -58.379149738551376, -34.603526998652477 ], [ -58.379238329802284, -34.603599918204168 ], [ -58.379149738551376, -34.603672837691796 ], [ -58.378765843130871, -34.603740355678823 ], [ -58.378381947710253, -34.603772273253576 ], [ -58.378179897488927, -34.603915902188149 ], [ -58.378126017429913, -34.60423188496987 ], [ -58.377998052289733, -34.604547866549169 ], [ -58.377870087149532, -34.60423188496987 ], [ -58.377816207090504, -34.603915902188149 ], [ -58.377614156869129, -34.603757910346459 ], [ -58.37742220915888, -34.603599918204168 ], [ -58.377614156869129, -34.603441925761281 ], [ -58.377746534600369, -34.603283933017764 ], [ -58.377727067286955, -34.602967946629136 ], [ -58.377715181979802, -34.602651959038106 ], [ -58.377614156869129, -34.6025641844939 ], [ -58.377230261448616, -34.602553212669342 ], [ -58.377028211227241, -34.602651959038106 ], [ -58.376974331168199, -34.602967946629136 ], [ -58.376846366027998, -34.603073275558934 ], [ -58.376718400887832, -34.602967946629136 ], [ -58.376664520828804, -34.602651959038106 ], [ -58.376462470607493, -34.602508327917484 ], [ -58.376078575186874, -34.602466083422961 ], [ -58.375694679766355, -34.602388635127191 ], [ -58.375630697196257, -34.60233597024483 ], [ -58.375694679766355, -34.602283305329031 ], [ -58.376078575186874, -34.602205856862781 ], [ -58.376462470607493, -34.602163612214397 ], [ -58.376594848338705, -34.602019980249146 ], [ -58.37657538102529, -34.601703989051238 ], [ -58.376563495718138, -34.601387996650956 ], [ -58.376462470607493, -34.601304840556331 ], [ -58.376078575186874, -34.601295057480911 ], [ -58.375694679766355, -34.601279033475571 ], [ -58.375502732056056, -34.601387996650956 ], [ -58.375438749485951, -34.601703989051238 ], [ -58.37531078434575, -34.602019980249146 ], [ -58.375182819205577, -34.601703989051238 ], [ -58.375118836635487, -34.601387996650956 ], [ -58.374926888925231, -34.60122168437848 ], [ -58.374542993504612, -34.601177334382889 ], [ -58.3741590980841, -34.601072003048451 ], [ -58.374542993504612, -34.600966671580416 ], [ -58.374926888925231, -34.600922321448657 ], [ -58.375118836635487, -34.600756008243586 ], [ -58.375182819205577, -34.600440012236504 ], [ -58.375275884762061, -34.60012401502707 ], [ -58.37531078434575, -34.60009528794842 ], [ -58.375345683929432, -34.60012401502707 ], [ -58.375438749485951, -34.600440012236504 ], [ -58.375502732056056, -34.600756008243586 ], [ -58.375694679766355, -34.600864972105235 ], [ -58.376078575186874, -34.600848948016896 ], [ -58.376462470607493, -34.600839164887759 ], [ -58.376569108224295, -34.600756008243586 ], [ -58.376582437926395, -34.600440012236504 ], [ -58.376604654096568, -34.60012401502707 ], [ -58.376462470607493, -34.599966015971525 ], [ -58.376078575186874, -34.599926516160693 ], [ -58.375694679766355, -34.599836743793446 ], [ -58.375659780182666, -34.599808016615434 ], [ -58.375694679766355, -34.599779289427474 ], [ -58.376078575186874, -34.59968951690108 ], [ -58.376462470607493, -34.599650016958719 ], [ -58.376675745841105, -34.599492017001452 ], [ -58.376757774777111, -34.599176016185268 ], [ -58.376846366027998, -34.599103092749225 ], [ -58.376934957278905, -34.599176016185268 ], [ -58.377016986214933, -34.599492017001452 ], [ -58.37706335039617, -34.599808016615434 ], [ -58.377230261448616, -34.599913349552907 ], [ -58.377614156869129, -34.599898301998593 ], [ -58.377998052289733, -34.599887016331053 ], [ -58.3780990774004, -34.599808016615434 ], [ -58.378110962707545, -34.599492017001452 ], [ -58.378130430020946, -34.599176016185268 ], [ -58.377998052289733, -34.599025539183529 ], [ -58.377614156869129, -34.598978515064587 ], [ -58.377230261448616, -34.598912681253324 ], [ -58.377166278878512, -34.59886001416676 ], [ -58.377230261448616, -34.598807347046787 ], [ -58.377614156869129, -34.598741513099874 ], [ -58.377998052289733, -34.598694488820122 ], [ -58.378200102511059, -34.59854401094605 ], [ -58.378253982570087, -34.598228006523016 ], [ -58.378381947710253, -34.597912000897828 ] ], [ [ -58.377230261448616, -34.600334679966949 ], [ -58.377614156869129, -34.600349727442207 ], [ -58.377998052289733, -34.600361013046879 ], [ -58.378078030502351, -34.600440012236504 ], [ -58.377998052289733, -34.600499634216675 ], [ -58.377686589967354, -34.600756008243586 ], [ -58.377614156869129, -34.600815629996923 ], [ -58.377230261448616, -34.60082184059376 ], [ -58.377123623831771, -34.600756008243586 ], [ -58.377110294129665, -34.600440012236504 ], [ -58.377230261448616, -34.600334679966949 ] ], [ [ -58.378765843130871, -34.600349727442207 ], [ -58.378902948638199, -34.600440012236504 ], [ -58.379149738551376, -34.600643152664802 ], [ -58.379259422957261, -34.600756008243586 ], [ -58.379248173274618, -34.601072003048451 ], [ -58.379149738551376, -34.601137835148144 ], [ -58.378765843130871, -34.601131624574919 ], [ -58.378699654265255, -34.601072003048451 ], [ -58.378381947710253, -34.600810490192288 ], [ -58.378309514612042, -34.600756008243586 ], [ -58.378381947710253, -34.600690175841258 ], [ -58.378685864918232, -34.600440012236504 ], [ -58.378765843130871, -34.600349727442207 ] ], [ [ -58.378765843130871, -34.601907126387907 ], [ -58.379149738551376, -34.601914649983442 ], [ -58.379269705870328, -34.602019980249146 ], [ -58.379149738551376, -34.60212531038129 ], [ -58.378765843130871, -34.602112918607972 ], [ -58.378381947710253, -34.602101003439579 ], [ -58.378301969497649, -34.602019980249146 ], [ -58.378308121667843, -34.601703989051238 ], [ -58.378314597636475, -34.601387996650956 ], [ -58.378381947710253, -34.601333515081123 ], [ -58.378454380808485, -34.601387996650956 ], [ -58.378519053217616, -34.601703989051238 ], [ -58.378765843130871, -34.601907126387907 ] ], [ [ -58.377230261448616, -34.601322164749597 ], [ -58.377614156869129, -34.601328375308555 ], [ -58.37768150694292, -34.601387996650956 ], [ -58.377687982911539, -34.601703989051238 ], [ -58.377694135081754, -34.602019980249146 ], [ -58.377614156869129, -34.60210775536855 ], [ -58.377230261448616, -34.602118727251955 ], [ -58.377097883717362, -34.602019980249146 ], [ -58.37711735103079, -34.601703989051238 ], [ -58.377129236337929, -34.601387996650956 ], [ -58.377230261448616, -34.601322164749597 ] ] ], [ [ [ -58.379917529392507, -34.59914728877871 ], [ -58.379952428976203, -34.599176016185268 ], [ -58.379917529392507, -34.599204743581872 ], [ -58.379882629808819, -34.599176016185268 ], [ -58.379917529392507, -34.59914728877871 ] ] ], [ [ [ -58.377230261448616, -34.603165438262934 ], [ -58.377374222231303, -34.603283933017764 ], [ -58.377230261448616, -34.603402427603569 ], [ -58.377086300665887, -34.603283933017764 ], [ -58.377230261448616, -34.603165438262934 ] ] ] ] } },
{ "type": "Feature", "properties": { "id": 1, "isomin": 0.0, "isomax": 5.0, "id_punto": "4_35", "sector": 4.0 }, "geometry": { "type": "MultiPolygon", "coordinates": [ [ [ [ -58.377018052289714, -34.598138003269995 ], [ -58.377127736695577, -34.598454008035432 ], [ -58.377401947710233, -34.59869708780608 ], [ -58.37749053896114, -34.598770011598546 ], [ -58.377401947710233, -34.598842935327021 ], [ -58.377241991285018, -34.599086013959493 ], [ -58.377269569979021, -34.599402015118102 ], [ -58.377018052289714, -34.599609049708114 ], [ -58.37690172034408, -34.599718015074522 ], [ -58.377018052289714, -34.599810956009343 ], [ -58.377401947710233, -34.599823348126137 ], [ -58.377785843130837, -34.599839553199125 ], [ -58.377939401299059, -34.599718015074522 ], [ -58.377968650473939, -34.599402015118102 ], [ -58.378025777768663, -34.599086013959493 ], [ -58.378134838967675, -34.598770011598546 ], [ -58.378169738551357, -34.598741284051592 ], [ -58.378204638135045, -34.598770011598546 ], [ -58.378553633971976, -34.599086013959493 ], [ -58.378370826628817, -34.599402015118102 ], [ -58.378400075803725, -34.599718015074522 ], [ -58.378553633971976, -34.599839553199125 ], [ -58.378937529392488, -34.599861651020866 ], [ -58.379321424813092, -34.599903896840175 ], [ -58.379705320233612, -34.60000528671879 ], [ -58.3797402198173, -34.600034013828584 ], [ -58.379849281016341, -34.600350011380449 ], [ -58.379906408311079, -34.60066600772997 ], [ -58.379941563569368, -34.600982002877259 ], [ -58.380089215654216, -34.601113667167077 ], [ -58.380473111074735, -34.60114 ], [ -58.38085700649534, -34.601192665640802 ], [ -58.38098497163552, -34.601297996822197 ], [ -58.38085700649534, -34.60140332787001 ], [ -58.380473111074735, -34.601455993343826 ], [ -58.380089215654216, -34.601482326068222 ], [ -58.379935657485973, -34.60161398956491 ], [ -58.379906408311079, -34.601929981105251 ], [ -58.379849281016341, -34.602245971443359 ], [ -58.3797402198173, -34.602561960579074 ], [ -58.379705320233612, -34.602590686804525 ], [ -58.379321424813092, -34.602680456195024 ], [ -58.378937529392488, -34.602727478217979 ], [ -58.378736441315077, -34.602561960579074 ], [ -58.378553633971976, -34.602440426438378 ], [ -58.378416528464605, -34.602561960579074 ], [ -58.378386722919529, -34.602877948512536 ], [ -58.3783515837506, -34.603193935243645 ], [ -58.378258329802264, -34.603509920772453 ], [ -58.378169738551357, -34.603582840339136 ], [ -58.377785843130837, -34.603509920772453 ], [ -58.377987893352163, -34.603193935243645 ], [ -58.377952754183241, -34.602877948512536 ], [ -58.377922948638179, -34.602561960579074 ], [ -58.377785843130837, -34.602444927706024 ], [ -58.377401947710233, -34.602449107454326 ], [ -58.377018052289714, -34.602466206422491 ], [ -58.37690172034408, -34.602561960579074 ], [ -58.37688094678235, -34.602877948512536 ], [ -58.376851141237275, -34.603193935243645 ], [ -58.377018052289714, -34.60339142634006 ], [ -58.377401947710233, -34.603481194864983 ], [ -58.377785843130837, -34.603509920772453 ], [ -58.377401947710233, -34.603538646670003 ], [ -58.377018052289714, -34.603628415035779 ], [ -58.376743841274987, -34.603825905098887 ], [ -58.376634156869095, -34.603916186114205 ], [ -58.376524472463231, -34.603825905098887 ], [ -58.37625026144859, -34.603615249014865 ], [ -58.376122296308388, -34.603509920772453 ], [ -58.37625026144859, -34.603404592396437 ], [ -58.376417172500986, -34.603193935243645 ], [ -58.376387366955917, -34.602877948512536 ], [ -58.376366593394209, -34.602561960579074 ], [ -58.37625026144859, -34.602460028731166 ], [ -58.375866366027978, -34.602444927706024 ], [ -58.375482470607459, -34.602418329302807 ], [ -58.375208259592739, -34.602561960579074 ], [ -58.375098575186854, -34.60265224296846 ], [ -58.37498889078099, -34.602561960579074 ], [ -58.374714679766335, -34.602318892119854 ], [ -58.374626088515427, -34.602245971443359 ], [ -58.374714679766335, -34.602173050702802 ], [ -58.374874636191549, -34.601929981105251 ], [ -58.375098575186854, -34.601745652852834 ], [ -58.375230952918102, -34.60161398956491 ], [ -58.375214907132488, -34.601297996822197 ], [ -58.375098575186854, -34.601202241208263 ], [ -58.374714679766335, -34.601189033528726 ], [ -58.374330784345716, -34.601166332824583 ], [ -58.374074854065377, -34.601297996822197 ], [ -58.373981788508893, -34.60161398956491 ], [ -58.373946888925211, -34.601642716118263 ], [ -58.373911989341522, -34.60161398956491 ], [ -58.373818923785009, -34.601297996822197 ], [ -58.373562993504592, -34.601087334325818 ], [ -58.37317909808408, -34.600982002877259 ], [ -58.373562993504592, -34.600876671295083 ], [ -58.373802928142474, -34.60066600772997 ], [ -58.373911989341522, -34.600350011380449 ], [ -58.373946888925211, -34.600321284379966 ], [ -58.373981788508893, -34.600350011380449 ], [ -58.374090849707905, -34.60066600772997 ], [ -58.374330784345716, -34.600797672520791 ], [ -58.374714679766335, -34.600774971709676 ], [ -58.375098575186854, -34.600761763962176 ], [ -58.375222412419305, -34.60066600772997 ], [ -58.375246227271703, -34.600350011380449 ], [ -58.375273073105312, -34.600034013828584 ], [ -58.375098575186854, -34.599836514748198 ], [ -58.374714679766335, -34.599770681617031 ], [ -58.374650697196238, -34.599718015074522 ], [ -58.374714679766335, -34.599665348498604 ], [ -58.375098575186854, -34.599599515231745 ], [ -58.375418488037354, -34.599402015118102 ], [ -58.375482470607459, -34.599349348341839 ], [ -58.375546453177549, -34.599402015118102 ], [ -58.375640545192383, -34.599718015074522 ], [ -58.375866366027978, -34.599844414720415 ], [ -58.37625026144859, -34.599823348126137 ], [ -58.376366593394209, -34.599718015074522 ], [ -58.376634156869095, -34.599497772807624 ], [ -58.37676653460035, -34.599402015118102 ], [ -58.376794113294352, -34.599086013959493 ], [ -58.376634156869095, -34.598888512624796 ], [ -58.37625026144859, -34.598822678742209 ], [ -58.376186278878492, -34.598770011598546 ], [ -58.37625026144859, -34.59871734442153 ], [ -58.376634156869095, -34.598651510403272 ], [ -58.376908367883829, -34.598454008035432 ], [ -58.377018052289714, -34.598138003269995 ] ], [ [ -58.37625026144859, -34.600244678996752 ], [ -58.376339539453369, -34.600350011380449 ], [ -58.37633194132529, -34.60066600772997 ], [ -58.37625026144859, -34.600731840151461 ], [ -58.375866366027978, -34.600739495080795 ], [ -58.375742528795548, -34.60066600772997 ], [ -58.375718713943165, -34.600350011380449 ], [ -58.375866366027978, -34.600223612503967 ], [ -58.37625026144859, -34.600244678996752 ] ], [ [ -58.377018052289714, -34.600257071048816 ], [ -58.377401947710233, -34.600244678996752 ], [ -58.377785843130837, -34.60022847400279 ], [ -58.377895527536701, -34.600350011380449 ], [ -58.377881816985962, -34.60066600772997 ], [ -58.377873092090056, -34.600982002877259 ], [ -58.377785843130837, -34.60104162446833 ], [ -58.377401947710233, -34.601036484677664 ], [ -58.377018052289714, -34.601036484677664 ], [ -58.376944226247289, -34.600982002877259 ], [ -58.376936372412999, -34.60066600772997 ], [ -58.376928774284927, -34.600350011380449 ], [ -58.377018052289714, -34.600257071048816 ] ], [ [ -58.378553633971976, -34.60022847400279 ], [ -58.378779454807564, -34.600350011380449 ], [ -58.378937529392488, -34.600480127669982 ], [ -58.37909560397744, -34.600350011380449 ], [ -58.379321424813092, -34.600164130613187 ], [ -58.379561359450925, -34.600350011380449 ], [ -58.379504232156201, -34.60066600772997 ], [ -58.379469076897905, -34.600982002877259 ], [ -58.379321424813092, -34.601074942397624 ], [ -58.378937529392488, -34.601063027080329 ], [ -58.378553633971976, -34.601055489948479 ], [ -58.378466385012729, -34.600982002877259 ], [ -58.378457660116823, -34.60066600772997 ], [ -58.378443949566083, -34.600350011380449 ], [ -58.378553633971976, -34.60022847400279 ] ], [ [ -58.37625026144859, -34.601232164849471 ], [ -58.376324087490993, -34.601297996822197 ], [ -58.37633194132529, -34.60161398956491 ], [ -58.376341665120144, -34.601929981105251 ], [ -58.37625026144859, -34.602031913603746 ], [ -58.375866366027978, -34.602047014703999 ], [ -58.375482470607459, -34.602073613226146 ], [ -58.375322514182209, -34.601929981105251 ], [ -58.375482470607459, -34.601821018640933 ], [ -58.375733988296766, -34.60161398956491 ], [ -58.375750034082365, -34.601297996822197 ], [ -58.375866366027978, -34.601224509965547 ], [ -58.37625026144859, -34.601232164849471 ] ], [ [ -58.378789877307668, -34.602245971443359 ], [ -58.378553633971976, -34.60205151599294 ], [ -58.378449878452884, -34.601929981105251 ], [ -58.3784622303004, -34.60161398956491 ], [ -58.378553633971976, -34.601540502987845 ], [ -58.378779454807564, -34.60161398956491 ], [ -58.378827844986624, -34.601929981105251 ], [ -58.378937529392488, -34.602020264181661 ], [ -58.379047213798366, -34.601929981105251 ], [ -58.379321424813092, -34.601786348735963 ], [ -58.379504232156201, -34.601929981105251 ], [ -58.379561359450925, -34.602245971443359 ], [ -58.379321424813092, -34.602443464794078 ], [ -58.378937529392488, -34.602396442610306 ], [ -58.378789877307668, -34.602245971443359 ] ], [ [ -58.377785843130837, -34.602047014703999 ], [ -58.377401947710233, -34.602042834935446 ], [ -58.377018052289714, -34.602025735880133 ], [ -58.376926648618138, -34.601929981105251 ], [ -58.376936372412999, -34.60161398956491 ], [ -58.377018052289714, -34.601559508143318 ], [ -58.377401947710233, -34.601559508143318 ], [ -58.377785843130837, -34.601554368384718 ], [ -58.377877246802392, -34.60161398956491 ], [ -58.377889598649901, -34.601929981105251 ], [ -58.377785843130837, -34.602047014703999 ] ] ] ] } },
{ "type": "Feature", "properties": { "id": 1, "isomin": 0.0, "isomax": 5.0, "id_punto": "4_36", "sector": 4.0 }, "geometry": { "type": "MultiPolygon", "coordinates": [ [ [ [ -58.379671947710314, -34.598002666958649 ], [ -58.379799912850494, -34.598108002185661 ], [ -58.379853792909508, -34.598424007065248 ], [ -58.379895886705619, -34.598740010742503 ], [ -58.380055843130833, -34.598871678586555 ], [ -58.380439738551438, -34.598898012130306 ], [ -58.380823633971964, -34.598950679192804 ], [ -58.380951599112166, -34.599056013217563 ], [ -58.380823633971964, -34.59916134710874 ], [ -58.380439738551438, -34.599214014004247 ], [ -58.380055843130833, -34.599240347439448 ], [ -58.379942932713035, -34.599372014490321 ], [ -58.379957408407627, -34.599688014560854 ], [ -58.380055843130833, -34.599767014390643 ], [ -58.380439738551438, -34.599775792144861 ], [ -58.380716996355154, -34.600004013429064 ], [ -58.380823633971964, -34.600105948291407 ], [ -58.380990545024396, -34.600004013429064 ], [ -58.381036909205633, -34.599688014560854 ], [ -58.381118938141661, -34.599372014490321 ], [ -58.381207529392576, -34.599299091226385 ], [ -58.381296120643455, -34.599372014490321 ], [ -58.381378149579461, -34.599688014560854 ], [ -58.381591424813088, -34.599846014145264 ], [ -58.381975320233693, -34.599688014560854 ], [ -58.382103285373873, -34.600004013429064 ], [ -58.382359215654212, -34.600291284084236 ], [ -58.382394115237901, -34.6003200110951 ], [ -58.382423198224309, -34.600636007558734 ], [ -58.382503176436941, -34.600952002820193 ], [ -58.382743111074817, -34.60113788182408 ], [ -58.38312700649535, -34.601215331286248 ], [ -58.383190989065447, -34.60126799687928 ], [ -58.383190989065447, -34.601583989736113 ], [ -58.38312700649535, -34.601636655095355 ], [ -58.38306302392526, -34.601583989736113 ], [ -58.382743111074817, -34.601398111730639 ], [ -58.38256030373168, -34.601583989736113 ], [ -58.382503176436941, -34.601899981390595 ], [ -58.382423198224309, -34.602215971842853 ], [ -58.382359215654212, -34.60226863680132 ], [ -58.381975320233693, -34.60253196109273 ], [ -58.381975320233693, -34.60253196109273 ], [ -58.381591424813088, -34.602622243514737 ], [ -58.381207529392576, -34.602847949140333 ], [ -58.381207529392576, -34.602847949140333 ], [ -58.38085853355566, -34.603163935985592 ], [ -58.380823633971964, -34.603192662002797 ], [ -58.38078873438829, -34.603163935985592 ], [ -58.3807139495661, -34.602847949140333 ], [ -58.380439738551438, -34.602738987880436 ], [ -58.380055843130833, -34.602755011604103 ], [ -58.379942932713035, -34.602847949140333 ], [ -58.379927877990653, -34.603163935985592 ], [ -58.380055843130833, -34.603361427153345 ], [ -58.380199803913555, -34.603479921628569 ], [ -58.380055843130833, -34.603598415934663 ], [ -58.379671947710314, -34.603645437437862 ], [ -58.37948, -34.603795906069145 ], [ -58.379416017429911, -34.604111889307447 ], [ -58.379288052289709, -34.604427871343347 ], [ -58.379160087149536, -34.604111889307447 ], [ -58.379096104579446, -34.603795906069145 ], [ -58.37890415686919, -34.603598415934663 ], [ -58.378520261448585, -34.603532585785487 ], [ -58.378456278878495, -34.603479921628569 ], [ -58.378520261448585, -34.60342725743822 ], [ -58.37890415686919, -34.603361427153345 ], [ -58.379288052289709, -34.603314405489336 ], [ -58.379416017429911, -34.603163935985592 ], [ -58.379400962707528, -34.602847949140333 ], [ -58.379288052289709, -34.60276254708387 ], [ -58.37890415686919, -34.60274920300462 ], [ -58.378520261448585, -34.602730916670303 ], [ -58.378264331168232, -34.602847949140333 ], [ -58.378171265611734, -34.603163935985592 ], [ -58.378136366028059, -34.603192662002797 ], [ -58.378101466444363, -34.603163935985592 ], [ -58.378008400887857, -34.602847949140333 ], [ -58.377944418317753, -34.60253196109273 ], [ -58.377752470607454, -34.60235641165788 ], [ -58.377368575186935, -34.602306254608358 ], [ -58.377258890781043, -34.602215971842853 ], [ -58.377368575186935, -34.602125688979179 ], [ -58.377752470607454, -34.602075531790291 ], [ -58.377884848338702, -34.601899981390595 ], [ -58.377865381025288, -34.601583989736113 ], [ -58.377752470607454, -34.60149105078537 ], [ -58.377368575186935, -34.601478658917422 ], [ -58.376984679766331, -34.60145759273766 ], [ -58.376728749485991, -34.601583989736113 ], [ -58.376600784345811, -34.601899981390595 ], [ -58.37647281920561, -34.601583989736113 ], [ -58.376408836635513, -34.60126799687928 ], [ -58.376216888925207, -34.601057334306795 ], [ -58.37583299350468, -34.600952002820193 ], [ -58.376216888925207, -34.60084667119996 ], [ -58.37647281920561, -34.600636007558734 ], [ -58.376600784345811, -34.600530675537776 ], [ -58.376728749485991, -34.600636007558734 ], [ -58.376782629545005, -34.600952002820193 ], [ -58.376984679766331, -34.601078400588086 ], [ -58.377368575186935, -34.601057334306795 ], [ -58.377752470607454, -34.601044942374145 ], [ -58.377862155013339, -34.600952002820193 ], [ -58.377876307839912, -34.600636007558734 ], [ -58.377900122692303, -34.6003200110951 ], [ -58.377752470607454, -34.600169536165993 ], [ -58.377368575186935, -34.600134130260692 ], [ -58.376984679766331, -34.6003200110951 ], [ -58.37692069719624, -34.600004013429064 ], [ -58.376984679766331, -34.599951347034541 ], [ -58.377368575186935, -34.599873896393653 ], [ -58.377752470607454, -34.59983849036233 ], [ -58.377935277950591, -34.599688014560854 ], [ -58.377978291443107, -34.599372014490321 ], [ -58.378072383457955, -34.599056013217563 ], [ -58.378136366028059, -34.599003346221885 ], [ -58.378520261448585, -34.598983089676182 ], [ -58.37890415686919, -34.598915567821521 ], [ -58.379288052289709, -34.598883648380216 ], [ -58.379448008714959, -34.598740010742503 ], [ -58.379490102511085, -34.598424007065248 ], [ -58.379543982570112, -34.598108002185661 ], [ -58.379671947710314, -34.598002666958649 ] ], [ [ -58.378520261448585, -34.599128936694903 ], [ -58.37890415686919, -34.599196458376106 ], [ -58.379288052289709, -34.599228377697216 ], [ -58.379400962707528, -34.599372014490321 ], [ -58.379386487012944, -34.599688014560854 ], [ -58.379288052289709, -34.599767014390643 ], [ -58.37890415686919, -34.599778300074469 ], [ -58.378520261448585, -34.599789949810997 ], [ -58.37833745410547, -34.599688014560854 ], [ -58.378294440612983, -34.599372014490321 ], [ -58.378520261448585, -34.599128936694903 ] ], [ [ -58.378520261448585, -34.60021807649548 ], [ -58.378633171866412, -34.6003200110951 ], [ -58.37890415686919, -34.600543067547164 ], [ -58.379175141871912, -34.6003200110951 ], [ -58.379288052289709, -34.600241011791304 ], [ -58.379368030502334, -34.6003200110951 ], [ -58.379360485387942, -34.600636007558734 ], [ -58.379354241155326, -34.600952002820193 ], [ -58.379288052289709, -34.601011624432793 ], [ -58.37890415686919, -34.601016491501326 ], [ -58.378520261448585, -34.601023819757373 ], [ -58.378410577042722, -34.600952002820193 ], [ -58.378396424216149, -34.600636007558734 ], [ -58.378372609363765, -34.6003200110951 ], [ -58.378520261448585, -34.60021807649548 ] ], [ [ -58.380055843130833, -34.600241011791304 ], [ -58.380439738551438, -34.600232234086242 ], [ -58.380563575783874, -34.6003200110951 ], [ -58.380823633971964, -34.600534073346985 ], [ -58.380960739479335, -34.600636007558734 ], [ -58.380939965917605, -34.600952002820193 ], [ -58.380823633971964, -34.601027239609962 ], [ -58.380439738551438, -34.601019235699404 ], [ -58.380055843130833, -34.601012771001841 ], [ -58.379989654265223, -34.600952002820193 ], [ -58.379983410032622, -34.600636007558734 ], [ -58.379975864918229, -34.6003200110951 ], [ -58.380055843130833, -34.600241011791304 ] ], [ [ -58.381975320233693, -34.60043850990985 ], [ -58.382295233084136, -34.600636007558734 ], [ -58.382215254871525, -34.600952002820193 ], [ -58.381975320233693, -34.601073539139037 ], [ -58.381815363808442, -34.600952002820193 ], [ -58.381783372523394, -34.600636007558734 ], [ -58.381975320233693, -34.60043850990985 ] ], [ [ -58.379377330294496, -34.602215971842853 ], [ -58.379288052289709, -34.602301374461383 ], [ -58.37890415686919, -34.60231471861259 ], [ -58.378520261448585, -34.60233300503856 ], [ -58.378366703280371, -34.602215971842853 ], [ -58.378387883717366, -34.601899981390595 ], [ -58.378407351030781, -34.601583989736113 ], [ -58.378520261448585, -34.601512173283318 ], [ -58.378605571542053, -34.601583989736113 ], [ -58.378613894477994, -34.601899981390595 ], [ -58.37890415686919, -34.602138901111715 ], [ -58.379194419260315, -34.601899981390595 ], [ -58.379288052289709, -34.601835493395491 ], [ -58.379368030502334, -34.601899981390595 ], [ -58.379377330294496, -34.602215971842853 ] ], [ [ -58.379983410032622, -34.601583989736113 ], [ -58.380055843130833, -34.601523221972414 ], [ -58.380439738551438, -34.601516757314066 ], [ -58.380823633971964, -34.601508753450673 ], [ -58.380933318377856, -34.601583989736113 ], [ -58.380951599112166, -34.601899981390595 ], [ -58.380971286056806, -34.602215971842853 ], [ -58.380823633971964, -34.602347634176425 ], [ -58.380439738551438, -34.602324933788964 ], [ -58.380055843130833, -34.602308909982341 ], [ -58.379966565126054, -34.602215971842853 ], [ -58.379975864918229, -34.601899981390595 ], [ -58.379983410032622, -34.601583989736113 ] ] ] ] } }
]
}
