{
"type": "FeatureCollection",
"name": "puntos_aleatorios_tot",
"crs": { "type": "name", "properties": { "name": "urn:ogc:def:crs:EPSG::22185" } },
"features": [
{ "type": "Feature", "properties": { "sector": 0.0, "viviendas": 12569.0, "area_km2_s": 0.6999, "densidad_viviendas": 17958.279754250609, "id_punto": "0_1" }, "geometry": { "type": "Point", "coordinates": [ 5648719.215664655901492, 6172516.11638230830431 ] } },
{ "type": "Feature", "properties": { "sector": 0.0, "viviendas": 12569.0, "area_km2_s": 0.6999, "densidad_viviendas": 17958.279754250609, "id_punto": "0_2" }, "geometry": { "type": "Point", "coordinates": [ 5648745.070274353027344, 6172668.663180140778422 ] } },
{ "type": "Feature", "properties": { "sector": 0.0, "viviendas": 12569.0, "area_km2_s": 0.6999, "densidad_viviendas": 17958.279754250609, "id_punto": "0_3" }, "geometry": { "type": "Point", "coordinates": [ 5648640.345686985179782, 6172358.373534130863845 ] } },
{ "type": "Feature", "properties": { "sector": 0.0, "viviendas": 12569.0, "area_km2_s": 0.6999, "densidad_viviendas": 17958.279754250609, "id_punto": "0_4" }, "geometry": { "type": "Point", "coordinates": [ 5648121.548036022111773, 6172617.515309941023588 ] } },
{ "type": "Feature", "properties": { "sector": 0.0, "viviendas": 12569.0, "area_km2_s": 0.6999, "densidad_viviendas": 17958.279754250609, "id_punto": "0_5" }, "geometry": { "type": "Point", "coordinates": [ 5648804.607003705576062, 6172259.894002978689969 ] } },
{ "type": "Feature", "properties": { "sector": 0.0, "viviendas": 12569.0, "area_km2_s": 0.6999, "densidad_viviendas": 17958.279754250609, "id_punto": "0_6" }, "geometry": { "type": "Point", "coordinates": [ 5648919.862060820683837, 6172350.585910198278725 ] } },
{ "type": "Feature", "properties": { "sector": 0.0, "viviendas": 12569.0, "area_km2_s": 0.6999, "densidad_viviendas": 17958.279754250609, "id_punto": "0_7" }, "geometry": { "type": "Point", "coordinates": [ 5648170.915385249070823, 6172979.360153551213443 ] } },
{ "type": "Feature", "properties": { "sector": 0.0, "viviendas": 12569.0, "area_km2_s": 0.6999, "densidad_viviendas": 17958.279754250609, "id_punto": "0_8" }, "geometry": { "type": "Point", "coordinates": [ 5648334.840008597820997, 6172523.786957358010113 ] } },
{ "type": "Feature", "properties": { "sector": 0.0, "viviendas": 12569.0, "area_km2_s": 0.6999, "densidad_viviendas": 17958.279754250609, "id_punto": "0_9" }, "geometry": { "type": "Point", "coordinates": [ 5648257.099388773553073, 6172959.266382817178965 ] } },
{ "type": "Feature", "properties": { "sector": 0.0, "viviendas": 12569.0, "area_km2_s": 0.6999, "densidad_viviendas": 17958.279754250609, "id_punto": "0_10" }, "geometry": { "type": "Point", "coordinates": [ 5648381.881083801388741, 6172791.976302893832326 ] } },
{ "type": "Feature", "properties": { "sector": 0.0, "viviendas": 12569.0, "area_km2_s": 0.6999, "densidad_viviendas": 17958.279754250609, "id_punto": "0_11" }, "geometry": { "type": "Point", "coordinates": [ 5648911.098679756745696, 6172727.055425932630897 ] } },
{ "type": "Feature", "properties": { "sector": 0.0, "viviendas": 12569.0, "area_km2_s": 0.6999, "densidad_viviendas": 17958.279754250609, "id_punto": "0_12" }, "geometry": { "type": "Point", "coordinates": [ 5648761.076359160244465, 6172249.610349152237177 ] } },
{ "type": "Feature", "properties": { "sector": 0.0, "viviendas": 12569.0, "area_km2_s": 0.6999, "densidad_viviendas": 17958.279754250609, "id_punto": "0_13" }, "geometry": { "type": "Point", "coordinates": [ 5648980.901356752961874, 6172715.218661013059318 ] } },
{ "type": "Feature", "properties": { "sector": 0.0, "viviendas": 12569.0, "area_km2_s": 0.6999, "densidad_viviendas": 17958.279754250609, "id_punto": "0_14" }, "geometry": { "type": "Point", "coordinates": [ 5648913.084334639832377, 6172125.837776356376708 ] } },
{ "type": "Feature", "properties": { "sector": 0.0, "viviendas": 12569.0, "area_km2_s": 0.6999, "densidad_viviendas": 17958.279754250609, "id_punto": "0_15" }, "geometry": { "type": "Point", "coordinates": [ 5648837.739045077003539, 6172475.202809877693653 ] } },
{ "type": "Feature", "properties": { "sector": 0.0, "viviendas": 12569.0, "area_km2_s": 0.6999, "densidad_viviendas": 17958.279754250609, "id_punto": "0_16" }, "geometry": { "type": "Point", "coordinates": [ 5648004.104388027451932, 6172708.389059713110328 ] } },
{ "type": "Feature", "properties": { "sector": 0.0, "viviendas": 12569.0, "area_km2_s": 0.6999, "densidad_viviendas": 17958.279754250609, "id_punto": "0_17" }, "geometry": { "type": "Point", "coordinates": [ 5648340.114095266908407, 6172971.450554145500064 ] } },
{ "type": "Feature", "properties": { "sector": 0.0, "viviendas": 12569.0, "area_km2_s": 0.6999, "densidad_viviendas": 17958.279754250609, "id_punto": "0_18" }, "geometry": { "type": "Point", "coordinates": [ 5648369.450764884240925, 6172729.258756287395954 ] } },
{ "type": "Feature", "properties": { "sector": 0.0, "viviendas": 12569.0, "area_km2_s": 0.6999, "densidad_viviendas": 17958.279754250609, "id_punto": "0_19" }, "geometry": { "type": "Point", "coordinates": [ 5648214.01290356554091, 6172982.781661647371948 ] } },
{ "type": "Feature", "properties": { "sector": 0.0, "viviendas": 12569.0, "area_km2_s": 0.6999, "densidad_viviendas": 17958.279754250609, "id_punto": "0_20" }, "geometry": { "type": "Point", "coordinates": [ 5648174.644540531560779, 6172880.615687410347164 ] } },
{ "type": "Feature", "properties": { "sector": 0.0, "viviendas": 12569.0, "area_km2_s": 0.6999, "densidad_viviendas": 17958.279754250609, "id_punto": "0_21" }, "geometry": { "type": "Point", "coordinates": [ 5648960.406774892471731, 6172235.490900795906782 ] } },
{ "type": "Feature", "properties": { "sector": 0.0, "viviendas": 12569.0, "area_km2_s": 0.6999, "densidad_viviendas": 17958.279754250609, "id_punto": "0_22" }, "geometry": { "type": "Point", "coordinates": [ 5648423.691743751987815, 6172629.065103518776596 ] } },
{ "type": "Feature", "properties": { "sector": 0.0, "viviendas": 12569.0, "area_km2_s": 0.6999, "densidad_viviendas": 17958.279754250609, "id_punto": "0_23" }, "geometry": { "type": "Point", "coordinates": [ 5648650.291766777634621, 6172164.461885726079345 ] } },
{ "type": "Feature", "properties": { "sector": 0.0, "viviendas": 12569.0, "area_km2_s": 0.6999, "densidad_viviendas": 17958.279754250609, "id_punto": "0_24" }, "geometry": { "type": "Point", "coordinates": [ 5648195.823427385650575, 6172596.528836693614721 ] } },
{ "type": "Feature", "properties": { "sector": 0.0, "viviendas": 12569.0, "area_km2_s": 0.6999, "densidad_viviendas": 17958.279754250609, "id_punto": "0_25" }, "geometry": { "type": "Point", "coordinates": [ 5648328.279713105410337, 6172937.94838267378509 ] } },
{ "type": "Feature", "properties": { "sector": 0.0, "viviendas": 12569.0, "area_km2_s": 0.6999, "densidad_viviendas": 17958.279754250609, "id_punto": "0_26" }, "geometry": { "type": "Point", "coordinates": [ 5648855.45381957385689, 6172489.580940345302224 ] } },
{ "type": "Feature", "properties": { "sector": 0.0, "viviendas": 12569.0, "area_km2_s": 0.6999, "densidad_viviendas": 17958.279754250609, "id_punto": "0_27" }, "geometry": { "type": "Point", "coordinates": [ 5648173.704483442939818, 6172826.51455619931221 ] } },
{ "type": "Feature", "properties": { "sector": 0.0, "viviendas": 12569.0, "area_km2_s": 0.6999, "densidad_viviendas": 17958.279754250609, "id_punto": "0_28" }, "geometry": { "type": "Point", "coordinates": [ 5648153.120448134839535, 6172941.086253412999213 ] } },
{ "type": "Feature", "properties": { "sector": 0.0, "viviendas": 12569.0, "area_km2_s": 0.6999, "densidad_viviendas": 17958.279754250609, "id_punto": "0_29" }, "geometry": { "type": "Point", "coordinates": [ 5648803.419352614320815, 6172351.371413474902511 ] } },
{ "type": "Feature", "properties": { "sector": 0.0, "viviendas": 12569.0, "area_km2_s": 0.6999, "densidad_viviendas": 17958.279754250609, "id_punto": "0_30" }, "geometry": { "type": "Point", "coordinates": [ 5648774.487458688206971, 6172093.200776758603752 ] } },
{ "type": "Feature", "properties": { "sector": 0.0, "viviendas": 12569.0, "area_km2_s": 0.6999, "densidad_viviendas": 17958.279754250609, "id_punto": "0_31" }, "geometry": { "type": "Point", "coordinates": [ 5648883.4900221247226, 6172473.902392271906137 ] } },
{ "type": "Feature", "properties": { "sector": 0.0, "viviendas": 12569.0, "area_km2_s": 0.6999, "densidad_viviendas": 17958.279754250609, "id_punto": "0_32" }, "geometry": { "type": "Point", "coordinates": [ 5648516.156524953432381, 6172660.95785057451576 ] } },
{ "type": "Feature", "properties": { "sector": 0.0, "viviendas": 12569.0, "area_km2_s": 0.6999, "densidad_viviendas": 17958.279754250609, "id_punto": "0_33" }, "geometry": { "type": "Point", "coordinates": [ 5648967.189385710284114, 6172631.687095703557134 ] } },
{ "type": "Feature", "properties": { "sector": 0.0, "viviendas": 12569.0, "area_km2_s": 0.6999, "densidad_viviendas": 17958.279754250609, "id_punto": "0_34" }, "geometry": { "type": "Point", "coordinates": [ 5648326.213206852786243, 6172587.095965904183686 ] } },
{ "type": "Feature", "properties": { "sector": 0.0, "viviendas": 12569.0, "area_km2_s": 0.6999, "densidad_viviendas": 17958.279754250609, "id_punto": "0_35" }, "geometry": { "type": "Point", "coordinates": [ 5647760.123120130039752, 6172861.343116598203778 ] } },
{ "type": "Feature", "properties": { "sector": 0.0, "viviendas": 12569.0, "area_km2_s": 0.6999, "densidad_viviendas": 17958.279754250609, "id_punto": "0_36" }, "geometry": { "type": "Point", "coordinates": [ 5648047.660053810104728, 6172762.333067349158227 ] } },
{ "type": "Feature", "properties": { "sector": 0.0, "viviendas": 12569.0, "area_km2_s": 0.6999, "densidad_viviendas": 17958.279754250609, "id_punto": "0_37" }, "geometry": { "type": "Point", "coordinates": [ 5648875.082405229099095, 6172680.960490719415247 ] } },
{ "type": "Feature", "properties": { "sector": 0.0, "viviendas": 12569.0, "area_km2_s": 0.6999, "densidad_viviendas": 17958.279754250609, "id_punto": "0_38" }, "geometry": { "type": "Point", "coordinates": [ 5649071.246870656497777, 6171931.140202809125185 ] } },
{ "type": "Feature", "properties": { "sector": 0.0, "viviendas": 12569.0, "area_km2_s": 0.6999, "densidad_viviendas": 17958.279754250609, "id_punto": "0_39" }, "geometry": { "type": "Point", "coordinates": [ 5648289.527960885316133, 6172968.447768861427903 ] } },
{ "type": "Feature", "properties": { "sector": 0.0, "viviendas": 12569.0, "area_km2_s": 0.6999, "densidad_viviendas": 17958.279754250609, "id_punto": "0_40" }, "geometry": { "type": "Point", "coordinates": [ 5648602.570420079864562, 6172475.248947433196008 ] } },
{ "type": "Feature", "properties": { "sector": 0.0, "viviendas": 12569.0, "area_km2_s": 0.6999, "densidad_viviendas": 17958.279754250609, "id_punto": "0_41" }, "geometry": { "type": "Point", "coordinates": [ 5648231.683837131597102, 6172760.524516509845853 ] } },
{ "type": "Feature", "properties": { "sector": 0.0, "viviendas": 12569.0, "area_km2_s": 0.6999, "densidad_viviendas": 17958.279754250609, "id_punto": "0_42" }, "geometry": { "type": "Point", "coordinates": [ 5648267.082155422307551, 6172775.242447116412222 ] } },
{ "type": "Feature", "properties": { "sector": 0.0, "viviendas": 12569.0, "area_km2_s": 0.6999, "densidad_viviendas": 17958.279754250609, "id_punto": "0_43" }, "geometry": { "type": "Point", "coordinates": [ 5648537.508788485080004, 6172691.552205396816134 ] } },
{ "type": "Feature", "properties": { "sector": 0.0, "viviendas": 12569.0, "area_km2_s": 0.6999, "densidad_viviendas": 17958.279754250609, "id_punto": "0_44" }, "geometry": { "type": "Point", "coordinates": [ 5648889.029780269600451, 6172573.244801251217723 ] } },
{ "type": "Feature", "properties": { "sector": 0.0, "viviendas": 12569.0, "area_km2_s": 0.6999, "densidad_viviendas": 17958.279754250609, "id_punto": "0_45" }, "geometry": { "type": "Point", "coordinates": [ 5648331.777704633772373, 6172528.656624224036932 ] } },
{ "type": "Feature", "properties": { "sector": 0.0, "viviendas": 12569.0, "area_km2_s": 0.6999, "densidad_viviendas": 17958.279754250609, "id_punto": "0_46" }, "geometry": { "type": "Point", "coordinates": [ 5648899.633674030192196, 6172764.998167130164802 ] } },
{ "type": "Feature", "properties": { "sector": 0.0, "viviendas": 12569.0, "area_km2_s": 0.6999, "densidad_viviendas": 17958.279754250609, "id_punto": "0_47" }, "geometry": { "type": "Point", "coordinates": [ 5648766.467839096672833, 6172124.543431038968265 ] } },
{ "type": "Feature", "properties": { "sector": 0.0, "viviendas": 12569.0, "area_km2_s": 0.6999, "densidad_viviendas": 17958.279754250609, "id_punto": "0_48" }, "geometry": { "type": "Point", "coordinates": [ 5648680.960296550765634, 6172605.329141225665808 ] } },
{ "type": "Feature", "properties": { "sector": 0.0, "viviendas": 12569.0, "area_km2_s": 0.6999, "densidad_viviendas": 17958.279754250609, "id_punto": "0_49" }, "geometry": { "type": "Point", "coordinates": [ 5648262.870470681227744, 6172915.248736419714987 ] } },
{ "type": "Feature", "properties": { "sector": 0.0, "viviendas": 12569.0, "area_km2_s": 0.6999, "densidad_viviendas": 17958.279754250609, "id_punto": "0_50" }, "geometry": { "type": "Point", "coordinates": [ 5649117.565736514516175, 6171896.71650901902467 ] } },
{ "type": "Feature", "properties": { "sector": 0.0, "viviendas": 12569.0, "area_km2_s": 0.6999, "densidad_viviendas": 17958.279754250609, "id_punto": "0_51" }, "geometry": { "type": "Point", "coordinates": [ 5648619.266104044392705, 6172593.285004921257496 ] } },
{ "type": "Feature", "properties": { "sector": 0.0, "viviendas": 12569.0, "area_km2_s": 0.6999, "densidad_viviendas": 17958.279754250609, "id_punto": "0_52" }, "geometry": { "type": "Point", "coordinates": [ 5648161.163391440175474, 6172790.895307273603976 ] } },
{ "type": "Feature", "properties": { "sector": 0.0, "viviendas": 12569.0, "area_km2_s": 0.6999, "densidad_viviendas": 17958.279754250609, "id_punto": "0_53" }, "geometry": { "type": "Point", "coordinates": [ 5648640.687898296862841, 6172316.895413801074028 ] } },
{ "type": "Feature", "properties": { "sector": 0.0, "viviendas": 12569.0, "area_km2_s": 0.6999, "densidad_viviendas": 17958.279754250609, "id_punto": "0_54" }, "geometry": { "type": "Point", "coordinates": [ 5648448.375628872774541, 6172622.843917487189174 ] } },
{ "type": "Feature", "properties": { "sector": 0.0, "viviendas": 12569.0, "area_km2_s": 0.6999, "densidad_viviendas": 17958.279754250609, "id_punto": "0_55" }, "geometry": { "type": "Point", "coordinates": [ 5648096.043625817634165, 6172603.53528177831322 ] } },
{ "type": "Feature", "properties": { "sector": 0.0, "viviendas": 12569.0, "area_km2_s": 0.6999, "densidad_viviendas": 17958.279754250609, "id_punto": "0_56" }, "geometry": { "type": "Point", "coordinates": [ 5648176.531906608492136, 6172730.827114094980061 ] } },
{ "type": "Feature", "properties": { "sector": 0.0, "viviendas": 12569.0, "area_km2_s": 0.6999, "densidad_viviendas": 17958.279754250609, "id_punto": "0_57" }, "geometry": { "type": "Point", "coordinates": [ 5648684.320662363432348, 6172198.787932676263154 ] } },
{ "type": "Feature", "properties": { "sector": 0.0, "viviendas": 12569.0, "area_km2_s": 0.6999, "densidad_viviendas": 17958.279754250609, "id_punto": "0_58" }, "geometry": { "type": "Point", "coordinates": [ 5648604.155386634171009, 6172372.775342165492475 ] } },
{ "type": "Feature", "properties": { "sector": 0.0, "viviendas": 12569.0, "area_km2_s": 0.6999, "densidad_viviendas": 17958.279754250609, "id_punto": "0_59" }, "geometry": { "type": "Point", "coordinates": [ 5648035.756526296958327, 6172930.88023544754833 ] } },
{ "type": "Feature", "properties": { "sector": 0.0, "viviendas": 12569.0, "area_km2_s": 0.6999, "densidad_viviendas": 17958.279754250609, "id_punto": "0_60" }, "geometry": { "type": "Point", "coordinates": [ 5648652.633749821223319, 6172323.131528084166348 ] } },
{ "type": "Feature", "properties": { "sector": 0.0, "viviendas": 12569.0, "area_km2_s": 0.6999, "densidad_viviendas": 17958.279754250609, "id_punto": "0_61" }, "geometry": { "type": "Point", "coordinates": [ 5648314.473051878623664, 6172823.420842126011848 ] } },
{ "type": "Feature", "properties": { "sector": 0.0, "viviendas": 12569.0, "area_km2_s": 0.6999, "densidad_viviendas": 17958.279754250609, "id_punto": "0_62" }, "geometry": { "type": "Point", "coordinates": [ 5648249.013183580711484, 6172666.261581531725824 ] } },
{ "type": "Feature", "properties": { "sector": 0.0, "viviendas": 12569.0, "area_km2_s": 0.6999, "densidad_viviendas": 17958.279754250609, "id_punto": "0_63" }, "geometry": { "type": "Point", "coordinates": [ 5647922.542722500860691, 6172709.66808201558888 ] } },
{ "type": "Feature", "properties": { "sector": 0.0, "viviendas": 12569.0, "area_km2_s": 0.6999, "densidad_viviendas": 17958.279754250609, "id_punto": "0_64" }, "geometry": { "type": "Point", "coordinates": [ 5648059.977961922064424, 6172766.450440868735313 ] } },
{ "type": "Feature", "properties": { "sector": 0.0, "viviendas": 12569.0, "area_km2_s": 0.6999, "densidad_viviendas": 17958.279754250609, "id_punto": "0_65" }, "geometry": { "type": "Point", "coordinates": [ 5648776.830341190099716, 6172196.547830974683166 ] } },
{ "type": "Feature", "properties": { "sector": 0.0, "viviendas": 12569.0, "area_km2_s": 0.6999, "densidad_viviendas": 17958.279754250609, "id_punto": "0_66" }, "geometry": { "type": "Point", "coordinates": [ 5648325.310013265348971, 6172594.284029940143228 ] } },
{ "type": "Feature", "properties": { "sector": 0.0, "viviendas": 12569.0, "area_km2_s": 0.6999, "densidad_viviendas": 17958.279754250609, "id_punto": "0_67" }, "geometry": { "type": "Point", "coordinates": [ 5648797.241016060113907, 6172605.158194737508893 ] } },
{ "type": "Feature", "properties": { "sector": 0.0, "viviendas": 12569.0, "area_km2_s": 0.6999, "densidad_viviendas": 17958.279754250609, "id_punto": "0_68" }, "geometry": { "type": "Point", "coordinates": [ 5648301.964696407318115, 6172768.217608698643744 ] } },
{ "type": "Feature", "properties": { "sector": 0.0, "viviendas": 12569.0, "area_km2_s": 0.6999, "densidad_viviendas": 17958.279754250609, "id_punto": "0_69" }, "geometry": { "type": "Point", "coordinates": [ 5648582.698379669338465, 6172670.224912988953292 ] } },
{ "type": "Feature", "properties": { "sector": 0.0, "viviendas": 12569.0, "area_km2_s": 0.6999, "densidad_viviendas": 17958.279754250609, "id_punto": "0_70" }, "geometry": { "type": "Point", "coordinates": [ 5648817.460862559266388, 6172176.364416790194809 ] } },
{ "type": "Feature", "properties": { "sector": 0.0, "viviendas": 12569.0, "area_km2_s": 0.6999, "densidad_viviendas": 17958.279754250609, "id_punto": "0_71" }, "geometry": { "type": "Point", "coordinates": [ 5648681.527356798760593, 6172412.749436720274389 ] } },
{ "type": "Feature", "properties": { "sector": 0.0, "viviendas": 12569.0, "area_km2_s": 0.6999, "densidad_viviendas": 17958.279754250609, "id_punto": "0_72" }, "geometry": { "type": "Point", "coordinates": [ 5648551.784924956969917, 6172748.567652716301382 ] } },
{ "type": "Feature", "properties": { "sector": 0.0, "viviendas": 12569.0, "area_km2_s": 0.6999, "densidad_viviendas": 17958.279754250609, "id_punto": "0_73" }, "geometry": { "type": "Point", "coordinates": [ 5648073.402722036466002, 6172787.993725532665849 ] } },
{ "type": "Feature", "properties": { "sector": 0.0, "viviendas": 12569.0, "area_km2_s": 0.6999, "densidad_viviendas": 17958.279754250609, "id_punto": "0_74" }, "geometry": { "type": "Point", "coordinates": [ 5647966.044289735145867, 6172688.038275480270386 ] } },
{ "type": "Feature", "properties": { "sector": 0.0, "viviendas": 12569.0, "area_km2_s": 0.6999, "densidad_viviendas": 17958.279754250609, "id_punto": "0_75" }, "geometry": { "type": "Point", "coordinates": [ 5648559.857867211103439, 6172750.19989122916013 ] } },
{ "type": "Feature", "properties": { "sector": 0.0, "viviendas": 12569.0, "area_km2_s": 0.6999, "densidad_viviendas": 17958.279754250609, "id_punto": "0_76" }, "geometry": { "type": "Point", "coordinates": [ 5648756.317513133399189, 6172222.489661304280162 ] } },
{ "type": "Feature", "properties": { "sector": 0.0, "viviendas": 12569.0, "area_km2_s": 0.6999, "densidad_viviendas": 17958.279754250609, "id_punto": "0_77" }, "geometry": { "type": "Point", "coordinates": [ 5648865.841033579781651, 6172405.60186364594847 ] } },
{ "type": "Feature", "properties": { "sector": 0.0, "viviendas": 12569.0, "area_km2_s": 0.6999, "densidad_viviendas": 17958.279754250609, "id_punto": "0_78" }, "geometry": { "type": "Point", "coordinates": [ 5648084.739662199281156, 6172911.03479871340096 ] } },
{ "type": "Feature", "properties": { "sector": 0.0, "viviendas": 12569.0, "area_km2_s": 0.6999, "densidad_viviendas": 17958.279754250609, "id_punto": "0_79" }, "geometry": { "type": "Point", "coordinates": [ 5648533.056146159768105, 6172708.504995597526431 ] } },
{ "type": "Feature", "properties": { "sector": 0.0, "viviendas": 12569.0, "area_km2_s": 0.6999, "densidad_viviendas": 17958.279754250609, "id_punto": "0_80" }, "geometry": { "type": "Point", "coordinates": [ 5648965.505525167100132, 6171989.557519919238985 ] } },
{ "type": "Feature", "properties": { "sector": 0.0, "viviendas": 12569.0, "area_km2_s": 0.6999, "densidad_viviendas": 17958.279754250609, "id_punto": "0_81" }, "geometry": { "type": "Point", "coordinates": [ 5648317.578940125182271, 6172562.339436577633023 ] } },
{ "type": "Feature", "properties": { "sector": 0.0, "viviendas": 12569.0, "area_km2_s": 0.6999, "densidad_viviendas": 17958.279754250609, "id_punto": "0_82" }, "geometry": { "type": "Point", "coordinates": [ 5648776.507910022512078, 6172435.23703305143863 ] } },
{ "type": "Feature", "properties": { "sector": 0.0, "viviendas": 12569.0, "area_km2_s": 0.6999, "densidad_viviendas": 17958.279754250609, "id_punto": "0_83" }, "geometry": { "type": "Point", "coordinates": [ 5648508.17707004211843, 6172478.443579286336899 ] } },
{ "type": "Feature", "properties": { "sector": 0.0, "viviendas": 12569.0, "area_km2_s": 0.6999, "densidad_viviendas": 17958.279754250609, "id_punto": "0_84" }, "geometry": { "type": "Point", "coordinates": [ 5648610.36764869838953, 6172270.937907878309488 ] } },
{ "type": "Feature", "properties": { "sector": 0.0, "viviendas": 12569.0, "area_km2_s": 0.6999, "densidad_viviendas": 17958.279754250609, "id_punto": "0_85" }, "geometry": { "type": "Point", "coordinates": [ 5648201.790228637866676, 6172936.637610476464033 ] } },
{ "type": "Feature", "properties": { "sector": 0.0, "viviendas": 12569.0, "area_km2_s": 0.6999, "densidad_viviendas": 17958.279754250609, "id_punto": "0_86" }, "geometry": { "type": "Point", "coordinates": [ 5648220.490866810083389, 6172632.273897369392216 ] } },
{ "type": "Feature", "properties": { "sector": 0.0, "viviendas": 12569.0, "area_km2_s": 0.6999, "densidad_viviendas": 17958.279754250609, "id_punto": "0_87" }, "geometry": { "type": "Point", "coordinates": [ 5647752.24026957154274, 6172846.913816519081593 ] } },
{ "type": "Feature", "properties": { "sector": 0.0, "viviendas": 12569.0, "area_km2_s": 0.6999, "densidad_viviendas": 17958.279754250609, "id_punto": "0_88" }, "geometry": { "type": "Point", "coordinates": [ 5647909.001280843280256, 6172763.630339808762074 ] } },
{ "type": "Feature", "properties": { "sector": 0.0, "viviendas": 12569.0, "area_km2_s": 0.6999, "densidad_viviendas": 17958.279754250609, "id_punto": "0_89" }, "geometry": { "type": "Point", "coordinates": [ 5648880.269152630120516, 6172200.628309416584671 ] } },
{ "type": "Feature", "properties": { "sector": 0.0, "viviendas": 12569.0, "area_km2_s": 0.6999, "densidad_viviendas": 17958.279754250609, "id_punto": "0_90" }, "geometry": { "type": "Point", "coordinates": [ 5648733.353824897669256, 6172578.71043919865042 ] } },
{ "type": "Feature", "properties": { "sector": 0.0, "viviendas": 12569.0, "area_km2_s": 0.6999, "densidad_viviendas": 17958.279754250609, "id_punto": "0_91" }, "geometry": { "type": "Point", "coordinates": [ 5647728.25755971763283, 6172961.252099733799696 ] } },
{ "type": "Feature", "properties": { "sector": 0.0, "viviendas": 12569.0, "area_km2_s": 0.6999, "densidad_viviendas": 17958.279754250609, "id_punto": "0_92" }, "geometry": { "type": "Point", "coordinates": [ 5648013.915417697280645, 6172849.558403912000358 ] } },
{ "type": "Feature", "properties": { "sector": 0.0, "viviendas": 12569.0, "area_km2_s": 0.6999, "densidad_viviendas": 17958.279754250609, "id_punto": "0_93" }, "geometry": { "type": "Point", "coordinates": [ 5648769.865548437461257, 6172162.162105195224285 ] } },
{ "type": "Feature", "properties": { "sector": 0.0, "viviendas": 12569.0, "area_km2_s": 0.6999, "densidad_viviendas": 17958.279754250609, "id_punto": "0_94" }, "geometry": { "type": "Point", "coordinates": [ 5648136.146736341528594, 6172866.729118059389293 ] } },
{ "type": "Feature", "properties": { "sector": 0.0, "viviendas": 12569.0, "area_km2_s": 0.6999, "densidad_viviendas": 17958.279754250609, "id_punto": "0_95" }, "geometry": { "type": "Point", "coordinates": [ 5648912.696903704665601, 6172020.858171057887375 ] } },
{ "type": "Feature", "properties": { "sector": 0.0, "viviendas": 12569.0, "area_km2_s": 0.6999, "densidad_viviendas": 17958.279754250609, "id_punto": "0_96" }, "geometry": { "type": "Point", "coordinates": [ 5647805.896454500034451, 6172749.176730539649725 ] } },
{ "type": "Feature", "properties": { "sector": 0.0, "viviendas": 12569.0, "area_km2_s": 0.6999, "densidad_viviendas": 17958.279754250609, "id_punto": "0_97" }, "geometry": { "type": "Point", "coordinates": [ 5648954.914993756450713, 6172531.945431650616229 ] } },
{ "type": "Feature", "properties": { "sector": 0.0, "viviendas": 12569.0, "area_km2_s": 0.6999, "densidad_viviendas": 17958.279754250609, "id_punto": "0_98" }, "geometry": { "type": "Point", "coordinates": [ 5648399.331252625212073, 6172863.643689897842705 ] } },
{ "type": "Feature", "properties": { "sector": 0.0, "viviendas": 12569.0, "area_km2_s": 0.6999, "densidad_viviendas": 17958.279754250609, "id_punto": "0_99" }, "geometry": { "type": "Point", "coordinates": [ 5648467.093452584929764, 6172690.259318053722382 ] } },
{ "type": "Feature", "properties": { "sector": 0.0, "viviendas": 12569.0, "area_km2_s": 0.6999, "densidad_viviendas": 17958.279754250609, "id_punto": "0_100" }, "geometry": { "type": "Point", "coordinates": [ 5648292.382503229193389, 6172974.113665673881769 ] } },
{ "type": "Feature", "properties": { "sector": 1.0, "viviendas": 15482.0, "area_km2_s": 0.747, "densidad_viviendas": 20725.568942436414, "id_punto": "1_101" }, "geometry": { "type": "Point", "coordinates": [ 5648457.052152327261865, 6171764.88264075666666 ] } },
{ "type": "Feature", "properties": { "sector": 1.0, "viviendas": 15482.0, "area_km2_s": 0.747, "densidad_viviendas": 20725.568942436414, "id_punto": "1_102" }, "geometry": { "type": "Point", "coordinates": [ 5647906.62193354871124, 6171671.619783968664706 ] } },
{ "type": "Feature", "properties": { "sector": 1.0, "viviendas": 15482.0, "area_km2_s": 0.747, "densidad_viviendas": 20725.568942436414, "id_punto": "1_103" }, "geometry": { "type": "Point", "coordinates": [ 5648293.162130447104573, 6171454.046265779994428 ] } },
{ "type": "Feature", "properties": { "sector": 1.0, "viviendas": 15482.0, "area_km2_s": 0.747, "densidad_viviendas": 20725.568942436414, "id_punto": "1_104" }, "geometry": { "type": "Point", "coordinates": [ 5647568.126057205721736, 6171579.946819864213467 ] } },
{ "type": "Feature", "properties": { "sector": 1.0, "viviendas": 15482.0, "area_km2_s": 0.747, "densidad_viviendas": 20725.568942436414, "id_punto": "1_105" }, "geometry": { "type": "Point", "coordinates": [ 5648325.037176365032792, 6171780.729735900647938 ] } },
{ "type": "Feature", "properties": { "sector": 1.0, "viviendas": 15482.0, "area_km2_s": 0.747, "densidad_viviendas": 20725.568942436414, "id_punto": "1_106" }, "geometry": { "type": "Point", "coordinates": [ 5648420.235829302109778, 6171771.23458859231323 ] } },
{ "type": "Feature", "properties": { "sector": 1.0, "viviendas": 15482.0, "area_km2_s": 0.747, "densidad_viviendas": 20725.568942436414, "id_punto": "1_107" }, "geometry": { "type": "Point", "coordinates": [ 5647849.511627283878624, 6172012.291371109895408 ] } },
{ "type": "Feature", "properties": { "sector": 1.0, "viviendas": 15482.0, "area_km2_s": 0.747, "densidad_viviendas": 20725.568942436414, "id_punto": "1_108" }, "geometry": { "type": "Point", "coordinates": [ 5648099.9800641881302, 6171940.097640462219715 ] } },
{ "type": "Feature", "properties": { "sector": 1.0, "viviendas": 15482.0, "area_km2_s": 0.747, "densidad_viviendas": 20725.568942436414, "id_punto": "1_109" }, "geometry": { "type": "Point", "coordinates": [ 5648391.595894002355635, 6171390.12246600817889 ] } },
{ "type": "Feature", "properties": { "sector": 1.0, "viviendas": 15482.0, "area_km2_s": 0.747, "densidad_viviendas": 20725.568942436414, "id_punto": "1_110" }, "geometry": { "type": "Point", "coordinates": [ 5647803.154834932647645, 6171669.321130114607513 ] } },
{ "type": "Feature", "properties": { "sector": 1.0, "viviendas": 15482.0, "area_km2_s": 0.747, "densidad_viviendas": 20725.568942436414, "id_punto": "1_111" }, "geometry": { "type": "Point", "coordinates": [ 5648315.930525608360767, 6171469.998279290273786 ] } },
{ "type": "Feature", "properties": { "sector": 1.0, "viviendas": 15482.0, "area_km2_s": 0.747, "densidad_viviendas": 20725.568942436414, "id_punto": "1_112" }, "geometry": { "type": "Point", "coordinates": [ 5647376.634704916737974, 6171608.603607679717243 ] } },
{ "type": "Feature", "properties": { "sector": 1.0, "viviendas": 15482.0, "area_km2_s": 0.747, "densidad_viviendas": 20725.568942436414, "id_punto": "1_113" }, "geometry": { "type": "Point", "coordinates": [ 5647682.695943962782621, 6171458.32591198105365 ] } },
{ "type": "Feature", "properties": { "sector": 1.0, "viviendas": 15482.0, "area_km2_s": 0.747, "densidad_viviendas": 20725.568942436414, "id_punto": "1_114" }, "geometry": { "type": "Point", "coordinates": [ 5648129.461961039341986, 6171870.941055863164365 ] } },
{ "type": "Feature", "properties": { "sector": 1.0, "viviendas": 15482.0, "area_km2_s": 0.747, "densidad_viviendas": 20725.568942436414, "id_punto": "1_115" }, "geometry": { "type": "Point", "coordinates": [ 5648326.309733621776104, 6171845.831077038310468 ] } },
{ "type": "Feature", "properties": { "sector": 1.0, "viviendas": 15482.0, "area_km2_s": 0.747, "densidad_viviendas": 20725.568942436414, "id_punto": "1_116" }, "geometry": { "type": "Point", "coordinates": [ 5647931.985744730569422, 6171623.069938499480486 ] } },
{ "type": "Feature", "properties": { "sector": 1.0, "viviendas": 15482.0, "area_km2_s": 0.747, "densidad_viviendas": 20725.568942436414, "id_punto": "1_117" }, "geometry": { "type": "Point", "coordinates": [ 5648061.96904503274709, 6171884.894689950160682 ] } },
{ "type": "Feature", "properties": { "sector": 1.0, "viviendas": 15482.0, "area_km2_s": 0.747, "densidad_viviendas": 20725.568942436414, "id_punto": "1_118" }, "geometry": { "type": "Point", "coordinates": [ 5648548.543512081727386, 6171413.644962901249528 ] } },
{ "type": "Feature", "properties": { "sector": 1.0, "viviendas": 15482.0, "area_km2_s": 0.747, "densidad_viviendas": 20725.568942436414, "id_punto": "1_119" }, "geometry": { "type": "Point", "coordinates": [ 5647335.384088639169931, 6171747.523860599845648 ] } },
{ "type": "Feature", "properties": { "sector": 1.0, "viviendas": 15482.0, "area_km2_s": 0.747, "densidad_viviendas": 20725.568942436414, "id_punto": "1_120" }, "geometry": { "type": "Point", "coordinates": [ 5647970.620968868024647, 6171393.788825030438602 ] } },
{ "type": "Feature", "properties": { "sector": 1.0, "viviendas": 15482.0, "area_km2_s": 0.747, "densidad_viviendas": 20725.568942436414, "id_punto": "1_121" }, "geometry": { "type": "Point", "coordinates": [ 5647753.865579343400896, 6171648.232128265313804 ] } },
{ "type": "Feature", "properties": { "sector": 1.0, "viviendas": 15482.0, "area_km2_s": 0.747, "densidad_viviendas": 20725.568942436414, "id_punto": "1_122" }, "geometry": { "type": "Point", "coordinates": [ 5648269.055680707097054, 6171758.026797847822309 ] } },
{ "type": "Feature", "properties": { "sector": 1.0, "viviendas": 15482.0, "area_km2_s": 0.747, "densidad_viviendas": 20725.568942436414, "id_punto": "1_123" }, "geometry": { "type": "Point", "coordinates": [ 5648175.690268470905721, 6171930.828703284263611 ] } },
{ "type": "Feature", "properties": { "sector": 1.0, "viviendas": 15482.0, "area_km2_s": 0.747, "densidad_viviendas": 20725.568942436414, "id_punto": "1_124" }, "geometry": { "type": "Point", "coordinates": [ 5647502.02341013494879, 6171603.571004977449775 ] } },
{ "type": "Feature", "properties": { "sector": 1.0, "viviendas": 15482.0, "area_km2_s": 0.747, "densidad_viviendas": 20725.568942436414, "id_punto": "1_125" }, "geometry": { "type": "Point", "coordinates": [ 5647657.77837941236794, 6171891.243462734855711 ] } },
{ "type": "Feature", "properties": { "sector": 1.0, "viviendas": 15482.0, "area_km2_s": 0.747, "densidad_viviendas": 20725.568942436414, "id_punto": "1_126" }, "geometry": { "type": "Point", "coordinates": [ 5648090.647152875550091, 6171835.674856259487569 ] } },
{ "type": "Feature", "properties": { "sector": 1.0, "viviendas": 15482.0, "area_km2_s": 0.747, "densidad_viviendas": 20725.568942436414, "id_punto": "1_127" }, "geometry": { "type": "Point", "coordinates": [ 5648402.793152771890163, 6171579.91121223103255 ] } },
{ "type": "Feature", "properties": { "sector": 1.0, "viviendas": 15482.0, "area_km2_s": 0.747, "densidad_viviendas": 20725.568942436414, "id_punto": "1_128" }, "geometry": { "type": "Point", "coordinates": [ 5647892.710920062847435, 6171556.317717554047704 ] } },
{ "type": "Feature", "properties": { "sector": 1.0, "viviendas": 15482.0, "area_km2_s": 0.747, "densidad_viviendas": 20725.568942436414, "id_punto": "1_129" }, "geometry": { "type": "Point", "coordinates": [ 5648299.017767263576388, 6171461.850354352034628 ] } },
{ "type": "Feature", "properties": { "sector": 1.0, "viviendas": 15482.0, "area_km2_s": 0.747, "densidad_viviendas": 20725.568942436414, "id_punto": "1_130" }, "geometry": { "type": "Point", "coordinates": [ 5648271.998022204264998, 6171636.380495560355484 ] } },
{ "type": "Feature", "properties": { "sector": 1.0, "viviendas": 15482.0, "area_km2_s": 0.747, "densidad_viviendas": 20725.568942436414, "id_punto": "1_131" }, "geometry": { "type": "Point", "coordinates": [ 5648038.491912801750004, 6171794.913876141421497 ] } },
{ "type": "Feature", "properties": { "sector": 1.0, "viviendas": 15482.0, "area_km2_s": 0.747, "densidad_viviendas": 20725.568942436414, "id_punto": "1_132" }, "geometry": { "type": "Point", "coordinates": [ 5647998.258862708695233, 6171734.071948201395571 ] } },
{ "type": "Feature", "properties": { "sector": 1.0, "viviendas": 15482.0, "area_km2_s": 0.747, "densidad_viviendas": 20725.568942436414, "id_punto": "1_133" }, "geometry": { "type": "Point", "coordinates": [ 5647936.99486658256501, 6171453.076093227602541 ] } },
{ "type": "Feature", "properties": { "sector": 1.0, "viviendas": 15482.0, "area_km2_s": 0.747, "densidad_viviendas": 20725.568942436414, "id_punto": "1_134" }, "geometry": { "type": "Point", "coordinates": [ 5647616.26412664167583, 6171413.011605936102569 ] } },
{ "type": "Feature", "properties": { "sector": 1.0, "viviendas": 15482.0, "area_km2_s": 0.747, "densidad_viviendas": 20725.568942436414, "id_punto": "1_135" }, "geometry": { "type": "Point", "coordinates": [ 5648158.253443772904575, 6171723.756475475616753 ] } },
{ "type": "Feature", "properties": { "sector": 1.0, "viviendas": 15482.0, "area_km2_s": 0.747, "densidad_viviendas": 20725.568942436414, "id_punto": "1_136" }, "geometry": { "type": "Point", "coordinates": [ 5648022.763700722716749, 6171383.846381993032992 ] } },
{ "type": "Feature", "properties": { "sector": 1.0, "viviendas": 15482.0, "area_km2_s": 0.747, "densidad_viviendas": 20725.568942436414, "id_punto": "1_137" }, "geometry": { "type": "Point", "coordinates": [ 5647658.787629749625921, 6171763.047680055722594 ] } },
{ "type": "Feature", "properties": { "sector": 1.0, "viviendas": 15482.0, "area_km2_s": 0.747, "densidad_viviendas": 20725.568942436414, "id_punto": "1_138" }, "geometry": { "type": "Point", "coordinates": [ 5648084.604533691890538, 6171895.871765770949423 ] } },
{ "type": "Feature", "properties": { "sector": 1.0, "viviendas": 15482.0, "area_km2_s": 0.747, "densidad_viviendas": 20725.568942436414, "id_punto": "1_139" }, "geometry": { "type": "Point", "coordinates": [ 5647489.942729816772044, 6171587.08066938444972 ] } },
{ "type": "Feature", "properties": { "sector": 1.0, "viviendas": 15482.0, "area_km2_s": 0.747, "densidad_viviendas": 20725.568942436414, "id_punto": "1_140" }, "geometry": { "type": "Point", "coordinates": [ 5647392.173488830216229, 6171486.092681287787855 ] } },
{ "type": "Feature", "properties": { "sector": 1.0, "viviendas": 15482.0, "area_km2_s": 0.747, "densidad_viviendas": 20725.568942436414, "id_punto": "1_141" }, "geometry": { "type": "Point", "coordinates": [ 5647761.287092378363013, 6171797.798908671364188 ] } },
{ "type": "Feature", "properties": { "sector": 1.0, "viviendas": 15482.0, "area_km2_s": 0.747, "densidad_viviendas": 20725.568942436414, "id_punto": "1_142" }, "geometry": { "type": "Point", "coordinates": [ 5647625.243244102224708, 6171471.281576023437083 ] } },
{ "type": "Feature", "properties": { "sector": 1.0, "viviendas": 15482.0, "area_km2_s": 0.747, "densidad_viviendas": 20725.568942436414, "id_punto": "1_143" }, "geometry": { "type": "Point", "coordinates": [ 5647731.165101466700435, 6171815.334853747859597 ] } },
{ "type": "Feature", "properties": { "sector": 1.0, "viviendas": 15482.0, "area_km2_s": 0.747, "densidad_viviendas": 20725.568942436414, "id_punto": "1_144" }, "geometry": { "type": "Point", "coordinates": [ 5648032.530476644635201, 6171945.35943219717592 ] } },
{ "type": "Feature", "properties": { "sector": 1.0, "viviendas": 15482.0, "area_km2_s": 0.747, "densidad_viviendas": 20725.568942436414, "id_punto": "1_145" }, "geometry": { "type": "Point", "coordinates": [ 5647865.39302936475724, 6172139.43434726074338 ] } },
{ "type": "Feature", "properties": { "sector": 1.0, "viviendas": 15482.0, "area_km2_s": 0.747, "densidad_viviendas": 20725.568942436414, "id_punto": "1_146" }, "geometry": { "type": "Point", "coordinates": [ 5648152.524679781869054, 6171908.258659633807838 ] } },
{ "type": "Feature", "properties": { "sector": 1.0, "viviendas": 15482.0, "area_km2_s": 0.747, "densidad_viviendas": 20725.568942436414, "id_punto": "1_147" }, "geometry": { "type": "Point", "coordinates": [ 5647996.134301021695137, 6171441.611913920380175 ] } },
{ "type": "Feature", "properties": { "sector": 1.0, "viviendas": 15482.0, "area_km2_s": 0.747, "densidad_viviendas": 20725.568942436414, "id_punto": "1_148" }, "geometry": { "type": "Point", "coordinates": [ 5647947.737515176646411, 6171478.351725262589753 ] } },
{ "type": "Feature", "properties": { "sector": 1.0, "viviendas": 15482.0, "area_km2_s": 0.747, "densidad_viviendas": 20725.568942436414, "id_punto": "1_149" }, "geometry": { "type": "Point", "coordinates": [ 5647802.10924110095948, 6172009.221312772482634 ] } },
{ "type": "Feature", "properties": { "sector": 1.0, "viviendas": 15482.0, "area_km2_s": 0.747, "densidad_viviendas": 20725.568942436414, "id_punto": "1_150" }, "geometry": { "type": "Point", "coordinates": [ 5647408.655634908005595, 6171576.949179581366479 ] } },
{ "type": "Feature", "properties": { "sector": 1.0, "viviendas": 15482.0, "area_km2_s": 0.747, "densidad_viviendas": 20725.568942436414, "id_punto": "1_151" }, "geometry": { "type": "Point", "coordinates": [ 5647850.780684769153595, 6171544.438283214345574 ] } },
{ "type": "Feature", "properties": { "sector": 1.0, "viviendas": 15482.0, "area_km2_s": 0.747, "densidad_viviendas": 20725.568942436414, "id_punto": "1_152" }, "geometry": { "type": "Point", "coordinates": [ 5648276.450446960516274, 6171849.370575685054064 ] } },
{ "type": "Feature", "properties": { "sector": 1.0, "viviendas": 15482.0, "area_km2_s": 0.747, "densidad_viviendas": 20725.568942436414, "id_punto": "1_153" }, "geometry": { "type": "Point", "coordinates": [ 5648119.938664306886494, 6171832.351070956327021 ] } },
{ "type": "Feature", "properties": { "sector": 1.0, "viviendas": 15482.0, "area_km2_s": 0.747, "densidad_viviendas": 20725.568942436414, "id_punto": "1_154" }, "geometry": { "type": "Point", "coordinates": [ 5648126.926129232160747, 6171364.015138106420636 ] } },
{ "type": "Feature", "properties": { "sector": 1.0, "viviendas": 15482.0, "area_km2_s": 0.747, "densidad_viviendas": 20725.568942436414, "id_punto": "1_155" }, "geometry": { "type": "Point", "coordinates": [ 5648383.630090402439237, 6171685.015644460916519 ] } },
{ "type": "Feature", "properties": { "sector": 1.0, "viviendas": 15482.0, "area_km2_s": 0.747, "densidad_viviendas": 20725.568942436414, "id_punto": "1_156" }, "geometry": { "type": "Point", "coordinates": [ 5647848.284543531015515, 6172055.979878782294691 ] } },
{ "type": "Feature", "properties": { "sector": 1.0, "viviendas": 15482.0, "area_km2_s": 0.747, "densidad_viviendas": 20725.568942436414, "id_punto": "1_157" }, "geometry": { "type": "Point", "coordinates": [ 5648176.102352422662079, 6171828.859887396916747 ] } },
{ "type": "Feature", "properties": { "sector": 1.0, "viviendas": 15482.0, "area_km2_s": 0.747, "densidad_viviendas": 20725.568942436414, "id_punto": "1_158" }, "geometry": { "type": "Point", "coordinates": [ 5647500.184460362419486, 6171865.302068493328989 ] } },
{ "type": "Feature", "properties": { "sector": 1.0, "viviendas": 15482.0, "area_km2_s": 0.747, "densidad_viviendas": 20725.568942436414, "id_punto": "1_159" }, "geometry": { "type": "Point", "coordinates": [ 5647704.455168280750513, 6171940.705606752075255 ] } },
{ "type": "Feature", "properties": { "sector": 1.0, "viviendas": 15482.0, "area_km2_s": 0.747, "densidad_viviendas": 20725.568942436414, "id_punto": "1_160" }, "geometry": { "type": "Point", "coordinates": [ 5648399.324591599404812, 6171801.029713585041463 ] } },
{ "type": "Feature", "properties": { "sector": 1.0, "viviendas": 15482.0, "area_km2_s": 0.747, "densidad_viviendas": 20725.568942436414, "id_punto": "1_161" }, "geometry": { "type": "Point", "coordinates": [ 5647713.805711271241307, 6172149.796950307674706 ] } },
{ "type": "Feature", "properties": { "sector": 1.0, "viviendas": 15482.0, "area_km2_s": 0.747, "densidad_viviendas": 20725.568942436414, "id_punto": "1_162" }, "geometry": { "type": "Point", "coordinates": [ 5647712.301847839727998, 6171858.792217521928251 ] } },
{ "type": "Feature", "properties": { "sector": 1.0, "viviendas": 15482.0, "area_km2_s": 0.747, "densidad_viviendas": 20725.568942436414, "id_punto": "1_163" }, "geometry": { "type": "Point", "coordinates": [ 5648006.215908931568265, 6171625.357789432629943 ] } },
{ "type": "Feature", "properties": { "sector": 1.0, "viviendas": 15482.0, "area_km2_s": 0.747, "densidad_viviendas": 20725.568942436414, "id_punto": "1_164" }, "geometry": { "type": "Point", "coordinates": [ 5648243.923880225978792, 6171818.906076188199222 ] } },
{ "type": "Feature", "properties": { "sector": 1.0, "viviendas": 15482.0, "area_km2_s": 0.747, "densidad_viviendas": 20725.568942436414, "id_punto": "1_165" }, "geometry": { "type": "Point", "coordinates": [ 5648604.715662447735667, 6171687.713788283057511 ] } },
{ "type": "Feature", "properties": { "sector": 1.0, "viviendas": 15482.0, "area_km2_s": 0.747, "densidad_viviendas": 20725.568942436414, "id_punto": "1_166" }, "geometry": { "type": "Point", "coordinates": [ 5647650.33376874960959, 6171630.438013761304319 ] } },
{ "type": "Feature", "properties": { "sector": 1.0, "viviendas": 15482.0, "area_km2_s": 0.747, "densidad_viviendas": 20725.568942436414, "id_punto": "1_167" }, "geometry": { "type": "Point", "coordinates": [ 5647357.075955781154335, 6171669.749143553897738 ] } },
{ "type": "Feature", "properties": { "sector": 1.0, "viviendas": 15482.0, "area_km2_s": 0.747, "densidad_viviendas": 20725.568942436414, "id_punto": "1_168" }, "geometry": { "type": "Point", "coordinates": [ 5647952.025545098818839, 6171967.058291406370699 ] } },
{ "type": "Feature", "properties": { "sector": 1.0, "viviendas": 15482.0, "area_km2_s": 0.747, "densidad_viviendas": 20725.568942436414, "id_punto": "1_169" }, "geometry": { "type": "Point", "coordinates": [ 5647958.363758129999042, 6171955.084126246161759 ] } },
{ "type": "Feature", "properties": { "sector": 1.0, "viviendas": 15482.0, "area_km2_s": 0.747, "densidad_viviendas": 20725.568942436414, "id_punto": "1_170" }, "geometry": { "type": "Point", "coordinates": [ 5648518.988698699511588, 6171655.757768631912768 ] } },
{ "type": "Feature", "properties": { "sector": 1.0, "viviendas": 15482.0, "area_km2_s": 0.747, "densidad_viviendas": 20725.568942436414, "id_punto": "1_171" }, "geometry": { "type": "Point", "coordinates": [ 5647986.088880266994238, 6172044.440484997816384 ] } },
{ "type": "Feature", "properties": { "sector": 1.0, "viviendas": 15482.0, "area_km2_s": 0.747, "densidad_viviendas": 20725.568942436414, "id_punto": "1_172" }, "geometry": { "type": "Point", "coordinates": [ 5648073.799841837957501, 6171527.726684306748211 ] } },
{ "type": "Feature", "properties": { "sector": 1.0, "viviendas": 15482.0, "area_km2_s": 0.747, "densidad_viviendas": 20725.568942436414, "id_punto": "1_173" }, "geometry": { "type": "Point", "coordinates": [ 5647941.243309611454606, 6172031.711500227451324 ] } },
{ "type": "Feature", "properties": { "sector": 1.0, "viviendas": 15482.0, "area_km2_s": 0.747, "densidad_viviendas": 20725.568942436414, "id_punto": "1_174" }, "geometry": { "type": "Point", "coordinates": [ 5648065.146071908064187, 6171876.689087778329849 ] } },
{ "type": "Feature", "properties": { "sector": 1.0, "viviendas": 15482.0, "area_km2_s": 0.747, "densidad_viviendas": 20725.568942436414, "id_punto": "1_175" }, "geometry": { "type": "Point", "coordinates": [ 5647462.461797026917338, 6171487.331998517736793 ] } },
{ "type": "Feature", "properties": { "sector": 1.0, "viviendas": 15482.0, "area_km2_s": 0.747, "densidad_viviendas": 20725.568942436414, "id_punto": "1_176" }, "geometry": { "type": "Point", "coordinates": [ 5647841.695769623853266, 6171814.071023026481271 ] } },
{ "type": "Feature", "properties": { "sector": 1.0, "viviendas": 15482.0, "area_km2_s": 0.747, "densidad_viviendas": 20725.568942436414, "id_punto": "1_177" }, "geometry": { "type": "Point", "coordinates": [ 5648558.273988231085241, 6171367.235662473365664 ] } },
{ "type": "Feature", "properties": { "sector": 1.0, "viviendas": 15482.0, "area_km2_s": 0.747, "densidad_viviendas": 20725.568942436414, "id_punto": "1_178" }, "geometry": { "type": "Point", "coordinates": [ 5648216.708171512000263, 6171782.267608613707125 ] } },
{ "type": "Feature", "properties": { "sector": 1.0, "viviendas": 15482.0, "area_km2_s": 0.747, "densidad_viviendas": 20725.568942436414, "id_punto": "1_179" }, "geometry": { "type": "Point", "coordinates": [ 5648403.937906119041145, 6171692.369666149839759 ] } },
{ "type": "Feature", "properties": { "sector": 1.0, "viviendas": 15482.0, "area_km2_s": 0.747, "densidad_viviendas": 20725.568942436414, "id_punto": "1_180" }, "geometry": { "type": "Point", "coordinates": [ 5647437.360603807494044, 6171717.620755693875253 ] } },
{ "type": "Feature", "properties": { "sector": 1.0, "viviendas": 15482.0, "area_km2_s": 0.747, "densidad_viviendas": 20725.568942436414, "id_punto": "1_181" }, "geometry": { "type": "Point", "coordinates": [ 5647611.936143484897912, 6171428.82933977805078 ] } },
{ "type": "Feature", "properties": { "sector": 1.0, "viviendas": 15482.0, "area_km2_s": 0.747, "densidad_viviendas": 20725.568942436414, "id_punto": "1_182" }, "geometry": { "type": "Point", "coordinates": [ 5647726.838957628235221, 6171490.108286215923727 ] } },
{ "type": "Feature", "properties": { "sector": 1.0, "viviendas": 15482.0, "area_km2_s": 0.747, "densidad_viviendas": 20725.568942436414, "id_punto": "1_183" }, "geometry": { "type": "Point", "coordinates": [ 5647834.563005246222019, 6171706.822327615693212 ] } },
{ "type": "Feature", "properties": { "sector": 1.0, "viviendas": 15482.0, "area_km2_s": 0.747, "densidad_viviendas": 20725.568942436414, "id_punto": "1_184" }, "geometry": { "type": "Point", "coordinates": [ 5648159.060164824128151, 6171650.241681781597435 ] } },
{ "type": "Feature", "properties": { "sector": 1.0, "viviendas": 15482.0, "area_km2_s": 0.747, "densidad_viviendas": 20725.568942436414, "id_punto": "1_185" }, "geometry": { "type": "Point", "coordinates": [ 5648405.521190436556935, 6171715.576884324662387 ] } },
{ "type": "Feature", "properties": { "sector": 1.0, "viviendas": 15482.0, "area_km2_s": 0.747, "densidad_viviendas": 20725.568942436414, "id_punto": "1_186" }, "geometry": { "type": "Point", "coordinates": [ 5647623.349349648691714, 6171616.648473631590605 ] } },
{ "type": "Feature", "properties": { "sector": 1.0, "viviendas": 15482.0, "area_km2_s": 0.747, "densidad_viviendas": 20725.568942436414, "id_punto": "1_187" }, "geometry": { "type": "Point", "coordinates": [ 5648409.94203775934875, 6171385.275038658641279 ] } },
{ "type": "Feature", "properties": { "sector": 1.0, "viviendas": 15482.0, "area_km2_s": 0.747, "densidad_viviendas": 20725.568942436414, "id_punto": "1_188" }, "geometry": { "type": "Point", "coordinates": [ 5647911.526224575936794, 6171677.235204831697047 ] } },
{ "type": "Feature", "properties": { "sector": 1.0, "viviendas": 15482.0, "area_km2_s": 0.747, "densidad_viviendas": 20725.568942436414, "id_punto": "1_189" }, "geometry": { "type": "Point", "coordinates": [ 5648557.258653869852424, 6171710.851730108261108 ] } },
{ "type": "Feature", "properties": { "sector": 1.0, "viviendas": 15482.0, "area_km2_s": 0.747, "densidad_viviendas": 20725.568942436414, "id_punto": "1_190" }, "geometry": { "type": "Point", "coordinates": [ 5648026.9898771783337, 6171798.221667711623013 ] } },
{ "type": "Feature", "properties": { "sector": 1.0, "viviendas": 15482.0, "area_km2_s": 0.747, "densidad_viviendas": 20725.568942436414, "id_punto": "1_191" }, "geometry": { "type": "Point", "coordinates": [ 5647567.328491338528693, 6171746.128075625747442 ] } },
{ "type": "Feature", "properties": { "sector": 1.0, "viviendas": 15482.0, "area_km2_s": 0.747, "densidad_viviendas": 20725.568942436414, "id_punto": "1_192" }, "geometry": { "type": "Point", "coordinates": [ 5647951.443341343663633, 6171900.618035146035254 ] } },
{ "type": "Feature", "properties": { "sector": 1.0, "viviendas": 15482.0, "area_km2_s": 0.747, "densidad_viviendas": 20725.568942436414, "id_punto": "1_193" }, "geometry": { "type": "Point", "coordinates": [ 5648394.903738976456225, 6171470.687090600840747 ] } },
{ "type": "Feature", "properties": { "sector": 1.0, "viviendas": 15482.0, "area_km2_s": 0.747, "densidad_viviendas": 20725.568942436414, "id_punto": "1_194" }, "geometry": { "type": "Point", "coordinates": [ 5647835.07709430437535, 6172153.874995976686478 ] } },
{ "type": "Feature", "properties": { "sector": 1.0, "viviendas": 15482.0, "area_km2_s": 0.747, "densidad_viviendas": 20725.568942436414, "id_punto": "1_195" }, "geometry": { "type": "Point", "coordinates": [ 5647654.31121105980128, 6171833.914798930287361 ] } },
{ "type": "Feature", "properties": { "sector": 1.0, "viviendas": 15482.0, "area_km2_s": 0.747, "densidad_viviendas": 20725.568942436414, "id_punto": "1_196" }, "geometry": { "type": "Point", "coordinates": [ 5647769.402647818438709, 6171450.092481041327119 ] } },
{ "type": "Feature", "properties": { "sector": 1.0, "viviendas": 15482.0, "area_km2_s": 0.747, "densidad_viviendas": 20725.568942436414, "id_punto": "1_197" }, "geometry": { "type": "Point", "coordinates": [ 5648421.500943168997765, 6171718.946946378797293 ] } },
{ "type": "Feature", "properties": { "sector": 1.0, "viviendas": 15482.0, "area_km2_s": 0.747, "densidad_viviendas": 20725.568942436414, "id_punto": "1_198" }, "geometry": { "type": "Point", "coordinates": [ 5647638.439428876154125, 6171753.491227683611214 ] } },
{ "type": "Feature", "properties": { "sector": 1.0, "viviendas": 15482.0, "area_km2_s": 0.747, "densidad_viviendas": 20725.568942436414, "id_punto": "1_199" }, "geometry": { "type": "Point", "coordinates": [ 5647657.562238580547273, 6171979.286790207959712 ] } },
{ "type": "Feature", "properties": { "sector": 1.0, "viviendas": 15482.0, "area_km2_s": 0.747, "densidad_viviendas": 20725.568942436414, "id_punto": "1_200" }, "geometry": { "type": "Point", "coordinates": [ 5648538.635354157537222, 6171468.801516529172659 ] } },
{ "type": "Feature", "properties": { "sector": 2.0, "viviendas": 16982.0, "area_km2_s": 0.6092, "densidad_viviendas": 27875.90282337492, "id_punto": "2_201" }, "geometry": { "type": "Point", "coordinates": [ 5647917.067695516161621, 6171105.471213774755597 ] } },
{ "type": "Feature", "properties": { "sector": 2.0, "viviendas": 16982.0, "area_km2_s": 0.6092, "densidad_viviendas": 27875.90282337492, "id_punto": "2_202" }, "geometry": { "type": "Point", "coordinates": [ 5647690.128265765495598, 6171250.87260579969734 ] } },
{ "type": "Feature", "properties": { "sector": 2.0, "viviendas": 16982.0, "area_km2_s": 0.6092, "densidad_viviendas": 27875.90282337492, "id_punto": "2_203" }, "geometry": { "type": "Point", "coordinates": [ 5647908.248597772791982, 6170978.069443330168724 ] } },
{ "type": "Feature", "properties": { "sector": 2.0, "viviendas": 16982.0, "area_km2_s": 0.6092, "densidad_viviendas": 27875.90282337492, "id_punto": "2_204" }, "geometry": { "type": "Point", "coordinates": [ 5648009.391774024814367, 6171178.908620424568653 ] } },
{ "type": "Feature", "properties": { "sector": 2.0, "viviendas": 16982.0, "area_km2_s": 0.6092, "densidad_viviendas": 27875.90282337492, "id_punto": "2_205" }, "geometry": { "type": "Point", "coordinates": [ 5648098.418102544732392, 6170820.26938665471971 ] } },
{ "type": "Feature", "properties": { "sector": 2.0, "viviendas": 16982.0, "area_km2_s": 0.6092, "densidad_viviendas": 27875.90282337492, "id_punto": "2_206" }, "geometry": { "type": "Point", "coordinates": [ 5647305.677260783500969, 6171216.199997865594923 ] } },
{ "type": "Feature", "properties": { "sector": 2.0, "viviendas": 16982.0, "area_km2_s": 0.6092, "densidad_viviendas": 27875.90282337492, "id_punto": "2_207" }, "geometry": { "type": "Point", "coordinates": [ 5647523.141051134094596, 6171374.374904760159552 ] } },
{ "type": "Feature", "properties": { "sector": 2.0, "viviendas": 16982.0, "area_km2_s": 0.6092, "densidad_viviendas": 27875.90282337492, "id_punto": "2_208" }, "geometry": { "type": "Point", "coordinates": [ 5647945.726506316103041, 6171318.182272444479167 ] } },
{ "type": "Feature", "properties": { "sector": 2.0, "viviendas": 16982.0, "area_km2_s": 0.6092, "densidad_viviendas": 27875.90282337492, "id_punto": "2_209" }, "geometry": { "type": "Point", "coordinates": [ 5648280.729327008128166, 6171308.695828383788466 ] } },
{ "type": "Feature", "properties": { "sector": 2.0, "viviendas": 16982.0, "area_km2_s": 0.6092, "densidad_viviendas": 27875.90282337492, "id_punto": "2_210" }, "geometry": { "type": "Point", "coordinates": [ 5648183.018891433253884, 6171144.577615750953555 ] } },
{ "type": "Feature", "properties": { "sector": 2.0, "viviendas": 16982.0, "area_km2_s": 0.6092, "densidad_viviendas": 27875.90282337492, "id_punto": "2_211" }, "geometry": { "type": "Point", "coordinates": [ 5647743.39142173435539, 6171022.154589037410915 ] } },
{ "type": "Feature", "properties": { "sector": 2.0, "viviendas": 16982.0, "area_km2_s": 0.6092, "densidad_viviendas": 27875.90282337492, "id_punto": "2_212" }, "geometry": { "type": "Point", "coordinates": [ 5647900.594679178670049, 6170967.888133378699422 ] } },
{ "type": "Feature", "properties": { "sector": 2.0, "viviendas": 16982.0, "area_km2_s": 0.6092, "densidad_viviendas": 27875.90282337492, "id_punto": "2_213" }, "geometry": { "type": "Point", "coordinates": [ 5647780.206168279051781, 6171392.287400330416858 ] } },
{ "type": "Feature", "properties": { "sector": 2.0, "viviendas": 16982.0, "area_km2_s": 0.6092, "densidad_viviendas": 27875.90282337492, "id_punto": "2_214" }, "geometry": { "type": "Point", "coordinates": [ 5647530.53207784332335, 6171055.688388258218765 ] } },
{ "type": "Feature", "properties": { "sector": 2.0, "viviendas": 16982.0, "area_km2_s": 0.6092, "densidad_viviendas": 27875.90282337492, "id_punto": "2_215" }, "geometry": { "type": "Point", "coordinates": [ 5648208.151759698987007, 6171053.672033947892487 ] } },
{ "type": "Feature", "properties": { "sector": 2.0, "viviendas": 16982.0, "area_km2_s": 0.6092, "densidad_viviendas": 27875.90282337492, "id_punto": "2_216" }, "geometry": { "type": "Point", "coordinates": [ 5648232.562542838975787, 6170775.596826991997659 ] } },
{ "type": "Feature", "properties": { "sector": 2.0, "viviendas": 16982.0, "area_km2_s": 0.6092, "densidad_viviendas": 27875.90282337492, "id_punto": "2_217" }, "geometry": { "type": "Point", "coordinates": [ 5647582.443116354756057, 6171306.05630774050951 ] } },
{ "type": "Feature", "properties": { "sector": 2.0, "viviendas": 16982.0, "area_km2_s": 0.6092, "densidad_viviendas": 27875.90282337492, "id_punto": "2_218" }, "geometry": { "type": "Point", "coordinates": [ 5647929.337950331158936, 6171100.560670707374811 ] } },
{ "type": "Feature", "properties": { "sector": 2.0, "viviendas": 16982.0, "area_km2_s": 0.6092, "densidad_viviendas": 27875.90282337492, "id_punto": "2_219" }, "geometry": { "type": "Point", "coordinates": [ 5647763.126728616654873, 6170994.381072691641748 ] } },
{ "type": "Feature", "properties": { "sector": 2.0, "viviendas": 16982.0, "area_km2_s": 0.6092, "densidad_viviendas": 27875.90282337492, "id_punto": "2_220" }, "geometry": { "type": "Point", "coordinates": [ 5647894.672603220678866, 6170858.425704468041658 ] } },
{ "type": "Feature", "properties": { "sector": 2.0, "viviendas": 16982.0, "area_km2_s": 0.6092, "densidad_viviendas": 27875.90282337492, "id_punto": "2_221" }, "geometry": { "type": "Point", "coordinates": [ 5647467.201929426752031, 6171071.562957670539618 ] } },
{ "type": "Feature", "properties": { "sector": 2.0, "viviendas": 16982.0, "area_km2_s": 0.6092, "densidad_viviendas": 27875.90282337492, "id_punto": "2_222" }, "geometry": { "type": "Point", "coordinates": [ 5647982.488544215448201, 6171320.282855188474059 ] } },
{ "type": "Feature", "properties": { "sector": 2.0, "viviendas": 16982.0, "area_km2_s": 0.6092, "densidad_viviendas": 27875.90282337492, "id_punto": "2_223" }, "geometry": { "type": "Point", "coordinates": [ 5647885.194217123091221, 6170809.62141842674464 ] } },
{ "type": "Feature", "properties": { "sector": 2.0, "viviendas": 16982.0, "area_km2_s": 0.6092, "densidad_viviendas": 27875.90282337492, "id_punto": "2_224" }, "geometry": { "type": "Point", "coordinates": [ 5647359.014568999409676, 6171442.161194697022438 ] } },
{ "type": "Feature", "properties": { "sector": 2.0, "viviendas": 16982.0, "area_km2_s": 0.6092, "densidad_viviendas": 27875.90282337492, "id_punto": "2_225" }, "geometry": { "type": "Point", "coordinates": [ 5647900.437372949905694, 6170934.484473409131169 ] } },
{ "type": "Feature", "properties": { "sector": 2.0, "viviendas": 16982.0, "area_km2_s": 0.6092, "densidad_viviendas": 27875.90282337492, "id_punto": "2_226" }, "geometry": { "type": "Point", "coordinates": [ 5647725.382491435855627, 6171083.541941135190427 ] } },
{ "type": "Feature", "properties": { "sector": 2.0, "viviendas": 16982.0, "area_km2_s": 0.6092, "densidad_viviendas": 27875.90282337492, "id_punto": "2_227" }, "geometry": { "type": "Point", "coordinates": [ 5647849.922015941701829, 6171059.512219552882016 ] } },
{ "type": "Feature", "properties": { "sector": 2.0, "viviendas": 16982.0, "area_km2_s": 0.6092, "densidad_viviendas": 27875.90282337492, "id_punto": "2_228" }, "geometry": { "type": "Point", "coordinates": [ 5647262.179876032285392, 6171368.130611800588667 ] } },
{ "type": "Feature", "properties": { "sector": 2.0, "viviendas": 16982.0, "area_km2_s": 0.6092, "densidad_viviendas": 27875.90282337492, "id_punto": "2_229" }, "geometry": { "type": "Point", "coordinates": [ 5647678.41826393827796, 6171091.051096607930958 ] } },
{ "type": "Feature", "properties": { "sector": 2.0, "viviendas": 16982.0, "area_km2_s": 0.6092, "densidad_viviendas": 27875.90282337492, "id_punto": "2_230" }, "geometry": { "type": "Point", "coordinates": [ 5648097.462116410955787, 6171139.873182690702379 ] } },
{ "type": "Feature", "properties": { "sector": 2.0, "viviendas": 16982.0, "area_km2_s": 0.6092, "densidad_viviendas": 27875.90282337492, "id_punto": "2_231" }, "geometry": { "type": "Point", "coordinates": [ 5647894.85257585439831, 6171237.100253864191473 ] } },
{ "type": "Feature", "properties": { "sector": 2.0, "viviendas": 16982.0, "area_km2_s": 0.6092, "densidad_viviendas": 27875.90282337492, "id_punto": "2_232" }, "geometry": { "type": "Point", "coordinates": [ 5647526.858484307304025, 6171435.925572231411934 ] } },
{ "type": "Feature", "properties": { "sector": 2.0, "viviendas": 16982.0, "area_km2_s": 0.6092, "densidad_viviendas": 27875.90282337492, "id_punto": "2_233" }, "geometry": { "type": "Point", "coordinates": [ 5648031.935491875745356, 6170905.325482903979719 ] } },
{ "type": "Feature", "properties": { "sector": 2.0, "viviendas": 16982.0, "area_km2_s": 0.6092, "densidad_viviendas": 27875.90282337492, "id_punto": "2_234" }, "geometry": { "type": "Point", "coordinates": [ 5647542.464172949083149, 6170914.262514031492174 ] } },
{ "type": "Feature", "properties": { "sector": 2.0, "viviendas": 16982.0, "area_km2_s": 0.6092, "densidad_viviendas": 27875.90282337492, "id_punto": "2_235" }, "geometry": { "type": "Point", "coordinates": [ 5648106.60090892482549, 6171170.465303092263639 ] } },
{ "type": "Feature", "properties": { "sector": 2.0, "viviendas": 16982.0, "area_km2_s": 0.6092, "densidad_viviendas": 27875.90282337492, "id_punto": "2_236" }, "geometry": { "type": "Point", "coordinates": [ 5648122.109415761195123, 6171014.40538044180721 ] } },
{ "type": "Feature", "properties": { "sector": 2.0, "viviendas": 16982.0, "area_km2_s": 0.6092, "densidad_viviendas": 27875.90282337492, "id_punto": "2_237" }, "geometry": { "type": "Point", "coordinates": [ 5647390.418845294974744, 6171319.575159369036555 ] } },
{ "type": "Feature", "properties": { "sector": 2.0, "viviendas": 16982.0, "area_km2_s": 0.6092, "densidad_viviendas": 27875.90282337492, "id_punto": "2_238" }, "geometry": { "type": "Point", "coordinates": [ 5647650.195490851998329, 6171124.667165653780103 ] } },
{ "type": "Feature", "properties": { "sector": 2.0, "viviendas": 16982.0, "area_km2_s": 0.6092, "densidad_viviendas": 27875.90282337492, "id_punto": "2_239" }, "geometry": { "type": "Point", "coordinates": [ 5648103.129417375661433, 6170803.531449619680643 ] } },
{ "type": "Feature", "properties": { "sector": 2.0, "viviendas": 16982.0, "area_km2_s": 0.6092, "densidad_viviendas": 27875.90282337492, "id_punto": "2_240" }, "geometry": { "type": "Point", "coordinates": [ 5647889.058513849042356, 6171256.818764645606279 ] } },
{ "type": "Feature", "properties": { "sector": 2.0, "viviendas": 16982.0, "area_km2_s": 0.6092, "densidad_viviendas": 27875.90282337492, "id_punto": "2_241" }, "geometry": { "type": "Point", "coordinates": [ 5647341.360248797573149, 6171340.994095224887133 ] } },
{ "type": "Feature", "properties": { "sector": 2.0, "viviendas": 16982.0, "area_km2_s": 0.6092, "densidad_viviendas": 27875.90282337492, "id_punto": "2_242" }, "geometry": { "type": "Point", "coordinates": [ 5648447.555675456300378, 6171073.967618631199002 ] } },
{ "type": "Feature", "properties": { "sector": 2.0, "viviendas": 16982.0, "area_km2_s": 0.6092, "densidad_viviendas": 27875.90282337492, "id_punto": "2_243" }, "geometry": { "type": "Point", "coordinates": [ 5647903.62716203276068, 6171122.142818241380155 ] } },
{ "type": "Feature", "properties": { "sector": 2.0, "viviendas": 16982.0, "area_km2_s": 0.6092, "densidad_viviendas": 27875.90282337492, "id_punto": "2_244" }, "geometry": { "type": "Point", "coordinates": [ 5648218.36265454813838, 6170712.128105168230832 ] } },
{ "type": "Feature", "properties": { "sector": 2.0, "viviendas": 16982.0, "area_km2_s": 0.6092, "densidad_viviendas": 27875.90282337492, "id_punto": "2_245" }, "geometry": { "type": "Point", "coordinates": [ 5648006.798374524340034, 6170849.042998189106584 ] } },
{ "type": "Feature", "properties": { "sector": 2.0, "viviendas": 16982.0, "area_km2_s": 0.6092, "densidad_viviendas": 27875.90282337492, "id_punto": "2_246" }, "geometry": { "type": "Point", "coordinates": [ 5647520.219874382019043, 6171130.471409000456333 ] } },
{ "type": "Feature", "properties": { "sector": 2.0, "viviendas": 16982.0, "area_km2_s": 0.6092, "densidad_viviendas": 27875.90282337492, "id_punto": "2_247" }, "geometry": { "type": "Point", "coordinates": [ 5647716.117295506410301, 6171162.055185692384839 ] } },
{ "type": "Feature", "properties": { "sector": 2.0, "viviendas": 16982.0, "area_km2_s": 0.6092, "densidad_viviendas": 27875.90282337492, "id_punto": "2_248" }, "geometry": { "type": "Point", "coordinates": [ 5647388.959125785157084, 6171236.524875297211111 ] } },
{ "type": "Feature", "properties": { "sector": 2.0, "viviendas": 16982.0, "area_km2_s": 0.6092, "densidad_viviendas": 27875.90282337492, "id_punto": "2_249" }, "geometry": { "type": "Point", "coordinates": [ 5647707.791913372464478, 6171167.846771476790309 ] } },
{ "type": "Feature", "properties": { "sector": 2.0, "viviendas": 16982.0, "area_km2_s": 0.6092, "densidad_viviendas": 27875.90282337492, "id_punto": "2_250" }, "geometry": { "type": "Point", "coordinates": [ 5648226.780107600614429, 6171255.248124052770436 ] } },
{ "type": "Feature", "properties": { "sector": 2.0, "viviendas": 16982.0, "area_km2_s": 0.6092, "densidad_viviendas": 27875.90282337492, "id_punto": "2_251" }, "geometry": { "type": "Point", "coordinates": [ 5647795.637669252231717, 6171025.784311673603952 ] } },
{ "type": "Feature", "properties": { "sector": 2.0, "viviendas": 16982.0, "area_km2_s": 0.6092, "densidad_viviendas": 27875.90282337492, "id_punto": "2_252" }, "geometry": { "type": "Point", "coordinates": [ 5648225.978655189275742, 6171120.838180663995445 ] } },
{ "type": "Feature", "properties": { "sector": 2.0, "viviendas": 16982.0, "area_km2_s": 0.6092, "densidad_viviendas": 27875.90282337492, "id_punto": "2_253" }, "geometry": { "type": "Point", "coordinates": [ 5647266.329729817807674, 6171379.903500606305897 ] } },
{ "type": "Feature", "properties": { "sector": 2.0, "viviendas": 16982.0, "area_km2_s": 0.6092, "densidad_viviendas": 27875.90282337492, "id_punto": "2_254" }, "geometry": { "type": "Point", "coordinates": [ 5647332.850184395909309, 6171265.747905259951949 ] } },
{ "type": "Feature", "properties": { "sector": 2.0, "viviendas": 16982.0, "area_km2_s": 0.6092, "densidad_viviendas": 27875.90282337492, "id_punto": "2_255" }, "geometry": { "type": "Point", "coordinates": [ 5648136.908301767893136, 6171168.96408252324909 ] } },
{ "type": "Feature", "properties": { "sector": 2.0, "viviendas": 16982.0, "area_km2_s": 0.6092, "densidad_viviendas": 27875.90282337492, "id_punto": "2_256" }, "geometry": { "type": "Point", "coordinates": [ 5648161.122446822933853, 6170905.206651006825268 ] } },
{ "type": "Feature", "properties": { "sector": 2.0, "viviendas": 16982.0, "area_km2_s": 0.6092, "densidad_viviendas": 27875.90282337492, "id_punto": "2_257" }, "geometry": { "type": "Point", "coordinates": [ 5647986.218981805257499, 6170813.140276023186743 ] } },
{ "type": "Feature", "properties": { "sector": 2.0, "viviendas": 16982.0, "area_km2_s": 0.6092, "densidad_viviendas": 27875.90282337492, "id_punto": "2_258" }, "geometry": { "type": "Point", "coordinates": [ 5647543.02354478277266, 6171363.043131447397172 ] } },
{ "type": "Feature", "properties": { "sector": 2.0, "viviendas": 16982.0, "area_km2_s": 0.6092, "densidad_viviendas": 27875.90282337492, "id_punto": "2_259" }, "geometry": { "type": "Point", "coordinates": [ 5647425.874091478995979, 6171155.189731641672552 ] } },
{ "type": "Feature", "properties": { "sector": 2.0, "viviendas": 16982.0, "area_km2_s": 0.6092, "densidad_viviendas": 27875.90282337492, "id_punto": "2_260" }, "geometry": { "type": "Point", "coordinates": [ 5648218.945212630555034, 6171281.336520372889936 ] } },
{ "type": "Feature", "properties": { "sector": 2.0, "viviendas": 16982.0, "area_km2_s": 0.6092, "densidad_viviendas": 27875.90282337492, "id_punto": "2_261" }, "geometry": { "type": "Point", "coordinates": [ 5648122.411699722521007, 6171117.740372562780976 ] } },
{ "type": "Feature", "properties": { "sector": 2.0, "viviendas": 16982.0, "area_km2_s": 0.6092, "densidad_viviendas": 27875.90282337492, "id_punto": "2_262" }, "geometry": { "type": "Point", "coordinates": [ 5648144.15270671993494, 6171263.97842457331717 ] } },
{ "type": "Feature", "properties": { "sector": 2.0, "viviendas": 16982.0, "area_km2_s": 0.6092, "densidad_viviendas": 27875.90282337492, "id_punto": "2_263" }, "geometry": { "type": "Point", "coordinates": [ 5648305.688448796980083, 6171106.553725379519165 ] } },
{ "type": "Feature", "properties": { "sector": 2.0, "viviendas": 16982.0, "area_km2_s": 0.6092, "densidad_viviendas": 27875.90282337492, "id_punto": "2_264" }, "geometry": { "type": "Point", "coordinates": [ 5647860.665307221934199, 6170934.86863184068352 ] } },
{ "type": "Feature", "properties": { "sector": 2.0, "viviendas": 16982.0, "area_km2_s": 0.6092, "densidad_viviendas": 27875.90282337492, "id_punto": "2_265" }, "geometry": { "type": "Point", "coordinates": [ 5647952.022997476160526, 6171077.554710539057851 ] } },
{ "type": "Feature", "properties": { "sector": 2.0, "viviendas": 16982.0, "area_km2_s": 0.6092, "densidad_viviendas": 27875.90282337492, "id_punto": "2_266" }, "geometry": { "type": "Point", "coordinates": [ 5648399.349893089383841, 6171331.763788333162665 ] } },
{ "type": "Feature", "properties": { "sector": 2.0, "viviendas": 16982.0, "area_km2_s": 0.6092, "densidad_viviendas": 27875.90282337492, "id_punto": "2_267" }, "geometry": { "type": "Point", "coordinates": [ 5648416.625428256578743, 6171087.110240120440722 ] } },
{ "type": "Feature", "properties": { "sector": 2.0, "viviendas": 16982.0, "area_km2_s": 0.6092, "densidad_viviendas": 27875.90282337492, "id_punto": "2_268" }, "geometry": { "type": "Point", "coordinates": [ 5648033.696297123096883, 6170813.94531689491123 ] } },
{ "type": "Feature", "properties": { "sector": 2.0, "viviendas": 16982.0, "area_km2_s": 0.6092, "densidad_viviendas": 27875.90282337492, "id_punto": "2_269" }, "geometry": { "type": "Point", "coordinates": [ 5647257.463388867676258, 6171359.094208735972643 ] } },
{ "type": "Feature", "properties": { "sector": 2.0, "viviendas": 16982.0, "area_km2_s": 0.6092, "densidad_viviendas": 27875.90282337492, "id_punto": "2_270" }, "geometry": { "type": "Point", "coordinates": [ 5647794.869204870425165, 6170898.696620470844209 ] } },
{ "type": "Feature", "properties": { "sector": 2.0, "viviendas": 16982.0, "area_km2_s": 0.6092, "densidad_viviendas": 27875.90282337492, "id_punto": "2_271" }, "geometry": { "type": "Point", "coordinates": [ 5647678.330765933729708, 6171293.589703534729779 ] } },
{ "type": "Feature", "properties": { "sector": 2.0, "viviendas": 16982.0, "area_km2_s": 0.6092, "densidad_viviendas": 27875.90282337492, "id_punto": "2_272" }, "geometry": { "type": "Point", "coordinates": [ 5647556.790205962955952, 6171262.195384152233601 ] } },
{ "type": "Feature", "properties": { "sector": 2.0, "viviendas": 16982.0, "area_km2_s": 0.6092, "densidad_viviendas": 27875.90282337492, "id_punto": "2_273" }, "geometry": { "type": "Point", "coordinates": [ 5647484.458461683243513, 6171351.317835217341781 ] } },
{ "type": "Feature", "properties": { "sector": 2.0, "viviendas": 16982.0, "area_km2_s": 0.6092, "densidad_viviendas": 27875.90282337492, "id_punto": "2_274" }, "geometry": { "type": "Point", "coordinates": [ 5647718.685073904693127, 6171123.260616874322295 ] } },
{ "type": "Feature", "properties": { "sector": 2.0, "viviendas": 16982.0, "area_km2_s": 0.6092, "densidad_viviendas": 27875.90282337492, "id_punto": "2_275" }, "geometry": { "type": "Point", "coordinates": [ 5647511.08330165501684, 6171053.183273145928979 ] } },
{ "type": "Feature", "properties": { "sector": 2.0, "viviendas": 16982.0, "area_km2_s": 0.6092, "densidad_viviendas": 27875.90282337492, "id_punto": "2_276" }, "geometry": { "type": "Point", "coordinates": [ 5647912.343724059872329, 6171100.977089511230588 ] } },
{ "type": "Feature", "properties": { "sector": 2.0, "viviendas": 16982.0, "area_km2_s": 0.6092, "densidad_viviendas": 27875.90282337492, "id_punto": "2_277" }, "geometry": { "type": "Point", "coordinates": [ 5647428.873207174241543, 6171349.419833089224994 ] } },
{ "type": "Feature", "properties": { "sector": 2.0, "viviendas": 16982.0, "area_km2_s": 0.6092, "densidad_viviendas": 27875.90282337492, "id_punto": "2_278" }, "geometry": { "type": "Point", "coordinates": [ 5647416.497014300897717, 6171258.152394902892411 ] } },
{ "type": "Feature", "properties": { "sector": 2.0, "viviendas": 16982.0, "area_km2_s": 0.6092, "densidad_viviendas": 27875.90282337492, "id_punto": "2_279" }, "geometry": { "type": "Point", "coordinates": [ 5648110.336337272077799, 6171111.484069991856813 ] } },
{ "type": "Feature", "properties": { "sector": 2.0, "viviendas": 16982.0, "area_km2_s": 0.6092, "densidad_viviendas": 27875.90282337492, "id_punto": "2_280" }, "geometry": { "type": "Point", "coordinates": [ 5647238.651716684922576, 6171220.920650148764253 ] } },
{ "type": "Feature", "properties": { "sector": 2.0, "viviendas": 16982.0, "area_km2_s": 0.6092, "densidad_viviendas": 27875.90282337492, "id_punto": "2_281" }, "geometry": { "type": "Point", "coordinates": [ 5647912.039243354462087, 6170814.575641771778464 ] } },
{ "type": "Feature", "properties": { "sector": 2.0, "viviendas": 16982.0, "area_km2_s": 0.6092, "densidad_viviendas": 27875.90282337492, "id_punto": "2_282" }, "geometry": { "type": "Point", "coordinates": [ 5647907.363297639414668, 6171357.478436126373708 ] } },
{ "type": "Feature", "properties": { "sector": 2.0, "viviendas": 16982.0, "area_km2_s": 0.6092, "densidad_viviendas": 27875.90282337492, "id_punto": "2_283" }, "geometry": { "type": "Point", "coordinates": [ 5647874.983232253231108, 6170842.537318541668355 ] } },
{ "type": "Feature", "properties": { "sector": 2.0, "viviendas": 16982.0, "area_km2_s": 0.6092, "densidad_viviendas": 27875.90282337492, "id_punto": "2_284" }, "geometry": { "type": "Point", "coordinates": [ 5648243.706555870361626, 6171238.050182777456939 ] } },
{ "type": "Feature", "properties": { "sector": 2.0, "viviendas": 16982.0, "area_km2_s": 0.6092, "densidad_viviendas": 27875.90282337492, "id_punto": "2_285" }, "geometry": { "type": "Point", "coordinates": [ 5648089.708460722118616, 6170733.296062665991485 ] } },
{ "type": "Feature", "properties": { "sector": 2.0, "viviendas": 16982.0, "area_km2_s": 0.6092, "densidad_viviendas": 27875.90282337492, "id_punto": "2_286" }, "geometry": { "type": "Point", "coordinates": [ 5647911.261172595433891, 6171300.749269408173859 ] } },
{ "type": "Feature", "properties": { "sector": 2.0, "viviendas": 16982.0, "area_km2_s": 0.6092, "densidad_viviendas": 27875.90282337492, "id_punto": "2_287" }, "geometry": { "type": "Point", "coordinates": [ 5648113.895912110805511, 6170857.946164316497743 ] } },
{ "type": "Feature", "properties": { "sector": 2.0, "viviendas": 16982.0, "area_km2_s": 0.6092, "densidad_viviendas": 27875.90282337492, "id_punto": "2_288" }, "geometry": { "type": "Point", "coordinates": [ 5648154.980733945034444, 6171105.508782107383013 ] } },
{ "type": "Feature", "properties": { "sector": 2.0, "viviendas": 16982.0, "area_km2_s": 0.6092, "densidad_viviendas": 27875.90282337492, "id_punto": "2_289" }, "geometry": { "type": "Point", "coordinates": [ 5647542.126463341526687, 6171323.6013806136325 ] } },
{ "type": "Feature", "properties": { "sector": 2.0, "viviendas": 16982.0, "area_km2_s": 0.6092, "densidad_viviendas": 27875.90282337492, "id_punto": "2_290" }, "geometry": { "type": "Point", "coordinates": [ 5647863.670727111399174, 6170927.791535313241184 ] } },
{ "type": "Feature", "properties": { "sector": 2.0, "viviendas": 16982.0, "area_km2_s": 0.6092, "densidad_viviendas": 27875.90282337492, "id_punto": "2_291" }, "geometry": { "type": "Point", "coordinates": [ 5647504.697830379009247, 6171416.711823064833879 ] } },
{ "type": "Feature", "properties": { "sector": 2.0, "viviendas": 16982.0, "area_km2_s": 0.6092, "densidad_viviendas": 27875.90282337492, "id_punto": "2_292" }, "geometry": { "type": "Point", "coordinates": [ 5647696.983057731762528, 6171466.639821934513748 ] } },
{ "type": "Feature", "properties": { "sector": 2.0, "viviendas": 16982.0, "area_km2_s": 0.6092, "densidad_viviendas": 27875.90282337492, "id_punto": "2_293" }, "geometry": { "type": "Point", "coordinates": [ 5647448.665759976953268, 6171057.112161735072732 ] } },
{ "type": "Feature", "properties": { "sector": 2.0, "viviendas": 16982.0, "area_km2_s": 0.6092, "densidad_viviendas": 27875.90282337492, "id_punto": "2_294" }, "geometry": { "type": "Point", "coordinates": [ 5647987.690738243982196, 6171184.466693192720413 ] } },
{ "type": "Feature", "properties": { "sector": 2.0, "viviendas": 16982.0, "area_km2_s": 0.6092, "densidad_viviendas": 27875.90282337492, "id_punto": "2_295" }, "geometry": { "type": "Point", "coordinates": [ 5647991.301733177155256, 6171075.534352828748524 ] } },
{ "type": "Feature", "properties": { "sector": 2.0, "viviendas": 16982.0, "area_km2_s": 0.6092, "densidad_viviendas": 27875.90282337492, "id_punto": "2_296" }, "geometry": { "type": "Point", "coordinates": [ 5647595.210733375512064, 6170913.086152725853026 ] } },
{ "type": "Feature", "properties": { "sector": 2.0, "viviendas": 16982.0, "area_km2_s": 0.6092, "densidad_viviendas": 27875.90282337492, "id_punto": "2_297" }, "geometry": { "type": "Point", "coordinates": [ 5648369.032499991357327, 6171164.075367100536823 ] } },
{ "type": "Feature", "properties": { "sector": 2.0, "viviendas": 16982.0, "area_km2_s": 0.6092, "densidad_viviendas": 27875.90282337492, "id_punto": "2_298" }, "geometry": { "type": "Point", "coordinates": [ 5647952.65298833232373, 6171012.742798385210335 ] } },
{ "type": "Feature", "properties": { "sector": 2.0, "viviendas": 16982.0, "area_km2_s": 0.6092, "densidad_viviendas": 27875.90282337492, "id_punto": "2_299" }, "geometry": { "type": "Point", "coordinates": [ 5648151.236951518803835, 6170786.334882951341569 ] } },
{ "type": "Feature", "properties": { "sector": 2.0, "viviendas": 16982.0, "area_km2_s": 0.6092, "densidad_viviendas": 27875.90282337492, "id_punto": "2_300" }, "geometry": { "type": "Point", "coordinates": [ 5648374.703461683355272, 6171246.672474316321313 ] } },
{ "type": "Feature", "properties": { "sector": 3.0, "viviendas": 14064.0, "area_km2_s": 0.857, "densidad_viviendas": 16410.735122520422, "id_punto": "3_301" }, "geometry": { "type": "Point", "coordinates": [ 5648787.333182060159743, 6170629.530180463567376 ] } },
{ "type": "Feature", "properties": { "sector": 3.0, "viviendas": 14064.0, "area_km2_s": 0.857, "densidad_viviendas": 16410.735122520422, "id_punto": "3_302" }, "geometry": { "type": "Point", "coordinates": [ 5649189.779667527414858, 6170493.118499271571636 ] } },
{ "type": "Feature", "properties": { "sector": 3.0, "viviendas": 14064.0, "area_km2_s": 0.857, "densidad_viviendas": 16410.735122520422, "id_punto": "3_303" }, "geometry": { "type": "Point", "coordinates": [ 5648512.601134477183223, 6170910.818814667873085 ] } },
{ "type": "Feature", "properties": { "sector": 3.0, "viviendas": 14064.0, "area_km2_s": 0.857, "densidad_viviendas": 16410.735122520422, "id_punto": "3_304" }, "geometry": { "type": "Point", "coordinates": [ 5648803.056959041394293, 6170412.702397176995873 ] } },
{ "type": "Feature", "properties": { "sector": 3.0, "viviendas": 14064.0, "area_km2_s": 0.857, "densidad_viviendas": 16410.735122520422, "id_punto": "3_305" }, "geometry": { "type": "Point", "coordinates": [ 5648993.026202019304037, 6170342.162662727758288 ] } },
{ "type": "Feature", "properties": { "sector": 3.0, "viviendas": 14064.0, "area_km2_s": 0.857, "densidad_viviendas": 16410.735122520422, "id_punto": "3_306" }, "geometry": { "type": "Point", "coordinates": [ 5648741.09528795350343, 6171453.488512046635151 ] } },
{ "type": "Feature", "properties": { "sector": 3.0, "viviendas": 14064.0, "area_km2_s": 0.857, "densidad_viviendas": 16410.735122520422, "id_punto": "3_307" }, "geometry": { "type": "Point", "coordinates": [ 5648917.886512232013047, 6170698.492597822099924 ] } },
{ "type": "Feature", "properties": { "sector": 3.0, "viviendas": 14064.0, "area_km2_s": 0.857, "densidad_viviendas": 16410.735122520422, "id_punto": "3_308" }, "geometry": { "type": "Point", "coordinates": [ 5648704.24067531619221, 6170546.369541506282985 ] } },
{ "type": "Feature", "properties": { "sector": 3.0, "viviendas": 14064.0, "area_km2_s": 0.857, "densidad_viviendas": 16410.735122520422, "id_punto": "3_309" }, "geometry": { "type": "Point", "coordinates": [ 5648951.106702702119946, 6170906.258708171546459 ] } },
{ "type": "Feature", "properties": { "sector": 3.0, "viviendas": 14064.0, "area_km2_s": 0.857, "densidad_viviendas": 16410.735122520422, "id_punto": "3_310" }, "geometry": { "type": "Point", "coordinates": [ 5648666.787463676184416, 6170432.829973843879998 ] } },
{ "type": "Feature", "properties": { "sector": 3.0, "viviendas": 14064.0, "area_km2_s": 0.857, "densidad_viviendas": 16410.735122520422, "id_punto": "3_311" }, "geometry": { "type": "Point", "coordinates": [ 5648773.110592023469508, 6171103.890102265402675 ] } },
{ "type": "Feature", "properties": { "sector": 3.0, "viviendas": 14064.0, "area_km2_s": 0.857, "densidad_viviendas": 16410.735122520422, "id_punto": "3_312" }, "geometry": { "type": "Point", "coordinates": [ 5648643.939516209997237, 6170746.544064332731068 ] } },
{ "type": "Feature", "properties": { "sector": 3.0, "viviendas": 14064.0, "area_km2_s": 0.857, "densidad_viviendas": 16410.735122520422, "id_punto": "3_313" }, "geometry": { "type": "Point", "coordinates": [ 5649027.81615049764514, 6170429.645832889713347 ] } },
{ "type": "Feature", "properties": { "sector": 3.0, "viviendas": 14064.0, "area_km2_s": 0.857, "densidad_viviendas": 16410.735122520422, "id_punto": "3_314" }, "geometry": { "type": "Point", "coordinates": [ 5648739.778313777409494, 6171269.049960262142122 ] } },
{ "type": "Feature", "properties": { "sector": 3.0, "viviendas": 14064.0, "area_km2_s": 0.857, "densidad_viviendas": 16410.735122520422, "id_punto": "3_315" }, "geometry": { "type": "Point", "coordinates": [ 5648670.736772540025413, 6170601.905131632462144 ] } },
{ "type": "Feature", "properties": { "sector": 3.0, "viviendas": 14064.0, "area_km2_s": 0.857, "densidad_viviendas": 16410.735122520422, "id_punto": "3_316" }, "geometry": { "type": "Point", "coordinates": [ 5648770.274562332779169, 6171116.731822959147394 ] } },
{ "type": "Feature", "properties": { "sector": 3.0, "viviendas": 14064.0, "area_km2_s": 0.857, "densidad_viviendas": 16410.735122520422, "id_punto": "3_317" }, "geometry": { "type": "Point", "coordinates": [ 5649174.563033742830157, 6170349.86055057682097 ] } },
{ "type": "Feature", "properties": { "sector": 3.0, "viviendas": 14064.0, "area_km2_s": 0.857, "densidad_viviendas": 16410.735122520422, "id_punto": "3_318" }, "geometry": { "type": "Point", "coordinates": [ 5649009.741014536470175, 6170544.340335035696626 ] } },
{ "type": "Feature", "properties": { "sector": 3.0, "viviendas": 14064.0, "area_km2_s": 0.857, "densidad_viviendas": 16410.735122520422, "id_punto": "3_319" }, "geometry": { "type": "Point", "coordinates": [ 5648775.994282561354339, 6171387.166918039321899 ] } },
{ "type": "Feature", "properties": { "sector": 3.0, "viviendas": 14064.0, "area_km2_s": 0.857, "densidad_viviendas": 16410.735122520422, "id_punto": "3_320" }, "geometry": { "type": "Point", "coordinates": [ 5648812.920026294887066, 6170863.844687212258577 ] } },
{ "type": "Feature", "properties": { "sector": 3.0, "viviendas": 14064.0, "area_km2_s": 0.857, "densidad_viviendas": 16410.735122520422, "id_punto": "3_321" }, "geometry": { "type": "Point", "coordinates": [ 5648512.679294684901834, 6170994.633885209448636 ] } },
{ "type": "Feature", "properties": { "sector": 3.0, "viviendas": 14064.0, "area_km2_s": 0.857, "densidad_viviendas": 16410.735122520422, "id_punto": "3_322" }, "geometry": { "type": "Point", "coordinates": [ 5648872.47610242664814, 6170864.27975882217288 ] } },
{ "type": "Feature", "properties": { "sector": 3.0, "viviendas": 14064.0, "area_km2_s": 0.857, "densidad_viviendas": 16410.735122520422, "id_punto": "3_323" }, "geometry": { "type": "Point", "coordinates": [ 5649317.154608399607241, 6170678.847474317997694 ] } },
{ "type": "Feature", "properties": { "sector": 3.0, "viviendas": 14064.0, "area_km2_s": 0.857, "densidad_viviendas": 16410.735122520422, "id_punto": "3_324" }, "geometry": { "type": "Point", "coordinates": [ 5648951.440566258504987, 6170815.458121925592422 ] } },
{ "type": "Feature", "properties": { "sector": 3.0, "viviendas": 14064.0, "area_km2_s": 0.857, "densidad_viviendas": 16410.735122520422, "id_punto": "3_325" }, "geometry": { "type": "Point", "coordinates": [ 5648593.802470845170319, 6171303.677199199795723 ] } },
{ "type": "Feature", "properties": { "sector": 3.0, "viviendas": 14064.0, "area_km2_s": 0.857, "densidad_viviendas": 16410.735122520422, "id_punto": "3_326" }, "geometry": { "type": "Point", "coordinates": [ 5649140.0790009284392, 6170863.065136671066284 ] } },
{ "type": "Feature", "properties": { "sector": 3.0, "viviendas": 14064.0, "area_km2_s": 0.857, "densidad_viviendas": 16410.735122520422, "id_punto": "3_327" }, "geometry": { "type": "Point", "coordinates": [ 5648622.065981603227556, 6171432.277770436368883 ] } },
{ "type": "Feature", "properties": { "sector": 3.0, "viviendas": 14064.0, "area_km2_s": 0.857, "densidad_viviendas": 16410.735122520422, "id_punto": "3_328" }, "geometry": { "type": "Point", "coordinates": [ 5649238.439780925400555, 6171031.054370872676373 ] } },
{ "type": "Feature", "properties": { "sector": 3.0, "viviendas": 14064.0, "area_km2_s": 0.857, "densidad_viviendas": 16410.735122520422, "id_punto": "3_329" }, "geometry": { "type": "Point", "coordinates": [ 5648911.906927666626871, 6170442.39537660125643 ] } },
{ "type": "Feature", "properties": { "sector": 3.0, "viviendas": 14064.0, "area_km2_s": 0.857, "densidad_viviendas": 16410.735122520422, "id_punto": "3_330" }, "geometry": { "type": "Point", "coordinates": [ 5648716.323157413862646, 6171071.818308937363327 ] } },
{ "type": "Feature", "properties": { "sector": 3.0, "viviendas": 14064.0, "area_km2_s": 0.857, "densidad_viviendas": 16410.735122520422, "id_punto": "3_331" }, "geometry": { "type": "Point", "coordinates": [ 5648772.072275571525097, 6171348.025192817673087 ] } },
{ "type": "Feature", "properties": { "sector": 3.0, "viviendas": 14064.0, "area_km2_s": 0.857, "densidad_viviendas": 16410.735122520422, "id_punto": "3_332" }, "geometry": { "type": "Point", "coordinates": [ 5648340.862718712538481, 6170915.319902415387332 ] } },
{ "type": "Feature", "properties": { "sector": 3.0, "viviendas": 14064.0, "area_km2_s": 0.857, "densidad_viviendas": 16410.735122520422, "id_punto": "3_333" }, "geometry": { "type": "Point", "coordinates": [ 5648775.336464563384652, 6170794.45966855250299 ] } },
{ "type": "Feature", "properties": { "sector": 3.0, "viviendas": 14064.0, "area_km2_s": 0.857, "densidad_viviendas": 16410.735122520422, "id_punto": "3_334" }, "geometry": { "type": "Point", "coordinates": [ 5648739.673835643567145, 6171493.680426220409572 ] } },
{ "type": "Feature", "properties": { "sector": 3.0, "viviendas": 14064.0, "area_km2_s": 0.857, "densidad_viviendas": 16410.735122520422, "id_punto": "3_335" }, "geometry": { "type": "Point", "coordinates": [ 5649255.10656454693526, 6170429.726005759090185 ] } },
{ "type": "Feature", "properties": { "sector": 3.0, "viviendas": 14064.0, "area_km2_s": 0.857, "densidad_viviendas": 16410.735122520422, "id_punto": "3_336" }, "geometry": { "type": "Point", "coordinates": [ 5648579.409308200702071, 6170547.674972946755588 ] } },
{ "type": "Feature", "properties": { "sector": 3.0, "viviendas": 14064.0, "area_km2_s": 0.857, "densidad_viviendas": 16410.735122520422, "id_punto": "3_337" }, "geometry": { "type": "Point", "coordinates": [ 5649169.959334812127054, 6170332.888153435662389 ] } },
{ "type": "Feature", "properties": { "sector": 3.0, "viviendas": 14064.0, "area_km2_s": 0.857, "densidad_viviendas": 16410.735122520422, "id_punto": "3_338" }, "geometry": { "type": "Point", "coordinates": [ 5648682.148294393904507, 6170327.073567632585764 ] } },
{ "type": "Feature", "properties": { "sector": 3.0, "viviendas": 14064.0, "area_km2_s": 0.857, "densidad_viviendas": 16410.735122520422, "id_punto": "3_339" }, "geometry": { "type": "Point", "coordinates": [ 5648675.815780994482338, 6171399.835219719447196 ] } },
{ "type": "Feature", "properties": { "sector": 3.0, "viviendas": 14064.0, "area_km2_s": 0.857, "densidad_viviendas": 16410.735122520422, "id_punto": "3_340" }, "geometry": { "type": "Point", "coordinates": [ 5648989.030565516091883, 6171313.324380304664373 ] } },
{ "type": "Feature", "properties": { "sector": 3.0, "viviendas": 14064.0, "area_km2_s": 0.857, "densidad_viviendas": 16410.735122520422, "id_punto": "3_341" }, "geometry": { "type": "Point", "coordinates": [ 5649002.223762054927647, 6170859.954477303661406 ] } },
{ "type": "Feature", "properties": { "sector": 3.0, "viviendas": 14064.0, "area_km2_s": 0.857, "densidad_viviendas": 16410.735122520422, "id_punto": "3_342" }, "geometry": { "type": "Point", "coordinates": [ 5648814.392054547555745, 6170312.403982296586037 ] } },
{ "type": "Feature", "properties": { "sector": 3.0, "viviendas": 14064.0, "area_km2_s": 0.857, "densidad_viviendas": 16410.735122520422, "id_punto": "3_343" }, "geometry": { "type": "Point", "coordinates": [ 5649100.576541702263057, 6170576.686649080365896 ] } },
{ "type": "Feature", "properties": { "sector": 3.0, "viviendas": 14064.0, "area_km2_s": 0.857, "densidad_viviendas": 16410.735122520422, "id_punto": "3_344" }, "geometry": { "type": "Point", "coordinates": [ 5648748.079806290566921, 6170734.351424557156861 ] } },
{ "type": "Feature", "properties": { "sector": 3.0, "viviendas": 14064.0, "area_km2_s": 0.857, "densidad_viviendas": 16410.735122520422, "id_punto": "3_345" }, "geometry": { "type": "Point", "coordinates": [ 5648817.136665180325508, 6170211.423661855049431 ] } },
{ "type": "Feature", "properties": { "sector": 3.0, "viviendas": 14064.0, "area_km2_s": 0.857, "densidad_viviendas": 16410.735122520422, "id_punto": "3_346" }, "geometry": { "type": "Point", "coordinates": [ 5648543.674914322793484, 6170941.190905947238207 ] } },
{ "type": "Feature", "properties": { "sector": 3.0, "viviendas": 14064.0, "area_km2_s": 0.857, "densidad_viviendas": 16410.735122520422, "id_punto": "3_347" }, "geometry": { "type": "Point", "coordinates": [ 5648933.593236871063709, 6170344.277845045551658 ] } },
{ "type": "Feature", "properties": { "sector": 3.0, "viviendas": 14064.0, "area_km2_s": 0.857, "densidad_viviendas": 16410.735122520422, "id_punto": "3_348" }, "geometry": { "type": "Point", "coordinates": [ 5648905.489117463119328, 6171437.198414111509919 ] } },
{ "type": "Feature", "properties": { "sector": 3.0, "viviendas": 14064.0, "area_km2_s": 0.857, "densidad_viviendas": 16410.735122520422, "id_punto": "3_349" }, "geometry": { "type": "Point", "coordinates": [ 5649110.374802097678185, 6170745.988133403472602 ] } },
{ "type": "Feature", "properties": { "sector": 3.0, "viviendas": 14064.0, "area_km2_s": 0.857, "densidad_viviendas": 16410.735122520422, "id_punto": "3_350" }, "geometry": { "type": "Point", "coordinates": [ 5649185.288437960669398, 6170795.847758662886918 ] } },
{ "type": "Feature", "properties": { "sector": 3.0, "viviendas": 14064.0, "area_km2_s": 0.857, "densidad_viviendas": 16410.735122520422, "id_punto": "3_351" }, "geometry": { "type": "Point", "coordinates": [ 5648789.813967142254114, 6170471.616023099981248 ] } },
{ "type": "Feature", "properties": { "sector": 3.0, "viviendas": 14064.0, "area_km2_s": 0.857, "densidad_viviendas": 16410.735122520422, "id_punto": "3_352" }, "geometry": { "type": "Point", "coordinates": [ 5648772.383986610919237, 6171142.539762981235981 ] } },
{ "type": "Feature", "properties": { "sector": 3.0, "viviendas": 14064.0, "area_km2_s": 0.857, "densidad_viviendas": 16410.735122520422, "id_punto": "3_353" }, "geometry": { "type": "Point", "coordinates": [ 5649053.902022082358599, 6170942.636173973791301 ] } },
{ "type": "Feature", "properties": { "sector": 3.0, "viviendas": 14064.0, "area_km2_s": 0.857, "densidad_viviendas": 16410.735122520422, "id_punto": "3_354" }, "geometry": { "type": "Point", "coordinates": [ 5648692.836063207127154, 6170588.515744835138321 ] } },
{ "type": "Feature", "properties": { "sector": 3.0, "viviendas": 14064.0, "area_km2_s": 0.857, "densidad_viviendas": 16410.735122520422, "id_punto": "3_355" }, "geometry": { "type": "Point", "coordinates": [ 5648770.635122086852789, 6170497.438346465118229 ] } },
{ "type": "Feature", "properties": { "sector": 3.0, "viviendas": 14064.0, "area_km2_s": 0.857, "densidad_viviendas": 16410.735122520422, "id_punto": "3_356" }, "geometry": { "type": "Point", "coordinates": [ 5649226.879742823541164, 6170645.827259883284569 ] } },
{ "type": "Feature", "properties": { "sector": 3.0, "viviendas": 14064.0, "area_km2_s": 0.857, "densidad_viviendas": 16410.735122520422, "id_punto": "3_357" }, "geometry": { "type": "Point", "coordinates": [ 5649126.84664401691407, 6170947.402894167229533 ] } },
{ "type": "Feature", "properties": { "sector": 3.0, "viviendas": 14064.0, "area_km2_s": 0.857, "densidad_viviendas": 16410.735122520422, "id_punto": "3_358" }, "geometry": { "type": "Point", "coordinates": [ 5648356.005874678492546, 6171053.548562242649496 ] } },
{ "type": "Feature", "properties": { "sector": 3.0, "viviendas": 14064.0, "area_km2_s": 0.857, "densidad_viviendas": 16410.735122520422, "id_punto": "3_359" }, "geometry": { "type": "Point", "coordinates": [ 5649109.21573409345001, 6170551.291293915361166 ] } },
{ "type": "Feature", "properties": { "sector": 3.0, "viviendas": 14064.0, "area_km2_s": 0.857, "densidad_viviendas": 16410.735122520422, "id_punto": "3_360" }, "geometry": { "type": "Point", "coordinates": [ 5648720.584632127545774, 6171468.081674561835825 ] } },
{ "type": "Feature", "properties": { "sector": 3.0, "viviendas": 14064.0, "area_km2_s": 0.857, "densidad_viviendas": 16410.735122520422, "id_punto": "3_361" }, "geometry": { "type": "Point", "coordinates": [ 5648913.824012275785208, 6171434.107502986676991 ] } },
{ "type": "Feature", "properties": { "sector": 3.0, "viviendas": 14064.0, "area_km2_s": 0.857, "densidad_viviendas": 16410.735122520422, "id_punto": "3_362" }, "geometry": { "type": "Point", "coordinates": [ 5649131.647441544570029, 6170443.690142809413373 ] } },
{ "type": "Feature", "properties": { "sector": 3.0, "viviendas": 14064.0, "area_km2_s": 0.857, "densidad_viviendas": 16410.735122520422, "id_punto": "3_363" }, "geometry": { "type": "Point", "coordinates": [ 5648596.389885981567204, 6171226.831672893837094 ] } },
{ "type": "Feature", "properties": { "sector": 3.0, "viviendas": 14064.0, "area_km2_s": 0.857, "densidad_viviendas": 16410.735122520422, "id_punto": "3_364" }, "geometry": { "type": "Point", "coordinates": [ 5648742.227686285972595, 6171231.533500893972814 ] } },
{ "type": "Feature", "properties": { "sector": 3.0, "viviendas": 14064.0, "area_km2_s": 0.857, "densidad_viviendas": 16410.735122520422, "id_punto": "3_365" }, "geometry": { "type": "Point", "coordinates": [ 5648496.646093701012433, 6171081.281895250082016 ] } },
{ "type": "Feature", "properties": { "sector": 3.0, "viviendas": 14064.0, "area_km2_s": 0.857, "densidad_viviendas": 16410.735122520422, "id_punto": "3_366" }, "geometry": { "type": "Point", "coordinates": [ 5649048.336932343430817, 6170570.89630928914994 ] } },
{ "type": "Feature", "properties": { "sector": 3.0, "viviendas": 14064.0, "area_km2_s": 0.857, "densidad_viviendas": 16410.735122520422, "id_punto": "3_367" }, "geometry": { "type": "Point", "coordinates": [ 5648883.548109582625329, 6170258.742556012235582 ] } },
{ "type": "Feature", "properties": { "sector": 3.0, "viviendas": 14064.0, "area_km2_s": 0.857, "densidad_viviendas": 16410.735122520422, "id_punto": "3_368" }, "geometry": { "type": "Point", "coordinates": [ 5648737.576230628415942, 6171466.090691650286317 ] } },
{ "type": "Feature", "properties": { "sector": 3.0, "viviendas": 14064.0, "area_km2_s": 0.857, "densidad_viviendas": 16410.735122520422, "id_punto": "3_369" }, "geometry": { "type": "Point", "coordinates": [ 5648728.7275724504143, 6170704.701799973845482 ] } },
{ "type": "Feature", "properties": { "sector": 3.0, "viviendas": 14064.0, "area_km2_s": 0.857, "densidad_viviendas": 16410.735122520422, "id_punto": "3_370" }, "geometry": { "type": "Point", "coordinates": [ 5648721.60127021651715, 6171384.681361563503742 ] } },
{ "type": "Feature", "properties": { "sector": 3.0, "viviendas": 14064.0, "area_km2_s": 0.857, "densidad_viviendas": 16410.735122520422, "id_punto": "3_371" }, "geometry": { "type": "Point", "coordinates": [ 5648721.379060902632773, 6170726.345552975311875 ] } },
{ "type": "Feature", "properties": { "sector": 3.0, "viviendas": 14064.0, "area_km2_s": 0.857, "densidad_viviendas": 16410.735122520422, "id_punto": "3_372" }, "geometry": { "type": "Point", "coordinates": [ 5648247.636793218553066, 6170993.664735217578709 ] } },
{ "type": "Feature", "properties": { "sector": 3.0, "viviendas": 14064.0, "area_km2_s": 0.857, "densidad_viviendas": 16410.735122520422, "id_punto": "3_373" }, "geometry": { "type": "Point", "coordinates": [ 5648674.460835141129792, 6170631.715911810286343 ] } },
{ "type": "Feature", "properties": { "sector": 3.0, "viviendas": 14064.0, "area_km2_s": 0.857, "densidad_viviendas": 16410.735122520422, "id_punto": "3_374" }, "geometry": { "type": "Point", "coordinates": [ 5648724.186314868740737, 6170286.52727228961885 ] } },
{ "type": "Feature", "properties": { "sector": 3.0, "viviendas": 14064.0, "area_km2_s": 0.857, "densidad_viviendas": 16410.735122520422, "id_punto": "3_375" }, "geometry": { "type": "Point", "coordinates": [ 5649060.014594140462577, 6170451.857407422736287 ] } },
{ "type": "Feature", "properties": { "sector": 3.0, "viviendas": 14064.0, "area_km2_s": 0.857, "densidad_viviendas": 16410.735122520422, "id_punto": "3_376" }, "geometry": { "type": "Point", "coordinates": [ 5649090.720423429273069, 6170812.527718650177121 ] } },
{ "type": "Feature", "properties": { "sector": 3.0, "viviendas": 14064.0, "area_km2_s": 0.857, "densidad_viviendas": 16410.735122520422, "id_punto": "3_377" }, "geometry": { "type": "Point", "coordinates": [ 5648736.499669225886464, 6170457.692243072204292 ] } },
{ "type": "Feature", "properties": { "sector": 3.0, "viviendas": 14064.0, "area_km2_s": 0.857, "densidad_viviendas": 16410.735122520422, "id_punto": "3_378" }, "geometry": { "type": "Point", "coordinates": [ 5648719.517569240182638, 6171560.771656032651663 ] } },
{ "type": "Feature", "properties": { "sector": 3.0, "viviendas": 14064.0, "area_km2_s": 0.857, "densidad_viviendas": 16410.735122520422, "id_punto": "3_379" }, "geometry": { "type": "Point", "coordinates": [ 5648483.804056216031313, 6171060.167275759391487 ] } },
{ "type": "Feature", "properties": { "sector": 3.0, "viviendas": 14064.0, "area_km2_s": 0.857, "densidad_viviendas": 16410.735122520422, "id_punto": "3_380" }, "geometry": { "type": "Point", "coordinates": [ 5649212.05347709544003, 6170609.567305327393115 ] } },
{ "type": "Feature", "properties": { "sector": 3.0, "viviendas": 14064.0, "area_km2_s": 0.857, "densidad_viviendas": 16410.735122520422, "id_punto": "3_381" }, "geometry": { "type": "Point", "coordinates": [ 5648714.563955490477383, 6171434.099802248179913 ] } },
{ "type": "Feature", "properties": { "sector": 3.0, "viviendas": 14064.0, "area_km2_s": 0.857, "densidad_viviendas": 16410.735122520422, "id_punto": "3_382" }, "geometry": { "type": "Point", "coordinates": [ 5648710.724119935184717, 6170353.568956886418164 ] } },
{ "type": "Feature", "properties": { "sector": 3.0, "viviendas": 14064.0, "area_km2_s": 0.857, "densidad_viviendas": 16410.735122520422, "id_punto": "3_383" }, "geometry": { "type": "Point", "coordinates": [ 5648666.532223151065409, 6170994.350497049279511 ] } },
{ "type": "Feature", "properties": { "sector": 3.0, "viviendas": 14064.0, "area_km2_s": 0.857, "densidad_viviendas": 16410.735122520422, "id_punto": "3_384" }, "geometry": { "type": "Point", "coordinates": [ 5648788.266599832102656, 6170172.478695648722351 ] } },
{ "type": "Feature", "properties": { "sector": 3.0, "viviendas": 14064.0, "area_km2_s": 0.857, "densidad_viviendas": 16410.735122520422, "id_punto": "3_385" }, "geometry": { "type": "Point", "coordinates": [ 5648879.090816150419414, 6170713.445836178958416 ] } },
{ "type": "Feature", "properties": { "sector": 3.0, "viviendas": 14064.0, "area_km2_s": 0.857, "densidad_viviendas": 16410.735122520422, "id_punto": "3_386" }, "geometry": { "type": "Point", "coordinates": [ 5648728.233326687477529, 6171092.340516532771289 ] } },
{ "type": "Feature", "properties": { "sector": 3.0, "viviendas": 14064.0, "area_km2_s": 0.857, "densidad_viviendas": 16410.735122520422, "id_punto": "3_387" }, "geometry": { "type": "Point", "coordinates": [ 5648814.417029318399727, 6170831.006927940063179 ] } },
{ "type": "Feature", "properties": { "sector": 3.0, "viviendas": 14064.0, "area_km2_s": 0.857, "densidad_viviendas": 16410.735122520422, "id_punto": "3_388" }, "geometry": { "type": "Point", "coordinates": [ 5648692.548604934476316, 6171558.9266865439713 ] } },
{ "type": "Feature", "properties": { "sector": 3.0, "viviendas": 14064.0, "area_km2_s": 0.857, "densidad_viviendas": 16410.735122520422, "id_punto": "3_389" }, "geometry": { "type": "Point", "coordinates": [ 5648686.190650348551571, 6171182.550259564071894 ] } },
{ "type": "Feature", "properties": { "sector": 3.0, "viviendas": 14064.0, "area_km2_s": 0.857, "densidad_viviendas": 16410.735122520422, "id_punto": "3_390" }, "geometry": { "type": "Point", "coordinates": [ 5649033.010954287834466, 6170410.547164699062705 ] } },
{ "type": "Feature", "properties": { "sector": 3.0, "viviendas": 14064.0, "area_km2_s": 0.857, "densidad_viviendas": 16410.735122520422, "id_punto": "3_391" }, "geometry": { "type": "Point", "coordinates": [ 5648560.730694663710892, 6170903.007440546527505 ] } },
{ "type": "Feature", "properties": { "sector": 3.0, "viviendas": 14064.0, "area_km2_s": 0.857, "densidad_viviendas": 16410.735122520422, "id_punto": "3_392" }, "geometry": { "type": "Point", "coordinates": [ 5648685.90913500264287, 6170799.688233476132154 ] } },
{ "type": "Feature", "properties": { "sector": 3.0, "viviendas": 14064.0, "area_km2_s": 0.857, "densidad_viviendas": 16410.735122520422, "id_punto": "3_393" }, "geometry": { "type": "Point", "coordinates": [ 5648633.289302118122578, 6170360.743575297296047 ] } },
{ "type": "Feature", "properties": { "sector": 3.0, "viviendas": 14064.0, "area_km2_s": 0.857, "densidad_viviendas": 16410.735122520422, "id_punto": "3_394" }, "geometry": { "type": "Point", "coordinates": [ 5649025.555575885809958, 6170712.820242444053292 ] } },
{ "type": "Feature", "properties": { "sector": 3.0, "viviendas": 14064.0, "area_km2_s": 0.857, "densidad_viviendas": 16410.735122520422, "id_punto": "3_395" }, "geometry": { "type": "Point", "coordinates": [ 5648936.350349257700145, 6170524.040955941192806 ] } },
{ "type": "Feature", "properties": { "sector": 3.0, "viviendas": 14064.0, "area_km2_s": 0.857, "densidad_viviendas": 16410.735122520422, "id_punto": "3_396" }, "geometry": { "type": "Point", "coordinates": [ 5648525.491984479129314, 6170703.84335226751864 ] } },
{ "type": "Feature", "properties": { "sector": 3.0, "viviendas": 14064.0, "area_km2_s": 0.857, "densidad_viviendas": 16410.735122520422, "id_punto": "3_397" }, "geometry": { "type": "Point", "coordinates": [ 5648998.728842274285853, 6170659.025488266721368 ] } },
{ "type": "Feature", "properties": { "sector": 3.0, "viviendas": 14064.0, "area_km2_s": 0.857, "densidad_viviendas": 16410.735122520422, "id_punto": "3_398" }, "geometry": { "type": "Point", "coordinates": [ 5648783.10233408678323, 6171125.007167289964855 ] } },
{ "type": "Feature", "properties": { "sector": 3.0, "viviendas": 14064.0, "area_km2_s": 0.857, "densidad_viviendas": 16410.735122520422, "id_punto": "3_399" }, "geometry": { "type": "Point", "coordinates": [ 5648545.85525693744421, 6171052.649114280939102 ] } },
{ "type": "Feature", "properties": { "sector": 3.0, "viviendas": 14064.0, "area_km2_s": 0.857, "densidad_viviendas": 16410.735122520422, "id_punto": "3_400" }, "geometry": { "type": "Point", "coordinates": [ 5648828.539362997747958, 6171424.851717904210091 ] } }
]
}
