{
"type": "FeatureCollection",
"name": "isocronas15_sp",
"crs": { "type": "name", "properties": { "name": "urn:ogc:def:crs:OGC:1.3:CRS84" } },
"features": [
{ "type": "Feature", "properties": { "id": 1, "isomin": 0.0, "isomax": 15.0, "id_punto": "1_1", "sector": 1.0 }, "geometry": { "type": "MultiPolygon", "coordinates": [ [ [ [ -58.391942588177635, -34.581450984830482 ], [ -58.393094274439292, -34.581768110150911 ], [ -58.393360048191994, -34.581986925916517 ], [ -58.394245960701021, -34.582417924982018 ], [ -58.395397646962671, -34.582579549055346 ], [ -58.395829529310824, -34.5829351209103 ], [ -58.396048600067125, -34.583883305085976 ], [ -58.396025839469061, -34.584831478443569 ], [ -58.395781542383247, -34.585779640982793 ], [ -58.396025839469061, -34.586727792703634 ], [ -58.395397646962671, -34.587244961809638 ], [ -58.395077734112213, -34.587675933605851 ], [ -58.39501375154213, -34.588624063689451 ], [ -58.394917777686977, -34.5895721829541 ], [ -58.394936972458012, -34.590520291399883 ], [ -58.394917777686977, -34.591468389026453 ], [ -58.394821803831839, -34.592416475833829 ], [ -58.394245960701021, -34.593364551821765 ], [ -58.394245960701021, -34.593364551821765 ], [ -58.393606135000056, -34.594312616990244 ], [ -58.393094274439292, -34.59473397581435 ], [ -58.392416811932421, -34.595260671338984 ], [ -58.391942588177635, -34.595651043514252 ], [ -58.391468364422799, -34.595260671338984 ], [ -58.390790901915906, -34.594668138638973 ], [ -58.389743914405322, -34.595260671338984 ], [ -58.389639215654256, -34.595346857561459 ], [ -58.388487529392528, -34.59557668705088 ], [ -58.387335843130877, -34.596208714868013 ], [ -58.386664026144871, -34.595260671338984 ], [ -58.386184156869135, -34.594944654424943 ], [ -58.385506694362284, -34.595260671338984 ], [ -58.385032470607499, -34.595651043514252 ], [ -58.384146558098472, -34.596208714868013 ], [ -58.383880784345756, -34.596427492607368 ], [ -58.383615010593068, -34.596208714868013 ], [ -58.38272909808412, -34.595531542022776 ], [ -58.382400044866472, -34.595260671338984 ], [ -58.381577411822377, -34.59478664551709 ], [ -58.380425725560734, -34.594531399723373 ], [ -58.380159951808025, -34.594312616990244 ], [ -58.379880189963075, -34.593364551821765 ], [ -58.379274039298998, -34.592999908491436 ], [ -58.378122353037341, -34.592933609532139 ], [ -58.377494160530951, -34.592416475833829 ], [ -58.378122353037341, -34.591899338916484 ], [ -58.378425428369354, -34.591468389026453 ], [ -58.378122353037341, -34.591129783973244 ], [ -58.37738198329766, -34.590520291399883 ], [ -58.378122353037341, -34.589910794355298 ], [ -58.378396564052025, -34.5895721829541 ], [ -58.378506248457896, -34.588624063689451 ], [ -58.379274039298998, -34.587991978169143 ], [ -58.380425725560734, -34.588202673876843 ], [ -58.381577411822377, -34.587805815078745 ], [ -58.381712904323763, -34.587675933605851 ], [ -58.38272909808412, -34.586839339253665 ], [ -58.382838782489983, -34.586727792703634 ], [ -58.383880784345756, -34.585869941612792 ], [ -58.383983613476268, -34.585779640982793 ], [ -58.385032470607499, -34.584916136252986 ], [ -58.385146498950228, -34.584831478443569 ], [ -58.385172920151597, -34.583883305085976 ], [ -58.386184156869135, -34.583050753706026 ], [ -58.386364107847541, -34.5829351209103 ], [ -58.387335843130877, -34.582135082097373 ], [ -58.388487529392528, -34.58216927194777 ], [ -58.388847431349319, -34.581986925916517 ], [ -58.389639215654256, -34.581335035583102 ], [ -58.390430999959129, -34.581986925916517 ], [ -58.390790901915906, -34.582193056183236 ], [ -58.391291635073181, -34.581986925916517 ], [ -58.391942588177635, -34.581450984830482 ] ], [ [ -58.384896978106113, -34.591468389026453 ], [ -58.385032470607499, -34.591373579750638 ], [ -58.385169576114833, -34.591468389026453 ], [ -58.385032470607499, -34.591616528303277 ], [ -58.384896978106113, -34.591468389026453 ] ], [ [ -58.383635744715626, -34.593364551821765 ], [ -58.383880784345756, -34.59320109121645 ], [ -58.384082834567117, -34.593364551821765 ], [ -58.383880784345756, -34.593651845439624 ], [ -58.383635744715626, -34.593364551821765 ] ] ] ] } },
{ "type": "Feature", "properties": { "id": 1, "isomin": 0.0, "isomax": 15.0, "id_punto": "1_2", "sector": 1.0 }, "geometry": { "type": "MultiPolygon", "coordinates": [ [ [ [ -58.388565843130827, -34.583162867188484 ], [ -58.38894973855141, -34.583478928916257 ], [ -58.38971752939257, -34.583722052504314 ], [ -58.390394991899413, -34.583478928916257 ], [ -58.390869215654213, -34.583088499548438 ], [ -58.392020901915949, -34.582961736372212 ], [ -58.393172588177592, -34.583208018937484 ], [ -58.393501641395233, -34.583478928916257 ], [ -58.394324274439334, -34.584269077976892 ], [ -58.394516222149598, -34.584427106887489 ], [ -58.394324274439334, -34.584585135497605 ], [ -58.393940379018751, -34.585375274040551 ], [ -58.394324274439334, -34.585933014371079 ], [ -58.39479849819412, -34.586323430375153 ], [ -58.395475960700971, -34.586629284949495 ], [ -58.396627646962713, -34.586323430375153 ], [ -58.396956700180326, -34.587271575891315 ], [ -58.39705952931083, -34.588219710588731 ], [ -58.39705952931083, -34.589167834467474 ], [ -58.396627646962713, -34.589523378132746 ], [ -58.39624375154213, -34.590115947527295 ], [ -58.396627646962713, -34.591064049767965 ], [ -58.396627646962713, -34.591064049767965 ], [ -58.397011542383254, -34.592012141189507 ], [ -58.397382200030677, -34.592960221791664 ], [ -58.39705952931083, -34.593908291574444 ], [ -58.397139507523441, -34.594856350537505 ], [ -58.396627646962713, -34.595277706603696 ], [ -58.395950184455806, -34.595804398680933 ], [ -58.395475960700971, -34.596194768300997 ], [ -58.394428973190394, -34.596752436004422 ], [ -58.394324274439334, -34.596838620679115 ], [ -58.393277286928651, -34.597700462507945 ], [ -58.393172588177592, -34.597786646199005 ], [ -58.392125600667015, -34.598648478191265 ], [ -58.392020901915949, -34.598734660898671 ], [ -58.391916203164875, -34.598648478191265 ], [ -58.390869215654213, -34.598121804147489 ], [ -58.389909477102833, -34.598648478191265 ], [ -58.38971752939257, -34.598806479753186 ], [ -58.388565843130827, -34.599003981282934 ], [ -58.387414156869177, -34.599217282407572 ], [ -58.386262470607434, -34.59918430835647 ], [ -58.385110784345798, -34.599003981282934 ], [ -58.384678901997653, -34.598648478191265 ], [ -58.383959098084055, -34.598121804147489 ], [ -58.383447237523328, -34.597700462507945 ], [ -58.382807411822419, -34.596971212311736 ], [ -58.382541638069718, -34.596752436004422 ], [ -58.382082276027994, -34.595804398680933 ], [ -58.381655725560677, -34.595373469047964 ], [ -58.381027533054336, -34.594856350537505 ], [ -58.380504039299041, -34.594444152317806 ], [ -58.379853086194579, -34.593908291574444 ], [ -58.379352353037298, -34.593543650630728 ], [ -58.37820066677557, -34.593118234173502 ], [ -58.378008719065292, -34.592960221791664 ], [ -58.37820066677557, -34.59280220910933 ], [ -58.378840492476527, -34.592012141189507 ], [ -58.378643623030086, -34.591064049767965 ], [ -58.379352353037298, -34.590480603515623 ], [ -58.380504039299041, -34.590115947527295 ], [ -58.380504039299041, -34.590115947527295 ], [ -58.380504039299041, -34.590115947527295 ], [ -58.380238265546339, -34.589167834467474 ], [ -58.380504039299041, -34.588949037609552 ], [ -58.380863941255804, -34.588219710588731 ], [ -58.381655725560677, -34.587567869146419 ], [ -58.381877203687935, -34.587271575891315 ], [ -58.382807411822419, -34.586505766891534 ], [ -58.383959098084055, -34.586471578825176 ], [ -58.384104881155167, -34.586323430375153 ], [ -58.384133596002513, -34.585375274040551 ], [ -58.385110784345798, -34.584570769272737 ], [ -58.385361150924417, -34.584427106887489 ], [ -58.386262470607434, -34.583685055482441 ], [ -58.386705426861958, -34.583478928916257 ], [ -58.387414156869177, -34.582895429403031 ], [ -58.388565843130827, -34.583162867188484 ] ], [ [ -58.385890958910139, -34.597700462507945 ], [ -58.386262470607434, -34.597457379820597 ], [ -58.386550392172879, -34.597700462507945 ], [ -58.386262470607434, -34.598112644569326 ], [ -58.385890958910139, -34.597700462507945 ] ], [ [ -58.384957226177569, -34.593908291574444 ], [ -58.385110784345798, -34.593802951021758 ], [ -58.385240187296546, -34.593908291574444 ], [ -58.385110784345798, -34.594090611446092 ], [ -58.384957226177569, -34.593908291574444 ] ] ] ] } },
{ "type": "Feature", "properties": { "id": 1, "isomin": 0.0, "isomax": 15.0, "id_punto": "1_3", "sector": 1.0 }, "geometry": { "type": "MultiPolygon", "coordinates": [ [ [ [ -58.391942470607482, -34.58428860788537 ], [ -58.393094156869132, -34.584257621796503 ], [ -58.394245843130861, -34.584229897391431 ], [ -58.395397529392511, -34.58467903161511 ], [ -58.395397529392511, -34.58467903161511 ], [ -58.395397529392511, -34.58467903161511 ], [ -58.39654921565424, -34.584143107889609 ], [ -58.39770090191589, -34.584408125548464 ], [ -58.398029955133531, -34.58467903161511 ], [ -58.398852588177618, -34.58504371146411 ], [ -58.399572392091152, -34.58467903161511 ], [ -58.400004274439269, -34.58432346722153 ], [ -58.400436156787428, -34.58467903161511 ], [ -58.401155960700997, -34.585091278282924 ], [ -58.401806913805416, -34.585627195893771 ], [ -58.402307646962655, -34.586039437857956 ], [ -58.402958600067109, -34.586575349353964 ], [ -58.402853182560314, -34.587523491995668 ], [ -58.402739529310807, -34.58847162381862 ], [ -58.402853182560314, -34.589419744822834 ], [ -58.402910911194986, -34.59036785500799 ], [ -58.402691542383231, -34.591315954374153 ], [ -58.402691542383231, -34.592264042921009 ], [ -58.402935839469059, -34.593212120648552 ], [ -58.402307646962655, -34.593729249394187 ], [ -58.401978593745035, -34.594160187556547 ], [ -58.401784153207359, -34.595108243644972 ], [ -58.401155960700997, -34.595625360587313 ], [ -58.400796058744206, -34.596056288913537 ], [ -58.401155960700997, -34.596846318372208 ], [ -58.401347908411275, -34.597004323362256 ], [ -58.401155960700997, -34.59716232805178 ], [ -58.40096401299072, -34.597004323362256 ], [ -58.400004274439269, -34.59670806375933 ], [ -58.399684361588818, -34.597004323362256 ], [ -58.399480780683973, -34.597952346990965 ], [ -58.398852588177618, -34.598469446227817 ], [ -58.398246437513556, -34.598900359799394 ], [ -58.39770090191589, -34.599349414721537 ], [ -58.397125058785072, -34.599848361787579 ], [ -58.39654921565424, -34.600322358723957 ], [ -58.395397529392511, -34.600401357950354 ], [ -58.394245843130861, -34.599848361787579 ], [ -58.394245843130861, -34.599848361787579 ], [ -58.394245843130861, -34.599848361787579 ], [ -58.393526039217278, -34.600796352955243 ], [ -58.393094156869132, -34.601151846853455 ], [ -58.392662274521015, -34.600796352955243 ], [ -58.391942470607482, -34.600401357950354 ], [ -58.390790784345754, -34.600297411584222 ], [ -58.390245248748123, -34.599848361787579 ], [ -58.389639098084096, -34.599321695352202 ], [ -58.389127237523333, -34.598900359799394 ], [ -58.388487411822368, -34.598342706516604 ], [ -58.388013188067575, -34.597952346990965 ], [ -58.387335725560717, -34.597394687343296 ], [ -58.386861501805882, -34.597004323362256 ], [ -58.386184039298989, -34.596552879736123 ], [ -58.385580775066693, -34.596056288913537 ], [ -58.38553308619457, -34.595108243644972 ], [ -58.385032353037339, -34.594656789714172 ], [ -58.384429088805007, -34.594160187556547 ], [ -58.383880666775596, -34.593430906279963 ], [ -58.383614893022909, -34.593212120648552 ], [ -58.383688719065319, -34.592264042921009 ], [ -58.383880666775596, -34.592106028914543 ], [ -58.385032353037339, -34.592264042921009 ], [ -58.385032353037339, -34.592264042921009 ], [ -58.385032353037339, -34.592264042921009 ], [ -58.385580775066693, -34.591315954374153 ], [ -58.38553308619457, -34.59036785500799 ], [ -58.38547530929182, -34.589419744822834 ], [ -58.385512222313018, -34.58847162381862 ], [ -58.385800143878434, -34.587523491995668 ], [ -58.385638503701365, -34.586575349353964 ], [ -58.386184039298989, -34.586126225379282 ], [ -58.386567934719572, -34.585627195893771 ], [ -58.387335725560717, -34.584995087576694 ], [ -58.388487411822368, -34.585236776618608 ], [ -58.389373324331387, -34.58467903161511 ], [ -58.389639098084096, -34.584460222937558 ], [ -58.389904871836791, -34.58467903161511 ], [ -58.390790784345754, -34.584928549579395 ], [ -58.391468246852639, -34.58467903161511 ], [ -58.391942470607482, -34.58428860788537 ] ], [ [ -58.39510222522285, -34.597952346990965 ], [ -58.395397529392511, -34.597786027838715 ], [ -58.395603187653542, -34.597952346990965 ], [ -58.395397529392511, -34.598201825094861 ], [ -58.39510222522285, -34.597952346990965 ] ], [ [ -58.395397529392511, -34.595228249973275 ], [ -58.395263612385349, -34.595108243644972 ], [ -58.395397529392511, -34.595025081263131 ], [ -58.395515048398813, -34.595108243644972 ], [ -58.395397529392511, -34.595228249973275 ] ] ] ] } },
{ "type": "Feature", "properties": { "id": 1, "isomin": 0.0, "isomax": 15.0, "id_punto": "1_4", "sector": 1.0 }, "geometry": { "type": "MultiPolygon", "coordinates": [ [ [ [ -58.388200901915951, -34.582255761509821 ], [ -58.389352588177587, -34.582606079984167 ], [ -58.389681641395228, -34.582876991925147 ], [ -58.39050427443933, -34.583193054740107 ], [ -58.391655960700966, -34.583376037925724 ], [ -58.392807646962709, -34.583509116353078 ], [ -58.393191542383249, -34.58382517676403 ], [ -58.393498658719686, -34.584773350784857 ], [ -58.393959333224345, -34.585635317779555 ], [ -58.394064031975418, -34.585721513987295 ], [ -58.393959333224345, -34.58580771010562 ], [ -58.392807646962709, -34.586290406715975 ], [ -58.39255171668232, -34.586669666371364 ], [ -58.392807646962709, -34.587143738506441 ], [ -58.393383490093527, -34.587617807936844 ], [ -58.393410911195005, -34.588565938683651 ], [ -58.392807646962709, -34.589062574280916 ], [ -58.392526747874477, -34.589514058611591 ], [ -58.392807646962709, -34.589988114518484 ], [ -58.393383490093527, -34.590462167720602 ], [ -58.393073420715396, -34.591410266010513 ], [ -58.392807646962709, -34.592358353481117 ], [ -58.392807646962709, -34.592358353481117 ], [ -58.392381096495399, -34.593306430132415 ], [ -58.392201496298632, -34.594254495964108 ], [ -58.391655960700966, -34.594703576002786 ], [ -58.391107538671626, -34.595202550976232 ], [ -58.39050427443933, -34.595699146902568 ], [ -58.389901010206984, -34.595202550976232 ], [ -58.389352588177587, -34.594982074031982 ], [ -58.388955454983915, -34.595202550976232 ], [ -58.388584797336492, -34.596150595168496 ], [ -58.388200901915951, -34.596466607494882 ], [ -58.387049215654208, -34.596703615950673 ], [ -58.386371753147351, -34.59709862854092 ], [ -58.385897529392565, -34.597488992078745 ], [ -58.384850541881889, -34.598046651093199 ], [ -58.38474584313083, -34.598132834425066 ], [ -58.383594156869187, -34.598132834425066 ], [ -58.383489458118113, -34.598046651093199 ], [ -58.382442470607444, -34.597317403936437 ], [ -58.381290784345808, -34.597256633051039 ], [ -58.381098836635516, -34.59709862854092 ], [ -58.380139098084065, -34.596236780467649 ], [ -58.380034399333006, -34.596150595168496 ], [ -58.378987411822429, -34.595421331365579 ], [ -58.378721638069713, -34.595202550976232 ], [ -58.377835725560686, -34.594703576002786 ], [ -58.377290189963063, -34.594254495964108 ], [ -58.376684039299036, -34.593859469849122 ], [ -58.376012222313022, -34.593306430132415 ], [ -58.375532353037308, -34.592748739294912 ], [ -58.375058129282472, -34.592358353481117 ], [ -58.375532353037308, -34.591967965832936 ], [ -58.375975309291825, -34.591410266010513 ], [ -58.376684039299036, -34.590826822189413 ], [ -58.376886089520383, -34.590462167720602 ], [ -58.377835725560686, -34.589680394325541 ], [ -58.378021481409348, -34.589514058611591 ], [ -58.378021481409348, -34.588565938683651 ], [ -58.378987411822429, -34.587770732982591 ], [ -58.380139098084065, -34.587800141612988 ], [ -58.381290784345808, -34.587800141612988 ], [ -58.381479585372304, -34.587617807936844 ], [ -58.382442470607444, -34.586825100156304 ], [ -58.383594156869187, -34.586746751455529 ], [ -58.3837193401585, -34.586669666371364 ], [ -58.383725030308007, -34.585721513987295 ], [ -58.38474584313083, -34.584881097148134 ], [ -58.384912754183254, -34.584773350784857 ], [ -58.385897529392565, -34.5839625939591 ], [ -58.386132567405149, -34.58382517676403 ], [ -58.387049215654208, -34.583070499913724 ], [ -58.387446348847917, -34.582876991925147 ], [ -58.388200901915951, -34.582255761509821 ] ], [ [ -58.387049215654208, -34.58655679165485 ], [ -58.387169182973132, -34.586669666371364 ], [ -58.387049215654208, -34.586749342549538 ], [ -58.38693169664792, -34.586669666371364 ], [ -58.387049215654208, -34.58655679165485 ] ], [ [ -58.378027673270978, -34.592358353481117 ], [ -58.377835725560686, -34.59260145108982 ], [ -58.377259882429868, -34.592358353481117 ], [ -58.377835725560686, -34.59214288000603 ], [ -58.378027673270978, -34.592358353481117 ] ], [ [ -58.383594156869187, -34.593454566131818 ], [ -58.383450196086471, -34.593306430132415 ], [ -58.383594156869187, -34.593199905205516 ], [ -58.383720715799029, -34.593306430132415 ], [ -58.383594156869187, -34.593454566131818 ] ] ] ] } },
{ "type": "Feature", "properties": { "id": 1, "isomin": 0.0, "isomax": 15.0, "id_punto": "1_5", "sector": 1.0 }, "geometry": { "type": "MultiPolygon", "coordinates": [ [ [ [ -58.38947921565422, -34.580872753850031 ], [ -58.39040508108026, -34.581635039328333 ], [ -58.390630901915877, -34.581850540052891 ], [ -58.391270727616835, -34.581635039328333 ], [ -58.391782588177605, -34.581213614074422 ], [ -58.392294448738348, -34.581635039328333 ], [ -58.392934274439256, -34.58197368307318 ], [ -58.394085960700998, -34.582364424141083 ], [ -58.394351734453686, -34.582583238336696 ], [ -58.395237646962634, -34.583057333784161 ], [ -58.395813490093502, -34.583531426527117 ], [ -58.395813490093502, -34.584479603899382 ], [ -58.39571187071747, -34.585427770453464 ], [ -58.395888600067089, -34.586375926189078 ], [ -58.395621542383218, -34.587324071106273 ], [ -58.39550342071535, -34.588272205204703 ], [ -58.395237646962634, -34.589220328484437 ], [ -58.395237646962634, -34.589220328484437 ], [ -58.394811096495367, -34.59016844094517 ], [ -58.394631496298608, -34.591116542586903 ], [ -58.394736913805403, -34.59206463340935 ], [ -58.394085960700998, -34.59260050604491 ], [ -58.393782885368957, -34.593012713412548 ], [ -58.394085960700998, -34.593874594935691 ], [ -58.394190659452057, -34.593960782596184 ], [ -58.394085960700998, -34.594046970167298 ], [ -58.393981261949918, -34.593960782596184 ], [ -58.392934274439256, -34.593711291754751 ], [ -58.39197453588789, -34.593960782596184 ], [ -58.391782588177605, -34.594118793074905 ], [ -58.391590640467328, -34.593960782596184 ], [ -58.390630901915877, -34.593704548748633 ], [ -58.389808268871839, -34.593960782596184 ], [ -58.38947921565422, -34.594231657518563 ], [ -58.388327529392491, -34.594382143204889 ], [ -58.387175843130841, -34.594496643001015 ], [ -58.386024156869112, -34.594276803253081 ], [ -58.384872470607462, -34.594570249929454 ], [ -58.383720784345734, -34.594046970167298 ], [ -58.382569098084083, -34.594382143204889 ], [ -58.382057237523313, -34.593960782596184 ], [ -58.381417411822355, -34.593548579932744 ], [ -58.380766458717936, -34.593012713412548 ], [ -58.380265725560704, -34.592538674763375 ], [ -58.379114039298976, -34.592150822947623 ], [ -58.37900934054791, -34.59206463340935 ], [ -58.377962353037326, -34.591590589350538 ], [ -58.377386509906451, -34.591116542586903 ], [ -58.377962353037326, -34.590642493118416 ], [ -58.378202287675165, -34.59016844094517 ], [ -58.378250274602742, -34.589220328484437 ], [ -58.379114039298976, -34.588509237038899 ], [ -58.379593908574691, -34.588272205204703 ], [ -58.380265725560704, -34.587719128295383 ], [ -58.381417411822355, -34.587431814162287 ], [ -58.382569098084083, -34.587411861755058 ], [ -58.382665878442204, -34.587324071106273 ], [ -58.383720784345734, -34.586455602648897 ], [ -58.383804849036373, -34.586375926189078 ], [ -58.383810062350506, -34.585427770453464 ], [ -58.384872470607462, -34.584553105569455 ], [ -58.384977169358521, -34.584479603899382 ], [ -58.386024156869112, -34.583617624917075 ], [ -58.386150715798983, -34.583531426527117 ], [ -58.387175843130841, -34.582687435370204 ], [ -58.38733579955607, -34.582583238336696 ], [ -58.388327529392491, -34.581766734281963 ], [ -58.388553350228122, -34.581635039328333 ], [ -58.38947921565422, -34.580872753850031 ] ], [ [ -58.383470417767114, -34.59206463340935 ], [ -58.383720784345734, -34.591920983980181 ], [ -58.383971150924367, -34.59206463340935 ], [ -58.383720784345734, -34.592327990051075 ], [ -58.383470417767114, -34.59206463340935 ] ] ] ] } },
{ "type": "Feature", "properties": { "id": 1, "isomin": 0.0, "isomax": 15.0, "id_punto": "1_6", "sector": 1.0 }, "geometry": { "type": "MultiPolygon", "coordinates": [ [ [ [ -58.38772584313088, -34.583952778889078 ], [ -58.388877529392531, -34.583952778889078 ], [ -58.390029215654259, -34.583820166479214 ], [ -58.390294989406947, -34.584038976842002 ], [ -58.391180901915909, -34.584295240498406 ], [ -58.392140640467353, -34.584038976842002 ], [ -58.392332588177638, -34.583880947193343 ], [ -58.392524535887915, -34.584038976842002 ], [ -58.393145543185867, -34.584987148423473 ], [ -58.393484274439295, -34.585777283143948 ], [ -58.39367622214958, -34.585935309186524 ], [ -58.394348039135593, -34.586883459131215 ], [ -58.394635960701017, -34.587132970476411 ], [ -58.395787646962674, -34.587357530046553 ], [ -58.396363490093542, -34.587831598257203 ], [ -58.395787646962674, -34.588305663763236 ], [ -58.395448915709245, -34.588779726564553 ], [ -58.395787646962674, -34.589456954445986 ], [ -58.396116700180315, -34.58972784405298 ], [ -58.395787646962674, -34.589998732776827 ], [ -58.395376330440655, -34.590675950722456 ], [ -58.395448915709245, -34.591624046572754 ], [ -58.395787646962674, -34.592256104462294 ], [ -58.39617154238325, -34.592572131603823 ], [ -58.396363490093542, -34.593520205815409 ], [ -58.395787646962674, -34.593994238863935 ], [ -58.395344690708193, -34.594468269207539 ], [ -58.394635960701017, -34.59505168745558 ], [ -58.3941930044465, -34.595416321779901 ], [ -58.394112466945685, -34.596364363532523 ], [ -58.393484274439295, -34.596881472655255 ], [ -58.392878123775269, -34.597312394465106 ], [ -58.392332588177638, -34.59776145797246 ], [ -58.391180901915909, -34.598260414577673 ], [ -58.391180901915909, -34.598260414577673 ], [ -58.390221163364536, -34.599208423869939 ], [ -58.390029215654259, -34.5993664243667 ], [ -58.388877529392531, -34.5993664243667 ], [ -58.38772584313088, -34.599563924564968 ], [ -58.387086017429922, -34.600156422341932 ], [ -58.386574156869152, -34.600577751522884 ], [ -58.386062296308367, -34.600156422341932 ], [ -58.385422470607409, -34.599725515286949 ], [ -58.384270784345759, -34.599294605996342 ], [ -58.3841660855947, -34.599208423869939 ], [ -58.38311909808403, -34.59877751189665 ], [ -58.38249090557769, -34.598260414577673 ], [ -58.38196741182238, -34.597531169297611 ], [ -58.381701638069678, -34.597312394465106 ], [ -58.380815725560652, -34.596522369439334 ], [ -58.380623777850374, -34.596364363532523 ], [ -58.379664039299001, -34.595687191956152 ], [ -58.379334986081354, -34.595416321779901 ], [ -58.378512353037273, -34.594468269207539 ], [ -58.378512353037273, -34.594468269207539 ], [ -58.377821341280274, -34.593520205815409 ], [ -58.377360666775616, -34.593046170062067 ], [ -58.376784823644762, -34.592572131603823 ], [ -58.377360666775616, -34.592098090440714 ], [ -58.378038129282473, -34.591624046572754 ], [ -58.378183299819653, -34.590675950722456 ], [ -58.377936509906448, -34.58972784405298 ], [ -58.378512353037273, -34.589253786661153 ], [ -58.379664039299001, -34.589085572097773 ], [ -58.380815725560652, -34.588973220808221 ], [ -58.381007673270943, -34.588779726564553 ], [ -58.381391568691519, -34.587831598257203 ], [ -58.38196741182238, -34.587357530046553 ], [ -58.38311909808403, -34.586999086433103 ], [ -58.383340576211289, -34.586883459131215 ], [ -58.384270784345759, -34.586117646554555 ], [ -58.384476442606775, -34.585935309186524 ], [ -58.384551683433976, -34.584987148423473 ], [ -58.385422470607409, -34.584270239200841 ], [ -58.38597089263682, -34.584038976842002 ], [ -58.386574156869152, -34.583542311219993 ], [ -58.38772584313088, -34.583952778889078 ] ], [ [ -58.392332588177638, -34.585656439496866 ], [ -58.393292326729018, -34.585935309186524 ], [ -58.392332588177638, -34.586128810053864 ], [ -58.39211931294399, -34.585935309186524 ], [ -58.392332588177638, -34.585656439496866 ] ], [ [ -58.380527803995236, -34.590675950722456 ], [ -58.380815725560652, -34.590482460444129 ], [ -58.381010926621968, -34.590675950722456 ], [ -58.380815725560652, -34.590831377013146 ], [ -58.380527803995236, -34.590675950722456 ] ], [ [ -58.380815725560652, -34.593369718567708 ], [ -58.380998532903789, -34.593520205815409 ], [ -58.380815725560652, -34.593726307473212 ], [ -58.380547891546314, -34.593520205815409 ], [ -58.380815725560652, -34.593369718567708 ] ], [ [ -58.385526226126487, -34.593520205815409 ], [ -58.385422470607409, -34.593626730331607 ], [ -58.385306138661797, -34.593520205815409 ], [ -58.385422470607409, -34.593433226980714 ], [ -58.385526226126487, -34.593520205815409 ] ], [ [ -58.38772584313088, -34.596245858905149 ], [ -58.387897736602774, -34.596364363532523 ], [ -58.38772584313088, -34.59653068553137 ], [ -58.387574305464852, -34.596364363532523 ], [ -58.38772584313088, -34.596245858905149 ] ] ] ] } },
{ "type": "Feature", "properties": { "id": 1, "isomin": 0.0, "isomax": 15.0, "id_punto": "1_7", "sector": 1.0 }, "geometry": { "type": "MultiPolygon", "coordinates": [ [ [ [ -58.38639415686918, -34.58336586068836 ], [ -58.387545843130816, -34.583648058027805 ], [ -58.387874896348457, -34.583918966572128 ], [ -58.388697529392559, -34.584245923984064 ], [ -58.389849215654195, -34.584162088872873 ], [ -58.390489041355167, -34.583918966572128 ], [ -58.391000901915938, -34.583497552899352 ], [ -58.392152588177581, -34.583563398926593 ], [ -58.392584470525733, -34.583918966572128 ], [ -58.393304274439316, -34.584780942428921 ], [ -58.393408973190382, -34.584867139522864 ], [ -58.393932466945678, -34.585815301655181 ], [ -58.394181749686275, -34.586763452969166 ], [ -58.394455960700959, -34.58704231894378 ], [ -58.395607646962695, -34.587492792771947 ], [ -58.39587342071539, -34.587711593464476 ], [ -58.395607646962695, -34.587930393580891 ], [ -58.395268915709245, -34.58865972314117 ], [ -58.395607646962695, -34.589389046299701 ], [ -58.39587342071539, -34.589607841998934 ], [ -58.395712345713761, -34.590555950037782 ], [ -58.395607646962695, -34.590642141141188 ], [ -58.395247745005904, -34.591504047257423 ], [ -58.395607646962695, -34.592233345448861 ], [ -58.39587342071539, -34.592452133657886 ], [ -58.396183490093527, -34.593400209238915 ], [ -58.395607646962695, -34.593874242972127 ], [ -58.395146972458001, -34.59434827400046 ], [ -58.3947850139186, -34.595296327942272 ], [ -58.394455960700959, -34.595567198509777 ], [ -58.393907538671613, -34.596244371064344 ], [ -58.393304274439316, -34.596740960762489 ], [ -58.39269812377524, -34.597192403366421 ], [ -58.392152588177581, -34.5976414675225 ], [ -58.391000901915938, -34.59784416929768 ], [ -58.39065190607905, -34.598140424848502 ], [ -58.390394751251861, -34.599088435510289 ], [ -58.389849215654195, -34.599537489415596 ], [ -58.388697529392559, -34.599246436235291 ], [ -58.387545843130816, -34.599537489415596 ], [ -58.386826039217297, -34.600036435351804 ], [ -58.38639415686918, -34.600391932502681 ], [ -58.38596227452102, -34.600036435351804 ], [ -58.385242470607437, -34.599478789696647 ], [ -58.384090784345801, -34.59950977010903 ], [ -58.383578923785016, -34.599088435510289 ], [ -58.382939098084059, -34.598676258291206 ], [ -58.381787411822415, -34.598140424848502 ], [ -58.381787411822415, -34.598140424848502 ], [ -58.381355529474263, -34.597192403366421 ], [ -58.38063572556068, -34.596515238540455 ], [ -58.38030667234306, -34.596244371064344 ], [ -58.379484039299022, -34.595612343518496 ], [ -58.379100143878446, -34.595296327942272 ], [ -58.378332353037287, -34.594619147659316 ], [ -58.378003299819682, -34.59434827400046 ], [ -58.377180666775644, -34.593486397391587 ], [ -58.377075968024585, -34.593400209238915 ], [ -58.376851613558017, -34.592452133657886 ], [ -58.377180666775644, -34.592181252933216 ], [ -58.377820492476552, -34.591504047257423 ], [ -58.378227654286235, -34.590555950037782 ], [ -58.378332353037287, -34.590469758844939 ], [ -58.378729486230995, -34.589607841998934 ], [ -58.379484039299022, -34.58865972314117 ], [ -58.38063572556068, -34.588865836856662 ], [ -58.380812908062481, -34.58865972314117 ], [ -58.381787411822415, -34.587857460272758 ], [ -58.38212614307583, -34.587711593464476 ], [ -58.382939098084059, -34.58704231894378 ], [ -58.383152373317706, -34.586763452969166 ], [ -58.384090784345801, -34.585990886048066 ], [ -58.38428935094263, -34.585815301655181 ], [ -58.384358618360132, -34.584867139522864 ], [ -58.385242470607437, -34.584139472874909 ], [ -58.385722339883159, -34.583918966572128 ], [ -58.38639415686918, -34.58336586068836 ] ], [ [ -58.385348129897501, -34.593400209238915 ], [ -58.385242470607437, -34.593513074658823 ], [ -58.385130656407277, -34.593400209238915 ], [ -58.385242470607437, -34.593323130327448 ], [ -58.385348129897501, -34.593400209238915 ] ], [ [ -58.379723973936862, -34.593400209238915 ], [ -58.379484039299022, -34.593716232028257 ], [ -58.379100143878446, -34.593400209238915 ], [ -58.379484039299022, -34.59320672530518 ], [ -58.379723973936862, -34.593400209238915 ] ] ] ] } },
{ "type": "Feature", "properties": { "id": 1, "isomin": 0.0, "isomax": 15.0, "id_punto": "1_8", "sector": 1.0 }, "geometry": { "type": "MultiPolygon", "coordinates": [ [ [ [ -58.386885843130855, -34.58453282912879 ], [ -58.386990541881914, -34.584619026480084 ], [ -58.388037529392491, -34.584970199950121 ], [ -58.388860162436593, -34.584619026480084 ], [ -58.389189215654234, -34.584348120217847 ], [ -58.390340901915962, -34.584197616357216 ], [ -58.39085276247669, -34.584619026480084 ], [ -58.391492588177613, -34.58493508266988 ], [ -58.392644274439341, -34.585480995075592 ], [ -58.3927489731904, -34.585567191443403 ], [ -58.393795960700992, -34.586124930485852 ], [ -58.394270184455834, -34.586515345588232 ], [ -58.394467777687005, -34.587463488914594 ], [ -58.39494764696272, -34.588253600088912 ], [ -58.395139594672997, -34.588411621422203 ], [ -58.39494764696272, -34.588569642454999 ], [ -58.394576135265389, -34.589359743111103 ], [ -58.39453633044068, -34.590307853980946 ], [ -58.394576135265389, -34.591255954031787 ], [ -58.394563751542144, -34.592204043263351 ], [ -58.393795960700992, -34.592836096740363 ], [ -58.393412065280451, -34.593152121675608 ], [ -58.393795960700992, -34.593439416028097 ], [ -58.39494764696272, -34.593709809805169 ], [ -58.39542187071752, -34.59410018926831 ], [ -58.39494764696272, -34.594490566897036 ], [ -58.394399224933323, -34.595048246041472 ], [ -58.393795960700992, -34.59554484289022 ], [ -58.39329522754376, -34.595996291994773 ], [ -58.392644274439341, -34.596532139269279 ], [ -58.391876483598196, -34.596944327128256 ], [ -58.391492588177613, -34.597260336434971 ], [ -58.390340901915962, -34.597565447728257 ], [ -58.389897945661446, -34.597892351441693 ], [ -58.389518268871875, -34.598840364934887 ], [ -58.389189215654234, -34.599111223945556 ], [ -58.388037529392491, -34.599314367623897 ], [ -58.387431378728465, -34.599788367607836 ], [ -58.386885843130855, -34.60023741772887 ], [ -58.386063210086753, -34.600736359460278 ], [ -58.385734156869113, -34.601007212287826 ], [ -58.385405103651493, -34.600736359460278 ], [ -58.384582470607477, -34.600341364170085 ], [ -58.383430784345734, -34.600284936118122 ], [ -58.382827520113452, -34.599788367607836 ], [ -58.382279098084091, -34.5992894201814 ], [ -58.381733562486417, -34.598840364934887 ], [ -58.381127411822355, -34.598341411813557 ], [ -58.380581876224724, -34.597892351441693 ], [ -58.380418681815193, -34.596944327128256 ], [ -58.379975725560698, -34.596532139269279 ], [ -58.379324772456258, -34.595996291994773 ], [ -58.378824039298969, -34.595522270370594 ], [ -58.377672353037319, -34.595134432484329 ], [ -58.37756765428626, -34.595048246041472 ], [ -58.377044160530929, -34.59410018926831 ], [ -58.37652066677559, -34.593735549166936 ], [ -58.37536898051394, -34.593152121675608 ], [ -58.376191613557978, -34.592204043263351 ], [ -58.37652066677559, -34.591933161729777 ], [ -58.376849719993231, -34.592204043263351 ], [ -58.377672353037319, -34.592435282898123 ], [ -58.377922719615938, -34.592204043263351 ], [ -58.377672353037319, -34.59173 ], [ -58.377096509906465, -34.591255954031787 ], [ -58.377672353037319, -34.590781905358774 ], [ -58.378069486231006, -34.590307853980946 ], [ -58.378195846792629, -34.589359743111103 ], [ -58.378824039298969, -34.588842587167427 ], [ -58.379709951807996, -34.588411621422203 ], [ -58.379975725560698, -34.588192822572999 ], [ -58.381127411822355, -34.588192822572999 ], [ -58.382279098084091, -34.587593370719539 ], [ -58.382779831241329, -34.587463488914594 ], [ -58.383430784345734, -34.586927583146405 ], [ -58.383704995360439, -34.586515345588232 ], [ -58.384582470607477, -34.585792943411541 ], [ -58.384893737164667, -34.585567191443403 ], [ -58.385188621271496, -34.584619026480084 ], [ -58.385734156869113, -34.58416989193212 ], [ -58.386885843130855, -34.58453282912879 ] ], [ [ -58.388165494532693, -34.59410018926831 ], [ -58.388037529392491, -34.594231864467154 ], [ -58.387927844986628, -34.59410018926831 ], [ -58.388037529392491, -34.594019844976692 ], [ -58.388165494532693, -34.59410018926831 ] ] ] ] } },
{ "type": "Feature", "properties": { "id": 1, "isomin": 0.0, "isomax": 15.0, "id_punto": "1_9", "sector": 1.0 }, "geometry": { "type": "MultiPolygon", "coordinates": [ [ [ [ -58.390077529392507, -34.582402644631301 ], [ -58.391229215654249, -34.582039698131709 ], [ -58.392380901915885, -34.582330811595739 ], [ -58.392572849626177, -34.582488844192035 ], [ -58.393532588177628, -34.582901101724502 ], [ -58.394684274439264, -34.583081463751903 ], [ -58.395116156787424, -34.583437033459425 ], [ -58.395335227543733, -34.584385211908653 ], [ -58.395196135000049, -34.585333379539719 ], [ -58.395438827507299, -34.586281536352317 ], [ -58.395835960701007, -34.586620161163594 ], [ -58.396576330440638, -34.587229682346504 ], [ -58.396658593745045, -34.588177817521967 ], [ -58.396486913805411, -34.589125941878734 ], [ -58.396544690708176, -34.590074055416508 ], [ -58.396638651125798, -34.591022158135303 ], [ -58.396561096495375, -34.591970250034841 ], [ -58.396627745005894, -34.592918331115101 ], [ -58.396411803831825, -34.593866401375855 ], [ -58.395835960701007, -34.594340432448924 ], [ -58.395393004446497, -34.594814460817098 ], [ -58.394876222149556, -34.595762509438501 ], [ -58.394684274439264, -34.59592051649016 ], [ -58.39386164139524, -34.596710547240136 ], [ -58.393532588177628, -34.596981413196097 ], [ -58.392572849626177, -34.597658574221683 ], [ -58.392380901915885, -34.59781657766667 ], [ -58.392188954205622, -34.597658574221683 ], [ -58.391613111074804, -34.596710547240136 ], [ -58.391229215654249, -34.596345918596896 ], [ -58.390786259399725, -34.596710547240136 ], [ -58.390269477102798, -34.597658574221683 ], [ -58.390077529392507, -34.59781657766667 ], [ -58.389885581682243, -34.597658574221683 ], [ -58.388925843130863, -34.597100912601739 ], [ -58.38820603921728, -34.597658574221683 ], [ -58.387774156869128, -34.598014081550232 ], [ -58.386622470607485, -34.598606590383156 ], [ -58.385470784345749, -34.598014081550232 ], [ -58.384319098084106, -34.598079916073715 ], [ -58.383167411822363, -34.5977447579562 ], [ -58.383062713071304, -34.597658574221683 ], [ -58.382693188067563, -34.596710547240136 ], [ -58.382015725560727, -34.59615287925542 ], [ -58.381541501805891, -34.595762509438501 ], [ -58.381261172492692, -34.594814460817098 ], [ -58.380864039298984, -34.594463328952251 ], [ -58.379712353037348, -34.594024412034088 ], [ -58.379520405327057, -34.593866401375855 ], [ -58.378560666775606, -34.593273858730811 ], [ -58.378128784427489, -34.592918331115101 ], [ -58.378560666775606, -34.59256280197792 ], [ -58.379084160530937, -34.591970250034841 ], [ -58.379003623030115, -34.591022158135303 ], [ -58.379520405327057, -34.590074055416508 ], [ -58.379712353037348, -34.589916037244862 ], [ -58.380096248457889, -34.589125941878734 ], [ -58.380864039298984, -34.588493860176314 ], [ -58.381183952149463, -34.588177817521967 ], [ -58.382015725560727, -34.587493054313796 ], [ -58.382225123062838, -34.587229682346504 ], [ -58.383167411822363, -34.586453927337772 ], [ -58.384319098084106, -34.586398591998694 ], [ -58.384463058866807, -34.586281536352317 ], [ -58.384501905427221, -34.585333379539719 ], [ -58.385470784345749, -34.584535715429546 ], [ -58.385766088515432, -34.584385211908653 ], [ -58.38583068630254, -34.583437033459425 ], [ -58.386622470607485, -34.582785154500179 ], [ -58.387774156869128, -34.582940364239981 ], [ -58.388925843130863, -34.582804908483183 ], [ -58.389972830641447, -34.582488844192035 ], [ -58.390077529392507, -34.582402644631301 ] ], [ [ -58.380864039298984, -34.590734855423626 ], [ -58.381119969579366, -34.591022158135303 ], [ -58.380864039298984, -34.591237634517036 ], [ -58.380421083044503, -34.591022158135303 ], [ -58.380864039298984, -34.590734855423626 ] ], [ [ -58.386622470607485, -34.594019314920793 ], [ -58.386468912439256, -34.593866401375855 ], [ -58.386622470607485, -34.593761060770063 ], [ -58.386761227988401, -34.593866401375855 ], [ -58.386622470607485, -34.594019314920793 ] ], [ [ -58.393376954899026, -34.592918331115101 ], [ -58.393532588177628, -34.592749031715719 ], [ -58.393806799192305, -34.592918331115101 ], [ -58.393532588177628, -34.593090708330919 ], [ -58.393376954899026, -34.592918331115101 ] ] ] ] } },
{ "type": "Feature", "properties": { "id": 1, "isomin": 0.0, "isomax": 15.0, "id_punto": "2_10", "sector": 2.0 }, "geometry": { "type": "MultiPolygon", "coordinates": [ [ [ [ -58.382347529392526, -34.588175307854357 ], [ -58.383499215654268, -34.58833332933655 ], [ -58.383883111074823, -34.588649371399363 ], [ -58.384650901915904, -34.589176105499469 ], [ -58.385802588177647, -34.589281451918772 ], [ -58.386186483598202, -34.589597490375319 ], [ -58.386954274439283, -34.590229563682051 ], [ -58.387338169859866, -34.590545598532231 ], [ -58.386954274439283, -34.590861632180314 ], [ -58.386634361588833, -34.591493695870085 ], [ -58.386954274439283, -34.591789974069357 ], [ -58.387914012990734, -34.591493695870085 ], [ -58.388105960701026, -34.59133568039843 ], [ -58.388297908411303, -34.591493695870085 ], [ -58.388681803831844, -34.592441782388612 ], [ -58.388105960701026, -34.592915821590644 ], [ -58.387767229447576, -34.593389858087804 ], [ -58.388105960701026, -34.593621094421941 ], [ -58.388745786401934, -34.593389858087804 ], [ -58.389257646962669, -34.592968492446111 ], [ -58.389769507523447, -34.593389858087804 ], [ -58.390409333224405, -34.594251735698172 ], [ -58.390514031975471, -34.594337922967412 ], [ -58.390954868822035, -34.595285977027437 ], [ -58.391118063231566, -34.596234020267566 ], [ -58.391561019486062, -34.596760706281323 ], [ -58.392072880046825, -34.597182052687863 ], [ -58.391561019486062, -34.597603396957062 ], [ -58.391037525730752, -34.598130074288008 ], [ -58.390409333224405, -34.598647172418431 ], [ -58.389860911195001, -34.599078085067987 ], [ -58.389257646962669, -34.599574657824867 ], [ -58.388777777686983, -34.600026085027558 ], [ -58.388580184455812, -34.600974074166764 ], [ -58.388105960701026, -34.601364419490722 ], [ -58.38749981003695, -34.601922052485236 ], [ -58.386954274439283, -34.602371091069912 ], [ -58.386234470525764, -34.602870019983051 ], [ -58.385802588177647, -34.603225505004978 ], [ -58.384650901915904, -34.603088780176634 ], [ -58.383499215654268, -34.603366570068133 ], [ -58.382893064990192, -34.603817976659961 ], [ -58.382347529392526, -34.604267004993204 ], [ -58.38119584313089, -34.604414832719804 ], [ -58.380044156869147, -34.603975968387402 ], [ -58.378892470607418, -34.603975968387402 ], [ -58.378700522897141, -34.603817976659961 ], [ -58.377740784345768, -34.602870019983051 ], [ -58.377740784345768, -34.602870019983051 ], [ -58.377068967359754, -34.601922052485236 ], [ -58.37658909808404, -34.601290068141878 ], [ -58.376205202663485, -34.600974074166764 ], [ -58.375437411822382, -34.60047513386337 ], [ -58.374891876224723, -34.600026085027558 ], [ -58.374285725560661, -34.599499419719216 ], [ -58.373773864999926, -34.599078085067987 ], [ -58.373134039299003, -34.598647172418431 ], [ -58.372505846792599, -34.598130074288008 ], [ -58.371982353037268, -34.59745291710626 ], [ -58.371653299819663, -34.597182052687863 ], [ -58.371291341280283, -34.596234020267566 ], [ -58.371653299819663, -34.595285977027437 ], [ -58.371982353037268, -34.595015105542913 ], [ -58.373134039299003, -34.594676514945213 ], [ -58.373472770552432, -34.594337922967412 ], [ -58.373594713803662, -34.593389858087804 ], [ -58.374181026809595, -34.592441782388612 ], [ -58.374285725560661, -34.592355593152185 ], [ -58.375437411822382, -34.591789974069357 ], [ -58.375776143075811, -34.591493695870085 ], [ -58.37658909808404, -34.590824451813504 ], [ -58.377015648551343, -34.590545598532231 ], [ -58.377740784345768, -34.589948642806036 ], [ -58.378418246852618, -34.589597490375319 ], [ -58.378346935009787, -34.588649371399363 ], [ -58.378892470607418, -34.588200258634686 ], [ -58.380044156869147, -34.588649371399363 ], [ -58.380044156869147, -34.588649371399363 ], [ -58.38119584313089, -34.588846897078199 ], [ -58.381771686261708, -34.588649371399363 ], [ -58.382347529392526, -34.588175307854357 ] ], [ [ -58.383358766110156, -34.593389858087804 ], [ -58.383499215654268, -34.593263448619716 ], [ -58.383663742263067, -34.593389858087804 ], [ -58.383499215654268, -34.593486599897759 ], [ -58.383358766110156, -34.593389858087804 ] ], [ [ -58.377740784345768, -34.598011572179708 ], [ -58.377881233889873, -34.598130074288008 ], [ -58.377740784345768, -34.59828055291203 ], [ -58.377555028497106, -34.598130074288008 ], [ -58.377740784345768, -34.598011572179708 ] ] ] ] } },
{ "type": "Feature", "properties": { "id": 1, "isomin": 0.0, "isomax": 15.0, "id_punto": "2_11", "sector": 2.0 }, "geometry": { "type": "MultiPolygon", "coordinates": [ [ [ [ -58.386312588177603, -34.583603594545473 ], [ -58.387464274439253, -34.583871030052045 ], [ -58.387848169859836, -34.584187089086605 ], [ -58.388615960700982, -34.584744837391774 ], [ -58.389767646962632, -34.584977231414129 ], [ -58.389959594672924, -34.585135258978099 ], [ -58.390535437803784, -34.586083418051309 ], [ -58.390395839469043, -34.587031566305981 ], [ -58.39045865871968, -34.587979703742107 ], [ -58.390313182560298, -34.58892783035941 ], [ -58.390033420715348, -34.589875946157917 ], [ -58.390343490093507, -34.590824051137304 ], [ -58.389872345713705, -34.591772145297604 ], [ -58.389872345713705, -34.592720228638626 ], [ -58.390199529310792, -34.593668301160122 ], [ -58.389767646962632, -34.594023825566289 ], [ -58.389047843049099, -34.594616362862126 ], [ -58.388615960700982, -34.594971883210924 ], [ -58.387848169859836, -34.595564413744363 ], [ -58.387464274439253, -34.595880428300752 ], [ -58.386312588177603, -34.596185544662703 ], [ -58.385764166148206, -34.596512453806845 ], [ -58.385160901915874, -34.597009041902297 ], [ -58.384717945661393, -34.597460483049254 ], [ -58.384441098002341, -34.598408501471646 ], [ -58.384009215654224, -34.598764005590432 ], [ -58.382857529392496, -34.598857559052988 ], [ -58.381897790841123, -34.599356509073715 ], [ -58.381705843130845, -34.59951450928876 ], [ -58.381513895420554, -34.599356509073715 ], [ -58.38099711312362, -34.598408501471646 ], [ -58.380554156869117, -34.598159023988487 ], [ -58.379876694362245, -34.598408501471646 ], [ -58.379402470607459, -34.598798858853492 ], [ -58.378928246852624, -34.598408501471646 ], [ -58.378250784345731, -34.597934493612989 ], [ -58.377674941214899, -34.597460483049254 ], [ -58.377099098084081, -34.59702956200767 ], [ -58.375947411822338, -34.596867966040726 ], [ -58.375515529474221, -34.596512453806845 ], [ -58.374795725560702, -34.595564413744363 ], [ -58.374795725560702, -34.595564413744363 ], [ -58.374219882429834, -34.594616362862126 ], [ -58.373644039298959, -34.594117384367671 ], [ -58.37309850370135, -34.593668301160122 ], [ -58.372918903504591, -34.592720228638626 ], [ -58.372953027541982, -34.591772145297604 ], [ -58.373068196168141, -34.590824051137304 ], [ -58.373644039298959, -34.59035 ], [ -58.374795725560702, -34.590270991214155 ], [ -58.375947411822338, -34.590553165104311 ], [ -58.376276465039986, -34.590824051137304 ], [ -58.377099098084081, -34.590948800987043 ], [ -58.377215430029693, -34.590824051137304 ], [ -58.378250784345731, -34.589971714828877 ], [ -58.378347564703859, -34.589875946157917 ], [ -58.378362598545891, -34.58892783035941 ], [ -58.379402470607459, -34.588071755344195 ], [ -58.380554156869117, -34.588072657810379 ], [ -58.380692914250041, -34.587979703742107 ], [ -58.381705843130845, -34.587145800305237 ], [ -58.382857529392496, -34.587121013696105 ], [ -58.383083350228127, -34.587031566305981 ], [ -58.384009215654224, -34.586269330326473 ], [ -58.384198016680713, -34.586083418051309 ], [ -58.384265145934584, -34.585135258978099 ], [ -58.385160901915874, -34.58439779444187 ], [ -58.385603858170391, -34.584187089086605 ], [ -58.386312588177603, -34.583603594545473 ] ], [ [ -58.385411268494501, -34.593668301160122 ], [ -58.385160901915874, -34.593828990345706 ], [ -58.385003136674548, -34.593668301160122 ], [ -58.385160901915874, -34.593545175469963 ], [ -58.385411268494501, -34.593668301160122 ] ], [ [ -58.380400598700895, -34.594616362862126 ], [ -58.380554156869117, -34.594509839614936 ], [ -58.380682122009304, -34.594616362862126 ], [ -58.380554156869117, -34.594779820682724 ], [ -58.380400598700895, -34.594616362862126 ] ] ] ] } },
{ "type": "Feature", "properties": { "id": 1, "isomin": 0.0, "isomax": 15.0, "id_punto": "2_12", "sector": 2.0 }, "geometry": { "type": "MultiPolygon", "coordinates": [ [ [ [ -58.388322588177559, -34.582377447781433 ], [ -58.389474274439301, -34.58259656840476 ], [ -58.389948498194101, -34.582987000083598 ], [ -58.390625960700937, -34.58346109322779 ], [ -58.391201803831827, -34.583935183667464 ], [ -58.39177764696268, -34.584366172629309 ], [ -58.392405839469092, -34.584883356433068 ], [ -58.392449463948687, -34.585831518380452 ], [ -58.392428600067134, -34.586779669509326 ], [ -58.392353490093548, -34.587727809819683 ], [ -58.392251870717516, -34.588675939311244 ], [ -58.392323182560347, -34.589624057984054 ], [ -58.39177764696268, -34.59057216583777 ], [ -58.39177764696268, -34.59057216583777 ], [ -58.391393751542104, -34.591520262872457 ], [ -58.39177764696268, -34.592197468416011 ], [ -58.392106700180321, -34.59246834908781 ], [ -58.39177764696268, -34.592739228876404 ], [ -58.39143891570923, -34.593416424483834 ], [ -58.390817908411229, -34.594364489060268 ], [ -58.390625960700937, -34.594522498771106 ], [ -58.389474274439301, -34.594861089996563 ], [ -58.388754470525718, -34.595312542817098 ], [ -58.388322588177559, -34.595668060186405 ], [ -58.387682762476651, -34.596260585754031 ], [ -58.387170901915923, -34.596681934697457 ], [ -58.386564751251846, -34.597208617871132 ], [ -58.38601921565418, -34.597657681939509 ], [ -58.385133303145217, -34.598156639168081 ], [ -58.384867529392544, -34.598375411776949 ], [ -58.383715843130801, -34.598577978493608 ], [ -58.383203982570066, -34.598156639168081 ], [ -58.382564156869158, -34.597427392976932 ], [ -58.381412470607422, -34.597427392976932 ], [ -58.381146696854728, -34.597208617871132 ], [ -58.380260784345779, -34.596418591858296 ], [ -58.380068836635488, -34.596260585754031 ], [ -58.379109098084037, -34.595702914748557 ], [ -58.378634874329244, -34.595312542817098 ], [ -58.377957411822401, -34.594900346860989 ], [ -58.377306458717946, -34.594364489060268 ], [ -58.376805725560658, -34.593985264528051 ], [ -58.375654039299008, -34.593635209577187 ], [ -58.375388265546306, -34.593416424483834 ], [ -58.374502353037279, -34.592626362405163 ], [ -58.374310405327002, -34.59246834908781 ], [ -58.374502353037279, -34.592310335469932 ], [ -58.375654039299008, -34.591836292813056 ], [ -58.375875517426252, -34.591520262872457 ], [ -58.376805725560658, -34.59075449303085 ], [ -58.376967934893308, -34.59057216583777 ], [ -58.377957411822401, -34.589757594956055 ], [ -58.378086814773148, -34.589624057984054 ], [ -58.3781089494884, -34.588675939311244 ], [ -58.379109098084037, -34.587852564318254 ], [ -58.380260784345779, -34.587871466498662 ], [ -58.381412470607422, -34.587873676599472 ], [ -58.381601271633926, -34.587727809819683 ], [ -58.382564156869158, -34.586935103088472 ], [ -58.382704606413256, -34.586779669509326 ], [ -58.383715843130801, -34.585947147146115 ], [ -58.383846716569629, -34.585831518380452 ], [ -58.384867529392544, -34.584991102653753 ], [ -58.385034440444954, -34.584883356433068 ], [ -58.385066095989373, -34.583935183667464 ], [ -58.38601921565418, -34.583150480783665 ], [ -58.386307137219625, -34.582987000083598 ], [ -58.387170901915923, -34.582275855296444 ], [ -58.388322588177559, -34.582377447781433 ] ], [ [ -58.387170901915923, -34.586646127751358 ], [ -58.387318554000743, -34.586779669509326 ], [ -58.387170901915923, -34.586879474261984 ], [ -58.387044342986052, -34.586779669509326 ], [ -58.387170901915923, -34.586646127751358 ] ], [ [ -58.384867529392544, -34.596088215115763 ], [ -58.385206260645951, -34.596260585754031 ], [ -58.384867529392544, -34.596566403748206 ], [ -58.38463719214019, -34.596260585754031 ], [ -58.384867529392544, -34.596088215115763 ] ], [ [ -58.383575393586689, -34.593416424483834 ], [ -58.383715843130801, -34.593314481412023 ], [ -58.383839680363252, -34.593416424483834 ], [ -58.383715843130801, -34.593555846423634 ], [ -58.383575393586689, -34.593416424483834 ] ] ] ] } },
{ "type": "Feature", "properties": { "id": 1, "isomin": 0.0, "isomax": 15.0, "id_punto": "2_13", "sector": 2.0 }, "geometry": { "type": "MultiPolygon", "coordinates": [ [ [ [ -58.384641755639834, -34.586549191660353 ], [ -58.384907529392521, -34.58633038790704 ], [ -58.386059215654264, -34.586549191660353 ], [ -58.386059215654264, -34.586549191660353 ], [ -58.3872109019159, -34.586845487491303 ], [ -58.388170640467351, -34.586549191660353 ], [ -58.388362588177642, -34.586391166785198 ], [ -58.38855453588792, -34.586549191660353 ], [ -58.388362588177642, -34.586707216235013 ], [ -58.388002686220851, -34.587497334600521 ], [ -58.388362588177642, -34.587768230596339 ], [ -58.389322326729015, -34.587497334600521 ], [ -58.389514274439293, -34.58733931152846 ], [ -58.390665960701021, -34.587278533343792 ], [ -58.390931734453709, -34.587497334600521 ], [ -58.391337777686978, -34.588445466722021 ], [ -58.391817646962672, -34.589122697327859 ], [ -58.392146700180319, -34.589393588024613 ], [ -58.392329507523442, -34.59034169850834 ], [ -58.392393490093532, -34.591289798172916 ], [ -58.39255801670236, -34.592237887018335 ], [ -58.392508658719706, -34.593185965044292 ], [ -58.3929693332244, -34.593915248471184 ], [ -58.393235106977087, -34.594134032250849 ], [ -58.393481193785135, -34.595082088637689 ], [ -58.3929693332244, -34.595503443558847 ], [ -58.392249529310817, -34.596030134204817 ], [ -58.391817646962672, -34.596385648502981 ], [ -58.390857908411299, -34.596978168951978 ], [ -58.390665960701021, -34.597136173691247 ], [ -58.38970622214957, -34.597926192879193 ], [ -58.389514274439293, -34.59808419581509 ], [ -58.388746483598183, -34.598874205986114 ], [ -58.388362588177642, -34.599190207950635 ], [ -58.38764278426406, -34.599822208272819 ], [ -58.3872109019159, -34.600770199738989 ], [ -58.3872109019159, -34.600770199738989 ], [ -58.386059215654264, -34.601338989424875 ], [ -58.385012228143594, -34.601718180384658 ], [ -58.384907529392521, -34.601804359906779 ], [ -58.383755843130885, -34.602253990745695 ], [ -58.382604156869142, -34.602192166649694 ], [ -58.381452470607499, -34.602666150209522 ], [ -58.380300784345764, -34.601989030010223 ], [ -58.379971731128144, -34.601718180384658 ], [ -58.380300784345764, -34.601447329875768 ], [ -58.380649780182651, -34.600770199738989 ], [ -58.380300784345764, -34.600454203785901 ], [ -58.37958098043223, -34.600770199738989 ], [ -58.379149098084106, -34.601125693749182 ], [ -58.378717215735968, -34.600770199738989 ], [ -58.377997411822378, -34.599908389762327 ], [ -58.377892713071319, -34.599822208272819 ], [ -58.376845725560727, -34.599190207950635 ], [ -58.376461830140151, -34.598874205986114 ], [ -58.375694039298999, -34.598422772522767 ], [ -58.375090775066703, -34.597926192879193 ], [ -58.374542353037349, -34.597427234266263 ], [ -58.373996817439682, -34.596978168951978 ], [ -58.37339066677562, -34.596479204644353 ], [ -58.372845131177954, -34.596030134204817 ], [ -58.373061613557979, -34.595082088637689 ], [ -58.372739713671152, -34.594134032250849 ], [ -58.372814823644752, -34.593185965044292 ], [ -58.373198719065329, -34.592237887018335 ], [ -58.373124893022904, -34.591289798172916 ], [ -58.37339066677562, -34.591071006902922 ], [ -58.374542353037349, -34.590668630649297 ], [ -58.375694039298999, -34.591018913658466 ], [ -58.376845725560727, -34.590535189114497 ], [ -58.377059000794368, -34.59034169850834 ], [ -58.377997411822378, -34.589569164856378 ], [ -58.378214711117046, -34.589393588024613 ], [ -58.379149098084106, -34.588624358361912 ], [ -58.379437019649522, -34.588445466722021 ], [ -58.380300784345764, -34.587734368645151 ], [ -58.381452470607499, -34.587740446432278 ], [ -58.382058621271526, -34.587497334600521 ], [ -58.382604156869142, -34.587048215609009 ], [ -58.383755843130885, -34.586759891026432 ], [ -58.384641755639834, -34.586549191660353 ] ], [ [ -58.383755843130885, -34.592143078620651 ], [ -58.383853443661529, -34.592237887018335 ], [ -58.383755843130885, -34.592307599006404 ], [ -58.383664439459302, -34.592237887018335 ], [ -58.383755843130885, -34.592143078620651 ] ], [ [ -58.385808849075616, -34.599822208272819 ], [ -58.386059215654264, -34.599558875389683 ], [ -58.386779019567783, -34.599822208272819 ], [ -58.386059215654264, -34.600201406157765 ], [ -58.385808849075616, -34.599822208272819 ] ], [ [ -58.378939700581988, -34.596978168951978 ], [ -58.379149098084106, -34.596846498106345 ], [ -58.379304731362716, -34.596978168951978 ], [ -58.379149098084106, -34.597153729754837 ], [ -58.378939700581988, -34.596978168951978 ] ] ] ] } },
{ "type": "Feature", "properties": { "id": 1, "isomin": 0.0, "isomax": 15.0, "id_punto": "2_14", "sector": 2.0 }, "geometry": { "type": "MultiPolygon", "coordinates": [ [ [ [ -58.386390901915902, -34.584967146939952 ], [ -58.386390901915902, -34.584967146939952 ], [ -58.387542588177645, -34.585379392178531 ], [ -58.388694274439281, -34.585644405894847 ], [ -58.389845960701024, -34.585559748827336 ], [ -58.390277843049141, -34.585915307931295 ], [ -58.39099764696266, -34.586310371818087 ], [ -58.391669463948688, -34.586863458104197 ], [ -58.391326700180308, -34.587811597458426 ], [ -58.39099764696266, -34.588082492429692 ], [ -58.390686380405469, -34.588759725994009 ], [ -58.390668593745048, -34.589707843710649 ], [ -58.39099764696266, -34.590385064027295 ], [ -58.391326700180308, -34.590655950608365 ], [ -58.39099764696266, -34.590926836306224 ], [ -58.390648651125815, -34.591604046686868 ], [ -58.39099764696266, -34.592016258998591 ], [ -58.391648600067128, -34.592552131946178 ], [ -58.391263420715376, -34.593500206385997 ], [ -58.391471870717503, -34.59444827000636 ], [ -58.39099764696266, -34.59483864599931 ], [ -58.390037908411301, -34.595396322806963 ], [ -58.389845960701024, -34.59555433055516 ], [ -58.388798973190355, -34.596344364787825 ], [ -58.388694274439281, -34.596430549885909 ], [ -58.387542588177645, -34.59692776985959 ], [ -58.387062718901923, -34.597292395948664 ], [ -58.386390901915902, -34.597845409129086 ], [ -58.385751076214994, -34.598240416289492 ], [ -58.385239215654266, -34.598661755189994 ], [ -58.3844714248131, -34.59918842581002 ], [ -58.384087529392524, -34.599504426579031 ], [ -58.383703633971983, -34.59918842581002 ], [ -58.38293584313088, -34.598932208087703 ], [ -58.382258380623981, -34.59918842581002 ], [ -58.381784156869145, -34.599578779526418 ], [ -58.381309933114345, -34.59918842581002 ], [ -58.380632470607502, -34.598714422402281 ], [ -58.379480784345766, -34.59875751373297 ], [ -58.378329098084123, -34.598240416289492 ], [ -58.378329098084123, -34.598240416289492 ], [ -58.37717741182238, -34.59751117083384 ], [ -58.376911638069693, -34.597292395948664 ], [ -58.376025725560744, -34.596840953888176 ], [ -58.374874039299002, -34.596430549885909 ], [ -58.374769340547942, -34.596344364787825 ], [ -58.374769340547942, -34.595396322806963 ], [ -58.373722353037365, -34.594667052382199 ], [ -58.37345657928465, -34.59444827000636 ], [ -58.372570666775623, -34.593500206385997 ], [ -58.373146509906491, -34.592552131946178 ], [ -58.37345657928465, -34.591604046686868 ], [ -58.373722353037365, -34.591385256244436 ], [ -58.374874039299002, -34.590655950608365 ], [ -58.376025725560744, -34.590845570689595 ], [ -58.37717741182238, -34.590795377180811 ], [ -58.377325063907222, -34.590655950608365 ], [ -58.378329098084123, -34.589829396481633 ], [ -58.378447828626548, -34.589707843710649 ], [ -58.378474881155213, -34.588759725994009 ], [ -58.379480784345766, -34.587931614326806 ], [ -58.380632470607502, -34.58793315300349 ], [ -58.381784156869145, -34.587906410798844 ], [ -58.382029196499303, -34.587811597458426 ], [ -58.38293584313088, -34.587065190787747 ], [ -58.383378799385355, -34.586863458104197 ], [ -58.384087529392524, -34.58627998235503 ], [ -58.384447431349315, -34.585915307931295 ], [ -58.384727355093496, -34.584967146939952 ], [ -58.385239215654266, -34.584545738582399 ], [ -58.386390901915902, -34.584967146939952 ] ], [ [ -58.379480784345766, -34.593401449136685 ], [ -58.379603304160838, -34.593500206385997 ], [ -58.379480784345766, -34.593635644708463 ], [ -58.379338600856677, -34.593500206385997 ], [ -58.379480784345766, -34.593401449136685 ] ], [ [ -58.385239215654266, -34.593623332142819 ], [ -58.385125187311523, -34.593500206385997 ], [ -58.385239215654266, -34.593407258389888 ], [ -58.385394848932869, -34.593500206385997 ], [ -58.385239215654266, -34.593623332142819 ] ], [ [ -58.386833858170419, -34.596344364787825 ], [ -58.386390901915902, -34.596739379086436 ], [ -58.386116690901225, -34.596344364787825 ], [ -58.386390901915902, -34.59613826962542 ], [ -58.386833858170419, -34.596344364787825 ] ] ] ] } },
{ "type": "Feature", "properties": { "id": 1, "isomin": 0.0, "isomax": 15.0, "id_punto": "2_15", "sector": 2.0 }, "geometry": { "type": "MultiPolygon", "coordinates": [ [ [ [ -58.381857529392519, -34.587412387613114 ], [ -58.383009215654248, -34.58771037346456 ], [ -58.383338268871867, -34.587981268765844 ], [ -58.384160901915905, -34.588771375016698 ], [ -58.384352849626183, -34.588929395365284 ], [ -58.385312588177634, -34.589380880419647 ], [ -58.385915852409923, -34.589877511145907 ], [ -58.386464274439284, -34.590435221257096 ], [ -58.38693849819412, -34.590825616107452 ], [ -58.387067538671616, -34.591773710249896 ], [ -58.387615960701012, -34.592405767000763 ], [ -58.387999856121553, -34.592721793572977 ], [ -58.388767646962663, -34.593669866076709 ], [ -58.388767646962663, -34.593669866076709 ], [ -58.38939583946906, -34.594617927760773 ], [ -58.389919333224391, -34.595091954545467 ], [ -58.390495176355223, -34.595565978625231 ], [ -58.389919333224391, -34.596514018669772 ], [ -58.389919333224391, -34.596514018669772 ], [ -58.389919333224391, -34.596514018669772 ], [ -58.391071019486041, -34.597304043775004 ], [ -58.391262967196333, -34.597462047894396 ], [ -58.391071019486041, -34.597620051713214 ], [ -58.390431193785119, -34.598410066298847 ], [ -58.389919333224391, -34.598831404338824 ], [ -58.389241870717498, -34.599358073883103 ], [ -58.388767646962663, -34.599748426802179 ], [ -58.388161496298636, -34.600306070646937 ], [ -58.387615960701012, -34.60075511796893 ], [ -58.38700981003695, -34.601254056590292 ], [ -58.386464274439284, -34.601703098786757 ], [ -58.385915852409923, -34.60220203171302 ], [ -58.385312588177634, -34.602698585792083 ], [ -58.384160901915905, -34.602698585792083 ], [ -58.383009215654248, -34.602755012204135 ], [ -58.382625320233672, -34.603149996014864 ], [ -58.381857529392519, -34.603781966204522 ], [ -58.381034896348488, -34.604097949495852 ], [ -58.380705843130869, -34.605045892155701 ], [ -58.379554156869126, -34.604796434610144 ], [ -58.37873152382511, -34.605045892155701 ], [ -58.37840247060749, -34.605316730928116 ], [ -58.378073417389864, -34.605045892155701 ], [ -58.37782662747663, -34.604097949495852 ], [ -58.377250784345748, -34.603571310009002 ], [ -58.37673892378502, -34.603149996014864 ], [ -58.376099098084111, -34.602676015216545 ], [ -58.374947411822369, -34.60220203171302 ], [ -58.374947411822369, -34.60220203171302 ], [ -58.373795725560733, -34.601412053195538 ], [ -58.373603777850455, -34.601254056590292 ], [ -58.37264403929899, -34.600392251634375 ], [ -58.372539340547931, -34.600306070646937 ], [ -58.371972222313033, -34.599358073883103 ], [ -58.371492353037347, -34.598568068314293 ], [ -58.370340666775611, -34.598628838240202 ], [ -58.37007489302291, -34.598410066298847 ], [ -58.369712474269214, -34.597462047894396 ], [ -58.370340666775611, -34.596514018669772 ], [ -58.370340666775611, -34.596514018669772 ], [ -58.370689662612499, -34.595565978625231 ], [ -58.370340666775611, -34.595039285036307 ], [ -58.369828806214841, -34.594617927760773 ], [ -58.370340666775611, -34.59419656834806 ], [ -58.370852527336382, -34.594617927760773 ], [ -58.371492353037347, -34.594905217044122 ], [ -58.371766564052031, -34.594617927760773 ], [ -58.371812265887804, -34.593669866076709 ], [ -58.371889486231019, -34.592721793572977 ], [ -58.372314986081371, -34.591773710249896 ], [ -58.372539340547931, -34.590825616107452 ], [ -58.37264403929899, -34.590739425194393 ], [ -58.373691026809666, -34.589877511145907 ], [ -58.373795725560733, -34.589791319249294 ], [ -58.373900424311792, -34.589877511145907 ], [ -58.374947411822369, -34.590242168180708 ], [ -58.376099098084111, -34.590470078014746 ], [ -58.377250784345748, -34.590032938930207 ], [ -58.377464059579417, -34.589877511145907 ], [ -58.37840247060749, -34.589104973177932 ], [ -58.378658400887858, -34.588929395365284 ], [ -58.379554156869126, -34.588191964500673 ], [ -58.380705843130869, -34.588196753033905 ], [ -58.381166517635528, -34.587981268765844 ], [ -58.381857529392519, -34.587412387613114 ] ], [ [ -58.380560060059757, -34.590825616107452 ], [ -58.380705843130869, -34.590614927050979 ], [ -58.380891598979517, -34.590825616107452 ], [ -58.380705843130869, -34.59093984489062 ], [ -58.380560060059757, -34.590825616107452 ] ], [ [ -58.385312588177634, -34.593459184233119 ], [ -58.385562954756246, -34.593669866076709 ], [ -58.385312588177634, -34.593820352780689 ], [ -58.385129780834504, -34.593669866076709 ], [ -58.385312588177634, -34.593459184233119 ] ], [ [ -58.380705843130869, -34.59454084997914 ], [ -58.380817657331029, -34.594617927760773 ], [ -58.380705843130869, -34.594686627462387 ], [ -58.380620533037408, -34.594617927760773 ], [ -58.380705843130869, -34.59454084997914 ] ], [ [ -58.386677549672932, -34.596514018669772 ], [ -58.386464274439284, -34.596649452078587 ], [ -58.386306509197958, -34.596514018669772 ], [ -58.386464274439284, -34.596368167059474 ], [ -58.386677549672932, -34.596514018669772 ] ], [ [ -58.380705843130869, -34.598329039507675 ], [ -58.380813477360931, -34.598410066298847 ], [ -58.380705843130869, -34.598502106344384 ], [ -58.380612965206538, -34.598410066298847 ], [ -58.380705843130869, -34.598329039507675 ] ], [ [ -58.375877619956853, -34.599358073883103 ], [ -58.376099098084111, -34.599222644890702 ], [ -58.376261307416733, -34.599358073883103 ], [ -58.376099098084111, -34.599533629655731 ], [ -58.375877619956853, -34.599358073883103 ] ] ] ] } },
{ "type": "Feature", "properties": { "id": 1, "isomin": 0.0, "isomax": 15.0, "id_punto": "2_16", "sector": 2.0 }, "geometry": { "type": "MultiPolygon", "coordinates": [ [ [ [ -58.382595843130872, -34.586736500632341 ], [ -58.383747529392529, -34.586880159025156 ], [ -58.384899215654258, -34.586861420988008 ], [ -58.386050901915908, -34.586755037213102 ], [ -58.387202588177637, -34.586861420988008 ], [ -58.387853541282055, -34.587397327182899 ], [ -58.388354274439287, -34.587713372805844 ], [ -58.389505960701015, -34.587397327182899 ], [ -58.390657646962666, -34.588345460445446 ], [ -58.390657646962666, -34.588345460445446 ], [ -58.390849594672957, -34.589293582889276 ], [ -58.391169507523436, -34.590241694514113 ], [ -58.39130860006712, -34.591189795319913 ], [ -58.391809333224394, -34.591979871060033 ], [ -58.392001280934672, -34.592137885306443 ], [ -58.39191403197546, -34.593085964473687 ], [ -58.392500344981386, -34.594034032821398 ], [ -58.392460286328813, -34.594982090349546 ], [ -58.39191403197546, -34.595930137057863 ], [ -58.391809333224394, -34.596016322585754 ], [ -58.390657646962666, -34.596498959889374 ], [ -58.390051496298639, -34.596878172946354 ], [ -58.389505960701015, -34.597327238801213 ], [ -58.388982466945684, -34.597826198014758 ], [ -58.388354274439287, -34.598343298037001 ], [ -58.387970379018746, -34.598774212263066 ], [ -58.387586483598177, -34.599722215691003 ], [ -58.387202588177637, -34.600038214429141 ], [ -58.386626745046762, -34.600670208298588 ], [ -58.386050901915908, -34.60114420054461 ], [ -58.384899215654258, -34.60114420054461 ], [ -58.384293064990196, -34.601618190085517 ], [ -58.383747529392529, -34.602067230313139 ], [ -58.382595843130872, -34.602135266499445 ], [ -58.381444156869144, -34.60256616105179 ], [ -58.380292470607408, -34.601934181609927 ], [ -58.379140784345765, -34.601618190085517 ], [ -58.379140784345765, -34.601618190085517 ], [ -58.377989098084029, -34.600756388908174 ], [ -58.377884399332963, -34.600670208298588 ], [ -58.376837411822372, -34.600038214429141 ], [ -58.376453516401796, -34.599722215691003 ], [ -58.375685725560643, -34.599195548455796 ], [ -58.374534039298993, -34.598932213585812 ], [ -58.374342091588716, -34.598774212263066 ], [ -58.37395819616814, -34.597826198014758 ], [ -58.373382353037265, -34.597299518757012 ], [ -58.372870492476537, -34.596878172946354 ], [ -58.372230666775614, -34.596246150222917 ], [ -58.371846771355031, -34.595930137057863 ], [ -58.372125968024555, -34.594982090349546 ], [ -58.372230666775614, -34.594895903748636 ], [ -58.372569398029043, -34.594034032821398 ], [ -58.372230666775614, -34.593304750437319 ], [ -58.371964893022913, -34.593085964473687 ], [ -58.372230666775614, -34.592867177933869 ], [ -58.372627799969287, -34.592137885306443 ], [ -58.372657217242896, -34.591189795319913 ], [ -58.37275416053091, -34.590241694514113 ], [ -58.373382353037265, -34.589724544059948 ], [ -58.374534039298993, -34.59002290048403 ], [ -58.375685725560643, -34.589820312905424 ], [ -58.376837411822372, -34.590155502995273 ], [ -58.376942110573438, -34.590241694514113 ], [ -58.377989098084029, -34.590354564224995 ], [ -58.378127855464953, -34.590241694514113 ], [ -58.378156009136454, -34.589293582889276 ], [ -58.379140784345765, -34.588482870165656 ], [ -58.379354059579391, -34.588345460445446 ], [ -58.380292470607408, -34.587572908232936 ], [ -58.381444156869144, -34.58757622107936 ], [ -58.381793152706038, -34.587397327182899 ], [ -58.382595843130872, -34.586736500632341 ] ], [ [ -58.383646504281849, -34.592137885306443 ], [ -58.383747529392529, -34.592044935786134 ], [ -58.383860439810334, -34.592137885306443 ], [ -58.383747529392529, -34.592216239366756 ], [ -58.383646504281849, -34.592137885306443 ] ], [ [ -58.380292470607408, -34.600364405413877 ], [ -58.380612383457887, -34.600670208298588 ], [ -58.380292470607408, -34.601302197358834 ], [ -58.379865920140126, -34.600670208298588 ], [ -58.380292470607408, -34.600364405413877 ] ], [ [ -58.379140784345765, -34.596041671253396 ], [ -58.379002026964834, -34.595930137057863 ], [ -58.379140784345765, -34.595837191780539 ], [ -58.379253694763577, -34.595930137057863 ], [ -58.379140784345765, -34.596041671253396 ] ] ] ] } },
{ "type": "Feature", "properties": { "id": 1, "isomin": 0.0, "isomax": 15.0, "id_punto": "2_17", "sector": 2.0 }, "geometry": { "type": "MultiPolygon", "coordinates": [ [ [ [ -58.386744274439259, -34.586659259795603 ], [ -58.386936222149544, -34.586817284160929 ], [ -58.387895960700995, -34.587229520221186 ], [ -58.389047646962638, -34.587375014812999 ], [ -58.389521870717473, -34.58776542404209 ], [ -58.389719463948659, -34.588713553104448 ], [ -58.39019933322438, -34.589306128274536 ], [ -58.390631215572533, -34.58966167134804 ], [ -58.390528386442021, -34.590609778772581 ], [ -58.390908063231599, -34.591557875378022 ], [ -58.391351019486116, -34.592150430262244 ], [ -58.391782901834233, -34.59250596116415 ], [ -58.391351019486116, -34.592861490544607 ], [ -58.391002023649214, -34.59345403613095 ], [ -58.390827525730785, -34.594402100278145 ], [ -58.390528386442021, -34.59535015360575 ], [ -58.39019933322438, -34.595621023997715 ], [ -58.389521870717473, -34.596298196113466 ], [ -58.389047646962638, -34.59668856341294 ], [ -58.388087908411265, -34.597246227801286 ], [ -58.387895960700995, -34.597404232030627 ], [ -58.386744274439259, -34.597829626538818 ], [ -58.386168431308434, -34.598194248668968 ], [ -58.385592588177616, -34.598668255045283 ], [ -58.384915125670716, -34.599142258716498 ], [ -58.38444090191588, -34.599532612649888 ], [ -58.383289215654237, -34.599678085696162 ], [ -58.382713372523369, -34.600090257943634 ], [ -58.382137529392494, -34.600564253499549 ], [ -58.381314896348478, -34.601038246350313 ], [ -58.380985843130858, -34.60130909819334 ], [ -58.380346017429886, -34.601986223936315 ], [ -58.379834156869116, -34.60240754383458 ], [ -58.37868247060748, -34.602144219148656 ], [ -58.378490522897188, -34.601986223936315 ], [ -58.378208246852637, -34.601038246350313 ], [ -58.377530784345737, -34.600539306432452 ], [ -58.376379098084101, -34.600361112878254 ], [ -58.376050044866453, -34.600090257943634 ], [ -58.375227411822358, -34.599678085696162 ], [ -58.374576458717954, -34.599142258716498 ], [ -58.374075725560715, -34.598711346399888 ], [ -58.373447533054311, -34.598194248668968 ], [ -58.372924039298979, -34.597695291666334 ], [ -58.372378503701349, -34.597246227801286 ], [ -58.371772353037322, -34.596719544866076 ], [ -58.371260492476559, -34.596298196113466 ], [ -58.371004562196163, -34.59535015360575 ], [ -58.370620666775586, -34.594620882775608 ], [ -58.370354893022906, -34.594402100278145 ], [ -58.370620666775586, -34.594183317204518 ], [ -58.370886440528295, -34.594402100278145 ], [ -58.371772353037322, -34.594718119256214 ], [ -58.371989652331976, -34.594402100278145 ], [ -58.371772353037322, -34.593724912705611 ], [ -58.371443299819695, -34.59345403613095 ], [ -58.371047217242904, -34.59250596116415 ], [ -58.370980568732392, -34.591557875378022 ], [ -58.370620666775586, -34.590609778772581 ], [ -58.371144160530932, -34.58966167134804 ], [ -58.371443299819695, -34.588713553104448 ], [ -58.371772353037322, -34.588442660190594 ], [ -58.372924039298979, -34.588160479132867 ], [ -58.374075725560715, -34.588216915421071 ], [ -58.375227411822358, -34.588494755050306 ], [ -58.37549318557506, -34.588713553104448 ], [ -58.376379098084101, -34.589019398881248 ], [ -58.377530784345737, -34.589040491651929 ], [ -58.37868247060748, -34.588807426680447 ], [ -58.378819576114815, -34.588713553104448 ], [ -58.379834156869116, -34.587878297116823 ], [ -58.380985843130858, -34.587879657032445 ], [ -58.381165794109236, -34.58776542404209 ], [ -58.382137529392494, -34.586965431730498 ], [ -58.383289215654237, -34.586996179306176 ], [ -58.383649117610993, -34.586817284160929 ], [ -58.38444090191588, -34.586165431717028 ], [ -58.385592588177616, -34.586368161493859 ], [ -58.386744274439259, -34.586659259795603 ] ], [ [ -58.380907497126657, -34.59345403613095 ], [ -58.380985843130858, -34.593392070777327 ], [ -58.38107052594421, -34.59345403613095 ], [ -58.380985843130858, -34.593529881660899 ], [ -58.380907497126657, -34.59345403613095 ] ], [ [ -58.377280417767118, -34.598194248668968 ], [ -58.377530784345737, -34.598015377635321 ], [ -58.377736442606754, -34.598194248668968 ], [ -58.377530784345737, -34.598457585878649 ], [ -58.377280417767118, -34.598194248668968 ] ] ] ] } },
{ "type": "Feature", "properties": { "id": 1, "isomin": 0.0, "isomax": 15.0, "id_punto": "2_18", "sector": 2.0 }, "geometry": { "type": "MultiPolygon", "coordinates": [ [ [ [ -58.388400640467331, -34.582758867298438 ], [ -58.388592588177609, -34.58260083521558 ], [ -58.388784535887886, -34.582758867298438 ], [ -58.389744274439259, -34.583351484932841 ], [ -58.390895960700988, -34.583707053485085 ], [ -58.390895960700988, -34.583707053485085 ], [ -58.392047646962645, -34.584206094501276 ], [ -58.392593182560304, -34.584655228853627 ], [ -58.392675839469049, -34.585603393403808 ], [ -58.392815437803804, -34.586551547135642 ], [ -58.392675839469049, -34.587499690048865 ], [ -58.392479529310798, -34.588447822143493 ], [ -58.392047646962645, -34.588803368889728 ], [ -58.391687745005875, -34.58939594341922 ], [ -58.392047646962645, -34.590125260115528 ], [ -58.392313420715354, -34.590344053876073 ], [ -58.392047646962645, -34.590562847060433 ], [ -58.391663751542097, -34.591292153513749 ], [ -58.391546913805406, -34.592240242332274 ], [ -58.392047646962645, -34.593188320331365 ], [ -58.391161734453689, -34.59413638751105 ], [ -58.390895960700988, -34.59435517070829 ], [ -58.389936222149551, -34.595084443870995 ], [ -58.389744274439259, -34.595242452212439 ], [ -58.388697286928668, -34.596032489411257 ], [ -58.388592588177609, -34.596118674832944 ], [ -58.38744090191588, -34.596601311541825 ], [ -58.386865058785062, -34.596980524131546 ], [ -58.38628921565423, -34.597454537434224 ], [ -58.385466582610142, -34.597928548031845 ], [ -58.385137529392502, -34.59819941001598 ], [ -58.384369738551406, -34.598876561111922 ], [ -58.383985843130851, -34.599192563067461 ], [ -58.383601947710268, -34.598876561111922 ], [ -58.382834156869123, -34.598349888514385 ], [ -58.381682470607473, -34.598014731486252 ], [ -58.381577771856392, -34.597928548031845 ], [ -58.380530784345744, -34.597296533300558 ], [ -58.379379098084087, -34.597199299838145 ], [ -58.379113324331378, -34.596980524131546 ], [ -58.378227411822358, -34.596348502186913 ], [ -58.377843516401803, -34.596032489411257 ], [ -58.377075725560708, -34.595533519423007 ], [ -58.376530189963042, -34.595084443870995 ], [ -58.376384713803667, -34.59413638751105 ], [ -58.37592403929898, -34.593741360834379 ], [ -58.374772353037329, -34.593407106025467 ], [ -58.374506579284613, -34.593188320331365 ], [ -58.374226817439663, -34.592240242332274 ], [ -58.374772353037329, -34.591791148977428 ], [ -58.37592403929898, -34.591571004289364 ], [ -58.376126089520334, -34.591292153513749 ], [ -58.377075725560708, -34.590510387928376 ], [ -58.377225295205079, -34.590344053876073 ], [ -58.378227411822358, -34.589519075258686 ], [ -58.3783645173297, -34.58939594341922 ], [ -58.378383045100968, -34.588447822143493 ], [ -58.379379098084087, -34.587627816639824 ], [ -58.380530784345744, -34.587647836401807 ], [ -58.381682470607473, -34.587652615312031 ], [ -58.381899769902127, -34.587499690048865 ], [ -58.382834156869123, -34.586730442852989 ], [ -58.382989790147739, -34.586551547135642 ], [ -58.383985843130851, -34.585731522918685 ], [ -58.384148052463473, -34.585603393403808 ], [ -58.385137529392502, -34.584788773811006 ], [ -58.38535900751976, -34.584655228853627 ], [ -58.385411740407207, -34.583707053485085 ], [ -58.38628921565423, -34.582984626895524 ], [ -58.38744090191588, -34.583055176643867 ], [ -58.388400640467331, -34.582758867298438 ] ] ] ] } },
{ "type": "Feature", "properties": { "id": 1, "isomin": 0.0, "isomax": 15.0, "id_punto": "3_19", "sector": 3.0 }, "geometry": { "type": "MultiPolygon", "coordinates": [ [ [ [ -58.386404156869105, -34.587660368451324 ], [ -58.387555843130833, -34.587660368451324 ], [ -58.388707529392569, -34.587660368451324 ], [ -58.389859215654212, -34.587540855465733 ], [ -58.391010901915955, -34.587712463801509 ], [ -58.392162588177591, -34.587712463801509 ], [ -58.392428361930307, -34.587931263915607 ], [ -58.392162588177591, -34.588150063453568 ], [ -58.391851321620393, -34.58887939108569 ], [ -58.392162588177591, -34.589195431071524 ], [ -58.39293037901875, -34.589827507436851 ], [ -58.393314274439334, -34.590090871169942 ], [ -58.394034078352853, -34.589827507436851 ], [ -58.39446596070097, -34.589471965073017 ], [ -58.394897843049129, -34.589827507436851 ], [ -58.39446596070097, -34.590775612969061 ], [ -58.39446596070097, -34.590775612969061 ], [ -58.39446596070097, -34.590775612969061 ], [ -58.395094153207381, -34.59172370768205 ], [ -58.395617646962712, -34.592585602578019 ], [ -58.395722345713772, -34.592671791575825 ], [ -58.396358016702344, -34.593619864650094 ], [ -58.396769333224363, -34.594118846132893 ], [ -58.397314868822029, -34.59456792690488 ], [ -58.397921019486105, -34.594962949651048 ], [ -58.399072705747741, -34.59542979229289 ], [ -58.399177404498808, -34.595515978339904 ], [ -58.399072705747741, -34.595602164297482 ], [ -58.398466555083722, -34.596464018955139 ], [ -58.397921019486105, -34.596913087049003 ], [ -58.397375483888425, -34.596464018955139 ], [ -58.396769333224363, -34.596200675425138 ], [ -58.396466257892349, -34.596464018955139 ], [ -58.396769333224363, -34.597021684850965 ], [ -58.397243556979191, -34.59741204875035 ], [ -58.396769333224363, -34.597802410815248 ], [ -58.395617646962712, -34.598072790390837 ], [ -58.395206330440672, -34.598360067725551 ], [ -58.394940184455805, -34.599308075880423 ], [ -58.39446596070097, -34.599698429034497 ], [ -58.393942466945688, -34.600256073214972 ], [ -58.393506222149611, -34.60120405972895 ], [ -58.393314274439334, -34.601362056429274 ], [ -58.392162588177591, -34.601800934575358 ], [ -58.391339955133567, -34.602152035422371 ], [ -58.391010901915955, -34.602422883632968 ], [ -58.390371076214997, -34.603100000294901 ], [ -58.389859215654212, -34.603521314542675 ], [ -58.389036582610188, -34.604047954346584 ], [ -58.388707529392569, -34.604318796373803 ], [ -58.387555843130833, -34.604995897577155 ], [ -58.387555843130833, -34.604995897577155 ], [ -58.386404156869105, -34.605943829986607 ], [ -58.385732339883148, -34.604995897577155 ], [ -58.385252470607455, -34.604496981436277 ], [ -58.384706935009788, -34.604047954346584 ], [ -58.384100784345726, -34.603635801740673 ], [ -58.382949098084069, -34.603455484332358 ], [ -58.382517215735916, -34.603100000294901 ], [ -58.382437237523298, -34.602152035422371 ], [ -58.38179741182234, -34.601653102195705 ], [ -58.381251876224731, -34.60120405972895 ], [ -58.38064572556069, -34.600705120807262 ], [ -58.380100189963024, -34.600256073214972 ], [ -58.379494039298962, -34.599729409364954 ], [ -58.378982178738219, -34.599308075880423 ], [ -58.378342353037311, -34.598578839798577 ], [ -58.37807657928461, -34.598360067725551 ], [ -58.377766509906451, -34.59741204875035 ], [ -58.377190666775569, -34.596682796022094 ], [ -58.376924893022895, -34.596464018955139 ], [ -58.376562474269228, -34.595515978339904 ], [ -58.376518849789612, -34.59456792690488 ], [ -58.376998719065305, -34.593619864650094 ], [ -58.377190666775569, -34.593461853222401 ], [ -58.378237654286252, -34.592671791575825 ], [ -58.378342353037311, -34.592585602578019 ], [ -58.379494039298962, -34.592102942537892 ], [ -58.379994772456236, -34.59172370768205 ], [ -58.38064572556069, -34.591187829391082 ], [ -58.381251876224731, -34.590775612969061 ], [ -58.381692713071281, -34.589827507436851 ], [ -58.38179741182234, -34.589741315488361 ], [ -58.382474874329233, -34.58887939108569 ], [ -58.382949098084069, -34.588488987090599 ], [ -58.383524941214894, -34.587931263915607 ], [ -58.384100784345726, -34.58745719627354 ], [ -58.385252470607455, -34.587931263915607 ], [ -58.385252470607455, -34.587931263915607 ], [ -58.385252470607455, -34.587931263915607 ], [ -58.386404156869105, -34.587660368451324 ] ], [ [ -58.38064572556069, -34.593388628312546 ], [ -58.380822908062484, -34.593619864650094 ], [ -58.38064572556069, -34.593780553929371 ], [ -58.380383978683028, -34.593619864650094 ], [ -58.38064572556069, -34.593388628312546 ] ], [ [ -58.391010901915955, -34.593491747299332 ], [ -58.391170858341177, -34.593619864650094 ], [ -58.391010901915955, -34.593722915419278 ], [ -58.390887064683518, -34.593619864650094 ], [ -58.391010901915955, -34.593491747299332 ] ], [ [ -58.385127287318127, -34.593619864650094 ], [ -58.385252470607455, -34.593506999375272 ], [ -58.385358129897512, -34.593619864650094 ], [ -58.385252470607455, -34.593702305275684 ], [ -58.385127287318127, -34.593619864650094 ] ], [ [ -58.386404156869105, -34.596398637191122 ], [ -58.386479430480982, -34.596464018955139 ], [ -58.386404156869105, -34.596533727396867 ], [ -58.386315565618204, -34.596464018955139 ], [ -58.386404156869105, -34.596398637191122 ] ], [ [ -58.391010901915955, -34.596377833891779 ], [ -58.391137460845805, -34.596464018955139 ], [ -58.391010901915955, -34.596563812074699 ], [ -58.390910755284509, -34.596464018955139 ], [ -58.391010901915955, -34.596377833891779 ] ], [ [ -58.392162588177591, -34.600607180592903 ], [ -58.391888377162928, -34.600256073214972 ], [ -58.392162588177591, -34.600049987758354 ], [ -58.392686081932936, -34.600256073214972 ], [ -58.392162588177591, -34.600607180592903 ] ], [ [ -58.388538163765844, -34.60120405972895 ], [ -58.388707529392569, -34.601066671049558 ], [ -58.389859215654212, -34.601043384810183 ], [ -58.3902082114911, -34.60120405972895 ], [ -58.389859215654212, -34.601467387395871 ], [ -58.388707529392569, -34.60138993816873 ], [ -58.388538163765844, -34.60120405972895 ] ], [ [ -58.380834526587201, -34.598360067725551 ], [ -58.38064572556069, -34.598630928302477 ], [ -58.380285823603899, -34.598360067725551 ], [ -58.38064572556069, -34.598158362466776 ], [ -58.380834526587201, -34.598360067725551 ] ] ] ] } },
{ "type": "Feature", "properties": { "id": 1, "isomin": 0.0, "isomax": 15.0, "id_punto": "3_20", "sector": 3.0 }, "geometry": { "type": "MultiPolygon", "coordinates": [ [ [ [ -58.391995843130815, -34.587050451426812 ], [ -58.393147529392543, -34.586998355661585 ], [ -58.393476582610162, -34.587269253284084 ], [ -58.3942992156542, -34.587901344302175 ], [ -58.395121848698295, -34.587269253284084 ], [ -58.395450901915936, -34.586998355661585 ], [ -58.395779955133541, -34.587269253284084 ], [ -58.396602588177579, -34.587648508471943 ], [ -58.397754274439322, -34.587633921765956 ], [ -58.398905960700958, -34.587861838754435 ], [ -58.399337843049111, -34.588217388008111 ], [ -58.399417821261743, -34.589165511913272 ], [ -58.400057646962701, -34.589842736650326 ], [ -58.400386700180313, -34.590113624999582 ], [ -58.400766376969855, -34.591061727266762 ], [ -58.400603182560324, -34.592009818714814 ], [ -58.400489529310818, -34.59295789934346 ], [ -58.401209333224351, -34.593431935600556 ], [ -58.401785176355212, -34.59390596915275 ], [ -58.401209333224351, -34.59438 ], [ -58.400708600067105, -34.594854028142329 ], [ -58.400569507523429, -34.595802076312275 ], [ -58.400057646962701, -34.596223427581393 ], [ -58.399534153207362, -34.596750113662246 ], [ -58.398905960700958, -34.597267220383578 ], [ -58.398445286196299, -34.597698140192279 ], [ -58.397754274439322, -34.598266950916589 ], [ -58.397034470525732, -34.598646155902117 ], [ -58.396602588177579, -34.599001659003711 ], [ -58.395962762476671, -34.599594160791703 ], [ -58.395450901915936, -34.600015492824959 ], [ -58.39484475125186, -34.60054215486084 ], [ -58.3942992156542, -34.600991200906385 ], [ -58.393723372523375, -34.601490138109476 ], [ -58.393147529392543, -34.60196412567602 ], [ -58.391995843130815, -34.601986696445039 ], [ -58.39142, -34.602438110537364 ], [ -58.390844156869164, -34.602912092693522 ], [ -58.390268313738311, -34.602438110537364 ], [ -58.390089603801137, -34.601490138109476 ], [ -58.389692470607436, -34.601233927487712 ], [ -58.388540784345786, -34.601490138109476 ], [ -58.387389098084057, -34.601077972809207 ], [ -58.386237411822407, -34.600628335603304 ], [ -58.386132713071348, -34.60054215486084 ], [ -58.385085725560678, -34.599752160554651 ], [ -58.384893777850401, -34.599594160791703 ], [ -58.383934039299028, -34.598646155902117 ], [ -58.383934039299028, -34.598646155902117 ], [ -58.3827823530373, -34.597698140192279 ], [ -58.3827823530373, -34.597698140192279 ], [ -58.382236817439669, -34.596750113662246 ], [ -58.381630666775642, -34.59602085512261 ], [ -58.381364893022941, -34.595802076312275 ], [ -58.381156443020807, -34.594854028142329 ], [ -58.380478980513921, -34.59438 ], [ -58.379903137383089, -34.59390596915275 ], [ -58.380478980513921, -34.593431935600556 ], [ -58.381002474269252, -34.59295789934346 ], [ -58.381364893022941, -34.592009818714814 ], [ -58.381630666775642, -34.591791029340939 ], [ -58.38245329981968, -34.591061727266762 ], [ -58.3827823530373, -34.590790842008701 ], [ -58.383388503701362, -34.590113624999582 ], [ -58.383388503701362, -34.589165511913272 ], [ -58.383422178738257, -34.588217388008111 ], [ -58.383934039299028, -34.587795996133082 ], [ -58.384701830140138, -34.587269253284084 ], [ -58.385085725560678, -34.586953205971959 ], [ -58.385469620981254, -34.587269253284084 ], [ -58.386237411822407, -34.587540150023486 ], [ -58.38719715037378, -34.587269253284084 ], [ -58.387389098084057, -34.587111229778294 ], [ -58.388540784345786, -34.587269253284084 ], [ -58.388540784345786, -34.587269253284084 ], [ -58.388540784345786, -34.587269253284084 ], [ -58.389692470607436, -34.587111229778294 ], [ -58.390844156869164, -34.586998355661585 ], [ -58.391995843130815, -34.587050451426812 ] ], [ [ -58.384902918217563, -34.59390596915275 ], [ -58.385085725560678, -34.593766547800534 ], [ -58.385233377645513, -34.59390596915275 ], [ -58.385085725560678, -34.594075266194402 ], [ -58.384902918217563, -34.59390596915275 ] ], [ [ -58.386237411822407, -34.597542726748536 ], [ -58.386426212848896, -34.597698140192279 ], [ -58.386237411822407, -34.597913599258256 ], [ -58.385969577808055, -34.597698140192279 ], [ -58.386237411822407, -34.597542726748536 ] ], [ [ -58.395293136674596, -34.596750113662246 ], [ -58.395450901915936, -34.596631609585209 ], [ -58.395660299418047, -34.596750113662246 ], [ -58.395450901915936, -34.596916434888719 ], [ -58.395293136674596, -34.596750113662246 ] ] ] ] } },
{ "type": "Feature", "properties": { "id": 1, "isomin": 0.0, "isomax": 15.0, "id_punto": "3_21", "sector": 3.0 }, "geometry": { "type": "MultiPolygon", "coordinates": [ [ [ [ -58.390357529392496, -34.588493312882086 ], [ -58.391509215654224, -34.588493312882086 ], [ -58.391701163364509, -34.588651333759493 ], [ -58.392660901915875, -34.589283414263988 ], [ -58.393812588177617, -34.589082298261395 ], [ -58.394440780683958, -34.58959945271306 ], [ -58.394964274439253, -34.590547560847575 ], [ -58.394604372482483, -34.591495658163041 ], [ -58.394964274439253, -34.591969702763514 ], [ -58.395540117570121, -34.592443744659171 ], [ -58.396115960700996, -34.592740019470419 ], [ -58.396907745005869, -34.593391820335974 ], [ -58.397267646962632, -34.593918524370196 ], [ -58.397779507523417, -34.594339885193193 ], [ -58.398419333224375, -34.594770820187946 ], [ -58.399571019486103, -34.595287939230801 ], [ -58.398685106977076, -34.596235982448569 ], [ -58.399159702964063, -34.597184014846441 ], [ -58.398419333224375, -34.597793458531392 ], [ -58.397939463948646, -34.598132036424197 ], [ -58.397596700180273, -34.599080047181786 ], [ -58.397267646962632, -34.59935090541083 ], [ -58.396691803831814, -34.600028047118968 ], [ -58.396115960700996, -34.600502043029941 ], [ -58.395396156787406, -34.600976036235757 ], [ -58.394964274439253, -34.601331529364863 ], [ -58.394004535887895, -34.601924014531861 ], [ -58.393812588177617, -34.602082009862542 ], [ -58.392926675668591, -34.602871982007265 ], [ -58.392660901915875, -34.603090742195654 ], [ -58.391509215654224, -34.603481383955909 ], [ -58.390903064990155, -34.603819938661729 ], [ -58.390357529392496, -34.604268966984364 ], [ -58.389205843130839, -34.604480629324769 ], [ -58.388902767798804, -34.604767884495217 ], [ -58.389205843130839, -34.605497066234356 ], [ -58.38947161688354, -34.605715819507481 ], [ -58.389205843130839, -34.605934572204369 ], [ -58.38805415686911, -34.606268776600679 ], [ -58.387382339883153, -34.605715819507481 ], [ -58.38690247060746, -34.605264423232171 ], [ -58.386299206375128, -34.604767884495217 ], [ -58.385750784345731, -34.604355735462434 ], [ -58.385099831241313, -34.603819938661729 ], [ -58.384599098084081, -34.603455341229051 ], [ -58.383447411822353, -34.603262318410785 ], [ -58.382973188067552, -34.602871982007265 ], [ -58.382295725560702, -34.602279503603192 ], [ -58.381863843212543, -34.601924014531861 ], [ -58.381144039298974, -34.601134033369888 ], [ -58.380952091588696, -34.600976036235757 ], [ -58.380472222313017, -34.600028047118968 ], [ -58.379992353037323, -34.599648848442548 ], [ -58.379301341280275, -34.599080047181786 ], [ -58.378840666775595, -34.598402897744769 ], [ -58.378511613557976, -34.598132036424197 ], [ -58.377688980513945, -34.597454879258457 ], [ -58.377359927296297, -34.597184014846441 ], [ -58.37711313738307, -34.596235982448569 ], [ -58.377688980513945, -34.595761962192185 ], [ -58.378168849789638, -34.595287939230801 ], [ -58.378735968024529, -34.594339885193193 ], [ -58.378840666775595, -34.594253697925993 ], [ -58.37960845761674, -34.593391820335974 ], [ -58.379992353037323, -34.593075796312533 ], [ -58.380540775066677, -34.592443744659171 ], [ -58.381144039298974, -34.591947129272448 ], [ -58.382295725560702, -34.591860308095789 ], [ -58.382775594836396, -34.591495658163041 ], [ -58.383447411822353, -34.590942602710506 ], [ -58.384053562486415, -34.590547560847575 ], [ -58.384599098084081, -34.590098458343007 ], [ -58.384948093920947, -34.58959945271306 ], [ -58.384599098084081, -34.588870131401357 ], [ -58.384333324331379, -34.588651333759493 ], [ -58.384599098084081, -34.588432535541514 ], [ -58.384864871836768, -34.588651333759493 ], [ -58.385750784345731, -34.58893864367581 ], [ -58.386518575186884, -34.588651333759493 ], [ -58.38690247060746, -34.588335291704134 ], [ -58.387286366028015, -34.588651333759493 ], [ -58.38805415686911, -34.58893864367581 ], [ -58.388940069378137, -34.588651333759493 ], [ -58.389205843130839, -34.588432535541514 ], [ -58.390357529392496, -34.588493312882086 ] ], [ [ -58.383447411822353, -34.59316608901333 ], [ -58.383630219165482, -34.593391820335974 ], [ -58.383447411822353, -34.593533323240393 ], [ -58.383108680568924, -34.593391820335974 ], [ -58.383447411822353, -34.59316608901333 ] ], [ [ -58.389205843130839, -34.600138278967592 ], [ -58.389101144379779, -34.600028047118968 ], [ -58.389205843130839, -34.5999394494524 ], [ -58.389338220862065, -34.600028047118968 ], [ -58.389205843130839, -34.600138278967592 ] ], [ [ -58.393812588177617, -34.598020505035464 ], [ -58.394001389204107, -34.598132036424197 ], [ -58.393812588177617, -34.598275675113271 ], [ -58.393675482670261, -34.598132036424197 ], [ -58.393812588177617, -34.598020505035464 ] ] ] ] } },
{ "type": "Feature", "properties": { "id": 1, "isomin": 0.0, "isomax": 15.0, "id_punto": "3_22", "sector": 3.0 }, "geometry": { "type": "MultiPolygon", "coordinates": [ [ [ [ -58.385415725560662, -34.586752605136859 ], [ -58.386567411822391, -34.587030449662365 ], [ -58.387719098084041, -34.587091228028477 ], [ -58.388870784345769, -34.58689369817607 ], [ -58.389302666693887, -34.58724925157231 ], [ -58.39002247060742, -34.587512623477593 ], [ -58.390790261448565, -34.58724925157231 ], [ -58.391174156869148, -34.586933204184099 ], [ -58.392325843130891, -34.586775180039226 ], [ -58.393477529392541, -34.587030449662365 ], [ -58.393743303145243, -34.58724925157231 ], [ -58.394629215654284, -34.587978587111216 ], [ -58.395451848698301, -34.58724925157231 ], [ -58.39578090191592, -34.586978353884589 ], [ -58.396932588177663, -34.587091228028477 ], [ -58.397124535887926, -34.58724925157231 ], [ -58.398084274439299, -34.587613920141962 ], [ -58.399235960701041, -34.587841837185294 ], [ -58.399667843049158, -34.58819738652457 ], [ -58.399781496298658, -34.589145510657943 ], [ -58.400387646962677, -34.589644519014236 ], [ -58.400933182560344, -34.590093623972486 ], [ -58.400387646962677, -34.59054272650318 ], [ -58.400058593745065, -34.591041726467907 ], [ -58.400387646962677, -34.591540723435678 ], [ -58.400933182560344, -34.591989818144221 ], [ -58.40153933322442, -34.592547514076216 ], [ -58.402691019486063, -34.592719112071372 ], [ -58.402956793238765, -34.592937899001107 ], [ -58.402691019486063, -34.5931566853547 ], [ -58.402319507788761, -34.593885969038631 ], [ -58.402051193785155, -34.594834028256471 ], [ -58.40153933322442, -34.595255384435887 ], [ -58.401167821527089, -34.595782076654622 ], [ -58.40086187071752, -34.596730114232884 ], [ -58.400387646962677, -34.597120479502557 ], [ -58.399235960701041, -34.597313516595385 ], [ -58.398084274439299, -34.597435058238496 ], [ -58.397870999205658, -34.597678140991178 ], [ -58.398084274439299, -34.598355296336756 ], [ -58.398413327656939, -34.598626156929249 ], [ -58.398084274439299, -34.598897016638475 ], [ -58.397261641395275, -34.599574162047126 ], [ -58.396932588177663, -34.599845018664801 ], [ -58.396164797336503, -34.600522156344532 ], [ -58.39578090191592, -34.600838152039131 ], [ -58.395280168758674, -34.60147013982143 ], [ -58.394629215654284, -34.602005951782743 ], [ -58.394023064990208, -34.602418112477572 ], [ -58.393477529392541, -34.602867148380049 ], [ -58.392325843130891, -34.603366074312987 ], [ -58.392325843130891, -34.603366074312987 ], [ -58.391174156869148, -34.603840051172789 ], [ -58.39002247060742, -34.603636918564128 ], [ -58.3896934173898, -34.603366074312987 ], [ -58.39002247060742, -34.603095229178464 ], [ -58.390325545939454, -34.602418112477572 ], [ -58.39002247060742, -34.602112316028858 ], [ -58.388870784345769, -34.601825630835542 ], [ -58.388438901997624, -34.60147013982143 ], [ -58.387719098084041, -34.600912503792514 ], [ -58.387244874329255, -34.600522156344532 ], [ -58.386567411822391, -34.600070731838109 ], [ -58.385964147590052, -34.599574162047126 ], [ -58.385415725560662, -34.599047493873051 ], [ -58.384903864999927, -34.598626156929249 ], [ -58.384264039299005, -34.597949003791875 ], [ -58.383934986081364, -34.597678140991178 ], [ -58.383112353037276, -34.596888119443996 ], [ -58.382920405326999, -34.596730114232884 ], [ -58.381960666775626, -34.595940083669056 ], [ -58.381768719065334, -34.595782076654622 ], [ -58.38157677135505, -34.594834028256471 ], [ -58.38148644302079, -34.593885969038631 ], [ -58.381960666775626, -34.593495588568786 ], [ -58.382403623030108, -34.592937899001107 ], [ -58.383112353037276, -34.591989818144221 ], [ -58.383112353037276, -34.591989818144221 ], [ -58.383832156950866, -34.591041726467907 ], [ -58.384264039299005, -34.590686189300001 ], [ -58.384706995553486, -34.590093623972486 ], [ -58.384764772456244, -34.589145510657943 ], [ -58.384661172492677, -34.58819738652457 ], [ -58.384812461328366, -34.58724925157231 ], [ -58.385415725560662, -34.586752605136859 ] ], [ [ -58.386567411822391, -34.593744466734883 ], [ -58.386716981466755, -34.593885969038631 ], [ -58.386567411822391, -34.594004477032556 ], [ -58.38637861079588, -34.593885969038631 ], [ -58.386567411822391, -34.593744466734883 ] ], [ [ -58.391174156869148, -34.596656623334617 ], [ -58.391266291770094, -34.596730114232884 ], [ -58.391174156869148, -34.596817089615634 ], [ -58.391058988242989, -34.596730114232884 ], [ -58.391174156869148, -34.596656623334617 ] ], [ [ -58.388870784345769, -34.597826269194734 ], [ -58.388698890873876, -34.597678140991178 ], [ -58.388870784345769, -34.597561101236096 ], [ -58.389004701352938, -34.597678140991178 ], [ -58.388870784345769, -34.597826269194734 ] ], [ [ -58.393477529392541, -34.601969074147185 ], [ -58.393166262835329, -34.60147013982143 ], [ -58.393477529392541, -34.601227068166594 ], [ -58.393978262549815, -34.60147013982143 ], [ -58.393477529392541, -34.601969074147185 ] ] ] ] } },
{ "type": "Feature", "properties": { "id": 1, "isomin": 0.0, "isomax": 15.0, "id_punto": "3_23", "sector": 3.0 }, "geometry": { "type": "MultiPolygon", "coordinates": [ [ [ [ -58.387474156869111, -34.585775088745464 ], [ -58.388625843130853, -34.585680272973171 ], [ -58.389777529392589, -34.585800040246504 ], [ -58.390929215654232, -34.585301008802176 ], [ -58.392080901915975, -34.585617062398214 ], [ -58.393232588177611, -34.5857525135714 ], [ -58.393835852409943, -34.586249165984128 ], [ -58.394384274439354, -34.586775915299498 ], [ -58.39553596070099, -34.586978510300938 ], [ -58.395801734453691, -34.587197312347669 ], [ -58.396139224933322, -34.588145447892479 ], [ -58.396111803831865, -34.589093572618602 ], [ -58.39586501391863, -34.590041686525751 ], [ -58.396244690708215, -34.590989789613921 ], [ -58.396111803831865, -34.591937881882814 ], [ -58.396687646962732, -34.592350092538176 ], [ -58.397338600067137, -34.592885963332478 ], [ -58.396792345713791, -34.593834033962608 ], [ -58.39719950752346, -34.594782093773226 ], [ -58.396687646962732, -34.59520345021604 ], [ -58.396081496298656, -34.595730142764054 ], [ -58.39553596070099, -34.596179214825369 ], [ -58.394929810036963, -34.596678180935072 ], [ -58.394384274439354, -34.597127247871107 ], [ -58.393808431308472, -34.597626208286016 ], [ -58.393424535887888, -34.598574224816893 ], [ -58.393232588177611, -34.598732226520077 ], [ -58.392080901915975, -34.598995562024143 ], [ -58.391474751251899, -34.599522230527526 ], [ -58.390929215654232, -34.599971282087438 ], [ -58.390106582610194, -34.600470225417652 ], [ -58.389777529392589, -34.600741079113135 ], [ -58.388817790841131, -34.601418209487328 ], [ -58.388625843130853, -34.601576205780241 ], [ -58.387474156869111, -34.601971195197528 ], [ -58.386973423711879, -34.602366182736226 ], [ -58.38632247060746, -34.602901988916543 ], [ -58.385671517503013, -34.602366182736226 ], [ -58.385170784345732, -34.601839532267178 ], [ -58.384658923784997, -34.601418209487328 ], [ -58.384019098084082, -34.601023217439952 ], [ -58.383347281098068, -34.600470225417652 ], [ -58.382867411822353, -34.599943562925652 ], [ -58.382355551261618, -34.599522230527526 ], [ -58.381715725560696, -34.599110055461139 ], [ -58.381064772456241, -34.598574224816893 ], [ -58.380564039298967, -34.597942214998568 ], [ -58.380180143878427, -34.597626208286016 ], [ -58.379913086194556, -34.596678180935072 ], [ -58.379412353037317, -34.596313552149752 ], [ -58.378703623030113, -34.595730142764054 ], [ -58.378260666775589, -34.595137613412739 ], [ -58.377828784427471, -34.594782093773226 ], [ -58.377569655018597, -34.593834033962608 ], [ -58.377108980513938, -34.59336 ], [ -58.37653313738307, -34.592885963332478 ], [ -58.377108980513938, -34.592411923960071 ], [ -58.377588849789632, -34.591937881882814 ], [ -58.378260666775589, -34.591384829374121 ], [ -58.378599398029039, -34.590989789613921 ], [ -58.378866817439651, -34.590041686525751 ], [ -58.379412353037317, -34.589592581286773 ], [ -58.379957888634948, -34.590041686525751 ], [ -58.380564039298967, -34.590278713312074 ], [ -58.380819969579363, -34.590041686525751 ], [ -58.380947934719551, -34.589093572618602 ], [ -58.381715725560696, -34.588461490669957 ], [ -58.381996624648906, -34.588145447892479 ], [ -58.382867411822353, -34.587428565917129 ], [ -58.384019098084082, -34.587350238167303 ], [ -58.384293309098759, -34.587197312347669 ], [ -58.384594941214914, -34.586249165984128 ], [ -58.385170784345732, -34.585775088745464 ], [ -58.38632247060746, -34.585893608308695 ], [ -58.387474156869111, -34.585775088745464 ] ], [ [ -58.385055615719565, -34.593834033962608 ], [ -58.385170784345732, -34.593756955453664 ], [ -58.38526441737514, -34.593834033962608 ], [ -58.385170784345732, -34.593940558076376 ], [ -58.385055615719565, -34.593834033962608 ] ], [ [ -58.380260963966961, -34.594782093773226 ], [ -58.380564039298967, -34.594609720066984 ], [ -58.380755987009259, -34.594782093773226 ], [ -58.380564039298967, -34.595007820704794 ], [ -58.380260963966961, -34.594782093773226 ] ], [ [ -58.3911465149489, -34.596678180935072 ], [ -58.390929215654232, -34.596850550349131 ], [ -58.390779646009861, -34.596678180935072 ], [ -58.390929215654232, -34.5965581767014 ], [ -58.3911465149489, -34.596678180935072 ] ], [ [ -58.38632247060746, -34.597525354826821 ], [ -58.386443700740266, -34.597626208286016 ], [ -58.38632247060746, -34.597749327927367 ], [ -58.386172900963089, -34.597626208286016 ], [ -58.38632247060746, -34.597525354826821 ] ] ] ] } },
{ "type": "Feature", "properties": { "id": 1, "isomin": 0.0, "isomax": 15.0, "id_punto": "3_24", "sector": 3.0 }, "geometry": { "type": "MultiPolygon", "coordinates": [ [ [ [ -58.386014156869187, -34.587595045489657 ], [ -58.386118855620253, -34.587681239664569 ], [ -58.38716584313083, -34.587977531458911 ], [ -58.388051755639864, -34.587681239664569 ], [ -58.388317529392566, -34.587462438892096 ], [ -58.388583303145261, -34.587681239664569 ], [ -58.389469215654209, -34.588032400193789 ], [ -58.390620901915952, -34.588008182273896 ], [ -58.391772588177588, -34.588060492972005 ], [ -58.392463599934636, -34.588629369687531 ], [ -58.392481318184807, -34.589577488891727 ], [ -58.392924274439331, -34.589856345422206 ], [ -58.393746907483354, -34.589577488891727 ], [ -58.394075960700967, -34.589306598794494 ], [ -58.394405013918607, -34.589577488891727 ], [ -58.394341734453683, -34.590525597276873 ], [ -58.394651803831849, -34.591473694842968 ], [ -58.394507843049126, -34.592421781589728 ], [ -58.395227646962709, -34.592700628573859 ], [ -58.396379333224345, -34.592895820905902 ], [ -58.396955176355235, -34.593369857517182 ], [ -58.39689119378513, -34.594317922625052 ], [ -58.397531019486088, -34.594748857733727 ], [ -58.398159211992443, -34.595265976913318 ], [ -58.398042880046823, -34.596214020381709 ], [ -58.397531019486088, -34.596635369561305 ], [ -58.396811215572505, -34.59716205303026 ], [ -58.396379333224345, -34.59751756248388 ], [ -58.395227646962709, -34.597822796659329 ], [ -58.394801096495407, -34.598110074858646 ], [ -58.395227646962709, -34.598900084783622 ], [ -58.395419594672987, -34.599058085866915 ], [ -58.395227646962709, -34.599216086649648 ], [ -58.394075960700967, -34.599328944167581 ], [ -58.393469810036947, -34.600006086054776 ], [ -58.392924274439331, -34.600455134998697 ], [ -58.392318123775254, -34.600954075422216 ], [ -58.391772588177588, -34.601403119240587 ], [ -58.391052784264069, -34.601902053968978 ], [ -58.390620901915952, -34.602257543134321 ], [ -58.389661163364501, -34.602850021695055 ], [ -58.389469215654209, -34.603008015264038 ], [ -58.388317529392566, -34.603433381071106 ], [ -58.387769107363177, -34.603797978600198 ], [ -58.38716584313083, -34.604294523136709 ], [ -58.386488380623973, -34.604745924684359 ], [ -58.386014156869187, -34.60513625227965 ], [ -58.384862470607452, -34.604903914646343 ], [ -58.384670522897181, -34.604745924684359 ], [ -58.383710784345809, -34.604113961830592 ], [ -58.383326888925232, -34.603797978600198 ], [ -58.382956231277781, -34.602850021695055 ], [ -58.382559098084066, -34.602485420004065 ], [ -58.381850368076897, -34.601902053968978 ], [ -58.38140741182243, -34.601489890713012 ], [ -58.380756458717961, -34.600954075422216 ], [ -58.380255725560687, -34.600502653263398 ], [ -58.379652461328391, -34.600006086054776 ], [ -58.379104039299051, -34.599575178219844 ], [ -58.378475846792639, -34.599058085866915 ], [ -58.377952353037308, -34.598663082595102 ], [ -58.377280536051302, -34.598110074858646 ], [ -58.377261341280267, -34.59716205303026 ], [ -58.376800666775566, -34.596569533892875 ], [ -58.376368784427449, -34.596214020381709 ], [ -58.37564898051393, -34.595484757135587 ], [ -58.375383206761214, -34.595265976913318 ], [ -58.375457032803638, -34.594317922625052 ], [ -58.37564898051393, -34.5941599125251 ], [ -58.376149713671161, -34.593369857517182 ], [ -58.376800666775566, -34.592833989844131 ], [ -58.37745161988002, -34.593369857517182 ], [ -58.377952353037308, -34.593612952166033 ], [ -58.3783122549941, -34.593369857517182 ], [ -58.377952353037308, -34.592812167105464 ], [ -58.377478129282473, -34.592421781589728 ], [ -58.377952353037308, -34.592031394239598 ], [ -58.378999340547978, -34.591473694842968 ], [ -58.379104039299051, -34.591387504602203 ], [ -58.380255725560687, -34.590864204792474 ], [ -58.380667042082734, -34.590525597276873 ], [ -58.38140741182243, -34.589916100271246 ], [ -58.381850368076897, -34.589577488891727 ], [ -58.382367150373788, -34.588629369687531 ], [ -58.382559098084066, -34.588471348768351 ], [ -58.383710784345809, -34.587681239664569 ], [ -58.384862470607452, -34.587987089241139 ], [ -58.385909458118114, -34.587681239664569 ], [ -58.386014156869187, -34.587595045489657 ] ], [ [ -58.383710784345809, -34.593252811691798 ], [ -58.383827116291421, -34.593369857517182 ], [ -58.383710784345809, -34.5934592980839 ], [ -58.383548575013172, -34.593369857517182 ], [ -58.383710784345809, -34.593252811691798 ] ], [ [ -58.384758715088388, -34.596214020381709 ], [ -58.384862470607452, -34.596144820494615 ], [ -58.384943575273766, -34.596214020381709 ], [ -58.384862470607452, -34.596293023515685 ], [ -58.384758715088388, -34.596214020381709 ] ], [ [ -58.37864336479435, -34.59716205303026 ], [ -58.379104039299051, -34.596951380043429 ], [ -58.379359969579404, -34.59716205303026 ], [ -58.379104039299051, -34.597393278864146 ], [ -58.37864336479435, -34.59716205303026 ] ], [ [ -58.389313582375607, -34.600006086054776 ], [ -58.389469215654209, -34.599870658118981 ], [ -58.389695036489854, -34.600006086054776 ], [ -58.389469215654209, -34.600207786826395 ], [ -58.389313582375607, -34.600006086054776 ] ], [ [ -58.386143559819935, -34.600006086054776 ], [ -58.386014156869187, -34.600139606338679 ], [ -58.385877051361838, -34.600006086054776 ], [ -58.386014156869187, -34.599899569719319 ], [ -58.386143559819935, -34.600006086054776 ] ] ] ] } },
{ "type": "Feature", "properties": { "id": 1, "isomin": 0.0, "isomax": 15.0, "id_punto": "3_25", "sector": 3.0 }, "geometry": { "type": "MultiPolygon", "coordinates": [ [ [ [ -58.390282470607453, -34.584720184237902 ], [ -58.391434156869195, -34.58465697293267 ], [ -58.392585843130838, -34.584867677096526 ], [ -58.393737529392574, -34.584973028978119 ], [ -58.394889215654217, -34.585202887165295 ], [ -58.394993914405291, -34.585289083821571 ], [ -58.396040901915953, -34.585627712677059 ], [ -58.397192588177596, -34.585701327463077 ], [ -58.398344274439339, -34.585763163832915 ], [ -58.398920117570157, -34.586237241139649 ], [ -58.399495960700989, -34.586588407771259 ], [ -58.400647646962717, -34.586711315741738 ], [ -58.401223490093535, -34.58718538763916 ], [ -58.401250911195014, -34.588133523320131 ], [ -58.401275839469058, -34.589081648182251 ], [ -58.400913420715405, -34.590029762225527 ], [ -58.400839594672995, -34.590977865449695 ], [ -58.401193182560341, -34.591925957854741 ], [ -58.400752345713776, -34.592874039440403 ], [ -58.401159507523445, -34.593822110206688 ], [ -58.400752345713776, -34.594770170153303 ], [ -58.400647646962717, -34.594856356884677 ], [ -58.399927843049134, -34.595718219280265 ], [ -58.399495960700989, -34.596073734913368 ], [ -58.398889810036962, -34.596666257587302 ], [ -58.398344274439339, -34.597115324587847 ], [ -58.397768431308464, -34.597614285074428 ], [ -58.397192588177596, -34.59808829476038 ], [ -58.396731913672937, -34.59856230174131 ], [ -58.396040901915953, -34.599510307588012 ], [ -58.396040901915953, -34.599510307588012 ], [ -58.394889215654217, -34.599931640046648 ], [ -58.393737529392574, -34.600179481670942 ], [ -58.393377627435768, -34.60045830261425 ], [ -58.393060066885674, -34.601406286820001 ], [ -58.392585843130838, -34.601796630112524 ], [ -58.392111619376045, -34.601406286820001 ], [ -58.391434156869195, -34.600975386249686 ], [ -58.390805964362791, -34.60045830261425 ], [ -58.390282470607453, -34.599931640046648 ], [ -58.389130784345802, -34.599931640046648 ], [ -58.387979098084074, -34.599729076631405 ], [ -58.387713324331386, -34.599510307588012 ], [ -58.386827411822424, -34.598720303467168 ], [ -58.386635464112146, -34.59856230174131 ], [ -58.386118681815212, -34.597614285074428 ], [ -58.385675725560695, -34.597202100539945 ], [ -58.385024772456276, -34.596666257587302 ], [ -58.384524039299045, -34.596214812123854 ], [ -58.383920775066713, -34.595718219280265 ], [ -58.383372353037316, -34.595287289200229 ], [ -58.382744160530905, -34.594770170153303 ], [ -58.383372353037316, -34.594253047887356 ], [ -58.383721348874204, -34.593822110206688 ], [ -58.383372353037316, -34.593543266986806 ], [ -58.382412614485865, -34.593822110206688 ], [ -58.382220666775574, -34.593980120949162 ], [ -58.38202871906531, -34.593822110206688 ], [ -58.381675131177957, -34.592874039440403 ], [ -58.382220666775574, -34.592424949511681 ], [ -58.383043299819676, -34.591925957854741 ], [ -58.383372353037316, -34.591655075414451 ], [ -58.384012178738274, -34.590977865449695 ], [ -58.383756248457892, -34.590029762225527 ], [ -58.383978503701378, -34.589081648182251 ], [ -58.384092156950899, -34.588133523320131 ], [ -58.383372353037316, -34.58718538763916 ], [ -58.383756248457892, -34.586237241139649 ], [ -58.384524039299045, -34.585605137462977 ], [ -58.385291830140154, -34.586237241139649 ], [ -58.385675725560695, -34.586553291174887 ], [ -58.386199219316026, -34.586237241139649 ], [ -58.386827411822424, -34.585720065761819 ], [ -58.387595202663533, -34.585289083821571 ], [ -58.387979098084074, -34.584973028978119 ], [ -58.389130784345802, -34.584867677096526 ], [ -58.390282470607453, -34.584720184237902 ] ], [ [ -58.393659712753269, -34.592874039440403 ], [ -58.393737529392574, -34.592803287456853 ], [ -58.393841284911638, -34.592874039440403 ], [ -58.393737529392574, -34.592949885499877 ], [ -58.393659712753269, -34.592874039440403 ] ], [ [ -58.392585843130838, -34.596565402962554 ], [ -58.39271380827104, -34.596666257587302 ], [ -58.392585843130838, -34.59680169074791 ], [ -58.392440060059748, -34.596666257587302 ], [ -58.392585843130838, -34.596565402962554 ] ], [ [ -58.389300149972513, -34.596666257587302 ], [ -58.389130784345802, -34.596848571405928 ], [ -58.388925126084786, -34.596666257587302 ], [ -58.389130784345802, -34.59653638996565 ], [ -58.389300149972513, -34.596666257587302 ] ] ] ] } },
{ "type": "Feature", "properties": { "id": 1, "isomin": 0.0, "isomax": 15.0, "id_punto": "3_26", "sector": 3.0 }, "geometry": { "type": "MultiPolygon", "coordinates": [ [ [ [ -58.384947411822345, -34.58750308640245 ], [ -58.386099098084081, -34.587115211079599 ], [ -58.386674941214906, -34.587589280672752 ], [ -58.387250784345724, -34.587832392235505 ], [ -58.387826627476606, -34.587589280672752 ], [ -58.388402470607467, -34.587115211079599 ], [ -58.389554156869103, -34.587370479658148 ], [ -58.390705843130846, -34.587273234577836 ], [ -58.391857529392496, -34.587167885612402 ], [ -58.393009215654239, -34.587273234577836 ], [ -58.393393111074779, -34.587589280672752 ], [ -58.394160901915875, -34.587927900154817 ], [ -58.395312588177617, -34.587815027147457 ], [ -58.395861010206964, -34.587589280672752 ], [ -58.396464274439253, -34.587092636269595 ], [ -58.397067538671593, -34.587589280672752 ], [ -58.397615960700996, -34.588451218458303 ], [ -58.397720659452055, -34.588537411745094 ], [ -58.397615960700996, -34.588623604942477 ], [ -58.397256058744205, -34.589485531998619 ], [ -58.397615960700996, -34.589937014030994 ], [ -58.398219224933278, -34.590433641433094 ], [ -58.398767646962639, -34.590885118313579 ], [ -58.399370911194971, -34.591381740048512 ], [ -58.399151542383215, -34.592329827844651 ], [ -58.399919333224375, -34.59311989274336 ], [ -58.401071019486103, -34.593277904821463 ], [ -58.40067388629241, -34.594225970978712 ], [ -58.400464868822041, -34.595174026316379 ], [ -58.399919333224375, -34.595623101384078 ], [ -58.399492782757058, -34.596122070834177 ], [ -58.398872345713698, -34.597070104532136 ], [ -58.398767646962639, -34.597156288877251 ], [ -58.397999856121537, -34.598018127409979 ], [ -58.397615960700996, -34.598334132631486 ], [ -58.397092466945651, -34.598966139467699 ], [ -58.396464274439253, -34.599483232393055 ], [ -58.395824448738345, -34.599914140705017 ], [ -58.395312588177617, -34.600335471115066 ], [ -58.394352849626152, -34.600862131121936 ], [ -58.394160901915875, -34.601020128472754 ], [ -58.393009215654239, -34.601430920178174 ], [ -58.392460793624828, -34.601810110718176 ], [ -58.391857529392496, -34.602306667140653 ], [ -58.390705843130846, -34.602461840413788 ], [ -58.389554156869103, -34.602165600277097 ], [ -58.388594418317744, -34.602758079493768 ], [ -58.388402470607467, -34.602916073237679 ], [ -58.388210522897189, -34.602758079493768 ], [ -58.387250784345724, -34.602378893282037 ], [ -58.386099098084081, -34.601968106265566 ], [ -58.385907150373804, -34.601810110718176 ], [ -58.384947411822345, -34.60094831153237 ], [ -58.384842713071279, -34.600862131121936 ], [ -58.383795725560702, -34.599914140705017 ], [ -58.383795725560702, -34.599914140705017 ], [ -58.38264403929896, -34.599124140425339 ], [ -58.382452091588696, -34.598966139467699 ], [ -58.381492353037324, -34.598176130171019 ], [ -58.381300405327032, -34.598018127409979 ], [ -58.381163299819683, -34.597070104532136 ], [ -58.380767217242891, -34.596122070834177 ], [ -58.380340666775581, -34.595727053600015 ], [ -58.379188980513945, -34.595174026316379 ], [ -58.379188980513945, -34.595174026316379 ], [ -58.37853802740949, -34.594225970978712 ], [ -58.379188980513945, -34.593690108827964 ], [ -58.379737402543284, -34.593277904821463 ], [ -58.380340666775581, -34.592781294421059 ], [ -58.380751983297628, -34.592329827844651 ], [ -58.381163299819683, -34.591381740048512 ], [ -58.381492353037324, -34.591110855833833 ], [ -58.382539340547901, -34.590433641433094 ], [ -58.38264403929896, -34.590347450113377 ], [ -58.383104713803661, -34.589485531998619 ], [ -58.383015550996298, -34.588537411745094 ], [ -58.383250189963036, -34.587589280672752 ], [ -58.383795725560702, -34.587140162178265 ], [ -58.384947411822345, -34.58750308640245 ] ], [ [ -58.383795725560702, -34.592140211150969 ], [ -58.383984526587199, -34.592329827844651 ], [ -58.383795725560702, -34.592480316976058 ], [ -58.383527891546358, -34.592329827844651 ], [ -58.383795725560702, -34.592140211150969 ] ], [ [ -58.385119305294246, -34.591381740048512 ], [ -58.384947411822345, -34.591537165018835 ], [ -58.38471707457002, -34.591381740048512 ], [ -58.384947411822345, -34.591180017844941 ], [ -58.385119305294246, -34.591381740048512 ] ], [ [ -58.386099098084081, -34.59218832289033 ], [ -58.386233015091257, -34.592329827844651 ], [ -58.386099098084081, -34.592434012656973 ], [ -58.385910297057578, -34.592329827844651 ], [ -58.386099098084081, -34.59218832289033 ] ], [ [ -58.395186029247746, -34.595174026316379 ], [ -58.395312588177617, -34.595065054988829 ], [ -58.395501389204107, -34.595174026316379 ], [ -58.395312588177617, -34.595298769634255 ], [ -58.395186029247746, -34.595174026316379 ] ], [ [ -58.386344137714232, -34.599914140705017 ], [ -58.386099098084081, -34.600252709953203 ], [ -58.38557560432875, -34.599914140705017 ], [ -58.386099098084081, -34.599708054399954 ], [ -58.386344137714232, -34.599914140705017 ] ], [ [ -58.395312588177617, -34.59828146517804 ], [ -58.395095288882935, -34.598018127409979 ], [ -58.395312588177617, -34.597848838403934 ], [ -58.395651319431032, -34.598018127409979 ], [ -58.395312588177617, -34.59828146517804 ] ] ] ] } },
{ "type": "Feature", "properties": { "id": 1, "isomin": 0.0, "isomax": 15.0, "id_punto": "3_27", "sector": 3.0 }, "geometry": { "type": "MultiPolygon", "coordinates": [ [ [ [ -58.384044156869123, -34.587545376682527 ], [ -58.385195843130866, -34.587449188817011 ], [ -58.386347529392502, -34.587632162631031 ], [ -58.387499215654245, -34.587995084706385 ], [ -58.388650901915881, -34.58792325650478 ], [ -58.388842849626158, -34.588081278466348 ], [ -58.389802588177623, -34.588512245924917 ], [ -58.39095427443926, -34.589029403924606 ], [ -58.390527723971985, -34.589977518564041 ], [ -58.39095427443926, -34.590706830155334 ], [ -58.391220048191961, -34.590925622384383 ], [ -58.392105960701002, -34.591483325460075 ], [ -58.392580184455788, -34.59187371538561 ], [ -58.393257646962645, -34.592735608725278 ], [ -58.393362345713719, -34.592821797567439 ], [ -58.3939086000671, -34.593769868929911 ], [ -58.394409333224381, -34.594401910493964 ], [ -58.394793228644929, -34.594717929472715 ], [ -58.395561019486024, -34.595507971660069 ], [ -58.395752967196316, -34.595665979195886 ], [ -58.395561019486024, -34.595823986431157 ], [ -58.394793228644929, -34.596614018099146 ], [ -58.394409333224381, -34.596930028662477 ], [ -58.393731870717481, -34.59756204618246 ], [ -58.393257646962645, -34.597952407542387 ], [ -58.392651496298619, -34.598510063445602 ], [ -58.392489856121543, -34.59945806988852 ], [ -58.392105960701002, -34.599774069631614 ], [ -58.391428498194102, -34.600406065510995 ], [ -58.39095427443926, -34.600796413504632 ], [ -58.390131641395243, -34.601354050312985 ], [ -58.389802588177623, -34.601624901126073 ], [ -58.388650901915881, -34.601975137936826 ], [ -58.388239585393862, -34.602302024294254 ], [ -58.388650901915881, -34.603249987454781 ], [ -58.387499215654245, -34.603468746647408 ], [ -58.386613303145204, -34.604197939794282 ], [ -58.386347529392502, -34.604416696489785 ], [ -58.385461616883539, -34.605145881312794 ], [ -58.385195843130866, -34.60536463551108 ], [ -58.384044156869123, -34.60556718518086 ], [ -58.38289247060748, -34.60541671975907 ], [ -58.382563417389839, -34.605145881312794 ], [ -58.382201458850425, -34.604197939794282 ], [ -58.381740784345745, -34.603881956883448 ], [ -58.380589098084087, -34.603723964977156 ], [ -58.380013254953219, -34.603249987454781 ], [ -58.379437411822352, -34.602618013216741 ], [ -58.379053516401811, -34.602302024294254 ], [ -58.378285725560708, -34.601572814499846 ], [ -58.378019951808007, -34.601354050312985 ], [ -58.37757699555349, -34.600406065510995 ], [ -58.377134039298973, -34.599954640373596 ], [ -58.376530775066691, -34.59945806988852 ], [ -58.37598235303733, -34.598984068019611 ], [ -58.375406509906462, -34.598510063445602 ], [ -58.374830666775587, -34.598115057567568 ], [ -58.373678980513951, -34.59756204618246 ], [ -58.373678980513951, -34.59756204618246 ], [ -58.373204756759115, -34.596614018099146 ], [ -58.373678980513951, -34.596223650449346 ], [ -58.374179713671182, -34.595665979195886 ], [ -58.374501613557975, -34.594717929472715 ], [ -58.374446771355046, -34.593769868929911 ], [ -58.374830666775587, -34.59345384634458 ], [ -58.375436817439663, -34.592821797567439 ], [ -58.37598235303733, -34.592372707356304 ], [ -58.376868265546292, -34.59187371538561 ], [ -58.377134039298973, -34.591654925653302 ], [ -58.378093777850431, -34.590925622384383 ], [ -58.378285725560708, -34.590767605832326 ], [ -58.378891876224735, -34.589977518564041 ], [ -58.379437411822352, -34.589528412978211 ], [ -58.379982947420018, -34.589977518564041 ], [ -58.380589098084087, -34.590227020618336 ], [ -58.380877019649503, -34.589977518564041 ], [ -58.381032054338569, -34.589029403924606 ], [ -58.381740784345745, -34.588445943384471 ], [ -58.382060697196223, -34.588081278466348 ], [ -58.38289247060748, -34.587396514462526 ], [ -58.384044156869123, -34.587545376682527 ] ], [ [ -58.38510370822992, -34.593769868929911 ], [ -58.385195843130866, -34.593676000960777 ], [ -58.38530552753673, -34.593769868929911 ], [ -58.385195843130866, -34.593845714171493 ], [ -58.38510370822992, -34.593769868929911 ] ], [ [ -58.380456720352853, -34.594717929472715 ], [ -58.380589098084087, -34.594612589946713 ], [ -58.38070312642683, -34.594717929472715 ], [ -58.380589098084087, -34.594809973609408 ], [ -58.380456720352853, -34.594717929472715 ] ], [ [ -58.386347529392502, -34.597483697164257 ], [ -58.38645721379838, -34.59756204618246 ], [ -58.386347529392502, -34.597654989529794 ], [ -58.386251555537363, -34.59756204618246 ], [ -58.386347529392502, -34.597483697164257 ] ], [ [ -58.390798641160657, -34.596614018099146 ], [ -58.39095427443926, -34.596476621827058 ], [ -58.391184611691614, -34.596614018099146 ], [ -58.39095427443926, -34.596762148200391 ], [ -58.390798641160657, -34.596614018099146 ] ], [ [ -58.380589098084087, -34.598408126624648 ], [ -58.380700912284254, -34.598510063445602 ], [ -58.380589098084087, -34.598630064859286 ], [ -58.380433464805485, -34.598510063445602 ], [ -58.380589098084087, -34.598408126624648 ] ] ] ] } },
{ "type": "Feature", "properties": { "id": 1, "isomin": 0.0, "isomax": 15.0, "id_punto": "4_28", "sector": 4.0 }, "geometry": { "type": "MultiPolygon", "coordinates": [ [ [ [ -58.377512209158837, -34.592983776473112 ], [ -58.377704156869115, -34.592825763835563 ], [ -58.378855843130843, -34.59250973765883 ], [ -58.379431686261675, -34.592983776473112 ], [ -58.380007529392493, -34.5934827617765 ], [ -58.38055306499016, -34.593931845986994 ], [ -58.381159215654222, -34.594721895650309 ], [ -58.381351163364499, -34.594879904681342 ], [ -58.382310901915879, -34.595609173237484 ], [ -58.382576675668588, -34.595827952555872 ], [ -58.383462588177608, -34.596354641144302 ], [ -58.384614274439258, -34.596775989610613 ], [ -58.384614274439258, -34.596775989610613 ], [ -58.385159810036924, -34.597724015845237 ], [ -58.385765960700986, -34.598136197789785 ], [ -58.386416913805405, -34.598672031259817 ], [ -58.386917646962637, -34.59919870181465 ], [ -58.387429507523422, -34.599620035854024 ], [ -58.388069333224379, -34.600297175368041 ], [ -58.388398386442006, -34.60056802962788 ], [ -58.388614868822046, -34.601516012581101 ], [ -58.388672597456711, -34.602463984713701 ], [ -58.389221019486122, -34.603193186683129 ], [ -58.389486793238795, -34.603411946025417 ], [ -58.389221019486122, -34.603630704791414 ], [ -58.388069333224379, -34.603885922623448 ], [ -58.387493490093505, -34.604359896516222 ], [ -58.386917646962637, -34.604833867703675 ], [ -58.386369224933283, -34.605307836185844 ], [ -58.385765960700986, -34.605804371694184 ], [ -58.385190117570126, -34.606255765034327 ], [ -58.384614274439258, -34.606729725400506 ], [ -58.383974448738336, -34.607203683061364 ], [ -58.383462588177608, -34.607624976488715 ], [ -58.382914166148211, -34.608151590266928 ], [ -58.382310901915879, -34.608648108770041 ], [ -58.381351163364499, -34.609099486650805 ], [ -58.381159215654222, -34.609257468329346 ], [ -58.380007529392493, -34.609720516345007 ], [ -58.379484035637205, -34.610047372212982 ], [ -58.378855843130843, -34.610564396140099 ], [ -58.378375973855128, -34.610995246953152 ], [ -58.377704156869115, -34.611548168887275 ], [ -58.377032339883158, -34.610995246953152 ], [ -58.376552470607464, -34.610521310935795 ], [ -58.375976627476597, -34.610047372212982 ], [ -58.375400784345736, -34.609548486423989 ], [ -58.374855248748112, -34.609099486650805 ], [ -58.374249098084086, -34.608687359117965 ], [ -58.373097411822357, -34.608467556930627 ], [ -58.372713516401802, -34.608151590266928 ], [ -58.372406400065366, -34.607203683061364 ], [ -58.371945725560707, -34.606752294874276 ], [ -58.371342461328375, -34.606255765034327 ], [ -58.370794039298978, -34.605623813671031 ], [ -58.370410143878424, -34.605307836185844 ], [ -58.369642353037328, -34.604630737526023 ], [ -58.36931329981968, -34.604359896516222 ], [ -58.368490666775585, -34.603767428727544 ], [ -58.368058784427468, -34.603411946025417 ], [ -58.367914823644767, -34.602463984713701 ], [ -58.367338980513942, -34.60187150339889 ], [ -58.36690709816579, -34.601516012581101 ], [ -58.367338980513942, -34.601160520241692 ], [ -58.367945131177969, -34.60056802962788 ], [ -58.368490666775585, -34.600118981294344 ], [ -58.369168129282485, -34.599620035854024 ], [ -58.369642353037328, -34.599229682331533 ], [ -58.370602091588701, -34.598672031259817 ], [ -58.370794039298978, -34.598514029442129 ], [ -58.371273908574693, -34.597724015845237 ], [ -58.371945725560707, -34.597171001856651 ], [ -58.372469219316002, -34.596775989610613 ], [ -58.373097411822357, -34.596258879831169 ], [ -58.373620905577688, -34.595827952555872 ], [ -58.373817215735926, -34.594879904681342 ], [ -58.374249098084086, -34.594524383938918 ], [ -58.375400784345736, -34.594458546597409 ], [ -58.375949206375132, -34.593931845986994 ], [ -58.376552470607464, -34.593435239495776 ], [ -58.377512209158837, -34.592983776473112 ] ], [ [ -58.371732450327052, -34.601516012581101 ], [ -58.371945725560707, -34.60135801617367 ], [ -58.372093377645527, -34.601516012581101 ], [ -58.371945725560707, -34.601636009651756 ], [ -58.371732450327052, -34.601516012581101 ] ], [ [ -58.385765960700986, -34.603239590228149 ], [ -58.386104691954422, -34.603411946025417 ], [ -58.385765960700986, -34.603675266691631 ], [ -58.385556563198861, -34.603411946025417 ], [ -58.385765960700986, -34.603239590228149 ] ] ] ] } },
{ "type": "Feature", "properties": { "id": 1, "isomin": 0.0, "isomax": 15.0, "id_punto": "4_29", "sector": 4.0 }, "geometry": { "type": "MultiPolygon", "coordinates": [ [ [ [ -58.373584156869185, -34.588412533548727 ], [ -58.374735843130836, -34.588545138630032 ], [ -58.374840541881902, -34.5886313318194 ], [ -58.375887529392564, -34.589308560910304 ], [ -58.377039215654221, -34.589158066033804 ], [ -58.377551076214985, -34.589579451001129 ], [ -58.37819090191595, -34.589822556740955 ], [ -58.3788683644228, -34.589579451001129 ], [ -58.3793425881776, -34.589189050295367 ], [ -58.379816811932436, -34.589579451001129 ], [ -58.379774470525746, -34.590527559363956 ], [ -58.380494274439329, -34.590866166871542 ], [ -58.381645960700979, -34.59125686612704 ], [ -58.381911734453681, -34.591475656907583 ], [ -58.382274153207376, -34.592423743632033 ], [ -58.382797646962707, -34.592922732299144 ], [ -58.383343182560331, -34.593371819537019 ], [ -58.383949333224358, -34.593964361483408 ], [ -58.384381215572517, -34.594319884622571 ], [ -58.384215106977074, -34.595267938888369 ], [ -58.384494868822024, -34.596215982334449 ], [ -58.385101019486086, -34.596742668462525 ], [ -58.385612880046821, -34.597164014960534 ], [ -58.385101019486086, -34.598112036766601 ], [ -58.385101019486086, -34.598112036766601 ], [ -58.383949333224358, -34.598708933834104 ], [ -58.383506376969876, -34.599060047752396 ], [ -58.383181542383262, -34.600008047917946 ], [ -58.382797646962707, -34.600324045568541 ], [ -58.381645960700979, -34.600457096851237 ], [ -58.381039810036953, -34.600956037262918 ], [ -58.380494274439329, -34.601405081070702 ], [ -58.379918431308454, -34.601904015787362 ], [ -58.3793425881776, -34.60237800099177 ], [ -58.378841855020362, -34.602851983490979 ], [ -58.37819090191595, -34.60338778653697 ], [ -58.377730227411249, -34.603799940373783 ], [ -58.377039215654221, -34.604368709309348 ], [ -58.376515721898926, -34.604747886435504 ], [ -58.375887529392564, -34.605264943362755 ], [ -58.374735843130836, -34.605331232479585 ], [ -58.374292886876354, -34.605695821676136 ], [ -58.373776104579463, -34.60664374609545 ], [ -58.373584156869185, -34.606801732446584 ], [ -58.373392209158894, -34.60664374609545 ], [ -58.372875426861967, -34.605695821676136 ], [ -58.372432470607457, -34.605283677248977 ], [ -58.371781517503038, -34.604747886435504 ], [ -58.371280784345807, -34.604273914757279 ], [ -58.370704941214939, -34.603799940373783 ], [ -58.370129098084064, -34.603348533683885 ], [ -58.368977411822428, -34.602851983490979 ], [ -58.368977411822428, -34.602851983490979 ], [ -58.367825725560685, -34.601904015787362 ], [ -58.367825725560685, -34.601904015787362 ], [ -58.367313864999957, -34.600956037262918 ], [ -58.366674039299049, -34.600457096851237 ], [ -58.366128503701383, -34.600008047917946 ], [ -58.365522353037306, -34.599415549082501 ], [ -58.365090470689161, -34.599060047752396 ], [ -58.364370666775578, -34.598270039348975 ], [ -58.364178719065301, -34.598112036766601 ], [ -58.364370666775578, -34.59795403388366 ], [ -58.365522353037306, -34.597528640012591 ], [ -58.366674039299049, -34.597389735419597 ], [ -58.3669939521495, -34.597164014960534 ], [ -58.367153908574728, -34.596215982334449 ], [ -58.367825725560685, -34.595662958305816 ], [ -58.368593516401845, -34.595267938888369 ], [ -58.368977411822428, -34.594951922001961 ], [ -58.370129098084064, -34.594457284461939 ], [ -58.370261475815305, -34.594319884622571 ], [ -58.370286863325404, -34.593371819537019 ], [ -58.370129098084064, -34.59258175703421 ], [ -58.369937150373786, -34.592423743632033 ], [ -58.369697215735947, -34.591475656907583 ], [ -58.369420368076909, -34.590527559363956 ], [ -58.368977411822428, -34.590000833831404 ], [ -58.368465551261643, -34.589579451001129 ], [ -58.368977411822428, -34.589158066033804 ], [ -58.370129098084064, -34.58906229642502 ], [ -58.370951731128166, -34.5886313318194 ], [ -58.371280784345807, -34.588360438637459 ], [ -58.372432470607457, -34.588209942043662 ], [ -58.373584156869185, -34.588412533548727 ] ], [ [ -58.3793425881776, -34.593205491213453 ], [ -58.379551985679726, -34.593371819537019 ], [ -58.3793425881776, -34.593498228840225 ], [ -58.379186954898998, -34.593371819537019 ], [ -58.3793425881776, -34.593205491213453 ] ], [ [ -58.37617545095798, -34.602851983490979 ], [ -58.375887529392564, -34.603077688492192 ], [ -58.37568187113154, -34.602851983490979 ], [ -58.375887529392564, -34.602688541555466 ], [ -58.37617545095798, -34.602851983490979 ] ] ] ] } },
{ "type": "Feature", "properties": { "id": 1, "isomin": 0.0, "isomax": 15.0, "id_punto": "4_30", "sector": 4.0 }, "geometry": { "type": "MultiPolygon", "coordinates": [ [ [ [ -58.379394156869104, -34.58795664606248 ], [ -58.380545843130847, -34.588367091927438 ], [ -58.38065054188192, -34.588453285301505 ], [ -58.381326017695244, -34.589401406514973 ], [ -58.381697529392575, -34.589688713837582 ], [ -58.382849215654225, -34.589928135847551 ], [ -58.384000901915954, -34.590349516909384 ], [ -58.384000901915954, -34.590349516909384 ], [ -58.384475125670754, -34.591297616484802 ], [ -58.385152588177611, -34.591728567260631 ], [ -58.385780780684016, -34.592245705240913 ], [ -58.38630427443934, -34.59277241654155 ], [ -58.386816135000082, -34.593193783177739 ], [ -58.38745596070099, -34.593786326393932 ], [ -58.387887843049143, -34.59414185029501 ], [ -58.388607646962726, -34.594819034468827 ], [ -58.388936700180331, -34.59508990659269 ], [ -58.389258600067137, -34.596037952070539 ], [ -58.389759333224369, -34.596511970752033 ], [ -58.390911019486111, -34.596985986728541 ], [ -58.390387525730773, -34.597934010566448 ], [ -58.390431150210375, -34.598882023584238 ], [ -58.389759333224369, -34.59943502618102 ], [ -58.389332782757101, -34.599830025781628 ], [ -58.388991542383273, -34.600778017158639 ], [ -58.388607646962726, -34.601094011879717 ], [ -58.387647908411282, -34.601725997715 ], [ -58.38745596070099, -34.601883993422412 ], [ -58.386408973190399, -34.602673967450713 ], [ -58.38630427443934, -34.60276014598103 ], [ -58.385152588177611, -34.603621926365484 ], [ -58.385152588177611, -34.603621926365484 ], [ -58.384000901915954, -34.60393791026577 ], [ -58.382849215654225, -34.604569874459351 ], [ -58.382849215654225, -34.604569874459351 ], [ -58.381697529392575, -34.605122839183458 ], [ -58.381270978925272, -34.605517811732 ], [ -58.380545843130847, -34.606114655574288 ], [ -58.380065973855132, -34.606465738183438 ], [ -58.379394156869104, -34.607413653813431 ], [ -58.378722339883147, -34.606465738183438 ], [ -58.378242470607468, -34.606159956639516 ], [ -58.377462296043063, -34.605517811732 ], [ -58.377090784345725, -34.605043844448311 ], [ -58.376514941214893, -34.604569874459351 ], [ -58.375939098084089, -34.604174897401954 ], [ -58.374787411822346, -34.603621926365484 ], [ -58.374787411822346, -34.603621926365484 ], [ -58.374096400065369, -34.602673967450713 ], [ -58.37363572556071, -34.602222554640385 ], [ -58.373032461328364, -34.601725997715 ], [ -58.372484039298968, -34.601199343186245 ], [ -58.371972178738233, -34.600778017158639 ], [ -58.371332353037324, -34.600220376482604 ], [ -58.370858129282489, -34.599830025781628 ], [ -58.370564562196165, -34.598882023584238 ], [ -58.370180666775589, -34.598451109917491 ], [ -58.369552474269227, -34.597934010566448 ], [ -58.36947193676842, -34.596985986728541 ], [ -58.370180666775589, -34.596402582065636 ], [ -58.37045487779028, -34.596037952070539 ], [ -58.370660536051304, -34.59508990659269 ], [ -58.371332353037324, -34.594536875067263 ], [ -58.371833086194563, -34.59414185029501 ], [ -58.371775309291799, -34.593193783177739 ], [ -58.372009815544168, -34.592245705240913 ], [ -58.372484039298968, -34.591855317063406 ], [ -58.37363572556071, -34.591297616484802 ], [ -58.37363572556071, -34.591297616484802 ], [ -58.374787411822346, -34.590823568049494 ], [ -58.375939098084089, -34.590586542817547 ], [ -58.377090784345725, -34.590599017846614 ], [ -58.377570653621447, -34.590349516909384 ], [ -58.378242470607468, -34.589796453827439 ], [ -58.378602372564224, -34.589401406514973 ], [ -58.378790892636815, -34.588453285301505 ], [ -58.379394156869104, -34.58795664606248 ] ], [ [ -58.38745596070099, -34.599660740468536 ], [ -58.387882511168307, -34.599830025781628 ], [ -58.38745596070099, -34.600146024109577 ], [ -58.387168039135588, -34.599830025781628 ], [ -58.38745596070099, -34.599660740468536 ] ], [ [ -58.380545843130847, -34.600883348865928 ], [ -58.380440183840783, -34.600778017158639 ], [ -58.380545843130847, -34.60069104592349 ], [ -58.380672402060718, -34.600778017158639 ], [ -58.380545843130847, -34.600883348865928 ] ], [ [ -58.375939098084089, -34.60196299116339 ], [ -58.375636022752047, -34.601725997715 ], [ -58.375939098084089, -34.601553638418693 ], [ -58.376141148305429, -34.601725997715 ], [ -58.375939098084089, -34.60196299116339 ] ] ] ] } },
{ "type": "Feature", "properties": { "id": 1, "isomin": 0.0, "isomax": 15.0, "id_punto": "4_31", "sector": 4.0 }, "geometry": { "type": "MultiPolygon", "coordinates": [ [ [ [ -58.370975725560697, -34.591183405206081 ], [ -58.372127411822348, -34.590820497056903 ], [ -58.373279098084076, -34.591183405206081 ], [ -58.374430784345734, -34.590637530263969 ], [ -58.375582470607462, -34.590914059465774 ], [ -58.376734156869112, -34.59054723481507 ], [ -58.377885843130841, -34.590600349796887 ], [ -58.378491993794917, -34.590321495763476 ], [ -58.379037529392583, -34.589872392036916 ], [ -58.379583064990193, -34.590321495763476 ], [ -58.380189215654219, -34.590637530263969 ], [ -58.381340901915962, -34.591269595658574 ], [ -58.381340901915962, -34.591269595658574 ], [ -58.381886437513572, -34.592217684734514 ], [ -58.382492588177598, -34.5928948845932 ], [ -58.382821641395239, -34.593165762991056 ], [ -58.383644274439341, -34.593639798062028 ], [ -58.384220117570159, -34.594113830428135 ], [ -58.384795960700991, -34.594745869375252 ], [ -58.385179856121574, -34.595061887045532 ], [ -58.385947646962734, -34.595654416937059 ], [ -58.386379529310851, -34.596009932843231 ], [ -58.38709933322437, -34.596799962742729 ], [ -58.387291280934647, -34.596957967820948 ], [ -58.387428386442011, -34.59790599197872 ], [ -58.387291280934647, -34.59885400531622 ], [ -58.38709933322437, -34.599012006487186 ], [ -58.386213420715407, -34.599802007833496 ], [ -58.386550911195016, -34.600749999530215 ], [ -58.385947646962734, -34.601246562291102 ], [ -58.38527018445582, -34.60169798040647 ], [ -58.384795960700991, -34.602088322327994 ], [ -58.383973327656953, -34.602645950461913 ], [ -58.383644274439341, -34.602916797061695 ], [ -58.382758361930314, -34.603593909696571 ], [ -58.382492588177598, -34.60381266798322 ], [ -58.381669955133574, -34.604541858110146 ], [ -58.381340901915962, -34.60481269852653 ], [ -58.380189215654219, -34.604760613899678 ], [ -58.379923441901546, -34.604541858110146 ], [ -58.379037529392583, -34.60436950465801 ], [ -58.378811708556952, -34.604541858110146 ], [ -58.379037529392583, -34.605015828259077 ], [ -58.379613372523401, -34.605489795702709 ], [ -58.379037529392583, -34.605963760440986 ], [ -58.378514035637245, -34.606437722473906 ], [ -58.377885843130841, -34.606954768878971 ], [ -58.377405973855119, -34.607385638423786 ], [ -58.376734156869112, -34.607938584397075 ], [ -58.376062339883156, -34.607385638423786 ], [ -58.375582470607462, -34.607058772077259 ], [ -58.374430784345734, -34.60665647326897 ], [ -58.374165010593039, -34.606437722473906 ], [ -58.373802591839372, -34.605489795702709 ], [ -58.373279098084076, -34.605110621964222 ], [ -58.372127411822348, -34.604699848460378 ], [ -58.37193546411207, -34.604541858110146 ], [ -58.371418681815179, -34.603593909696571 ], [ -58.370975725560697, -34.603163020476792 ], [ -58.370347533054293, -34.602645950461913 ], [ -58.369824039298969, -34.601968830097881 ], [ -58.369494986081357, -34.60169798040647 ], [ -58.368672353037319, -34.601171325700008 ], [ -58.368160492476548, -34.600749999530215 ], [ -58.36752066677559, -34.600118006268005 ], [ -58.367136771355035, -34.599802007833496 ], [ -58.367254893022888, -34.59885400531622 ], [ -58.36752066677559, -34.59790599197872 ], [ -58.36752066677559, -34.59790599197872 ], [ -58.368672353037319, -34.597456929252743 ], [ -58.369152222313012, -34.596957967820948 ], [ -58.369824039298969, -34.596404948732228 ], [ -58.370266995553479, -34.596009932843231 ], [ -58.37022117249267, -34.595061887045532 ], [ -58.37022117249267, -34.594113830428135 ], [ -58.370543843212545, -34.593165762991056 ], [ -58.370975725560697, -34.592810234912747 ], [ -58.371476458717936, -34.592217684734514 ], [ -58.370975725560697, -34.591355786021651 ], [ -58.370871026809624, -34.591269595658574 ], [ -58.370975725560697, -34.591183405206081 ] ], [ [ -58.379037529392583, -34.596866811081732 ], [ -58.379152698018757, -34.596957967820948 ], [ -58.379037529392583, -34.597036317335053 ], [ -58.378941555537445, -34.596957967820948 ], [ -58.379037529392583, -34.596866811081732 ] ], [ [ -58.373279098084076, -34.602866407063516 ], [ -58.372991176518653, -34.602645950461913 ], [ -58.373279098084076, -34.602482508120893 ], [ -58.373474299145371, -34.602645950461913 ], [ -58.373279098084076, -34.602866407063516 ] ] ] ] } },
{ "type": "Feature", "properties": { "id": 1, "isomin": 0.0, "isomax": 15.0, "id_punto": "4_32", "sector": 4.0 }, "geometry": { "type": "MultiPolygon", "coordinates": [ [ [ [ -58.369707411822347, -34.589721458137838 ], [ -58.37085909808409, -34.589296022108698 ], [ -58.371818836635455, -34.588931360921364 ], [ -58.372010784345733, -34.588773340576488 ], [ -58.373162470607468, -34.588660468717613 ], [ -58.374314156869112, -34.588712563440765 ], [ -58.374579930621813, -34.588931360921364 ], [ -58.375465843130847, -34.589563439295603 ], [ -58.376617529392576, -34.589362323970825 ], [ -58.377769215654233, -34.589523934538093 ], [ -58.378816203164895, -34.588931360921364 ], [ -58.378920901915961, -34.588845168043228 ], [ -58.379025600667021, -34.588931360921364 ], [ -58.380072588177612, -34.589721458137838 ], [ -58.380264535887903, -34.58987947667957 ], [ -58.38122427443934, -34.590741390707649 ], [ -58.381328973190399, -34.590827581618669 ], [ -58.382375960700976, -34.591385285352487 ], [ -58.382850184455812, -34.591775675738695 ], [ -58.383527646962719, -34.592452879200309 ], [ -58.383856700180338, -34.592723759039337 ], [ -58.383527646962719, -34.592994637995169 ], [ -58.383198593745078, -34.593671831520624 ], [ -58.383527646962719, -34.59396810195215 ], [ -58.384679333224355, -34.593671831520624 ], [ -58.38519119378514, -34.594619893182276 ], [ -58.385153556979198, -34.595567944024289 ], [ -58.385831019486098, -34.596066913805728 ], [ -58.386376555083729, -34.596515984046391 ], [ -58.386342880046833, -34.597464013248597 ], [ -58.38640686261693, -34.598412031630609 ], [ -58.385831019486098, -34.598886036764064 ], [ -58.385153556979198, -34.599360039192447 ], [ -58.384679333224355, -34.59975039210228 ], [ -58.383911542383274, -34.600308035933836 ], [ -58.383527646962719, -34.600624032443115 ], [ -58.382641734453692, -34.601256021854773 ], [ -58.382375960700976, -34.601474786299846 ], [ -58.38122427443934, -34.601824808213394 ], [ -58.380744405163618, -34.602203996954984 ], [ -58.380072588177612, -34.602756977433046 ], [ -58.379524166148251, -34.603151961234467 ], [ -58.378920901915961, -34.603648509633722 ], [ -58.378397408160623, -34.604099914692959 ], [ -58.377769215654233, -34.604616975654864 ], [ -58.377308541149574, -34.60504785733044 ], [ -58.376617529392576, -34.605995789146682 ], [ -58.376617529392576, -34.605995789146682 ], [ -58.375465843130847, -34.606564543042218 ], [ -58.374314156869112, -34.606081964229737 ], [ -58.374209458118045, -34.605995789146682 ], [ -58.37368596436275, -34.60504785733044 ], [ -58.373162470607468, -34.604635709687258 ], [ -58.372511517503, -34.604099914692959 ], [ -58.372010784345733, -34.603748822081144 ], [ -58.37085909808409, -34.603370720685326 ], [ -58.370593324331374, -34.603151961234467 ], [ -58.369707411822347, -34.602519986250464 ], [ -58.369323516401792, -34.602203996954984 ], [ -58.368927237258006, -34.601256021854773 ], [ -58.368555725560697, -34.600904917219808 ], [ -58.367404039298954, -34.600308035933836 ], [ -58.367404039298954, -34.600308035933836 ], [ -58.366800775066672, -34.599360039192447 ], [ -58.366252353037318, -34.598980837466151 ], [ -58.365561341280269, -34.598412031630609 ], [ -58.366252353037318, -34.597843221899822 ], [ -58.366695309291799, -34.597464013248597 ], [ -58.367404039298954, -34.596880611943114 ], [ -58.36801018996303, -34.596515984046391 ], [ -58.368555725560697, -34.596066913805728 ], [ -58.368795660198536, -34.595567944024289 ], [ -58.369707411822347, -34.594817404666628 ], [ -58.36986962115499, -34.594619893182276 ], [ -58.369896212848857, -34.593671831520624 ], [ -58.37085909808409, -34.592879181499036 ], [ -58.371021307416704, -34.592723759039337 ], [ -58.37085909808409, -34.592224769177129 ], [ -58.370313562486423, -34.591775675738695 ], [ -58.369707411822347, -34.591183118181554 ], [ -58.36927552947423, -34.590827581618669 ], [ -58.369515464112069, -34.58987947667957 ], [ -58.369707411822347, -34.589721458137838 ] ], [ [ -58.378920901915961, -34.598325057917933 ], [ -58.379053279647181, -34.598412031630609 ], [ -58.378920901915961, -34.598519760307582 ], [ -58.378811217510084, -34.598412031630609 ], [ -58.378920901915961, -34.598325057917933 ] ], [ [ -58.371801386843607, -34.600308035933836 ], [ -58.372010784345733, -34.600189536932916 ], [ -58.37215656741683, -34.600308035933836 ], [ -58.372010784345733, -34.60045388062597 ], [ -58.371801386843607, -34.600308035933836 ] ] ] ] } },
{ "type": "Feature", "properties": { "id": 1, "isomin": 0.0, "isomax": 15.0, "id_punto": "4_33", "sector": 4.0 }, "geometry": { "type": "MultiPolygon", "coordinates": [ [ [ [ -58.378225843130849, -34.589827932031923 ], [ -58.378657725479002, -34.590183472872504 ], [ -58.379377529392592, -34.590454360110847 ], [ -58.380529215654228, -34.590578516466593 ], [ -58.381201032640234, -34.591131574342711 ], [ -58.381680901915971, -34.591993475381535 ], [ -58.38178560066703, -34.592079664993619 ], [ -58.382371913672948, -34.593027744825292 ], [ -58.382832588177607, -34.593458686626612 ], [ -58.383460780684018, -34.59397581383741 ], [ -58.383984274439349, -34.594388014381003 ], [ -58.385135960701, -34.594568351475672 ], [ -58.385567843049145, -34.594923872029966 ], [ -58.386287646962728, -34.595871919402704 ], [ -58.386287646962728, -34.595871919402704 ], [ -58.387439333224378, -34.59666195061488 ], [ -58.387631280934656, -34.596819955955631 ], [ -58.387823228644962, -34.597767981688492 ], [ -58.387913556979207, -34.598715996601257 ], [ -58.387439333224378, -34.599106352537959 ], [ -58.386959463948685, -34.599664000693643 ], [ -58.387439333224378, -34.60019066495844 ], [ -58.387951193785149, -34.600611993965686 ], [ -58.387439333224378, -34.601033320835526 ], [ -58.386890911195025, -34.6015599764171 ], [ -58.386287646962728, -34.602056534335119 ], [ -58.385764153207397, -34.602507948047858 ], [ -58.385135960701, -34.603025018921969 ], [ -58.384416156787466, -34.603455908857732 ], [ -58.383984274439349, -34.6038113913717 ], [ -58.383024535887898, -34.604403858846695 ], [ -58.382832588177607, -34.604561849459472 ], [ -58.381680901915971, -34.604987207307495 ], [ -58.381269585393916, -34.605351798014503 ], [ -58.380529215654228, -34.605961181765281 ], [ -58.380049346378549, -34.606299726361115 ], [ -58.379377529392592, -34.607247643886261 ], [ -58.379377529392592, -34.607247643886261 ], [ -58.378225843130849, -34.607816389207095 ], [ -58.377074156869107, -34.607721598590828 ], [ -58.37592247060747, -34.607518475477292 ], [ -58.375593417389823, -34.607247643886261 ], [ -58.375271517503009, -34.606299726361115 ], [ -58.374770784345728, -34.605935139816133 ], [ -58.374062054338566, -34.605351798014503 ], [ -58.373619098084085, -34.604852884011926 ], [ -58.373073562486425, -34.604403858846695 ], [ -58.372467411822349, -34.603877221299889 ], [ -58.371955551261614, -34.603455908857732 ], [ -58.371315725560706, -34.602778795097734 ], [ -58.370986672343065, -34.602507948047858 ], [ -58.370547934719546, -34.6015599764171 ], [ -58.370164039298963, -34.601221412498049 ], [ -58.369012353037327, -34.600882847198818 ], [ -58.368683299819686, -34.600611993965686 ], [ -58.367860666775584, -34.599664000693643 ], [ -58.368580470689174, -34.598715996601257 ], [ -58.369012353037327, -34.598360492276953 ], [ -58.370059340547904, -34.597767981688492 ], [ -58.370164039298963, -34.597681797978069 ], [ -58.370385517426229, -34.596819955955631 ], [ -58.370739882429838, -34.595871919402704 ], [ -58.370739882429838, -34.594923872029966 ], [ -58.371315725560706, -34.594449844286146 ], [ -58.371891568691524, -34.59397581383741 ], [ -58.371955551261614, -34.593027744825292 ], [ -58.372275464112079, -34.592079664993619 ], [ -58.372467411822349, -34.591921650636479 ], [ -58.373619098084085, -34.591993475381535 ], [ -58.374770784345728, -34.591689276035886 ], [ -58.37592247060747, -34.591526613428762 ], [ -58.376470892636824, -34.591131574342711 ], [ -58.377074156869107, -34.590634951112406 ], [ -58.377793960782704, -34.590183472872504 ], [ -58.378225843130849, -34.589827932031923 ] ], [ [ -58.386287646962728, -34.598419743103335 ], [ -58.386965109469578, -34.598715996601257 ], [ -58.386287646962728, -34.599110999621395 ], [ -58.385927745005937, -34.598715996601257 ], [ -58.386287646962728, -34.598419743103335 ] ], [ [ -58.380529215654228, -34.599587549151828 ], [ -58.380644384280401, -34.599664000693643 ], [ -58.380529215654228, -34.599753434483439 ], [ -58.380435582624827, -34.599664000693643 ], [ -58.380529215654228, -34.599587549151828 ] ], [ [ -58.375783713226539, -34.6015599764171 ], [ -58.37592247060747, -34.601463244009629 ], [ -58.376035381025275, -34.6015599764171 ], [ -58.37592247060747, -34.60167701053723 ], [ -58.375783713226539, -34.6015599764171 ] ] ] ] } },
{ "type": "Feature", "properties": { "id": 1, "isomin": 0.0, "isomax": 15.0, "id_punto": "4_34", "sector": 4.0 }, "geometry": { "type": "MultiPolygon", "coordinates": [ [ [ [ -58.37887054188193, -34.591275605057746 ], [ -58.379416796235276, -34.592223694065119 ], [ -58.379917529392507, -34.592722683933765 ], [ -58.380463064990174, -34.593171772253058 ], [ -58.38106921565425, -34.593645807289782 ], [ -58.381645058785061, -34.594119839621591 ], [ -58.382220901915893, -34.594514864498471 ], [ -58.383372588177629, -34.595067896170384 ], [ -58.38305267532715, -34.596015941899516 ], [ -58.383372588177629, -34.596303226347914 ], [ -58.384195221221653, -34.596015941899516 ], [ -58.384524274439272, -34.595745072795268 ], [ -58.384853327656913, -34.596015941899516 ], [ -58.385175227543726, -34.596963976808659 ], [ -58.385675960701008, -34.597358988160757 ], [ -58.386347777686971, -34.597912000897828 ], [ -58.386827646962651, -34.598438676271947 ], [ -58.387339507523421, -34.59886001416676 ], [ -58.387979333224393, -34.599492017001474 ], [ -58.388363228644934, -34.599808016615434 ], [ -58.38913101948603, -34.600485154596832 ], [ -58.38946007270367, -34.600756008243586 ], [ -58.389759211992441, -34.601703989051238 ], [ -58.389322967196321, -34.602651959038106 ], [ -58.38913101948603, -34.602809952983897 ], [ -58.388411215572511, -34.603599918204168 ], [ -58.387979333224393, -34.60395540010164 ], [ -58.387259529310803, -34.604547866549169 ], [ -58.386827646962651, -34.604903344388767 ], [ -58.386395764614534, -34.604547866549169 ], [ -58.385675960701008, -34.604284548649908 ], [ -58.38532696486412, -34.604547866549169 ], [ -58.385675960701008, -34.605495804073136 ], [ -58.384524274439272, -34.606064561393261 ], [ -58.383846811932415, -34.606443730775737 ], [ -58.383372588177629, -34.606834050390354 ], [ -58.382732762476657, -34.607391646657021 ], [ -58.382220901915893, -34.60781293913066 ], [ -58.38139826887187, -34.608339551716703 ], [ -58.38106921565425, -34.608610379746125 ], [ -58.379917529392507, -34.608948913540615 ], [ -58.379437660116828, -34.60928744595477 ], [ -58.378765843130871, -34.609840379262714 ], [ -58.378285973855142, -34.610235329370965 ], [ -58.377614156869129, -34.611183201965304 ], [ -58.376942339883172, -34.610235329370965 ], [ -58.376462470607493, -34.60967775220147 ], [ -58.37598824685265, -34.60928744595477 ], [ -58.3756495155992, -34.608339551716703 ], [ -58.37531078434575, -34.60781293913066 ], [ -58.3741590980841, -34.607477820291443 ], [ -58.374054399333033, -34.607391646657021 ], [ -58.373007411822357, -34.606601717507445 ], [ -58.372815464112094, -34.606443730775737 ], [ -58.371855725560721, -34.605766641378096 ], [ -58.371526672343073, -34.605495804073136 ], [ -58.370704039298978, -34.604969173451337 ], [ -58.370192178738243, -34.604547866549169 ], [ -58.369552353037335, -34.604021229915666 ], [ -58.369040492476572, -34.603599918204168 ], [ -58.369078129282499, -34.602651959038106 ], [ -58.368400666775599, -34.602177975397261 ], [ -58.367824823644774, -34.601703989051238 ], [ -58.367248980513956, -34.600756008243586 ], [ -58.367660297035975, -34.599808016615434 ], [ -58.368208719065329, -34.59886001416676 ], [ -58.368400666775599, -34.598702012706667 ], [ -58.369447654286276, -34.597912000897828 ], [ -58.369552353037335, -34.59782581733684 ], [ -58.370704039298978, -34.597521639347981 ], [ -58.371146995553495, -34.596963976808659 ], [ -58.371855725560721, -34.596380571991205 ], [ -58.372356458717967, -34.596015941899516 ], [ -58.373007411822357, -34.595067896170384 ], [ -58.373007411822357, -34.595067896170384 ], [ -58.3741590980841, -34.594484478036179 ], [ -58.374659831241345, -34.594119839621591 ], [ -58.37531078434575, -34.593583976786206 ], [ -58.37598824685265, -34.593171772253058 ], [ -58.375950610046708, -34.592223694065119 ], [ -58.376462470607493, -34.591802322508663 ], [ -58.376974331168221, -34.592223694065119 ], [ -58.377614156869129, -34.592529526920799 ], [ -58.378114890026403, -34.592223694065119 ], [ -58.378661144379798, -34.591275605057746 ], [ -58.378765843130871, -34.591189414611492 ], [ -58.37887054188193, -34.591275605057746 ] ], [ [ -58.377470196086414, -34.596963976808659 ], [ -58.377614156869129, -34.596839235991411 ], [ -58.377735387001934, -34.596963976808659 ], [ -58.377614156869129, -34.597062729822795 ], [ -58.377470196086414, -34.596963976808659 ] ], [ [ -58.383372588177629, -34.599662170789145 ], [ -58.383555395520744, -34.599808016615434 ], [ -58.383372588177629, -34.599929554608345 ], [ -58.38323548267028, -34.599808016615434 ], [ -58.383372588177629, -34.599662170789145 ] ], [ [ -58.37869007429785, -34.600756008243586 ], [ -58.378765843130871, -34.60068578701258 ], [ -58.378851789866815, -34.600756008243586 ], [ -58.378765843130871, -34.600830069633851 ], [ -58.37869007429785, -34.600756008243586 ] ], [ [ -58.372035676539106, -34.603599918204168 ], [ -58.371855725560721, -34.603887176421132 ], [ -58.371354992403447, -34.603599918204168 ], [ -58.371855725560721, -34.603402427603598 ], [ -58.372035676539106, -34.603599918204168 ] ] ] ] } },
{ "type": "Feature", "properties": { "id": 1, "isomin": 0.0, "isomax": 15.0, "id_punto": "4_35", "sector": 4.0 }, "geometry": { "type": "MultiPolygon", "coordinates": [ [ [ [ -58.376634156869095, -34.59213368430639 ], [ -58.377785843130837, -34.592810884849804 ], [ -58.378937529392488, -34.592810884849804 ], [ -58.379266582610121, -34.593081763521518 ], [ -58.380089215654216, -34.593555799071815 ], [ -58.380665058785034, -34.594029831917247 ], [ -58.381240901915866, -34.594759107936042 ], [ -58.381506675668568, -34.594977889493258 ], [ -58.382392588177595, -34.595839750627945 ], [ -58.382497286928661, -34.595925936249579 ], [ -58.383544274439252, -34.59645262421671 ], [ -58.384056135000023, -34.596873972185961 ], [ -58.384695960700981, -34.597431635329542 ], [ -58.385847646962631, -34.597821997302383 ], [ -58.385847646962631, -34.597821997302383 ], [ -58.386519463948638, -34.598770011598546 ], [ -58.38699933322436, -34.599268962145239 ], [ -58.387544868822026, -34.599718015074522 ], [ -58.388151019486102, -34.600395153789684 ], [ -58.388480072703715, -34.60066600772997 ], [ -58.388754283718391, -34.60161398956491 ], [ -58.388151019486102, -34.602110547159967 ], [ -58.387708063231578, -34.602561960579074 ], [ -58.387544868822026, -34.603509920772453 ], [ -58.38699933322436, -34.603958950771414 ], [ -58.385847646962631, -34.604026985407927 ], [ -58.38529922493327, -34.604457870144799 ], [ -58.38480065945204, -34.605405808696112 ], [ -58.384695960700981, -34.605491984391435 ], [ -58.383544274439252, -34.605879773913763 ], [ -58.383043541281999, -34.60635373642608 ], [ -58.382392588177595, -34.606889516878049 ], [ -58.3815699551335, -34.60730165333473 ], [ -58.381240901915866, -34.607572484749561 ], [ -58.380418268871836, -34.608249559421814 ], [ -58.380089215654216, -34.608520387744768 ], [ -58.379042228143554, -34.609197454687276 ], [ -58.378937529392488, -34.609283626447521 ], [ -58.378114896348457, -34.610145339130888 ], [ -58.377785843130837, -34.610416161269953 ], [ -58.376634156869095, -34.610566617632152 ], [ -58.376122296308367, -34.610145339130888 ], [ -58.375482470607459, -34.60967139826181 ], [ -58.374906627476598, -34.609197454687276 ], [ -58.374642050902949, -34.608249559421814 ], [ -58.374330784345716, -34.607911022775845 ], [ -58.373610980432197, -34.608249559421814 ], [ -58.37317909808408, -34.60860502141454 ], [ -58.372747215735934, -34.608249559421814 ], [ -58.372507281098066, -34.60730165333473 ], [ -58.372027411822337, -34.606802751047539 ], [ -58.371481876224721, -34.60635373642608 ], [ -58.370875725560701, -34.605796133189571 ], [ -58.370401501805858, -34.605405808696112 ], [ -58.369724039298958, -34.604728710835097 ], [ -58.369394986081339, -34.604457870144799 ], [ -58.368572353037315, -34.603825905098915 ], [ -58.368188457616739, -34.603509920772453 ], [ -58.368026817439656, -34.602561960579074 ], [ -58.36742066677558, -34.602004331881211 ], [ -58.366946443020794, -34.60161398956491 ], [ -58.366711936768404, -34.60066600772997 ], [ -58.367036771355032, -34.599718015074522 ], [ -58.367154893022899, -34.598770011598546 ], [ -58.36742066677558, -34.59855124002906 ], [ -58.368572353037315, -34.598234178760684 ], [ -58.369095846792611, -34.597821997302383 ], [ -58.369724039298958, -34.597304894034771 ], [ -58.370401501805858, -34.596873972185961 ], [ -58.370875725560701, -34.596483605757832 ], [ -58.371424147590055, -34.595925936249579 ], [ -58.372027411822337, -34.595429341679029 ], [ -58.372470368076854, -34.594977889493258 ], [ -58.37317909808408, -34.594394470726911 ], [ -58.373590414606099, -34.594029831917247 ], [ -58.374330784345716, -34.593420360619177 ], [ -58.374879206375127, -34.593081763521518 ], [ -58.375482470607459, -34.59258515194869 ], [ -58.376634156869095, -34.59213368430639 ] ], [ [ -58.377785843130837, -34.596734555815083 ], [ -58.377924600511768, -34.596873972185961 ], [ -58.377785843130837, -34.596979308844325 ], [ -58.37765787799065, -34.596873972185961 ], [ -58.377785843130837, -34.596734555815083 ] ], [ [ -58.37317909808408, -34.602683494541914 ], [ -58.373029528439695, -34.602561960579074 ], [ -58.37317909808408, -34.602461113113193 ], [ -58.373299065403003, -34.602561960579074 ], [ -58.37317909808408, -34.602683494541914 ] ] ] ] } },
{ "type": "Feature", "properties": { "id": 1, "isomin": 0.0, "isomax": 15.0, "id_punto": "4_36", "sector": 4.0 }, "geometry": { "type": "MultiPolygon", "coordinates": [ [ [ [ -58.38072766011684, -34.592103681053501 ], [ -58.381207529392576, -34.5925551488588 ], [ -58.381810793624858, -34.593051760611019 ], [ -58.382359215654212, -34.593416403713768 ], [ -58.383510901915955, -34.593781045216012 ], [ -58.383776675668642, -34.593999829349123 ], [ -58.384662588177605, -34.594677014680606 ], [ -58.384991641395231, -34.594947887267537 ], [ -58.385814274439333, -34.595677155226909 ], [ -58.386080048192021, -34.595895934366268 ], [ -58.386539410233702, -34.596843970645054 ], [ -58.386965960700984, -34.597295412689185 ], [ -58.387569224933316, -34.597791996103908 ], [ -58.388117646962712, -34.598521239093962 ], [ -58.3883834207154, -34.598740010742503 ], [ -58.388858016702336, -34.599688014560854 ], [ -58.389269333224355, -34.600026584730841 ], [ -58.390421019486091, -34.60041724090425 ], [ -58.390686793238778, -34.600636007558734 ], [ -58.391024283718387, -34.601583989736113 ], [ -58.390421019486091, -34.602080547510546 ], [ -58.389960344981397, -34.60253196109273 ], [ -58.389269333224355, -34.603100738712733 ], [ -58.388909431267599, -34.603479921628569 ], [ -58.388629507523447, -34.604427871343347 ], [ -58.388117646962712, -34.604849178854295 ], [ -58.387295013918624, -34.605375810237085 ], [ -58.386965960700984, -34.605646647933433 ], [ -58.385814274439333, -34.605985193811613 ], [ -58.385290780684002, -34.606323738309513 ], [ -58.384662588177605, -34.606840785424346 ], [ -58.384086745046773, -34.607271655560645 ], [ -58.383510901915955, -34.607745610128092 ], [ -58.382688268871853, -34.608219561990161 ], [ -58.382359215654212, -34.608490390410971 ], [ -58.381473303145263, -34.609167457598105 ], [ -58.381207529392576, -34.609386201201559 ], [ -58.380055843130833, -34.609819129551049 ], [ -58.379575973855154, -34.610115342384177 ], [ -58.37890415686919, -34.610668270178479 ], [ -58.378232339883183, -34.610115342384177 ], [ -58.377752470607454, -34.609641401343879 ], [ -58.377176627476629, -34.609167457598105 ], [ -58.376600784345811, -34.608693511146846 ], [ -58.376024941214943, -34.608219561990161 ], [ -58.375832993504652, -34.607271655560645 ], [ -58.375449098084069, -34.606907073283153 ], [ -58.374297411822418, -34.606679208546844 ], [ -58.37386552947428, -34.606323738309513 ], [ -58.37314572556069, -34.605375810237085 ], [ -58.37314572556069, -34.605375810237085 ], [ -58.37199403929904, -34.604698712131473 ], [ -58.371664986081399, -34.604427871343347 ], [ -58.370842353037311, -34.603750765508401 ], [ -58.37051329981967, -34.603479921628569 ], [ -58.369690666775568, -34.602847949140333 ], [ -58.369306771355028, -34.60253196109273 ], [ -58.369258784427451, -34.601583989736113 ], [ -58.368538980513932, -34.600991502143287 ], [ -58.368107098165773, -34.600636007558734 ], [ -58.368538980513932, -34.600280511452553 ], [ -58.369258784427451, -34.599688014560854 ], [ -58.369690666775568, -34.599332514396998 ], [ -58.370239088804965, -34.598740010742503 ], [ -58.370842353037311, -34.598243432995531 ], [ -58.371390775066708, -34.597791996103908 ], [ -58.37199403929904, -34.597295412689185 ], [ -58.372713843212573, -34.596843970645054 ], [ -58.37314572556069, -34.596488458308478 ], [ -58.37386552947428, -34.595895934366268 ], [ -58.374297411822418, -34.595540417972195 ], [ -58.375065202663528, -34.594947887267537 ], [ -58.375449098084069, -34.594631869163592 ], [ -58.376055248748138, -34.593999829349123 ], [ -58.376600784345811, -34.593550745506064 ], [ -58.377752470607454, -34.593378682087724 ], [ -58.378328313738322, -34.593051760611019 ], [ -58.37890415686919, -34.592577722184679 ], [ -58.379384026144876, -34.592103681053501 ], [ -58.380055843130833, -34.591550629648466 ], [ -58.38072766011684, -34.592103681053501 ] ], [ [ -58.377752470607454, -34.596695840689733 ], [ -58.377900122692289, -34.596843970645054 ], [ -58.377752470607454, -34.596959584085198 ], [ -58.377563669580958, -34.596843970645054 ], [ -58.377752470607454, -34.596695840689733 ] ], [ [ -58.37314572556069, -34.601460875779019 ], [ -58.373291508631794, -34.601583989736113 ], [ -58.37314572556069, -34.601736889073912 ], [ -58.37290068593056, -34.601583989736113 ], [ -58.37314572556069, -34.601460875779019 ] ], [ [ -58.385814274439333, -34.604766422190494 ], [ -58.385579236426729, -34.604427871343347 ], [ -58.385814274439333, -34.60423828226606 ], [ -58.386174176396096, -34.604427871343347 ], [ -58.385814274439333, -34.604766422190494 ] ] ], [ [ [ -58.390421019486091, -34.603566099322506 ], [ -58.390316320735018, -34.603479921628569 ], [ -58.390421019486091, -34.603393743845167 ], [ -58.390525718237157, -34.603479921628569 ], [ -58.390421019486091, -34.603566099322506 ] ] ] ] } }
]
}
